o Semaforo
usemtl __DEFAULT
v -1.3963242215538025 30.74597255988254 4.141884030768101
v -1.1613455006504059 30.726548484259983 4.141884029919048
v -1.1613034523296355 30.534063414069553 4.141884021505258
v -1.1613034523296355 30.534063414069553 4.141884021505258
v -1.3962737410831452 30.514538602363007 4.141884020651801
v -1.3963242215538025 30.74597255988254 4.141884030768101
v -1.3582760002613068 30.974254917060275 4.14188404074664
v -1.1297002042675017 30.916418013984103 4.1418840382185085
v -1.1613455006504059 30.726548484259983 4.141884029919048
v -1.1613455006504059 30.726548484259983 4.141884029919048
v -1.3963242215538025 30.74597255988254 4.141884030768101
v -1.3582760002613068 30.974254917060275 4.14188404074664
v -1.283167355928421 31.19316162299289 4.141884050315356
v -1.067231127758026 31.098487692634006 4.141884046177027
v -1.1297002042675017 30.916418013984103 4.1418840382185085
v -1.1297002042675017 30.916418013984103 4.1418840382185085
v -1.3582760002613068 30.974254917060275 4.14188404074664
v -1.283167355928421 31.19316162299289 4.141884050315356
v -1.1730475258350372 31.39672046698703 4.141884059213195
v -0.9756426896858215 31.267789072638887 4.141884053577425
v -1.067231127758026 31.098487692634006 4.141884046177027
v -1.067231127758026 31.098487692634006 4.141884046177027
v -1.283167355928421 31.19316162299289 4.141884050315356
v -1.1730475258350372 31.39672046698703 4.141884059213195
v -1.0309211660575865 31.579369378119843 4.141884067197032
v -0.8574338982057571 31.41970268500461 4.141884060217779
v -0.9756426896858215 31.267789072638887 4.141884053577425
v -0.9756426896858215 31.267789072638887 4.141884053577425
v -1.1730475258350372 31.39672046698703 4.141884059213195
v -1.0309211660575865 31.579369378119843 4.141884067197032
v -0.8606661661148071 31.736132713385956 4.141884074049376
v -0.7158299944353104 31.55008395941867 4.141884065916926
v -0.8574338982057571 31.41970268500461 4.141884060217779
v -0.8574338982057571 31.41970268500461 4.141884060217779
v -1.0309211660575865 31.579369378119843 4.141884067197032
v -0.8606661661148071 31.736132713385956 4.141884074049376
v -0.6669279098081589 31.86273278693332 4.141884079583241
v -0.5546947580957412 31.65537835120334 4.14188407051949
v -0.7158299944353104 31.55008395941867 4.141884065916926
v -0.7158299944353104 31.55008395941867 4.141884065916926
v -0.8606661661148071 31.736132713385956 4.141884074049376
v -0.6669279098081589 31.86273278693332 4.141884079583241
v -0.4549925962233543 31.955708594733615 4.141884083647342
v -0.37842471213817597 31.73270768653049 4.1418840738996625
v -0.5546947580957412 31.65537835120334 4.14188407051949
v -0.5546947580957412 31.65537835120334 4.14188407051949
v -0.6669279098081589 31.86273278693332 4.141884079583241
v -0.4549925962233543 31.955708594733615 4.141884083647342
v -0.23064282510995865 32.012530941535374 4.1418840861311255
v -0.19182937216162682 31.7799673007883 4.1418840759654465
v -0.37842471213817597 31.73270768653049 4.1418840738996625
v -0.37842471213817597 31.73270768653049 4.1418840738996625
v -0.4549925962233543 31.955708594733615 4.141884083647342
v -0.23064282510995865 32.012530941535374 4.1418840861311255
v 3.0689433922361784e-8 32.031645613471404 4.141884086966654
v 2.552490033352228e-8 31.795865613471406 4.141884076660383
v -0.19182937216162682 31.7799673007883 4.1418840759654465
v -0.19182937216162682 31.7799673007883 4.1418840759654465
v -0.23064282510995865 32.012530941535374 4.1418840861311255
v 3.0689433922361784e-8 32.031645613471404 4.141884086966654
v 0.23064288132429123 32.012530941535374 4.1418840861311255
v 0.1918294283759594 31.7799673007883 4.1418840759654465
v 2.552490033352228e-8 31.795865613471406 4.141884076660383
v 2.552490033352228e-8 31.795865613471406 4.141884076660383
v 3.0689433922361784e-8 32.031645613471404 4.141884086966654
v 0.23064288132429123 32.012530941535374 4.1418840861311255
v 0.4549926524376869 31.955708594733615 4.141884083647342
v 0.37842476835250854 31.73270768653049 4.1418840738996625
v 0.1918294283759594 31.7799673007883 4.1418840759654465
v 0.1918294283759594 31.7799673007883 4.1418840759654465
v 0.23064288132429123 32.012530941535374 4.1418840861311255
v 0.4549926524376869 31.955708594733615 4.141884083647342
v 0.6669279660224914 31.86273278693332 4.141884079583241
v 0.5546948143100738 31.65537835120334 4.14188407051949
v 0.37842476835250854 31.73270768653049 4.1418840738996625
v 0.37842476835250854 31.73270768653049 4.1418840738996625
v 0.4549926524376869 31.955708594733615 4.141884083647342
v 0.6669279660224914 31.86273278693332 4.141884079583241
v 0.8606661661148071 31.736132713385956 4.141884074049376
v 0.7158299944353104 31.55008395941867 4.141884065916926
v 0.5546948143100738 31.65537835120334 4.14188407051949
v 0.5546948143100738 31.65537835120334 4.14188407051949
v 0.6669279660224914 31.86273278693332 4.141884079583241
v 0.8606661661148071 31.736132713385956 4.141884074049376
v 1.0309211660575865 31.579369378119843 4.141884067197032
v 0.8574338982057571 31.41970268500461 4.141884060217779
v 0.7158299944353104 31.55008395941867 4.141884065916926
v 0.7158299944353104 31.55008395941867 4.141884065916926
v 0.8606661661148071 31.736132713385956 4.141884074049376
v 1.0309211660575865 31.579369378119843 4.141884067197032
v 1.1730475258350372 31.39672046698703 4.141884059213195
v 0.9756426896858215 31.267789072638887 4.141884053577425
v 0.8574338982057571 31.41970268500461 4.141884060217779
v 0.8574338982057571 31.41970268500461 4.141884060217779
v 1.0309211660575865 31.579369378119843 4.141884067197032
v 1.1730475258350372 31.39672046698703 4.141884059213195
v 1.283167355928421 31.19316162299289 4.141884050315356
v 1.067231127758026 31.098487692634006 4.141884046177027
v 0.9756426896858215 31.267789072638887 4.141884053577425
v 0.9756426896858215 31.267789072638887 4.141884053577425
v 1.1730475258350372 31.39672046698703 4.141884059213195
v 1.283167355928421 31.19316162299289 4.141884050315356
v 1.3582760002613068 30.974254917060275 4.14188404074664
v 1.1297002042675017 30.916418013984103 4.1418840382185085
v 1.067231127758026 31.098487692634006 4.141884046177027
v 1.067231127758026 31.098487692634006 4.141884046177027
v 1.283167355928421 31.19316162299289 4.141884050315356
v 1.3582760002613068 30.974254917060275 4.14188404074664
v 1.3963242215538025 30.74597255988254 4.141884030768101
v 1.1613455006504059 30.726548484259983 4.141884029919048
v 1.1297002042675017 30.916418013984103 4.1418840382185085
v 1.1297002042675017 30.916418013984103 4.1418840382185085
v 1.3582760002613068 30.974254917060275 4.14188404074664
v 1.3963242215538025 30.74597255988254 4.141884030768101
v 1.3962737410831452 30.514538602363007 4.141884020651801
v 1.1613034523296355 30.534063414069553 4.141884021505258
v 1.1613455006504059 30.726548484259983 4.141884029919048
v 1.1613455006504059 30.726548484259983 4.141884029919048
v 1.3963242215538025 30.74597255988254 4.141884030768101
v 1.3962737410831452 30.514538602363007 4.141884020651801
v -1.3963242215538025 30.745972535711886 4.6948441832034025
v -1.3962737410831452 30.514538592056738 4.3776640206518005
v -1.1613034523296355 30.534063403763284 4.377664021505257
v -1.1613034523296355 30.534063403763284 4.377664021505257
v -1.1613455006504059 30.72654846008933 4.694844182354349
v -1.3963242215538025 30.745972535711886 4.6948441832034025
v -1.3582760002613068 30.974254881560523 4.954023746404598
v -1.3963242215538025 30.745972535711886 4.6948441832034025
v -1.1613455006504059 30.72654846008933 4.694844182354349
v -1.1613455006504059 30.72654846008933 4.694844182354349
v -1.1297002042675017 30.91641797848435 4.9540237438764665
v -1.3582760002613068 30.974254881560523 4.954023746404598
v -1.2831674683570862 31.193161577806713 5.17562335329387
v -1.3582760002613068 30.974254881560523 4.954023746404598
v -1.1297002042675017 30.91641797848435 4.9540237438764665
v -1.1297002042675017 30.91641797848435 4.9540237438764665
v -1.067231127758026 31.09848764744783 5.175623349155541
v -1.2831674683570862 31.193161577806713 5.17562335329387
v -1.1730476382637023 31.396720414906127 5.333356282266172
v -1.2831674683570862 31.193161577806713 5.17562335329387
v -1.067231127758026 31.09848764744783 5.175623349155541
v -1.067231127758026 31.09848764744783 5.175623349155541
v -0.9756426896858215 31.267789020557984 5.333356276630402
v -1.1730476382637023 31.396720414906127 5.333356282266172
v -1.0309211660575865 31.579369321880087 5.428499722714609
v -1.1730476382637023 31.396720414906127 5.333356282266172
v -0.9756426896858215 31.267789020557984 5.333356276630402
v -0.9756426896858215 31.267789020557984 5.333356276630402
v -0.8574338419914245 31.419702628764853 5.428499715735356
v -1.0309211660575865 31.579369321880087 5.428499722714609
v -0.8606661661148071 31.736132650871163 5.572055844679257
v -1.0309211660575865 31.579369321880087 5.428499722714609
v -0.8574338419914245 31.419702628764853 5.428499715735356
v -0.8574338419914245 31.419702628764853 5.428499715735356
v -0.7158299382209777 31.550083896903878 5.572055836546808
v -0.8606661661148071 31.736132650871163 5.572055844679257
v -0.6669278535938262 31.862732717920537 5.7207126290064565
v -0.8606661661148071 31.736132650871163 5.572055844679257
v -0.7158299382209777 31.550083896903878 5.572055836546808
v -0.7158299382209777 31.550083896903878 5.572055836546808
v -0.5546947018814087 31.655378282190554 5.720712619942706
v -0.6669278535938262 31.862732717920537 5.7207126290064565
v -0.4549926243305206 31.955708522411186 5.796428392195313
v -0.6669278535938262 31.862732717920537 5.7207126290064565
v -0.5546947018814087 31.655378282190554 5.720712619942706
v -0.5546947018814087 31.655378282190554 5.720712619942706
v -0.37842471213817597 31.73270761420806 5.796428382447634
v -0.4549926243305206 31.955708522411186 5.796428392195313
v -0.23064282510995865 32.01253086619109 5.865560331172017
v -0.4549926243305206 31.955708522411186 5.796428392195313
v -0.37842471213817597 31.73270761420806 5.796428382447634
v -0.37842471213817597 31.73270761420806 5.796428382447634
v -0.19182937216162682 31.779967225444018 5.865560321006338
v -0.23064282510995865 32.01253086619109 5.865560331172017
v 2.974257118466994e-8 32.03164553812712 5.865560332007546
v -0.23064282510995865 32.01253086619109 5.865560331172017
v -0.19182937216162682 31.779967225444018 5.865560321006338
v -0.19182937216162682 31.779967225444018 5.865560321006338
v 2.6471761395896463e-8 31.795865538127124 5.865560321701275
v 2.974257118466994e-8 32.03164553812712 5.865560332007546
v 0.23064288132429123 32.01253086619109 5.865560331172017
v 2.974257118466994e-8 32.03164553812712 5.865560332007546
v 2.6471761395896463e-8 31.795865538127124 5.865560321701275
v 2.6471761395896463e-8 31.795865538127124 5.865560321701275
v 0.1918294283759594 31.779967225444018 5.865560321006338
v 0.23064288132429123 32.01253086619109 5.865560331172017
v 0.4549926243305206 31.955708522411186 5.796428392195313
v 0.23064288132429123 32.01253086619109 5.865560331172017
v 0.1918294283759594 31.779967225444018 5.865560321006338
v 0.1918294283759594 31.779967225444018 5.865560321006338
v 0.37842476835250854 31.73270761420806 5.796428382447634
v 0.4549926243305206 31.955708522411186 5.796428392195313
v 0.6669279660224914 31.862732717920537 5.7207126290064565
v 0.4549926243305206 31.955708522411186 5.796428392195313
v 0.37842476835250854 31.73270761420806 5.796428382447634
v 0.37842476835250854 31.73270761420806 5.796428382447634
v 0.5546948143100738 31.655378282190554 5.720712619942706
v 0.6669279660224914 31.862732717920537 5.7207126290064565
v 0.8606661661148071 31.736132650871163 5.572055844679257
v 0.6669279660224914 31.862732717920537 5.7207126290064565
v 0.5546948143100738 31.655378282190554 5.720712619942706
v 0.5546948143100738 31.655378282190554 5.720712619942706
v 0.7158300506496429 31.550083896903878 5.572055836546808
v 0.8606661661148071 31.736132650871163 5.572055844679257
v 1.0309211660575865 31.579369321880087 5.428499722714609
v 0.8606661661148071 31.736132650871163 5.572055844679257
v 0.7158300506496429 31.550083896903878 5.572055836546808
v 0.7158300506496429 31.550083896903878 5.572055836546808
v 0.8574338419914245 31.419702628764853 5.428499715735356
v 1.0309211660575865 31.579369321880087 5.428499722714609
v 1.173047413406372 31.396720414906127 5.333356282266172
v 1.0309211660575865 31.579369321880087 5.428499722714609
v 0.8574338419914245 31.419702628764853 5.428499715735356
v 0.8574338419914245 31.419702628764853 5.428499715735356
v 0.9756426896858215 31.267789020557984 5.333356276630402
v 1.173047413406372 31.396720414906127 5.333356282266172
v 1.2831672434997559 31.193161577806713 5.17562335329387
v 1.173047413406372 31.396720414906127 5.333356282266172
v 0.9756426896858215 31.267789020557984 5.333356276630402
v 0.9756426896858215 31.267789020557984 5.333356276630402
v 1.067231127758026 31.09848764744783 5.175623349155541
v 1.2831672434997559 31.193161577806713 5.17562335329387
v 1.3582760002613068 30.974254881560523 4.954023746404598
v 1.2831672434997559 31.193161577806713 5.17562335329387
v 1.067231127758026 31.09848764744783 5.175623349155541
v 1.067231127758026 31.09848764744783 5.175623349155541
v 1.1297002042675017 30.91641797848435 4.9540237438764665
v 1.3582760002613068 30.974254881560523 4.954023746404598
v 1.3963242215538025 30.745972535711886 4.6948441832034025
v 1.3582760002613068 30.974254881560523 4.954023746404598
v 1.1297002042675017 30.91641797848435 4.9540237438764665
v 1.1297002042675017 30.91641797848435 4.9540237438764665
v 1.1613455006504059 30.72654846008933 4.694844182354349
v 1.3963242215538025 30.745972535711886 4.6948441832034025
v 1.3962737410831452 30.514538592056738 4.3776640206518005
v 1.3963242215538025 30.745972535711886 4.6948441832034025
v 1.1613455006504059 30.72654846008933 4.694844182354349
v 1.1613455006504059 30.72654846008933 4.694844182354349
v 1.1613034523296355 30.534063403763284 4.377664021505257
v 1.3962737410831452 30.514538592056738 4.3776640206518005
v -1.1613455006504059 30.72654846008933 4.694844182354349
v -1.1613034523296355 30.534063403763284 4.377664021505257
v -1.1613034523296355 30.534063414069553 4.141884021505258
v -1.1613034523296355 30.534063414069553 4.141884021505258
v -1.1613455006504059 30.726548484259983 4.141884029919048
v -1.1613455006504059 30.72654846008933 4.694844182354349
v -1.1297002042675017 30.91641797848435 4.9540237438764665
v -1.1613455006504059 30.72654846008933 4.694844182354349
v -1.1613455006504059 30.726548484259983 4.141884029919048
v -1.1613455006504059 30.726548484259983 4.141884029919048
v -1.1297002042675017 30.916418013984103 4.1418840382185085
v -1.1297002042675017 30.91641797848435 4.9540237438764665
v -1.067231127758026 31.09848764744783 5.175623349155541
v -1.1297002042675017 30.91641797848435 4.9540237438764665
v -1.1297002042675017 30.916418013984103 4.1418840382185085
v -1.1297002042675017 30.916418013984103 4.1418840382185085
v -1.067231127758026 31.098487692634006 4.141884046177027
v -1.067231127758026 31.09848764744783 5.175623349155541
v -0.9756426896858215 31.267789020557984 5.333356276630402
v -1.067231127758026 31.09848764744783 5.175623349155541
v -1.067231127758026 31.098487692634006 4.141884046177027
v -1.067231127758026 31.098487692634006 4.141884046177027
v -0.9756426896858215 31.267789072638887 4.141884053577425
v -0.9756426896858215 31.267789020557984 5.333356276630402
v -0.8574338419914245 31.419702628764853 5.428499715735356
v -0.9756426896858215 31.267789020557984 5.333356276630402
v -0.9756426896858215 31.267789072638887 4.141884053577425
v -0.9756426896858215 31.267789072638887 4.141884053577425
v -0.8574338982057571 31.41970268500461 4.141884060217779
v -0.8574338419914245 31.419702628764853 5.428499715735356
v -0.7158299382209777 31.550083896903878 5.572055836546808
v -0.8574338419914245 31.419702628764853 5.428499715735356
v -0.8574338982057571 31.41970268500461 4.141884060217779
v -0.8574338982057571 31.41970268500461 4.141884060217779
v -0.7158299944353104 31.55008395941867 4.141884065916926
v -0.7158299382209777 31.550083896903878 5.572055836546808
v -0.5546947018814087 31.655378282190554 5.720712619942706
v -0.7158299382209777 31.550083896903878 5.572055836546808
v -0.7158299944353104 31.55008395941867 4.141884065916926
v -0.7158299944353104 31.55008395941867 4.141884065916926
v -0.5546947580957412 31.65537835120334 4.14188407051949
v -0.5546947018814087 31.655378282190554 5.720712619942706
v -0.37842471213817597 31.73270761420806 5.796428382447634
v -0.5546947018814087 31.655378282190554 5.720712619942706
v -0.5546947580957412 31.65537835120334 4.14188407051949
v -0.5546947580957412 31.65537835120334 4.14188407051949
v -0.37842471213817597 31.73270768653049 4.1418840738996625
v -0.37842471213817597 31.73270761420806 5.796428382447634
v -0.19182937216162682 31.779967225444018 5.865560321006338
v -0.37842471213817597 31.73270761420806 5.796428382447634
v -0.37842471213817597 31.73270768653049 4.1418840738996625
v -0.37842471213817597 31.73270768653049 4.1418840738996625
v -0.19182937216162682 31.7799673007883 4.1418840759654465
v -0.19182937216162682 31.779967225444018 5.865560321006338
v 2.6471761395896463e-8 31.795865538127124 5.865560321701275
v -0.19182937216162682 31.779967225444018 5.865560321006338
v -0.19182937216162682 31.7799673007883 4.1418840759654465
v -0.19182937216162682 31.7799673007883 4.1418840759654465
v 2.552490033352228e-8 31.795865613471406 4.141884076660383
v 2.6471761395896463e-8 31.795865538127124 5.865560321701275
v 0.1918294283759594 31.779967225444018 5.865560321006338
v 2.6471761395896463e-8 31.795865538127124 5.865560321701275
v 2.552490033352228e-8 31.795865613471406 4.141884076660383
v 2.552490033352228e-8 31.795865613471406 4.141884076660383
v 0.1918294283759594 31.7799673007883 4.1418840759654465
v 0.1918294283759594 31.779967225444018 5.865560321006338
v 0.37842476835250854 31.73270761420806 5.796428382447634
v 0.1918294283759594 31.779967225444018 5.865560321006338
v 0.1918294283759594 31.7799673007883 4.1418840759654465
v 0.1918294283759594 31.7799673007883 4.1418840759654465
v 0.37842476835250854 31.73270768653049 4.1418840738996625
v 0.37842476835250854 31.73270761420806 5.796428382447634
v 0.5546948143100738 31.655378282190554 5.720712619942706
v 0.37842476835250854 31.73270761420806 5.796428382447634
v 0.37842476835250854 31.73270768653049 4.1418840738996625
v 0.37842476835250854 31.73270768653049 4.1418840738996625
v 0.5546948143100738 31.65537835120334 4.14188407051949
v 0.5546948143100738 31.655378282190554 5.720712619942706
v 0.7158300506496429 31.550083896903878 5.572055836546808
v 0.5546948143100738 31.655378282190554 5.720712619942706
v 0.5546948143100738 31.65537835120334 4.14188407051949
v 0.5546948143100738 31.65537835120334 4.14188407051949
v 0.7158299944353104 31.55008395941867 4.141884065916926
v 0.7158300506496429 31.550083896903878 5.572055836546808
v 0.8574338419914245 31.419702628764853 5.428499715735356
v 0.7158300506496429 31.550083896903878 5.572055836546808
v 0.7158299944353104 31.55008395941867 4.141884065916926
v 0.7158299944353104 31.55008395941867 4.141884065916926
v 0.8574338982057571 31.41970268500461 4.141884060217779
v 0.8574338419914245 31.419702628764853 5.428499715735356
v 0.9756426896858215 31.267789020557984 5.333356276630402
v 0.8574338419914245 31.419702628764853 5.428499715735356
v 0.8574338982057571 31.41970268500461 4.141884060217779
v 0.8574338982057571 31.41970268500461 4.141884060217779
v 0.9756426896858215 31.267789072638887 4.141884053577425
v 0.9756426896858215 31.267789020557984 5.333356276630402
v 1.067231127758026 31.09848764744783 5.175623349155541
v 0.9756426896858215 31.267789020557984 5.333356276630402
v 0.9756426896858215 31.267789072638887 4.141884053577425
v 0.9756426896858215 31.267789072638887 4.141884053577425
v 1.067231127758026 31.098487692634006 4.141884046177027
v 1.067231127758026 31.09848764744783 5.175623349155541
v 1.1297002042675017 30.91641797848435 4.9540237438764665
v 1.067231127758026 31.09848764744783 5.175623349155541
v 1.067231127758026 31.098487692634006 4.141884046177027
v 1.067231127758026 31.098487692634006 4.141884046177027
v 1.1297002042675017 30.916418013984103 4.1418840382185085
v 1.1297002042675017 30.91641797848435 4.9540237438764665
v 1.1613455006504059 30.72654846008933 4.694844182354349
v 1.1297002042675017 30.91641797848435 4.9540237438764665
v 1.1297002042675017 30.916418013984103 4.1418840382185085
v 1.1297002042675017 30.916418013984103 4.1418840382185085
v 1.1613455006504059 30.726548484259983 4.141884029919048
v 1.1613455006504059 30.72654846008933 4.694844182354349
v 1.1613034523296355 30.534063403763284 4.377664021505257
v 1.1613455006504059 30.72654846008933 4.694844182354349
v 1.1613455006504059 30.726548484259983 4.141884029919048
v 1.1613455006504059 30.726548484259983 4.141884029919048
v 1.1613034523296355 30.534063414069553 4.141884021505258
v 1.1613034523296355 30.534063403763284 4.377664021505257
v 1.3962737410831452 30.514538592056738 4.3776640206518005
v 1.1613034523296355 30.534063403763284 4.377664021505257
v 1.1613034523296355 30.534063414069553 4.141884021505258
v 1.1613034523296355 30.534063414069553 4.141884021505258
v 1.3962737410831452 30.514538602363007 4.141884020651801
v 1.3962737410831452 30.514538592056738 4.3776640206518005
v 1.3963242215538025 30.745972535711886 4.6948441832034025
v 1.3962737410831452 30.514538592056738 4.3776640206518005
v 1.3962737410831452 30.514538602363007 4.141884020651801
v 1.3962737410831452 30.514538602363007 4.141884020651801
v 1.3963242215538025 30.74597255988254 4.141884030768101
v 1.3963242215538025 30.745972535711886 4.6948441832034025
v 1.3582760002613068 30.974254881560523 4.954023746404598
v 1.3963242215538025 30.745972535711886 4.6948441832034025
v 1.3963242215538025 30.74597255988254 4.141884030768101
v 1.3963242215538025 30.74597255988254 4.141884030768101
v 1.3582760002613068 30.974254917060275 4.14188404074664
v 1.3582760002613068 30.974254881560523 4.954023746404598
v 1.2831672434997559 31.193161577806713 5.17562335329387
v 1.3582760002613068 30.974254881560523 4.954023746404598
v 1.3582760002613068 30.974254917060275 4.14188404074664
v 1.3582760002613068 30.974254917060275 4.14188404074664
v 1.283167355928421 31.19316162299289 4.141884050315356
v 1.2831672434997559 31.193161577806713 5.17562335329387
v 1.173047413406372 31.396720414906127 5.333356282266172
v 1.2831672434997559 31.193161577806713 5.17562335329387
v 1.283167355928421 31.19316162299289 4.141884050315356
v 1.283167355928421 31.19316162299289 4.141884050315356
v 1.1730475258350372 31.39672046698703 4.141884059213195
v 1.173047413406372 31.396720414906127 5.333356282266172
v 1.0309211660575865 31.579369321880087 5.428499722714609
v 1.173047413406372 31.396720414906127 5.333356282266172
v 1.1730475258350372 31.39672046698703 4.141884059213195
v 1.1730475258350372 31.39672046698703 4.141884059213195
v 1.0309211660575865 31.579369378119843 4.141884067197032
v 1.0309211660575865 31.579369321880087 5.428499722714609
v 0.8606661661148071 31.736132650871163 5.572055844679257
v 1.0309211660575865 31.579369321880087 5.428499722714609
v 1.0309211660575865 31.579369378119843 4.141884067197032
v 1.0309211660575865 31.579369378119843 4.141884067197032
v 0.8606661661148071 31.736132713385956 4.141884074049376
v 0.8606661661148071 31.736132650871163 5.572055844679257
v 0.6669279660224914 31.862732717920537 5.7207126290064565
v 0.8606661661148071 31.736132650871163 5.572055844679257
v 0.8606661661148071 31.736132713385956 4.141884074049376
v 0.8606661661148071 31.736132713385956 4.141884074049376
v 0.6669279660224914 31.86273278693332 4.141884079583241
v 0.6669279660224914 31.862732717920537 5.7207126290064565
v 0.4549926243305206 31.955708522411186 5.796428392195313
v 0.6669279660224914 31.862732717920537 5.7207126290064565
v 0.6669279660224914 31.86273278693332 4.141884079583241
v 0.6669279660224914 31.86273278693332 4.141884079583241
v 0.4549926524376869 31.955708594733615 4.141884083647342
v 0.4549926243305206 31.955708522411186 5.796428392195313
v 0.23064288132429123 32.01253086619109 5.865560331172017
v 0.4549926243305206 31.955708522411186 5.796428392195313
v 0.4549926524376869 31.955708594733615 4.141884083647342
v 0.4549926524376869 31.955708594733615 4.141884083647342
v 0.23064288132429123 32.012530941535374 4.1418840861311255
v 0.23064288132429123 32.01253086619109 5.865560331172017
v 2.974257118466994e-8 32.03164553812712 5.865560332007546
v 0.23064288132429123 32.01253086619109 5.865560331172017
v 0.23064288132429123 32.012530941535374 4.1418840861311255
v 0.23064288132429123 32.012530941535374 4.1418840861311255
v 3.0689433922361784e-8 32.031645613471404 4.141884086966654
v 2.974257118466994e-8 32.03164553812712 5.865560332007546
v -0.23064282510995865 32.01253086619109 5.865560331172017
v 2.974257118466994e-8 32.03164553812712 5.865560332007546
v 3.0689433922361784e-8 32.031645613471404 4.141884086966654
v 3.0689433922361784e-8 32.031645613471404 4.141884086966654
v -0.23064282510995865 32.012530941535374 4.1418840861311255
v -0.23064282510995865 32.01253086619109 5.865560331172017
v -0.4549926243305206 31.955708522411186 5.796428392195313
v -0.23064282510995865 32.01253086619109 5.865560331172017
v -0.23064282510995865 32.012530941535374 4.1418840861311255
v -0.23064282510995865 32.012530941535374 4.1418840861311255
v -0.4549925962233543 31.955708594733615 4.141884083647342
v -0.4549926243305206 31.955708522411186 5.796428392195313
v -0.6669278535938262 31.862732717920537 5.7207126290064565
v -0.4549926243305206 31.955708522411186 5.796428392195313
v -0.4549925962233543 31.955708594733615 4.141884083647342
v -0.4549925962233543 31.955708594733615 4.141884083647342
v -0.6669279098081589 31.86273278693332 4.141884079583241
v -0.6669278535938262 31.862732717920537 5.7207126290064565
v -0.8606661661148071 31.736132650871163 5.572055844679257
v -0.6669278535938262 31.862732717920537 5.7207126290064565
v -0.6669279098081589 31.86273278693332 4.141884079583241
v -0.6669279098081589 31.86273278693332 4.141884079583241
v -0.8606661661148071 31.736132713385956 4.141884074049376
v -0.8606661661148071 31.736132650871163 5.572055844679257
v -1.0309211660575865 31.579369321880087 5.428499722714609
v -0.8606661661148071 31.736132650871163 5.572055844679257
v -0.8606661661148071 31.736132713385956 4.141884074049376
v -0.8606661661148071 31.736132713385956 4.141884074049376
v -1.0309211660575865 31.579369378119843 4.141884067197032
v -1.0309211660575865 31.579369321880087 5.428499722714609
v -1.1730476382637023 31.396720414906127 5.333356282266172
v -1.0309211660575865 31.579369321880087 5.428499722714609
v -1.0309211660575865 31.579369378119843 4.141884067197032
v -1.0309211660575865 31.579369378119843 4.141884067197032
v -1.1730475258350372 31.39672046698703 4.141884059213195
v -1.1730476382637023 31.396720414906127 5.333356282266172
v -1.2831674683570862 31.193161577806713 5.17562335329387
v -1.1730476382637023 31.396720414906127 5.333356282266172
v -1.1730475258350372 31.39672046698703 4.141884059213195
v -1.1730475258350372 31.39672046698703 4.141884059213195
v -1.283167355928421 31.19316162299289 4.141884050315356
v -1.2831674683570862 31.193161577806713 5.17562335329387
v -1.3582760002613068 30.974254881560523 4.954023746404598
v -1.2831674683570862 31.193161577806713 5.17562335329387
v -1.283167355928421 31.19316162299289 4.141884050315356
v -1.283167355928421 31.19316162299289 4.141884050315356
v -1.3582760002613068 30.974254917060275 4.14188404074664
v -1.3582760002613068 30.974254881560523 4.954023746404598
v -1.3963242215538025 30.745972535711886 4.6948441832034025
v -1.3582760002613068 30.974254881560523 4.954023746404598
v -1.3582760002613068 30.974254917060275 4.14188404074664
v -1.3582760002613068 30.974254917060275 4.14188404074664
v -1.3963242215538025 30.74597255988254 4.141884030768101
v -1.3963242215538025 30.745972535711886 4.6948441832034025
v -1.3962737410831452 30.514538592056738 4.3776640206518005
v -1.3963242215538025 30.745972535711886 4.6948441832034025
v -1.3963242215538025 30.74597255988254 4.141884030768101
v -1.3963242215538025 30.74597255988254 4.141884030768101
v -1.3962737410831452 30.514538602363007 4.141884020651801
v -1.3962737410831452 30.514538592056738 4.3776640206518005
v -1.1613034523296355 30.534063403763284 4.377664021505257
v -1.3962737410831452 30.514538592056738 4.3776640206518005
v -1.3962737410831452 30.514538602363007 4.141884020651801
v -1.3962737410831452 30.514538602363007 4.141884020651801
v -1.1613034523296355 30.534063414069553 4.141884021505258
v -1.1613034523296355 30.534063403763284 4.377664021505257
v -0.005644059526920318 30.62181890860058 4.724993048626085
v -0.005644080607295036 31.101319072121612 4.691301796354196
v -0.2006750627863407 31.05986617356204 4.691301794542233
v -0.005644059526920318 30.62181890860058 4.724993048626085
v -0.2006750627863407 31.05986617356204 4.691301794542233
v -0.3619834252166748 30.94266693528079 4.691301789419291
v -0.005644059526920318 30.62181890860058 4.724993048626085
v -0.3619834252166748 30.94266693528079 4.691301789419291
v -0.4616774641180038 30.76999089646243 4.691301781871382
v -0.005644059526920318 30.62181890860058 4.724993048626085
v -0.4616774641180038 30.76999089646243 4.691301781871382
v -0.48251909656524655 30.571695512856476 4.691301773203616
v -0.005644059526920318 30.62181890860058 4.724993048626085
v -0.48251909656524655 30.571695512856476 4.691301773203616
v -0.42090478708982465 30.38206703019046 4.691301764914692
v -0.005644059526920318 30.62181890860058 4.724993048626085
v -0.42090478708982465 30.38206703019046 4.691301764914692
v -0.287488079252243 30.233891446084012 4.6913017584377315
v -0.005644059526920318 30.62181890860058 4.724993048626085
v -0.287488079252243 30.233891446084012 4.6913017584377315
v -0.10533798599958419 30.15279530075931 4.691301754892906
v -0.005644059526920318 30.62181890860058 4.724993048626085
v -0.10533798599958419 30.15279530075931 4.691301754892906
v 0.09405009882986545 30.15279530075931 4.691301754892906
v -0.005644059526920318 30.62181890860058 4.724993048626085
v 0.09405009882986545 30.15279530075931 4.691301754892906
v 0.2762001569485664 30.233891446084012 4.6913017584377315
v -0.005644059526920318 30.62181890860058 4.724993048626085
v 0.2762001569485664 30.233891446084012 4.6913017584377315
v 0.4096168085718155 30.38206703019046 4.691301764914692
v -0.005644059526920318 30.62181890860058 4.724993048626085
v 0.4096168085718155 30.38206703019046 4.691301764914692
v 0.4712310618329048 30.571695512856476 4.691301773203616
v -0.005644059526920318 30.62181890860058 4.724993048626085
v 0.4712310618329048 30.571695512856476 4.691301773203616
v 0.45038926074266433 30.76999089646243 4.691301781871382
v -0.005644059526920318 30.62181890860058 4.724993048626085
v 0.45038926074266433 30.76999089646243 4.691301781871382
v 0.3506951656270027 30.94266693528079 4.691301789419291
v -0.005644059526920318 30.62181890860058 4.724993048626085
v 0.3506951656270027 30.94266693528079 4.691301789419291
v 0.18938677508950233 31.05986617356204 4.691301794542233
v -0.005644059526920318 30.62181890860058 4.724993048626085
v 0.18938677508950233 31.05986617356204 4.691301794542233
v -0.005644080607295036 31.101319072121612 4.691301796354196
v -0.3619834533238411 31.422170699209808 4.596054493827857
v -0.2006750627863407 31.05986617356204 4.691301794542233
v -0.005644080607295036 31.101319072121612 4.691301796354196
v -0.005644080607295036 31.101319072121612 4.691301796354196
v -0.005644097735099494 31.497909843496917 4.59605449713852
v -0.3619834533238411 31.422170699209808 4.596054493827857
v -0.65670853764534 31.208038164114594 4.596054484467827
v -0.3619834252166748 30.94266693528079 4.691301789419291
v -0.2006750627863407 31.05986617356204 4.691301794542233
v -0.2006750627863407 31.05986617356204 4.691301794542233
v -0.3619834533238411 31.422170699209808 4.596054493827857
v -0.65670853764534 31.208038164114594 4.596054484467827
v -0.8388586027908325 30.89254713994467 4.596054470677276
v -0.4616774641180038 30.76999089646243 4.691301781871382
v -0.3619834252166748 30.94266693528079 4.691301789419291
v -0.3619834252166748 30.94266693528079 4.691301789419291
v -0.65670853764534 31.208038164114594 4.596054484467827
v -0.8388586027908325 30.89254713994467 4.596054470677276
v -0.8769381916809081 30.530242618460296 4.596054454840443
v -0.48251909656524655 30.571695512856476 4.691301773203616
v -0.4616774641180038 30.76999089646243 4.691301781871382
v -0.4616774641180038 30.76999089646243 4.691301781871382
v -0.8388586027908325 30.89254713994467 4.596054470677276
v -0.8769381916809081 30.530242618460296 4.596054454840443
v -0.7643631443977356 30.183771650747897 4.596054439695716
v -0.42090478708982465 30.38206703019046 4.691301764914692
v -0.48251909656524655 30.571695512856476 4.691301773203616
v -0.48251909656524655 30.571695512856476 4.691301773203616
v -0.8769381916809081 30.530242618460296 4.596054454840443
v -0.7643631443977356 30.183771650747897 4.596054439695716
v -0.5205987978839874 29.913043425039888 4.59605442786181
v -0.287488079252243 30.233891446084012 4.6913017584377315
v -0.42090478708982465 30.38206703019046 4.691301764914692
v -0.42090478708982465 30.38206703019046 4.691301764914692
v -0.7643631443977356 30.183771650747897 4.596054439695716
v -0.5205987978839874 29.913043425039888 4.59605442786181
v -0.18779392792224883 29.764867840933444 4.596054421384849
v -0.10533798599958419 30.15279530075931 4.691301754892906
v -0.287488079252243 30.233891446084012 4.6913017584377315
v -0.287488079252243 30.233891446084012 4.6913017584377315
v -0.5205987978839874 29.913043425039888 4.59605442786181
v -0.18779392792224883 29.764867840933444 4.596054421384849
v 0.17650624452948568 29.764867840933444 4.596054421384849
v 0.09405009882986545 30.15279530075931 4.691301754892906
v -0.10533798599958419 30.15279530075931 4.691301754892906
v -0.10533798599958419 30.15279530075931 4.691301754892906
v -0.18779392792224883 29.764867840933444 4.596054421384849
v 0.17650624452948568 29.764867840933444 4.596054421384849
v 0.5093109599018096 29.913043425039888 4.59605442786181
v 0.2762001569485664 30.233891446084012 4.6913017584377315
v 0.09405009882986545 30.15279530075931 4.691301754892906
v 0.09405009882986545 30.15279530075931 4.691301754892906
v 0.17650624452948568 29.764867840933444 4.596054421384849
v 0.5093109599018096 29.913043425039888 4.59605442786181
v 0.7530753064155579 30.183771650747897 4.596054439695716
v 0.4096168085718155 30.38206703019046 4.691301764914692
v 0.2762001569485664 30.233891446084012 4.6913017584377315
v 0.2762001569485664 30.233891446084012 4.6913017584377315
v 0.5093109599018096 29.913043425039888 4.59605442786181
v 0.7530753064155579 30.183771650747897 4.596054439695716
v 0.8656501288414001 30.530242618460296 4.596054454840443
v 0.4712310618329048 30.571695512856476 4.691301773203616
v 0.4096168085718155 30.38206703019046 4.691301764914692
v 0.4096168085718155 30.38206703019046 4.691301764914692
v 0.7530753064155579 30.183771650747897 4.596054439695716
v 0.8656501288414001 30.530242618460296 4.596054454840443
v 0.8275703150939941 30.89254713994467 4.596054470677276
v 0.45038926074266433 30.76999089646243 4.691301781871382
v 0.4712310618329048 30.571695512856476 4.691301773203616
v 0.4712310618329048 30.571695512856476 4.691301773203616
v 0.8656501288414001 30.530242618460296 4.596054454840443
v 0.8275703150939941 30.89254713994467 4.596054470677276
v 0.6454201375198364 31.208038164114594 4.596054484467827
v 0.3506951656270027 30.94266693528079 4.691301789419291
v 0.45038926074266433 30.76999089646243 4.691301781871382
v 0.45038926074266433 30.76999089646243 4.691301781871382
v 0.8275703150939941 30.89254713994467 4.596054470677276
v 0.6454201375198364 31.208038164114594 4.596054484467827
v 0.35069502509117123 31.422170699209808 4.596054493827857
v 0.18938677508950233 31.05986617356204 4.691301794542233
v 0.3506951656270027 30.94266693528079 4.691301789419291
v 0.3506951656270027 30.94266693528079 4.691301789419291
v 0.6454201375198364 31.208038164114594 4.596054484467827
v 0.35069502509117123 31.422170699209808 4.596054493827857
v -0.005644097735099494 31.497909843496917 4.59605449713852
v -0.005644080607295036 31.101319072121612 4.691301796354196
v 0.18938677508950233 31.05986617356204 4.691301794542233
v 0.18938677508950233 31.05986617356204 4.691301794542233
v 0.35069502509117123 31.422170699209808 4.596054493827857
v -0.005644097735099494 31.497909843496917 4.59605449713852
v -0.4616774922251701 31.646085433737596 4.455719694617373
v -0.3619834533238411 31.422170699209808 4.596054493827857
v -0.005644097735099494 31.497909843496917 4.59605449713852
v -0.005644097735099494 31.497909843496917 4.59605449713852
v -0.005644108714461326 31.74301873055156 4.455719698854462
v -0.4616774922251701 31.646085433737596 4.455719694617373
v -0.8388586027908325 31.37204730812724 4.455719682638787
v -0.65670853764534 31.208038164114594 4.596054484467827
v -0.3619834533238411 31.422170699209808 4.596054493827857
v -0.3619834533238411 31.422170699209808 4.596054493827857
v -0.4616774922251701 31.646085433737596 4.455719694617373
v -0.8388586027908325 31.37204730812724 4.455719682638787
v -1.0719692089939117 30.96828629036601 4.455719664989831
v -0.8388586027908325 30.89254713994467 4.596054470677276
v -0.65670853764534 31.208038164114594 4.596054484467827
v -0.65670853764534 31.208038164114594 4.596054484467827
v -0.8388586027908325 31.37204730812724 4.455719682638787
v -1.0719692089939117 30.96828629036601 4.455719664989831
v -1.1207025381946563 30.504619682089643 4.455719644722321
v -0.8769381916809081 30.530242618460296 4.596054454840443
v -0.8388586027908325 30.89254713994467 4.596054470677276
v -0.8388586027908325 30.89254713994467 4.596054470677276
v -1.0719692089939117 30.96828629036601 4.455719664989831
v -1.1207025381946563 30.504619682089643 4.455719644722321
v -0.9766320619392395 30.061219015280564 4.455719625340662
v -0.7643631443977356 30.183771650747897 4.596054439695716
v -0.8769381916809081 30.530242618460296 4.596054454840443
v -0.8769381916809081 30.530242618460296 4.596054454840443
v -1.1207025381946563 30.504619682089643 4.455719644722321
v -0.9766320619392395 30.061219015280564 4.455719625340662
v -0.6646690492820739 29.71474804756816 4.455719610195936
v -0.5205987978839874 29.913043425039888 4.59605442786181
v -0.7643631443977356 30.183771650747897 4.596054439695716
v -0.7643631443977356 30.183771650747897 4.596054439695716
v -0.9766320619392395 30.061219015280564 4.455719625340662
v -0.6646690492820739 29.71474804756816 4.455719610195936
v -0.23875449708700178 29.5251177660435 4.4557196019069325
v -0.18779392792224883 29.764867840933444 4.596054421384849
v -0.5205987978839874 29.913043425039888 4.59605442786181
v -0.5205987978839874 29.913043425039888 4.59605442786181
v -0.6646690492820739 29.71474804756816 4.455719610195936
v -0.23875449708700178 29.5251177660435 4.4557196019069325
v 0.2274669261229038 29.5251177660435 4.4557196019069325
v 0.17650624452948568 29.764867840933444 4.596054421384849
v -0.18779392792224883 29.764867840933444 4.596054421384849
v -0.18779392792224883 29.764867840933444 4.596054421384849
v -0.23875449708700178 29.5251177660435 4.4557196019069325
v 0.2274669261229038 29.5251177660435 4.4557196019069325
v 0.6533813237285614 29.71474804756816 4.455719610195936
v 0.5093109599018096 29.913043425039888 4.59605442786181
v 0.17650624452948568 29.764867840933444 4.596054421384849
v 0.17650624452948568 29.764867840933444 4.596054421384849
v 0.2274669261229038 29.5251177660435 4.4557196019069325
v 0.6533813237285614 29.71474804756816 4.455719610195936
v 0.9653443363857269 30.061219015280564 4.455719625340662
v 0.7530753064155579 30.183771650747897 4.596054439695716
v 0.5093109599018096 29.913043425039888 4.59605442786181
v 0.5093109599018096 29.913043425039888 4.59605442786181
v 0.6533813237285614 29.71474804756816 4.455719610195936
v 0.9653443363857269 30.061219015280564 4.455719625340662
v 1.1094145877838135 30.504619682089643 4.455719644722321
v 0.8656501288414001 30.530242618460296 4.596054454840443
v 0.7530753064155579 30.183771650747897 4.596054439695716
v 0.7530753064155579 30.183771650747897 4.596054439695716
v 0.9653443363857269 30.061219015280564 4.455719625340662
v 1.1094145877838135 30.504619682089643 4.455719644722321
v 1.0606810337257384 30.968289888083294 4.455719664989989
v 0.8275703150939941 30.89254713994467 4.596054470677276
v 0.8656501288414001 30.530242618460296 4.596054454840443
v 0.8656501288414001 30.530242618460296 4.596054454840443
v 1.1094145877838135 30.504619682089643 4.455719644722321
v 1.0606810337257384 30.968289888083294 4.455719664989989
v 0.8275700902366638 31.37204730812724 4.455719682638787
v 0.6454201375198364 31.208038164114594 4.596054484467827
v 0.8275703150939941 30.89254713994467 4.596054470677276
v 0.8275703150939941 30.89254713994467 4.596054470677276
v 1.0606810337257384 30.968289888083294 4.455719664989989
v 0.8275700902366638 31.37204730812724 4.455719682638787
v 0.4503889796710014 31.646085433737596 4.455719694617373
v 0.35069502509117123 31.422170699209808 4.596054493827857
v 0.6454201375198364 31.208038164114594 4.596054484467827
v 0.6454201375198364 31.208038164114594 4.596054484467827
v 0.8275700902366638 31.37204730812724 4.455719682638787
v 0.4503889796710014 31.646085433737596 4.455719694617373
v -0.005644108714461326 31.74301873055156 4.455719698854462
v -0.005644097735099494 31.497909843496917 4.59605449713852
v 0.35069502509117123 31.422170699209808 4.596054493827857
v 0.35069502509117123 31.422170699209808 4.596054493827857
v 0.4503889796710014 31.646085433737596 4.455719694617373
v -0.005644108714461326 31.74301873055156 4.455719698854462
v -0.4825192089939117 31.692895340379174 4.294562199448228
v -0.4616774922251701 31.646085433737596 4.455719694617373
v -0.005644108714461326 31.74301873055156 4.455719698854462
v -0.005644108714461326 31.74301873055156 4.455719698854462
v -0.005644110910333693 31.794261024888456 4.294562203879062
v -0.4825192089939117 31.692895340379174 4.294562199448228
v -0.8769383041095733 31.406333560899196 4.294562186922215
v -0.8388586027908325 31.37204730812724 4.455719682638787
v -0.4616774922251701 31.646085433737596 4.455719694617373
v -0.4616774922251701 31.646085433737596 4.455719694617373
v -0.4825192089939117 31.692895340379174 4.294562199448228
v -0.8769383041095733 31.406333560899196 4.294562186922215
v -1.1207026506233215 30.984123448899684 4.2945621684668245
v -1.0719692089939117 30.96828629036601 4.455719664989831
v -0.8388586027908325 31.37204730812724 4.455719682638787
v -0.8388586027908325 31.37204730812724 4.455719682638787
v -0.8769383041095733 31.406333560899196 4.294562186922215
v -1.1207026506233215 30.984123448899684 4.2945621684668245
v -1.171663079252243 30.49926268809646 4.294562147272888
v -1.1207025381946563 30.504619682089643 4.455719644722321
v -1.0719692089939117 30.96828629036601 4.455719664989831
v -1.0719692089939117 30.96828629036601 4.455719664989831
v -1.1207026506233215 30.984123448899684 4.2945621684668245
v -1.171663079252243 30.49926268809646 4.294562147272888
v -1.0210083306503295 30.035596079820095 4.294562127005377
v -0.9766320619392395 30.061219015280564 4.455719625340662
v -1.1207025381946563 30.504619682089643 4.455719644722321
v -1.1207025381946563 30.504619682089643 4.455719644722321
v -1.171663079252243 30.49926268809646 4.294562147272888
v -1.0210083306503295 30.035596079820095 4.294562127005377
v -0.6947879016780854 29.67329155833572 4.294562111168544
v -0.6646690492820739 29.71474804756816 4.455719610195936
v -0.9766320619392395 30.061219015280564 4.455719625340662
v -0.9766320619392395 30.061219015280564 4.455719625340662
v -1.0210083306503295 30.035596079820095 4.294562127005377
v -0.6947879016780854 29.67329155833572 4.294562111168544
v -0.24940815307617187 29.474996174729764 4.294562102500777
v -0.23875449708700178 29.5251177660435 4.4557196019069325
v -0.6646690492820739 29.71474804756816 4.455719610195936
v -0.6646690492820739 29.71474804756816 4.455719610195936
v -0.6947879016780854 29.67329155833572 4.294562111168544
v -0.24940815307617187 29.474996174729764 4.294562102500777
v 0.23812059616565703 29.474996174729764 4.294562102500777
v 0.2274669261229038 29.5251177660435 4.4557196019069325
v -0.23875449708700178 29.5251177660435 4.4557196019069325
v -0.23875449708700178 29.5251177660435 4.4557196019069325
v -0.24940815307617187 29.474996174729764 4.294562102500777
v 0.23812059616565703 29.474996174729764 4.294562102500777
v 0.6835002885532379 29.673293357194364 4.294562111168622
v 0.6533813237285614 29.71474804756816 4.455719610195936
v 0.2274669261229038 29.5251177660435 4.4557196019069325
v 0.2274669261229038 29.5251177660435 4.4557196019069325
v 0.23812059616565703 29.474996174729764 4.294562102500777
v 0.6835002885532379 29.673293357194364 4.294562111168622
v 1.009720605096817 30.035596079820095 4.294562127005377
v 0.9653443363857269 30.061219015280564 4.455719625340662
v 0.6533813237285614 29.71474804756816 4.455719610195936
v 0.6533813237285614 29.71474804756816 4.455719610195936
v 0.6835002885532379 29.673293357194364 4.294562111168622
v 1.009720605096817 30.035596079820095 4.294562127005377
v 1.1603751288414001 30.499266285813746 4.294562147273045
v 1.1094145877838135 30.504619682089643 4.455719644722321
v 0.9653443363857269 30.061219015280564 4.455719625340662
v 0.9653443363857269 30.061219015280564 4.455719625340662
v 1.009720605096817 30.035596079820095 4.294562127005377
v 1.1603751288414001 30.499266285813746 4.294562147273045
v 1.1094143629264832 30.984123448899684 4.2945621684668245
v 1.0606810337257384 30.968289888083294 4.455719664989989
v 1.1094145877838135 30.504619682089643 4.455719644722321
v 1.1094145877838135 30.504619682089643 4.455719644722321
v 1.1603751288414001 30.499266285813746 4.294562147273045
v 1.1094143629264832 30.984123448899684 4.2945621684668245
v 0.8656497915554047 31.406333560899196 4.294562186922215
v 0.8275700902366638 31.37204730812724 4.455719682638787
v 1.0606810337257384 30.968289888083294 4.455719664989989
v 1.0606810337257384 30.968289888083294 4.455719664989989
v 1.1094143629264832 30.984123448899684 4.2945621684668245
v 0.8656497915554047 31.406333560899196 4.294562186922215
v 0.4712306683325767 31.692895340379174 4.294562199448228
v 0.4503889796710014 31.646085433737596 4.455719694617373
v 0.8275700902366638 31.37204730812724 4.455719682638787
v 0.8275700902366638 31.37204730812724 4.455719682638787
v 0.8656497915554047 31.406333560899196 4.294562186922215
v 0.4712306683325767 31.692895340379174 4.294562199448228
v -0.005644110910333693 31.794261024888456 4.294562203879062
v -0.005644108714461326 31.74301873055156 4.455719698854462
v 0.4503889796710014 31.646085433737596 4.455719694617373
v 0.4503889796710014 31.646085433737596 4.455719694617373
v 0.4712306683325767 31.692895340379174 4.294562199448228
v -0.005644110910333693 31.794261024888456 4.294562203879062
v -0.42090487141132354 31.55450915174216 4.140448576913579
v -0.4825192089939117 31.692895340379174 4.294562199448228
v -0.005644110910333693 31.794261024888456 4.294562203879062
v -0.005644110910333693 31.794261024888456 4.294562203879062
v -0.0056441043227165935 31.642775547616182 4.140448580771826
v -0.42090487141132354 31.55450915174216 4.140448576913579
v -0.7643632568264007 31.304971480843726 4.140448566005942
v -0.8769383041095733 31.406333560899196 4.294562186922215
v -0.4825192089939117 31.692895340379174 4.294562199448228
v -0.4825192089939117 31.692895340379174 4.294562199448228
v -0.42090487141132354 31.55450915174216 4.140448576913579
v -0.7643632568264007 31.304971480843726 4.140448566005942
v -0.9766321743679046 30.93730995832175 4.140448549934946
v -1.1207026506233215 30.984123448899684 4.2945621684668245
v -0.8769383041095733 31.406333560899196 4.294562186922215
v -0.8769383041095733 31.406333560899196 4.294562186922215
v -0.7643632568264007 31.304971480843726 4.140448566005942
v -0.9766321743679046 30.93730995832175 4.140448549934946
v -1.0210083306503295 30.51509984632224 4.1404485314795565
v -1.171663079252243 30.49926268809646 4.294562147272888
v -1.1207026506233215 30.984123448899684 4.2945621684668245
v -1.1207026506233215 30.984123448899684 4.2945621684668245
v -0.9766321743679046 30.93730995832175 4.140448549934946
v -1.0210083306503295 30.51509984632224 4.1404485314795565
v -0.8898189189910888 30.11133882856101 4.140448513830601
v -1.0210083306503295 30.035596079820095 4.294562127005377
v -1.171663079252243 30.49926268809646 4.294562147272888
v -1.171663079252243 30.49926268809646 4.294562147272888
v -1.0210083306503295 30.51509984632224 4.1404485314795565
v -0.8898189189910888 30.11133882856101 4.140448513830601
v -0.6057475468730926 29.79584780439109 4.140448500040051
v -0.6947879016780854 29.67329155833572 4.294562111168544
v -1.0210083306503295 30.035596079820095 4.294562127005377
v -1.0210083306503295 30.035596079820095 4.294562127005377
v -0.8898189189910888 30.11133882856101 4.140448513830601
v -0.6057475468730926 29.79584780439109 4.140448500040051
v -0.21791276626467704 29.62317176557273 4.140448492492142
v -0.24940815307617187 29.474996174729764 4.294562102500777
v -0.6947879016780854 29.67329155833572 4.294562111168544
v -0.6947879016780854 29.67329155833572 4.294562111168544
v -0.6057475468730926 29.79584780439109 4.140448500040051
v -0.21791276626467704 29.62317176557273 4.140448492492142
v 0.20662515313982963 29.62317176557273 4.140448492492142
v 0.23812059616565703 29.474996174729764 4.294562102500777
v -0.24940815307617187 29.474996174729764 4.294562102500777
v -0.24940815307617187 29.474996174729764 4.294562102500777
v -0.21791276626467704 29.62317176557273 4.140448492492142
v 0.20662515313982963 29.62317176557273 4.140448492492142
v 0.5944598213195801 29.79584780439109 4.140448500040051
v 0.6835002885532379 29.673293357194364 4.294562111168622
v 0.23812059616565703 29.474996174729764 4.294562102500777
v 0.23812059616565703 29.474996174729764 4.294562102500777
v 0.20662515313982963 29.62317176557273 4.140448492492142
v 0.5944598213195801 29.79584780439109 4.140448500040051
v 0.8785310810089111 30.11133882856101 4.140448513830601
v 1.009720605096817 30.035596079820095 4.294562127005377
v 0.6835002885532379 29.673293357194364 4.294562111168622
v 0.6835002885532379 29.673293357194364 4.294562111168622
v 0.5944598213195801 29.79584780439109 4.140448500040051
v 0.8785310810089111 30.11133882856101 4.140448513830601
v 1.0097203802394867 30.51509984632224 4.1404485314795565
v 1.1603751288414001 30.499266285813746 4.294562147273045
v 1.009720605096817 30.035596079820095 4.294562127005377
v 1.009720605096817 30.035596079820095 4.294562127005377
v 0.8785310810089111 30.11133882856101 4.140448513830601
v 1.0097203802394867 30.51509984632224 4.1404485314795565
v 0.9653439990997315 30.93730995832175 4.140448549934946
v 1.1094143629264832 30.984123448899684 4.2945621684668245
v 1.1603751288414001 30.499266285813746 4.294562147273045
v 1.1603751288414001 30.499266285813746 4.294562147273045
v 1.0097203802394867 30.51509984632224 4.1404485314795565
v 0.9653439990997315 30.93730995832175 4.140448549934946
v 0.7530748567008971 31.304971480843726 4.140448566005942
v 0.8656497915554047 31.406333560899196 4.294562186922215
v 1.1094143629264832 30.984123448899684 4.2945621684668245
v 1.1094143629264832 30.984123448899684 4.2945621684668245
v 0.9653439990997315 30.93730995832175 4.140448549934946
v 0.7530748567008971 31.304971480843726 4.140448566005942
v 0.4096163869643211 31.55450915174216 4.140448576913579
v 0.4712306683325767 31.692895340379174 4.294562199448228
v 0.8656497915554047 31.406333560899196 4.294562186922215
v 0.8656497915554047 31.406333560899196 4.294562186922215
v 0.7530748567008971 31.304971480843726 4.140448566005942
v 0.4096163869643211 31.55450915174216 4.140448576913579
v -0.0056441043227165935 31.642775547616182 4.140448580771826
v -0.005644110910333693 31.794261024888456 4.294562203879062
v 0.4712306683325767 31.692895340379174 4.294562199448228
v 0.4712306683325767 31.692895340379174 4.294562199448228
v 0.4096163869643211 31.55450915174216 4.140448576913579
v -0.0056441043227165935 31.642775547616182 4.140448580771826
v -0.2874881635737419 31.254851686608063 4.020025770846386
v -0.42090487141132354 31.55450915174216 4.140448576913579
v -0.0056441043227165935 31.642775547616182 4.140448580771826
v -0.0056441043227165935 31.642775547616182 4.140448580771826
v -0.005644089829958975 31.3147572771232 4.020025773464942
v -0.2874881635737419 31.254851686608063 4.020025770846386
v -0.5205989103126526 31.08548554769205 4.020025763443157
v -0.7643632568264007 31.304971480843726 4.140448566005942
v -0.42090487141132354 31.55450915174216 4.140448576913579
v -0.42090487141132354 31.55450915174216 4.140448576913579
v -0.2874881635737419 31.254851686608063 4.020025770846386
v -0.5205989103126526 31.08548554769205 4.020025763443157
v -0.6646691617107391 30.83594787679361 4.020025752535519
v -0.9766321743679046 30.93730995832175 4.140448549934946
v -0.7643632568264007 31.304971480843726 4.140448566005942
v -0.7643632568264007 31.304971480843726 4.140448566005942
v -0.5205989103126526 31.08548554769205 4.020025763443157
v -0.6646691617107391 30.83594787679361 4.020025752535519
v -0.6947880141067505 30.54938609731363 4.0200257400095065
v -1.0210083306503295 30.51509984632224 4.1404485314795565
v -0.9766321743679046 30.93730995832175 4.140448549934946
v -0.9766321743679046 30.93730995832175 4.140448549934946
v -0.6646691617107391 30.83594787679361 4.020025752535519
v -0.6947880141067505 30.54938609731363 4.0200257400095065
v -0.6057475468730926 30.27534797170328 4.0200257280309195
v -0.8898189189910888 30.11133882856101 4.140448513830601
v -1.0210083306503295 30.51509984632224 4.1404485314795565
v -1.0210083306503295 30.51509984632224 4.1404485314795565
v -0.6947880141067505 30.54938609731363 4.0200257400095065
v -0.6057475468730926 30.27534797170328 4.0200257280309195
v -0.41294382573843 30.06121903432535 4.020025718671047
v -0.6057475468730926 29.79584780439109 4.140448500040051
v -0.8898189189910888 30.11133882856101 4.140448513830601
v -0.8898189189910888 30.11133882856101 4.140448513830601
v -0.6057475468730926 30.27534797170328 4.0200257280309195
v -0.41294382573843 30.06121903432535 4.020025718671047
v -0.14971421254992484 29.9440197960441 4.020025713548105
v -0.21791276626467704 29.62317176557273 4.140448492492142
v -0.6057475468730926 29.79584780439109 4.140448500040051
v -0.6057475468730926 29.79584780439109 4.140448500040051
v -0.41294382573843 30.06121903432535 4.020025718671047
v -0.14971421254992484 29.9440197960441 4.020025713548105
v 0.1384264307820797 29.9440197960441 4.020025713548105
v 0.20662515313982963 29.62317176557273 4.140448492492142
v -0.21791276626467704 29.62317176557273 4.140448492492142
v -0.21791276626467704 29.62317176557273 4.140448492492142
v -0.14971421254992484 29.9440197960441 4.020025713548105
v 0.1384264307820797 29.9440197960441 4.020025713548105
v 0.4016559877562523 30.06121903432535 4.020025718671047
v 0.5944598213195801 29.79584780439109 4.140448500040051
v 0.20662515313982963 29.62317176557273 4.140448492492142
v 0.20662515313982963 29.62317176557273 4.140448492492142
v 0.1384264307820797 29.9440197960441 4.020025713548105
v 0.4016559877562523 30.06121903432535 4.020025718671047
v 0.5944597088909149 30.27534797170328 4.0200257280309195
v 0.8785310810089111 30.11133882856101 4.140448513830601
v 0.5944598213195801 29.79584780439109 4.140448500040051
v 0.5944598213195801 29.79584780439109 4.140448500040051
v 0.4016559877562523 30.06121903432535 4.020025718671047
v 0.5944597088909149 30.27534797170328 4.0200257280309195
v 0.6834999512672424 30.54938609731363 4.0200257400095065
v 1.0097203802394867 30.51509984632224 4.1404485314795565
v 0.8785310810089111 30.11133882856101 4.140448513830601
v 0.8785310810089111 30.11133882856101 4.140448513830601
v 0.5944597088909149 30.27534797170328 4.0200257280309195
v 0.6834999512672424 30.54938609731363 4.0200257400095065
v 0.6533809864425659 30.83594787679361 4.020025752535519
v 0.9653439990997315 30.93730995832175 4.140448549934946
v 1.0097203802394867 30.51509984632224 4.1404485314795565
v 1.0097203802394867 30.51509984632224 4.1404485314795565
v 0.6834999512672424 30.54938609731363 4.0200257400095065
v 0.6533809864425659 30.83594787679361 4.020025752535519
v 0.509310510187149 31.08548554769205 4.020025763443157
v 0.7530748567008971 31.304971480843726 4.140448566005942
v 0.9653439990997315 30.93730995832175 4.140448549934946
v 0.9653439990997315 30.93730995832175 4.140448549934946
v 0.6533809864425659 30.83594787679361 4.020025752535519
v 0.509310510187149 31.08548554769205 4.020025763443157
v 0.27619981966257096 31.254851686608063 4.020025770846386
v 0.4096163869643211 31.55450915174216 4.140448576913579
v 0.7530748567008971 31.304971480843726 4.140448566005942
v 0.7530748567008971 31.304971480843726 4.140448566005942
v 0.509310510187149 31.08548554769205 4.020025763443157
v 0.27619981966257096 31.254851686608063 4.020025770846386
v -0.005644089829958975 31.3147572771232 4.020025773464942
v -0.0056441043227165935 31.642775547616182 4.140448580771826
v 0.4096163869643211 31.55450915174216 4.140448576913579
v 0.4096163869643211 31.55450915174216 4.140448576913579
v 0.27619981966257096 31.254851686608063 4.020025770846386
v -0.005644089829958975 31.3147572771232 4.020025773464942
v -0.005644059526920318 30.621818942668906 3.94560066512694
v -0.2874881635737419 31.254851686608063 4.020025770846386
v -0.005644089829958975 31.3147572771232 4.020025773464942
v -0.005644059526920318 30.621818942668906 3.94560066512694
v -0.5205989103126526 31.08548554769205 4.020025763443157
v -0.2874881635737419 31.254851686608063 4.020025770846386
v -0.005644059526920318 30.621818942668906 3.94560066512694
v -0.6646691617107391 30.83594787679361 4.020025752535519
v -0.5205989103126526 31.08548554769205 4.020025763443157
v -0.005644059526920318 30.621818942668906 3.94560066512694
v -0.6947880141067505 30.54938609731363 4.0200257400095065
v -0.6646691617107391 30.83594787679361 4.020025752535519
v -0.005644059526920318 30.621818942668906 3.94560066512694
v -0.6057475468730926 30.27534797170328 4.0200257280309195
v -0.6947880141067505 30.54938609731363 4.0200257400095065
v -0.005644059526920318 30.621818942668906 3.94560066512694
v -0.41294382573843 30.06121903432535 4.020025718671047
v -0.6057475468730926 30.27534797170328 4.0200257280309195
v -0.005644059526920318 30.621818942668906 3.94560066512694
v -0.14971421254992484 29.9440197960441 4.020025713548105
v -0.41294382573843 30.06121903432535 4.020025718671047
v -0.005644059526920318 30.621818942668906 3.94560066512694
v 0.1384264307820797 29.9440197960441 4.020025713548105
v -0.14971421254992484 29.9440197960441 4.020025713548105
v -0.005644059526920318 30.621818942668906 3.94560066512694
v 0.4016559877562523 30.06121903432535 4.020025718671047
v 0.1384264307820797 29.9440197960441 4.020025713548105
v -0.005644059526920318 30.621818942668906 3.94560066512694
v 0.5944597088909149 30.27534797170328 4.0200257280309195
v 0.4016559877562523 30.06121903432535 4.020025718671047
v -0.005644059526920318 30.621818942668906 3.94560066512694
v 0.6834999512672424 30.54938609731363 4.0200257400095065
v 0.5944597088909149 30.27534797170328 4.0200257280309195
v -0.005644059526920318 30.621818942668906 3.94560066512694
v 0.6533809864425659 30.83594787679361 4.020025752535519
v 0.6834999512672424 30.54938609731363 4.0200257400095065
v -0.005644059526920318 30.621818942668906 3.94560066512694
v 0.509310510187149 31.08548554769205 4.020025763443157
v 0.6533809864425659 30.83594787679361 4.020025752535519
v -0.005644059526920318 30.621818942668906 3.94560066512694
v 0.27619981966257096 31.254851686608063 4.020025770846386
v 0.509310510187149 31.08548554769205 4.020025763443157
v -0.005644059526920318 30.621818942668906 3.94560066512694
v -0.005644089829958975 31.3147572771232 4.020025773464942
v 0.27619981966257096 31.254851686608063 4.020025770846386
v -1.3963242215538025 27.49091266211643 4.141883888484915
v -1.1613455006504059 27.471490385352514 4.141883887635941
v -1.1613034523296355 27.27900351630344 4.141883879222072
v -1.1613034523296355 27.27900351630344 4.141883879222072
v -1.3962737410831452 27.259478704596898 4.141883878368616
v -1.3963242215538025 27.49091266211643 4.141883888484915
v -1.3582760002613068 27.719196818152806 4.141883898463533
v -1.1297002042675017 27.661358116217993 4.141883895935322
v -1.1613455006504059 27.471490385352514 4.141883887635941
v -1.1613455006504059 27.471490385352514 4.141883887635941
v -1.3963242215538025 27.49091266211643 4.141883888484915
v -1.3582760002613068 27.719196818152806 4.141883898463533
v -1.283167355928421 27.938103524085424 4.1418839080322485
v -1.067231127758026 27.843425996009252 4.1418839038937625
v -1.1297002042675017 27.661358116217993 4.141883895935322
v -1.1297002042675017 27.661358116217993 4.141883895935322
v -1.3582760002613068 27.719196818152806 4.141883898463533
v -1.283167355928421 27.938103524085424 4.1418839080322485
v -1.1730475258350372 28.14165877036228 4.141883916929931
v -0.9756426896858215 28.012727376014134 4.141883911294161
v -1.067231127758026 27.843425996009252 4.1418839038937625
v -1.067231127758026 27.843425996009252 4.1418839038937625
v -1.283167355928421 27.938103524085424 4.1418839080322485
v -1.1730475258350372 28.14165877036228 4.141883916929931
v -1.0309211660575865 28.324311279212377 4.141883924913926
v -0.8574338982057571 28.16464098837986 4.141883917934515
v -0.9756426896858215 28.012727376014134 4.141883911294161
v -0.9756426896858215 28.012727376014134 4.141883911294161
v -1.1730475258350372 28.14165877036228 4.141883916929931
v -1.0309211660575865 28.324311279212377 4.141883924913926
v -0.8606661661148071 28.48107461447849 4.141883931766269
v -0.7158299944353104 28.295024061652562 4.14188392363374
v -0.8574338982057571 28.16464098837986 4.141883917934515
v -0.8574338982057571 28.16464098837986 4.141883917934515
v -1.0309211660575865 28.324311279212377 4.141883924913926
v -0.8606661661148071 28.48107461447849 4.141883931766269
v -0.6669279098081589 28.60767288916721 4.141883937300054
v -0.5546947580957412 28.40031665457859 4.141883928236226
v -0.7158299944353104 28.295024061652562 4.14188392363374
v -0.7158299944353104 28.295024061652562 4.14188392363374
v -0.8606661661148071 28.48107461447849 4.141883931766269
v -0.6669279098081589 28.60767288916721 4.141883937300054
v -0.4549925962233543 28.700650495826146 4.1418839413642345
v -0.37842471213817597 28.47764778876438 4.141883931616477
v -0.5546947580957412 28.40031665457859 4.141883928236226
v -0.5546947580957412 28.40031665457859 4.141883928236226
v -0.6669279098081589 28.60767288916721 4.141883937300054
v -0.4549925962233543 28.700650495826146 4.1418839413642345
v -0.23064282510995865 28.75747104376926 4.14188394384794
v -0.19182937216162682 28.52490740302219 4.14188393368226
v -0.37842471213817597 28.47764778876438 4.141883931616477
v -0.37842471213817597 28.47764778876438 4.141883931616477
v -0.4549925962233543 28.700650495826146 4.1418839413642345
v -0.23064282510995865 28.75747104376926 4.14188394384794
v 3.0689433922361784e-8 28.776585715705295 4.141883944683469
v 2.552490033352228e-8 28.540805715705297 4.141883934377198
v -0.19182937216162682 28.52490740302219 4.14188393368226
v -0.19182937216162682 28.52490740302219 4.14188393368226
v -0.23064282510995865 28.75747104376926 4.14188394384794
v 3.0689433922361784e-8 28.776585715705295 4.141883944683469
v 0.23064288132429123 28.75747104376926 4.14188394384794
v 0.1918294283759594 28.52490740302219 4.14188393368226
v 2.552490033352228e-8 28.540805715705297 4.141883934377198
v 2.552490033352228e-8 28.540805715705297 4.141883934377198
v 3.0689433922361784e-8 28.776585715705295 4.141883944683469
v 0.23064288132429123 28.75747104376926 4.14188394384794
v 0.4549926524376869 28.700650495826146 4.1418839413642345
v 0.37842476835250854 28.47764778876438 4.141883931616477
v 0.1918294283759594 28.52490740302219 4.14188393368226
v 0.1918294283759594 28.52490740302219 4.14188393368226
v 0.23064288132429123 28.75747104376926 4.14188394384794
v 0.4549926524376869 28.700650495826146 4.1418839413642345
v 0.6669279660224914 28.60767288916721 4.141883937300054
v 0.5546948143100738 28.40031665457859 4.141883928236226
v 0.37842476835250854 28.47764778876438 4.141883931616477
v 0.37842476835250854 28.47764778876438 4.141883931616477
v 0.4549926524376869 28.700650495826146 4.1418839413642345
v 0.6669279660224914 28.60767288916721 4.141883937300054
v 0.8606661661148071 28.48107461447849 4.141883931766269
v 0.7158299944353104 28.295024061652562 4.14188392363374
v 0.5546948143100738 28.40031665457859 4.141883928236226
v 0.5546948143100738 28.40031665457859 4.141883928236226
v 0.6669279660224914 28.60767288916721 4.141883937300054
v 0.8606661661148071 28.48107461447849 4.141883931766269
v 1.0309211660575865 28.324311279212377 4.141883924913926
v 0.8574338982057571 28.16464098837986 4.141883917934515
v 0.7158299944353104 28.295024061652562 4.14188392363374
v 0.7158299944353104 28.295024061652562 4.14188392363374
v 0.8606661661148071 28.48107461447849 4.141883931766269
v 1.0309211660575865 28.324311279212377 4.141883924913926
v 1.1730475258350372 28.14165877036228 4.141883916929931
v 0.9756426896858215 28.012727376014134 4.141883911294161
v 0.8574338982057571 28.16464098837986 4.141883917934515
v 0.8574338982057571 28.16464098837986 4.141883917934515
v 1.0309211660575865 28.324311279212377 4.141883924913926
v 1.1730475258350372 28.14165877036228 4.141883916929931
v 1.283167355928421 27.938103524085424 4.1418839080322485
v 1.067231127758026 27.843425996009252 4.1418839038937625
v 0.9756426896858215 28.012727376014134 4.141883911294161
v 0.9756426896858215 28.012727376014134 4.141883911294161
v 1.1730475258350372 28.14165877036228 4.141883916929931
v 1.283167355928421 27.938103524085424 4.1418839080322485
v 1.3582760002613068 27.719196818152806 4.141883898463533
v 1.1297002042675017 27.661358116217993 4.141883895935322
v 1.067231127758026 27.843425996009252 4.1418839038937625
v 1.067231127758026 27.843425996009252 4.1418839038937625
v 1.283167355928421 27.938103524085424 4.1418839080322485
v 1.3582760002613068 27.719196818152806 4.141883898463533
v 1.3963242215538025 27.49091266211643 4.141883888484915
v 1.1613455006504059 27.471490385352514 4.141883887635941
v 1.1297002042675017 27.661358116217993 4.141883895935322
v 1.1297002042675017 27.661358116217993 4.141883895935322
v 1.3582760002613068 27.719196818152806 4.141883898463533
v 1.3963242215538025 27.49091266211643 4.141883888484915
v 1.3962737410831452 27.259478704596898 4.141883878368616
v 1.1613034523296355 27.27900351630344 4.141883879222072
v 1.1613455006504059 27.471490385352514 4.141883887635941
v 1.1613455006504059 27.471490385352514 4.141883887635941
v 1.3963242215538025 27.49091266211643 4.141883888484915
v 1.3962737410831452 27.259478704596898 4.141883878368616
v -1.3963242215538025 27.490912637945776 4.694844040920216
v -1.3962737410831452 27.259478694290628 4.377663878368615
v -1.1613034523296355 27.27900350599717 4.377663879222071
v -1.1613034523296355 27.27900350599717 4.377663879222071
v -1.1613455006504059 27.47149036118186 4.694844040071242
v -1.3963242215538025 27.490912637945776 4.694844040920216
v -1.3582760002613068 27.719196782653054 4.954023604121491
v -1.3963242215538025 27.490912637945776 4.694844040920216
v -1.1613455006504059 27.47149036118186 4.694844040071242
v -1.1613455006504059 27.47149036118186 4.694844040071242
v -1.1297002042675017 27.66135808071824 4.95402360159328
v -1.3582760002613068 27.719196782653054 4.954023604121491
v -1.2831674683570862 27.938103478899247 5.1756232110107625
v -1.3582760002613068 27.719196782653054 4.954023604121491
v -1.1297002042675017 27.66135808071824 4.95402360159328
v -1.1297002042675017 27.66135808071824 4.95402360159328
v -1.067231127758026 27.843425950823075 5.1756232068722765
v -1.2831674683570862 27.938103478899247 5.1756232110107625
v -1.1730476382637023 28.141658718281377 5.333356139982908
v -1.2831674683570862 27.938103478899247 5.1756232110107625
v -1.067231127758026 27.843425950823075 5.1756232068722765
v -1.067231127758026 27.843425950823075 5.1756232068722765
v -0.9756426896858215 28.01272732393323 5.333356134347138
v -1.1730476382637023 28.141658718281377 5.333356139982908
v -1.0309211660575865 28.324311222972604 5.428500030146163
v -1.1730476382637023 28.141658718281377 5.333356139982908
v -0.9756426896858215 28.01272732393323 5.333356134347138
v -0.9756426896858215 28.01272732393323 5.333356134347138
v -0.8574338419914245 28.164640932140085 5.428500023166752
v -1.0309211660575865 28.324311222972604 5.428500030146163
v -0.8606661661148071 28.48107455196368 5.57205615211081
v -1.0309211660575865 28.324311222972604 5.428500030146163
v -0.8574338419914245 28.164640932140085 5.428500023166752
v -0.8574338419914245 28.164640932140085 5.428500023166752
v -0.7158299382209777 28.29502399913775 5.572056143978282
v -0.8606661661148071 28.48107455196368 5.57205615211081
v -0.6669278535938262 28.607672820154402 5.7207129364379306
v -0.8606661661148071 28.48107455196368 5.57205615211081
v -0.7158299382209777 28.29502399913775 5.572056143978282
v -0.7158299382209777 28.29502399913775 5.572056143978282
v -0.5546947018814087 28.400316585565783 5.720712927374102
v -0.6669278535938262 28.607672820154402 5.7207129364379306
v -0.4549926243305206 28.70065042350372 5.796428249912206
v -0.6669278535938262 28.607672820154402 5.7207129364379306
v -0.5546947018814087 28.400316585565783 5.720712927374102
v -0.5546947018814087 28.400316585565783 5.720712927374102
v -0.37842471213817597 28.477647716441954 5.796428240164449
v -0.4549926243305206 28.70065042350372 5.796428249912206
v -0.23064282510995865 28.75747096842496 5.865560638603492
v -0.4549926243305206 28.70065042350372 5.796428249912206
v -0.37842471213817597 28.477647716441954 5.796428240164449
v -0.37842471213817597 28.477647716441954 5.796428240164449
v -0.19182937216162682 28.52490732767789 5.865560628437812
v -0.23064282510995865 28.75747096842496 5.865560638603492
v 2.974257118466994e-8 28.776585640360995 5.865560639439021
v -0.23064282510995865 28.75747096842496 5.865560638603492
v -0.19182937216162682 28.52490732767789 5.865560628437812
v -0.19182937216162682 28.52490732767789 5.865560628437812
v 2.6471761395896463e-8 28.540805640360997 5.86556062913275
v 2.974257118466994e-8 28.776585640360995 5.865560639439021
v 0.23064288132429123 28.75747096842496 5.865560638603492
v 2.974257118466994e-8 28.776585640360995 5.865560639439021
v 2.6471761395896463e-8 28.540805640360997 5.86556062913275
v 2.6471761395896463e-8 28.540805640360997 5.86556062913275
v 0.1918294283759594 28.52490732767789 5.865560628437812
v 0.23064288132429123 28.75747096842496 5.865560638603492
v 0.4549926243305206 28.70065042350372 5.796428249912206
v 0.23064288132429123 28.75747096842496 5.865560638603492
v 0.1918294283759594 28.52490732767789 5.865560628437812
v 0.1918294283759594 28.52490732767789 5.865560628437812
v 0.37842476835250854 28.477647716441954 5.796428240164449
v 0.4549926243305206 28.70065042350372 5.796428249912206
v 0.6669279660224914 28.607672820154402 5.7207129364379306
v 0.4549926243305206 28.70065042350372 5.796428249912206
v 0.37842476835250854 28.477647716441954 5.796428240164449
v 0.37842476835250854 28.477647716441954 5.796428240164449
v 0.5546948143100738 28.400316585565783 5.720712927374102
v 0.6669279660224914 28.607672820154402 5.7207129364379306
v 0.8606661661148071 28.48107455196368 5.57205615211081
v 0.6669279660224914 28.607672820154402 5.7207129364379306
v 0.5546948143100738 28.400316585565783 5.720712927374102
v 0.5546948143100738 28.400316585565783 5.720712927374102
v 0.7158300506496429 28.29502399913775 5.572056143978282
v 0.8606661661148071 28.48107455196368 5.57205615211081
v 1.0309211660575865 28.324311222972604 5.428500030146163
v 0.8606661661148071 28.48107455196368 5.57205615211081
v 0.7158300506496429 28.29502399913775 5.572056143978282
v 0.7158300506496429 28.29502399913775 5.572056143978282
v 0.8574338419914245 28.164640932140085 5.428500023166752
v 1.0309211660575865 28.324311222972604 5.428500030146163
v 1.173047413406372 28.141658718281377 5.333356139982908
v 1.0309211660575865 28.324311222972604 5.428500030146163
v 0.8574338419914245 28.164640932140085 5.428500023166752
v 0.8574338419914245 28.164640932140085 5.428500023166752
v 0.9756426896858215 28.01272732393323 5.333356134347138
v 1.173047413406372 28.141658718281377 5.333356139982908
v 1.2831672434997559 27.938103478899247 5.1756232110107625
v 1.173047413406372 28.141658718281377 5.333356139982908
v 0.9756426896858215 28.01272732393323 5.333356134347138
v 0.9756426896858215 28.01272732393323 5.333356134347138
v 1.067231127758026 27.843425950823075 5.1756232068722765
v 1.2831672434997559 27.938103478899247 5.1756232110107625
v 1.3582760002613068 27.719196782653054 4.954023604121491
v 1.2831672434997559 27.938103478899247 5.1756232110107625
v 1.067231127758026 27.843425950823075 5.1756232068722765
v 1.067231127758026 27.843425950823075 5.1756232068722765
v 1.1297002042675017 27.66135808071824 4.95402360159328
v 1.3582760002613068 27.719196782653054 4.954023604121491
v 1.3963242215538025 27.490912637945776 4.694844040920216
v 1.3582760002613068 27.719196782653054 4.954023604121491
v 1.1297002042675017 27.66135808071824 4.95402360159328
v 1.1297002042675017 27.66135808071824 4.95402360159328
v 1.1613455006504059 27.47149036118186 4.694844040071242
v 1.3963242215538025 27.490912637945776 4.694844040920216
v 1.3962737410831452 27.259478694290628 4.377663878368615
v 1.3963242215538025 27.490912637945776 4.694844040920216
v 1.1613455006504059 27.47149036118186 4.694844040071242
v 1.1613455006504059 27.47149036118186 4.694844040071242
v 1.1613034523296355 27.27900350599717 4.377663879222071
v 1.3962737410831452 27.259478694290628 4.377663878368615
v -1.1613455006504059 27.47149036118186 4.694844040071242
v -1.1613034523296355 27.27900350599717 4.377663879222071
v -1.1613034523296355 27.27900351630344 4.141883879222072
v -1.1613034523296355 27.27900351630344 4.141883879222072
v -1.1613455006504059 27.471490385352514 4.141883887635941
v -1.1613455006504059 27.47149036118186 4.694844040071242
v -1.1297002042675017 27.66135808071824 4.95402360159328
v -1.1613455006504059 27.47149036118186 4.694844040071242
v -1.1613455006504059 27.471490385352514 4.141883887635941
v -1.1613455006504059 27.471490385352514 4.141883887635941
v -1.1297002042675017 27.661358116217993 4.141883895935322
v -1.1297002042675017 27.66135808071824 4.95402360159328
v -1.067231127758026 27.843425950823075 5.1756232068722765
v -1.1297002042675017 27.66135808071824 4.95402360159328
v -1.1297002042675017 27.661358116217993 4.141883895935322
v -1.1297002042675017 27.661358116217993 4.141883895935322
v -1.067231127758026 27.843425996009252 4.1418839038937625
v -1.067231127758026 27.843425950823075 5.1756232068722765
v -0.9756426896858215 28.01272732393323 5.333356134347138
v -1.067231127758026 27.843425950823075 5.1756232068722765
v -1.067231127758026 27.843425996009252 4.1418839038937625
v -1.067231127758026 27.843425996009252 4.1418839038937625
v -0.9756426896858215 28.012727376014134 4.141883911294161
v -0.9756426896858215 28.01272732393323 5.333356134347138
v -0.8574338419914245 28.164640932140085 5.428500023166752
v -0.9756426896858215 28.01272732393323 5.333356134347138
v -0.9756426896858215 28.012727376014134 4.141883911294161
v -0.9756426896858215 28.012727376014134 4.141883911294161
v -0.8574338982057571 28.16464098837986 4.141883917934515
v -0.8574338419914245 28.164640932140085 5.428500023166752
v -0.7158299382209777 28.29502399913775 5.572056143978282
v -0.8574338419914245 28.164640932140085 5.428500023166752
v -0.8574338982057571 28.16464098837986 4.141883917934515
v -0.8574338982057571 28.16464098837986 4.141883917934515
v -0.7158299944353104 28.295024061652562 4.14188392363374
v -0.7158299382209777 28.29502399913775 5.572056143978282
v -0.5546947018814087 28.400316585565783 5.720712927374102
v -0.7158299382209777 28.29502399913775 5.572056143978282
v -0.7158299944353104 28.295024061652562 4.14188392363374
v -0.7158299944353104 28.295024061652562 4.14188392363374
v -0.5546947580957412 28.40031665457859 4.141883928236226
v -0.5546947018814087 28.400316585565783 5.720712927374102
v -0.37842471213817597 28.477647716441954 5.796428240164449
v -0.5546947018814087 28.400316585565783 5.720712927374102
v -0.5546947580957412 28.40031665457859 4.141883928236226
v -0.5546947580957412 28.40031665457859 4.141883928236226
v -0.37842471213817597 28.47764778876438 4.141883931616477
v -0.37842471213817597 28.477647716441954 5.796428240164449
v -0.19182937216162682 28.52490732767789 5.865560628437812
v -0.37842471213817597 28.477647716441954 5.796428240164449
v -0.37842471213817597 28.47764778876438 4.141883931616477
v -0.37842471213817597 28.47764778876438 4.141883931616477
v -0.19182937216162682 28.52490740302219 4.14188393368226
v -0.19182937216162682 28.52490732767789 5.865560628437812
v 2.6471761395896463e-8 28.540805640360997 5.86556062913275
v -0.19182937216162682 28.52490732767789 5.865560628437812
v -0.19182937216162682 28.52490740302219 4.14188393368226
v -0.19182937216162682 28.52490740302219 4.14188393368226
v 2.552490033352228e-8 28.540805715705297 4.141883934377198
v 2.6471761395896463e-8 28.540805640360997 5.86556062913275
v 0.1918294283759594 28.52490732767789 5.865560628437812
v 2.6471761395896463e-8 28.540805640360997 5.86556062913275
v 2.552490033352228e-8 28.540805715705297 4.141883934377198
v 2.552490033352228e-8 28.540805715705297 4.141883934377198
v 0.1918294283759594 28.52490740302219 4.14188393368226
v 0.1918294283759594 28.52490732767789 5.865560628437812
v 0.37842476835250854 28.477647716441954 5.796428240164449
v 0.1918294283759594 28.52490732767789 5.865560628437812
v 0.1918294283759594 28.52490740302219 4.14188393368226
v 0.1918294283759594 28.52490740302219 4.14188393368226
v 0.37842476835250854 28.47764778876438 4.141883931616477
v 0.37842476835250854 28.477647716441954 5.796428240164449
v 0.5546948143100738 28.400316585565783 5.720712927374102
v 0.37842476835250854 28.477647716441954 5.796428240164449
v 0.37842476835250854 28.47764778876438 4.141883931616477
v 0.37842476835250854 28.47764778876438 4.141883931616477
v 0.5546948143100738 28.40031665457859 4.141883928236226
v 0.5546948143100738 28.400316585565783 5.720712927374102
v 0.7158300506496429 28.29502399913775 5.572056143978282
v 0.5546948143100738 28.400316585565783 5.720712927374102
v 0.5546948143100738 28.40031665457859 4.141883928236226
v 0.5546948143100738 28.40031665457859 4.141883928236226
v 0.7158299944353104 28.295024061652562 4.14188392363374
v 0.7158300506496429 28.29502399913775 5.572056143978282
v 0.8574338419914245 28.164640932140085 5.428500023166752
v 0.7158300506496429 28.29502399913775 5.572056143978282
v 0.7158299944353104 28.295024061652562 4.14188392363374
v 0.7158299944353104 28.295024061652562 4.14188392363374
v 0.8574338982057571 28.16464098837986 4.141883917934515
v 0.8574338419914245 28.164640932140085 5.428500023166752
v 0.9756426896858215 28.01272732393323 5.333356134347138
v 0.8574338419914245 28.164640932140085 5.428500023166752
v 0.8574338982057571 28.16464098837986 4.141883917934515
v 0.8574338982057571 28.16464098837986 4.141883917934515
v 0.9756426896858215 28.012727376014134 4.141883911294161
v 0.9756426896858215 28.01272732393323 5.333356134347138
v 1.067231127758026 27.843425950823075 5.1756232068722765
v 0.9756426896858215 28.01272732393323 5.333356134347138
v 0.9756426896858215 28.012727376014134 4.141883911294161
v 0.9756426896858215 28.012727376014134 4.141883911294161
v 1.067231127758026 27.843425996009252 4.1418839038937625
v 1.067231127758026 27.843425950823075 5.1756232068722765
v 1.1297002042675017 27.66135808071824 4.95402360159328
v 1.067231127758026 27.843425950823075 5.1756232068722765
v 1.067231127758026 27.843425996009252 4.1418839038937625
v 1.067231127758026 27.843425996009252 4.1418839038937625
v 1.1297002042675017 27.661358116217993 4.141883895935322
v 1.1297002042675017 27.66135808071824 4.95402360159328
v 1.1613455006504059 27.47149036118186 4.694844040071242
v 1.1297002042675017 27.66135808071824 4.95402360159328
v 1.1297002042675017 27.661358116217993 4.141883895935322
v 1.1297002042675017 27.661358116217993 4.141883895935322
v 1.1613455006504059 27.471490385352514 4.141883887635941
v 1.1613455006504059 27.47149036118186 4.694844040071242
v 1.1613034523296355 27.27900350599717 4.377663879222071
v 1.1613455006504059 27.47149036118186 4.694844040071242
v 1.1613455006504059 27.471490385352514 4.141883887635941
v 1.1613455006504059 27.471490385352514 4.141883887635941
v 1.1613034523296355 27.27900351630344 4.141883879222072
v 1.1613034523296355 27.27900350599717 4.377663879222071
v 1.3962737410831452 27.259478694290628 4.377663878368615
v 1.1613034523296355 27.27900350599717 4.377663879222071
v 1.1613034523296355 27.27900351630344 4.141883879222072
v 1.1613034523296355 27.27900351630344 4.141883879222072
v 1.3962737410831452 27.259478704596898 4.141883878368616
v 1.3962737410831452 27.259478694290628 4.377663878368615
v 1.3963242215538025 27.490912637945776 4.694844040920216
v 1.3962737410831452 27.259478694290628 4.377663878368615
v 1.3962737410831452 27.259478704596898 4.141883878368616
v 1.3962737410831452 27.259478704596898 4.141883878368616
v 1.3963242215538025 27.49091266211643 4.141883888484915
v 1.3963242215538025 27.490912637945776 4.694844040920216
v 1.3582760002613068 27.719196782653054 4.954023604121491
v 1.3963242215538025 27.490912637945776 4.694844040920216
v 1.3963242215538025 27.49091266211643 4.141883888484915
v 1.3963242215538025 27.49091266211643 4.141883888484915
v 1.3582760002613068 27.719196818152806 4.141883898463533
v 1.3582760002613068 27.719196782653054 4.954023604121491
v 1.2831672434997559 27.938103478899247 5.1756232110107625
v 1.3582760002613068 27.719196782653054 4.954023604121491
v 1.3582760002613068 27.719196818152806 4.141883898463533
v 1.3582760002613068 27.719196818152806 4.141883898463533
v 1.283167355928421 27.938103524085424 4.1418839080322485
v 1.2831672434997559 27.938103478899247 5.1756232110107625
v 1.173047413406372 28.141658718281377 5.333356139982908
v 1.2831672434997559 27.938103478899247 5.1756232110107625
v 1.283167355928421 27.938103524085424 4.1418839080322485
v 1.283167355928421 27.938103524085424 4.1418839080322485
v 1.1730475258350372 28.14165877036228 4.141883916929931
v 1.173047413406372 28.141658718281377 5.333356139982908
v 1.0309211660575865 28.324311222972604 5.428500030146163
v 1.173047413406372 28.141658718281377 5.333356139982908
v 1.1730475258350372 28.14165877036228 4.141883916929931
v 1.1730475258350372 28.14165877036228 4.141883916929931
v 1.0309211660575865 28.324311279212377 4.141883924913926
v 1.0309211660575865 28.324311222972604 5.428500030146163
v 0.8606661661148071 28.48107455196368 5.57205615211081
v 1.0309211660575865 28.324311222972604 5.428500030146163
v 1.0309211660575865 28.324311279212377 4.141883924913926
v 1.0309211660575865 28.324311279212377 4.141883924913926
v 0.8606661661148071 28.48107461447849 4.141883931766269
v 0.8606661661148071 28.48107455196368 5.57205615211081
v 0.6669279660224914 28.607672820154402 5.7207129364379306
v 0.8606661661148071 28.48107455196368 5.57205615211081
v 0.8606661661148071 28.48107461447849 4.141883931766269
v 0.8606661661148071 28.48107461447849 4.141883931766269
v 0.6669279660224914 28.60767288916721 4.141883937300054
v 0.6669279660224914 28.607672820154402 5.7207129364379306
v 0.4549926243305206 28.70065042350372 5.796428249912206
v 0.6669279660224914 28.607672820154402 5.7207129364379306
v 0.6669279660224914 28.60767288916721 4.141883937300054
v 0.6669279660224914 28.60767288916721 4.141883937300054
v 0.4549926524376869 28.700650495826146 4.1418839413642345
v 0.4549926243305206 28.70065042350372 5.796428249912206
v 0.23064288132429123 28.75747096842496 5.865560638603492
v 0.4549926243305206 28.70065042350372 5.796428249912206
v 0.4549926524376869 28.700650495826146 4.1418839413642345
v 0.4549926524376869 28.700650495826146 4.1418839413642345
v 0.23064288132429123 28.75747104376926 4.14188394384794
v 0.23064288132429123 28.75747096842496 5.865560638603492
v 2.974257118466994e-8 28.776585640360995 5.865560639439021
v 0.23064288132429123 28.75747096842496 5.865560638603492
v 0.23064288132429123 28.75747104376926 4.14188394384794
v 0.23064288132429123 28.75747104376926 4.14188394384794
v 3.0689433922361784e-8 28.776585715705295 4.141883944683469
v 2.974257118466994e-8 28.776585640360995 5.865560639439021
v -0.23064282510995865 28.75747096842496 5.865560638603492
v 2.974257118466994e-8 28.776585640360995 5.865560639439021
v 3.0689433922361784e-8 28.776585715705295 4.141883944683469
v 3.0689433922361784e-8 28.776585715705295 4.141883944683469
v -0.23064282510995865 28.75747104376926 4.14188394384794
v -0.23064282510995865 28.75747096842496 5.865560638603492
v -0.4549926243305206 28.70065042350372 5.796428249912206
v -0.23064282510995865 28.75747096842496 5.865560638603492
v -0.23064282510995865 28.75747104376926 4.14188394384794
v -0.23064282510995865 28.75747104376926 4.14188394384794
v -0.4549925962233543 28.700650495826146 4.1418839413642345
v -0.4549926243305206 28.70065042350372 5.796428249912206
v -0.6669278535938262 28.607672820154402 5.7207129364379306
v -0.4549926243305206 28.70065042350372 5.796428249912206
v -0.4549925962233543 28.700650495826146 4.1418839413642345
v -0.4549925962233543 28.700650495826146 4.1418839413642345
v -0.6669279098081589 28.60767288916721 4.141883937300054
v -0.6669278535938262 28.607672820154402 5.7207129364379306
v -0.8606661661148071 28.48107455196368 5.57205615211081
v -0.6669278535938262 28.607672820154402 5.7207129364379306
v -0.6669279098081589 28.60767288916721 4.141883937300054
v -0.6669279098081589 28.60767288916721 4.141883937300054
v -0.8606661661148071 28.48107461447849 4.141883931766269
v -0.8606661661148071 28.48107455196368 5.57205615211081
v -1.0309211660575865 28.324311222972604 5.428500030146163
v -0.8606661661148071 28.48107455196368 5.57205615211081
v -0.8606661661148071 28.48107461447849 4.141883931766269
v -0.8606661661148071 28.48107461447849 4.141883931766269
v -1.0309211660575865 28.324311279212377 4.141883924913926
v -1.0309211660575865 28.324311222972604 5.428500030146163
v -1.1730476382637023 28.141658718281377 5.333356139982908
v -1.0309211660575865 28.324311222972604 5.428500030146163
v -1.0309211660575865 28.324311279212377 4.141883924913926
v -1.0309211660575865 28.324311279212377 4.141883924913926
v -1.1730475258350372 28.14165877036228 4.141883916929931
v -1.1730476382637023 28.141658718281377 5.333356139982908
v -1.2831674683570862 27.938103478899247 5.1756232110107625
v -1.1730476382637023 28.141658718281377 5.333356139982908
v -1.1730475258350372 28.14165877036228 4.141883916929931
v -1.1730475258350372 28.14165877036228 4.141883916929931
v -1.283167355928421 27.938103524085424 4.1418839080322485
v -1.2831674683570862 27.938103478899247 5.1756232110107625
v -1.3582760002613068 27.719196782653054 4.954023604121491
v -1.2831674683570862 27.938103478899247 5.1756232110107625
v -1.283167355928421 27.938103524085424 4.1418839080322485
v -1.283167355928421 27.938103524085424 4.1418839080322485
v -1.3582760002613068 27.719196818152806 4.141883898463533
v -1.3582760002613068 27.719196782653054 4.954023604121491
v -1.3963242215538025 27.490912637945776 4.694844040920216
v -1.3582760002613068 27.719196782653054 4.954023604121491
v -1.3582760002613068 27.719196818152806 4.141883898463533
v -1.3582760002613068 27.719196818152806 4.141883898463533
v -1.3963242215538025 27.49091266211643 4.141883888484915
v -1.3963242215538025 27.490912637945776 4.694844040920216
v -1.3962737410831452 27.259478694290628 4.377663878368615
v -1.3963242215538025 27.490912637945776 4.694844040920216
v -1.3963242215538025 27.49091266211643 4.141883888484915
v -1.3963242215538025 27.49091266211643 4.141883888484915
v -1.3962737410831452 27.259478704596898 4.141883878368616
v -1.3962737410831452 27.259478694290628 4.377663878368615
v -1.1613034523296355 27.27900350599717 4.377663879222071
v -1.3962737410831452 27.259478694290628 4.377663878368615
v -1.3962737410831452 27.259478704596898 4.141883878368616
v -1.3962737410831452 27.259478704596898 4.141883878368616
v -1.1613034523296355 27.27900351630344 4.141883879222072
v -1.1613034523296355 27.27900350599717 4.377663879222071
v -0.005644059526920318 27.366757211975827 4.724992906342821
v -0.005644080607295036 27.846259174355485 4.691302103785671
v -0.2006750627863407 27.80480447693727 4.691302101973629
v -0.005644059526920318 27.366757211975827 4.724992906342821
v -0.2006750627863407 27.80480447693727 4.691302101973629
v -0.3619834252166748 27.687607037514663 4.691302096850766
v -0.005644059526920318 27.366757211975827 4.724992906342821
v -0.3619834252166748 27.687607037514663 4.691302096850766
v -0.4616774641180038 27.514930998696304 4.691302089302857
v -0.005644059526920318 27.366757211975827 4.724992906342821
v -0.4616774641180038 27.514930998696304 4.691302089302857
v -0.48251909656524655 27.316635615090348 4.69130208063509
v -0.005644059526920318 27.366757211975827 4.724992906342821
v -0.48251909656524655 27.316635615090348 4.69130208063509
v -0.42090478708982465 27.127007132424332 4.691302072346166
v -0.005644059526920318 27.366757211975827 4.724992906342821
v -0.42090478708982465 27.127007132424332 4.691302072346166
v -0.287488079252243 26.978831548317885 4.6913020658692055
v -0.005644059526920318 27.366757211975827 4.724992906342821
v -0.287488079252243 26.978831548317885 4.6913020658692055
v -0.10533798599958419 26.897733604134537 4.691302062324302
v -0.005644059526920318 27.366757211975827 4.724992906342821
v -0.10533798599958419 26.897733604134537 4.691302062324302
v 0.09405009882986545 26.897735402993177 4.691302062324381
v -0.005644059526920318 27.366757211975827 4.724992906342821
v 0.09405009882986545 26.897735402993177 4.691302062324381
v 0.2762001569485664 26.978831548317885 4.6913020658692055
v -0.005644059526920318 27.366757211975827 4.724992906342821
v 0.2762001569485664 26.978831548317885 4.6913020658692055
v 0.4096168085718155 27.127007132424332 4.691302072346166
v -0.005644059526920318 27.366757211975827 4.724992906342821
v 0.4096168085718155 27.127007132424332 4.691302072346166
v 0.4712310618329048 27.316635615090348 4.69130208063509
v -0.005644059526920318 27.366757211975827 4.724992906342821
v 0.4712310618329048 27.316635615090348 4.69130208063509
v 0.45038926074266433 27.514930998696304 4.691302089302857
v -0.005644059526920318 27.366757211975827 4.724992906342821
v 0.45038926074266433 27.514930998696304 4.691302089302857
v 0.3506951656270027 27.687607037514663 4.691302096850766
v -0.005644059526920318 27.366757211975827 4.724992906342821
v 0.3506951656270027 27.687607037514663 4.691302096850766
v 0.18938677508950233 27.80480447693727 4.691302101973629
v -0.005644059526920318 27.366757211975827 4.724992906342821
v 0.18938677508950233 27.80480447693727 4.691302101973629
v -0.005644080607295036 27.846259174355485 4.691302103785671
v -0.3619834533238411 28.167109002585054 4.596054351544593
v -0.2006750627863407 27.80480447693727 4.691302101973629
v -0.005644080607295036 27.846259174355485 4.691302103785671
v -0.005644080607295036 27.846259174355485 4.691302103785671
v -0.005644097735099494 28.24285174458945 4.596054354855413
v -0.3619834533238411 28.167109002585054 4.596054351544593
v -0.65670853764534 27.952978266348484 4.596054342184641
v -0.3619834252166748 27.687607037514663 4.691302096850766
v -0.2006750627863407 27.80480447693727 4.691302101973629
v -0.2006750627863407 27.80480447693727 4.691302101973629
v -0.3619834533238411 28.167109002585054 4.596054351544593
v -0.65670853764534 27.952978266348484 4.596054342184641
v -0.8388586027908325 27.63748544331992 4.596054328394012
v -0.4616774641180038 27.514930998696304 4.691302089302857
v -0.3619834252166748 27.687607037514663 4.691302096850766
v -0.3619834252166748 27.687607037514663 4.691302096850766
v -0.65670853764534 27.952978266348484 4.596054342184641
v -0.8388586027908325 27.63748544331992 4.596054328394012
v -0.8769381916809081 27.275180921835545 4.596054312557179
v -0.48251909656524655 27.316635615090348 4.69130208063509
v -0.4616774641180038 27.514930998696304 4.691302089302857
v -0.4616774641180038 27.514930998696304 4.691302089302857
v -0.8388586027908325 27.63748544331992 4.596054328394012
v -0.8769381916809081 27.275180921835545 4.596054312557179
v -0.7643631443977356 26.928711752981787 4.596054297412531
v -0.42090478708982465 27.127007132424332 4.691302072346166
v -0.48251909656524655 27.316635615090348 4.69130208063509
v -0.48251909656524655 27.316635615090348 4.69130208063509
v -0.8769381916809081 27.275180921835545 4.596054312557179
v -0.7643631443977356 26.928711752981787 4.596054297412531
v -0.5205987978839874 26.657983527273778 4.596054285578624
v -0.287488079252243 26.978831548317885 4.6913020658692055
v -0.42090478708982465 27.127007132424332 4.691302072346166
v -0.42090478708982465 27.127007132424332 4.691302072346166
v -0.7643631443977356 26.928711752981787 4.596054297412531
v -0.5205987978839874 26.657983527273778 4.596054285578624
v -0.18779392792224883 26.50980794316733 4.596054279101663
v -0.10533798599958419 26.897733604134537 4.691302062324302
v -0.287488079252243 26.978831548317885 4.6913020658692055
v -0.287488079252243 26.978831548317885 4.6913020658692055
v -0.5205987978839874 26.657983527273778 4.596054285578624
v -0.18779392792224883 26.50980794316733 4.596054279101663
v 0.17650624452948568 26.50980794316733 4.596054279101663
v 0.09405009882986545 26.897735402993177 4.691302062324381
v -0.10533798599958419 26.897733604134537 4.691302062324302
v -0.10533798599958419 26.897733604134537 4.691302062324302
v -0.18779392792224883 26.50980794316733 4.596054279101663
v 0.17650624452948568 26.50980794316733 4.596054279101663
v 0.5093109599018096 26.657983527273778 4.596054285578624
v 0.2762001569485664 26.978831548317885 4.6913020658692055
v 0.09405009882986545 26.897735402993177 4.691302062324381
v 0.09405009882986545 26.897735402993177 4.691302062324381
v 0.17650624452948568 26.50980794316733 4.596054279101663
v 0.5093109599018096 26.657983527273778 4.596054285578624
v 0.7530753064155579 26.928711752981787 4.596054297412531
v 0.4096168085718155 27.127007132424332 4.691302072346166
v 0.2762001569485664 26.978831548317885 4.6913020658692055
v 0.2762001569485664 26.978831548317885 4.6913020658692055
v 0.5093109599018096 26.657983527273778 4.596054285578624
v 0.7530753064155579 26.928711752981787 4.596054297412531
v 0.8656501288414001 27.275180921835545 4.596054312557179
v 0.4712310618329048 27.316635615090348 4.69130208063509
v 0.4096168085718155 27.127007132424332 4.691302072346166
v 0.4096168085718155 27.127007132424332 4.691302072346166
v 0.7530753064155579 26.928711752981787 4.596054297412531
v 0.8656501288414001 27.275180921835545 4.596054312557179
v 0.8275703150939941 27.63748544331992 4.596054328394012
v 0.45038926074266433 27.514930998696304 4.691302089302857
v 0.4712310618329048 27.316635615090348 4.69130208063509
v 0.4712310618329048 27.316635615090348 4.69130208063509
v 0.8656501288414001 27.275180921835545 4.596054312557179
v 0.8275703150939941 27.63748544331992 4.596054328394012
v 0.6454201375198364 27.952978266348484 4.596054342184641
v 0.3506951656270027 27.687607037514663 4.691302096850766
v 0.45038926074266433 27.514930998696304 4.691302089302857
v 0.45038926074266433 27.514930998696304 4.691302089302857
v 0.8275703150939941 27.63748544331992 4.596054328394012
v 0.6454201375198364 27.952978266348484 4.596054342184641
v 0.35069502509117123 28.167109002585054 4.596054351544593
v 0.18938677508950233 27.80480447693727 4.691302101973629
v 0.3506951656270027 27.687607037514663 4.691302096850766
v 0.3506951656270027 27.687607037514663 4.691302096850766
v 0.6454201375198364 27.952978266348484 4.596054342184641
v 0.35069502509117123 28.167109002585054 4.596054351544593
v -0.005644097735099494 28.24285174458945 4.596054354855413
v -0.005644080607295036 27.846259174355485 4.691302103785671
v 0.18938677508950233 27.80480447693727 4.691302101973629
v 0.18938677508950233 27.80480447693727 4.691302101973629
v 0.35069502509117123 28.167109002585054 4.596054351544593
v -0.005644097735099494 28.24285174458945 4.596054354855413
v -0.4616774922251701 28.391025535971483 4.4557195523341875
v -0.3619834533238411 28.167109002585054 4.596054351544593
v -0.005644097735099494 28.24285174458945 4.596054354855413
v -0.005644097735099494 28.24285174458945 4.596054354855413
v -0.005644108714461326 28.487958832785445 4.455719556571276
v -0.4616774922251701 28.391025535971483 4.4557195523341875
v -0.8388586027908325 28.11698741036113 4.4557195403556005
v -0.65670853764534 27.952978266348484 4.596054342184641
v -0.3619834533238411 28.167109002585054 4.596054351544593
v -0.3619834533238411 28.167109002585054 4.596054351544593
v -0.4616774922251701 28.391025535971483 4.4557195523341875
v -0.8388586027908325 28.11698741036113 4.4557195403556005
v -1.0719692089939117 27.713228191458544 4.455719522706724
v -0.8388586027908325 27.63748544331992 4.596054328394012
v -0.65670853764534 27.952978266348484 4.596054342184641
v -0.65670853764534 27.952978266348484 4.596054342184641
v -0.8388586027908325 28.11698741036113 4.4557195403556005
v -1.0719692089939117 27.713228191458544 4.455719522706724
v -1.1207025381946563 27.249559784323534 4.455719502439135
v -0.8769381916809081 27.275180921835545 4.596054312557179
v -0.8388586027908325 27.63748544331992 4.596054328394012
v -0.8388586027908325 27.63748544331992 4.596054328394012
v -1.0719692089939117 27.713228191458544 4.455719522706724
v -1.1207025381946563 27.249559784323534 4.455719502439135
v -0.9766320619392395 26.80615731865581 4.455719483057398
v -0.7643631443977356 26.928711752981787 4.596054297412531
v -0.8769381916809081 27.275180921835545 4.596054312557179
v -0.8769381916809081 27.275180921835545 4.596054312557179
v -1.1207025381946563 27.249559784323534 4.455719502439135
v -0.9766320619392395 26.80615731865581 4.455719483057398
v -0.6646690492820739 26.45968814980205 4.45571946791275
v -0.5205987978839874 26.657983527273778 4.596054285578624
v -0.7643631443977356 26.928711752981787 4.596054297412531
v -0.7643631443977356 26.928711752981787 4.596054297412531
v -0.9766320619392395 26.80615731865581 4.455719483057398
v -0.6646690492820739 26.45968814980205 4.45571946791275
v -0.23875449708700178 26.27005786827739 4.455719459623747
v -0.18779392792224883 26.50980794316733 4.596054279101663
v -0.5205987978839874 26.657983527273778 4.596054285578624
v -0.5205987978839874 26.657983527273778 4.596054285578624
v -0.6646690492820739 26.45968814980205 4.45571946791275
v -0.23875449708700178 26.27005786827739 4.455719459623747
v 0.2274669261229038 26.27005786827739 4.455719459623747
v 0.17650624452948568 26.50980794316733 4.596054279101663
v -0.18779392792224883 26.50980794316733 4.596054279101663
v -0.18779392792224883 26.50980794316733 4.596054279101663
v -0.23875449708700178 26.27005786827739 4.455719459623747
v 0.2274669261229038 26.27005786827739 4.455719459623747
v 0.6533813237285614 26.45968814980205 4.45571946791275
v 0.5093109599018096 26.657983527273778 4.596054285578624
v 0.17650624452948568 26.50980794316733 4.596054279101663
v 0.17650624452948568 26.50980794316733 4.596054279101663
v 0.2274669261229038 26.27005786827739 4.455719459623747
v 0.6533813237285614 26.45968814980205 4.45571946791275
v 0.9653443363857269 26.80615731865581 4.455719483057398
v 0.7530753064155579 26.928711752981787 4.596054297412531
v 0.5093109599018096 26.657983527273778 4.596054285578624
v 0.5093109599018096 26.657983527273778 4.596054285578624
v 0.6533813237285614 26.45968814980205 4.45571946791275
v 0.9653443363857269 26.80615731865581 4.455719483057398
v 1.1094145877838135 27.249559784323534 4.455719502439135
v 0.8656501288414001 27.275180921835545 4.596054312557179
v 0.7530753064155579 26.928711752981787 4.596054297412531
v 0.7530753064155579 26.928711752981787 4.596054297412531
v 0.9653443363857269 26.80615731865581 4.455719483057398
v 1.1094145877838135 27.249559784323534 4.455719502439135
v 1.0606810337257384 27.713228191458544 4.455719522706724
v 0.8275703150939941 27.63748544331992 4.596054328394012
v 0.8656501288414001 27.275180921835545 4.596054312557179
v 0.8656501288414001 27.275180921835545 4.596054312557179
v 1.1094145877838135 27.249559784323534 4.455719502439135
v 1.0606810337257384 27.713228191458544 4.455719522706724
v 0.8275700902366638 28.11698741036113 4.4557195403556005
v 0.6454201375198364 27.952978266348484 4.596054342184641
v 0.8275703150939941 27.63748544331992 4.596054328394012
v 0.8275703150939941 27.63748544331992 4.596054328394012
v 1.0606810337257384 27.713228191458544 4.455719522706724
v 0.8275700902366638 28.11698741036113 4.4557195403556005
v 0.4503889796710014 28.391025535971483 4.4557195523341875
v 0.35069502509117123 28.167109002585054 4.596054351544593
v 0.6454201375198364 27.952978266348484 4.596054342184641
v 0.6454201375198364 27.952978266348484 4.596054342184641
v 0.8275700902366638 28.11698741036113 4.4557195403556005
v 0.4503889796710014 28.391025535971483 4.4557195523341875
v -0.005644108714461326 28.487958832785445 4.455719556571276
v -0.005644097735099494 28.24285174458945 4.596054354855413
v 0.35069502509117123 28.167109002585054 4.596054351544593
v 0.35069502509117123 28.167109002585054 4.596054351544593
v 0.4503889796710014 28.391025535971483 4.4557195523341875
v -0.005644108714461326 28.487958832785445 4.455719556571276
v -0.4825192089939117 28.43783724147169 4.294562506879782
v -0.4616774922251701 28.391025535971483 4.4557195523341875
v -0.005644108714461326 28.487958832785445 4.455719556571276
v -0.005644108714461326 28.487958832785445 4.455719556571276
v -0.005644110910333693 28.539199328263685 4.294562511310459
v -0.4825192089939117 28.43783724147169 4.294562506879782
v -0.8769383041095733 28.15127366313307 4.29456249435369
v -0.8388586027908325 28.11698741036113 4.4557195403556005
v -0.4616774922251701 28.391025535971483 4.4557195523341875
v -0.4616774922251701 28.391025535971483 4.4557195523341875
v -0.4825192089939117 28.43783724147169 4.294562506879782
v -0.8769383041095733 28.15127366313307 4.29456249435369
v -1.1207026506233215 27.729061752274916 4.294562475898221
v -1.0719692089939117 27.713228191458544 4.455719522706724
v -0.8388586027908325 28.11698741036113 4.4557195403556005
v -0.8388586027908325 28.11698741036113 4.4557195403556005
v -0.8769383041095733 28.15127366313307 4.29456249435369
v -1.1207026506233215 27.729061752274916 4.294562475898221
v -1.171663079252243 27.24420458918898 4.294562454704442
v -1.1207025381946563 27.249559784323534 4.455719502439135
v -1.0719692089939117 27.713228191458544 4.455719522706724
v -1.0719692089939117 27.713228191458544 4.455719522706724
v -1.1207026506233215 27.729061752274916 4.294562475898221
v -1.171663079252243 27.24420458918898 4.294562454704442
v -1.0210083306503295 26.780536182053968 4.294562434436853
v -0.9766320619392395 26.80615731865581 4.455719483057398
v -1.1207025381946563 27.249559784323534 4.455719502439135
v -1.1207025381946563 27.249559784323534 4.455719502439135
v -1.171663079252243 27.24420458918898 4.294562454704442
v -1.0210083306503295 26.780536182053968 4.294562434436853
v -0.6947879016780854 26.418231660569592 4.294562418600019
v -0.6646690492820739 26.45968814980205 4.45571946791275
v -0.9766320619392395 26.80615731865581 4.455719483057398
v -0.9766320619392395 26.80615731865581 4.455719483057398
v -1.0210083306503295 26.780536182053968 4.294562434436853
v -0.6947879016780854 26.418231660569592 4.294562418600019
v -0.24940815307617187 26.219936276963637 4.294562409932253
v -0.23875449708700178 26.27005786827739 4.455719459623747
v -0.6646690492820739 26.45968814980205 4.45571946791275
v -0.6646690492820739 26.45968814980205 4.45571946791275
v -0.6947879016780854 26.418231660569592 4.294562418600019
v -0.24940815307617187 26.219936276963637 4.294562409932253
v 0.23812059616565703 26.219936276963637 4.294562409932253
v 0.2274669261229038 26.27005786827739 4.455719459623747
v -0.23875449708700178 26.27005786827739 4.455719459623747
v -0.23875449708700178 26.27005786827739 4.455719459623747
v -0.24940815307617187 26.219936276963637 4.294562409932253
v 0.23812059616565703 26.219936276963637 4.294562409932253
v 0.6835002885532379 26.418231660569592 4.294562418600019
v 0.6533813237285614 26.45968814980205 4.45571946791275
v 0.2274669261229038 26.27005786827739 4.455719459623747
v 0.2274669261229038 26.27005786827739 4.455719459623747
v 0.23812059616565703 26.219936276963637 4.294562409932253
v 0.6835002885532379 26.418231660569592 4.294562418600019
v 1.009720605096817 26.780536182053968 4.294562434436853
v 0.9653443363857269 26.80615731865581 4.455719483057398
v 0.6533813237285614 26.45968814980205 4.45571946791275
v 0.6533813237285614 26.45968814980205 4.45571946791275
v 0.6835002885532379 26.418231660569592 4.294562418600019
v 1.009720605096817 26.780536182053968 4.294562434436853
v 1.1603751288414001 27.24420458918898 4.294562454704442
v 1.1094145877838135 27.249559784323534 4.455719502439135
v 0.9653443363857269 26.80615731865581 4.455719483057398
v 0.9653443363857269 26.80615731865581 4.455719483057398
v 1.009720605096817 26.780536182053968 4.294562434436853
v 1.1603751288414001 27.24420458918898 4.294562454704442
v 1.1094143629264832 27.729063551133557 4.2945624758983
v 1.0606810337257384 27.713228191458544 4.455719522706724
v 1.1094145877838135 27.249559784323534 4.455719502439135
v 1.1094145877838135 27.249559784323534 4.455719502439135
v 1.1603751288414001 27.24420458918898 4.294562454704442
v 1.1094143629264832 27.729063551133557 4.2945624758983
v 0.8656497915554047 28.151275461991712 4.294562494353769
v 0.8275700902366638 28.11698741036113 4.4557195403556005
v 1.0606810337257384 27.713228191458544 4.455719522706724
v 1.0606810337257384 27.713228191458544 4.455719522706724
v 1.1094143629264832 27.729063551133557 4.2945624758983
v 0.8656497915554047 28.151275461991712 4.294562494353769
v 0.4712306683325767 28.43783724147169 4.294562506879782
v 0.4503889796710014 28.391025535971483 4.4557195523341875
v 0.8275700902366638 28.11698741036113 4.4557195403556005
v 0.8275700902366638 28.11698741036113 4.4557195403556005
v 0.8656497915554047 28.151275461991712 4.294562494353769
v 0.4712306683325767 28.43783724147169 4.294562506879782
v -0.005644110910333693 28.539199328263685 4.294562511310459
v -0.005644108714461326 28.487958832785445 4.455719556571276
v 0.4503889796710014 28.391025535971483 4.4557195523341875
v 0.4503889796710014 28.391025535971483 4.4557195523341875
v 0.4712306683325767 28.43783724147169 4.294562506879782
v -0.005644110910333693 28.539199328263685 4.294562511310459
v -0.42090487141132354 28.299449253976054 4.140448434630394
v -0.4825192089939117 28.43783724147169 4.294562506879782
v -0.005644110910333693 28.539199328263685 4.294562511310459
v -0.005644110910333693 28.539199328263685 4.294562511310459
v -0.0056441043227165935 28.387715649850076 4.14044843848864
v -0.42090487141132354 28.299449253976054 4.140448434630394
v -0.7643632568264007 28.049911583077616 4.140448423722756
v -0.8769383041095733 28.15127366313307 4.29456249435369
v -0.4825192089939117 28.43783724147169 4.294562506879782
v -0.4825192089939117 28.43783724147169 4.294562506879782
v -0.42090487141132354 28.299449253976054 4.140448434630394
v -0.7643632568264007 28.049911583077616 4.140448423722756
v -0.9766321743679046 27.682250060555642 4.1404484076517605
v -1.1207026506233215 27.729061752274916 4.294562475898221
v -0.8769383041095733 28.15127366313307 4.29456249435369
v -0.8769383041095733 28.15127366313307 4.29456249435369
v -0.7643632568264007 28.049911583077616 4.140448423722756
v -0.9766321743679046 27.682250060555642 4.1404484076517605
v -1.0210083306503295 27.26003814969749 4.140448389196292
v -1.171663079252243 27.24420458918898 4.294562454704442
v -1.1207026506233215 27.729061752274916 4.294562475898221
v -1.1207026506233215 27.729061752274916 4.294562475898221
v -0.9766321743679046 27.682250060555642 4.1404484076517605
v -1.0210083306503295 27.26003814969749 4.140448389196292
v -0.8898189189910888 26.8562789307949 4.140448371547416
v -1.0210083306503295 26.780536182053968 4.294562434436853
v -1.171663079252243 27.24420458918898 4.294562454704442
v -1.171663079252243 27.24420458918898 4.294562454704442
v -1.0210083306503295 27.26003814969749 4.140448389196292
v -0.8898189189910888 26.8562789307949 4.140448371547416
v -0.6057475468730926 26.540786107766337 4.140448357756787
v -0.6947879016780854 26.418231660569592 4.294562418600019
v -1.0210083306503295 26.780536182053968 4.294562434436853
v -1.0210083306503295 26.780536182053968 4.294562434436853
v -0.8898189189910888 26.8562789307949 4.140448371547416
v -0.6057475468730926 26.540786107766337 4.140448357756787
v -0.21791276626467704 26.368111867806622 4.140448350208956
v -0.24940815307617187 26.219936276963637 4.294562409932253
v -0.6947879016780854 26.418231660569592 4.294562418600019
v -0.6947879016780854 26.418231660569592 4.294562418600019
v -0.6057475468730926 26.540786107766337 4.140448357756787
v -0.21791276626467704 26.368111867806622 4.140448350208956
v 0.20662515313982963 26.368111867806622 4.140448350208956
v 0.23812059616565703 26.219936276963637 4.294562409932253
v -0.24940815307617187 26.219936276963637 4.294562409932253
v -0.24940815307617187 26.219936276963637 4.294562409932253
v -0.21791276626467704 26.368111867806622 4.140448350208956
v 0.20662515313982963 26.368111867806622 4.140448350208956
v 0.5944598213195801 26.540786107766337 4.140448357756787
v 0.6835002885532379 26.418231660569592 4.294562418600019
v 0.23812059616565703 26.219936276963637 4.294562409932253
v 0.23812059616565703 26.219936276963637 4.294562409932253
v 0.20662515313982963 26.368111867806622 4.140448350208956
v 0.5944598213195801 26.540786107766337 4.140448357756787
v 0.8785310810089111 26.8562789307949 4.140448371547416
v 1.009720605096817 26.780536182053968 4.294562434436853
v 0.6835002885532379 26.418231660569592 4.294562418600019
v 0.6835002885532379 26.418231660569592 4.294562418600019
v 0.5944598213195801 26.540786107766337 4.140448357756787
v 0.8785310810089111 26.8562789307949 4.140448371547416
v 1.0097203802394867 27.26003994855613 4.14044838919637
v 1.1603751288414001 27.24420458918898 4.294562454704442
v 1.009720605096817 26.780536182053968 4.294562434436853
v 1.009720605096817 26.780536182053968 4.294562434436853
v 0.8785310810089111 26.8562789307949 4.140448371547416
v 1.0097203802394867 27.26003994855613 4.14044838919637
v 0.9653439990997315 27.682250060555642 4.1404484076517605
v 1.1094143629264832 27.729063551133557 4.2945624758983
v 1.1603751288414001 27.24420458918898 4.294562454704442
v 1.1603751288414001 27.24420458918898 4.294562454704442
v 1.0097203802394867 27.26003994855613 4.14044838919637
v 0.9653439990997315 27.682250060555642 4.1404484076517605
v 0.7530748567008971 28.049911583077616 4.140448423722756
v 0.8656497915554047 28.151275461991712 4.294562494353769
v 1.1094143629264832 27.729063551133557 4.2945624758983
v 1.1094143629264832 27.729063551133557 4.2945624758983
v 0.9653439990997315 27.682250060555642 4.1404484076517605
v 0.7530748567008971 28.049911583077616 4.140448423722756
v 0.4096163869643211 28.299449253976054 4.140448434630394
v 0.4712306683325767 28.43783724147169 4.294562506879782
v 0.8656497915554047 28.151275461991712 4.294562494353769
v 0.8656497915554047 28.151275461991712 4.294562494353769
v 0.7530748567008971 28.049911583077616 4.140448423722756
v 0.4096163869643211 28.299449253976054 4.140448434630394
v -0.0056441043227165935 28.387715649850076 4.14044843848864
v -0.005644110910333693 28.539199328263685 4.294562511310459
v 0.4712306683325767 28.43783724147169 4.294562506879782
v 0.4712306683325767 28.43783724147169 4.294562506879782
v 0.4096163869643211 28.299449253976054 4.140448434630394
v -0.0056441043227165935 28.387715649850076 4.14044843848864
v -0.2874881635737419 27.999789989983288 4.020026078277782
v -0.42090487141132354 28.299449253976054 4.140448434630394
v -0.0056441043227165935 28.387715649850076 4.14044843848864
v -0.0056441043227165935 28.387715649850076 4.14044843848864
v -0.005644089829958975 28.05969737935707 4.020026080896418
v -0.2874881635737419 27.999789989983288 4.020026078277782
v -0.5205989103126526 27.830425649925917 4.020026070874632
v -0.7643632568264007 28.049911583077616 4.140448423722756
v -0.42090487141132354 28.299449253976054 4.140448434630394
v -0.42090487141132354 28.299449253976054 4.140448434630394
v -0.2874881635737419 27.999789989983288 4.020026078277782
v -0.5205989103126526 27.830425649925917 4.020026070874632
v -0.6646691617107391 27.58088797902748 4.020026059966995
v -0.9766321743679046 27.682250060555642 4.1404484076517605
v -0.7643632568264007 28.049911583077616 4.140448423722756
v -0.7643632568264007 28.049911583077616 4.140448423722756
v -0.5205989103126526 27.830425649925917 4.020026070874632
v -0.6646691617107391 27.58088797902748 4.020026059966995
v -0.6947880141067505 27.2943261995475 4.020026047440981
v -1.0210083306503295 27.26003814969749 4.140448389196292
v -0.9766321743679046 27.682250060555642 4.1404484076517605
v -0.9766321743679046 27.682250060555642 4.1404484076517605
v -0.6646691617107391 27.58088797902748 4.020026059966995
v -0.6947880141067505 27.2943261995475 4.020026047440981
v -0.6057475468730926 27.02028807393715 4.0200260354623945
v -0.8898189189910888 26.8562789307949 4.140448371547416
v -1.0210083306503295 27.26003814969749 4.140448389196292
v -1.0210083306503295 27.26003814969749 4.140448389196292
v -0.6947880141067505 27.2943261995475 4.020026047440981
v -0.6057475468730926 27.02028807393715 4.0200260354623945
v -0.41294382573843 26.806157337700576 4.0200260261024425
v -0.6057475468730926 26.540786107766337 4.140448357756787
v -0.8898189189910888 26.8562789307949 4.140448371547416
v -0.8898189189910888 26.8562789307949 4.140448371547416
v -0.6057475468730926 27.02028807393715 4.0200260354623945
v -0.41294382573843 26.806157337700576 4.0200260261024425
v -0.14971421254992484 26.688959898277968 4.02002602097958
v -0.21791276626467704 26.368111867806622 4.140448350208956
v -0.6057475468730926 26.540786107766337 4.140448357756787
v -0.6057475468730926 26.540786107766337 4.140448357756787
v -0.41294382573843 26.806157337700576 4.0200260261024425
v -0.14971421254992484 26.688959898277968 4.02002602097958
v 0.1384264307820797 26.688959898277968 4.02002602097958
v 0.20662515313982963 26.368111867806622 4.140448350208956
v -0.21791276626467704 26.368111867806622 4.140448350208956
v -0.21791276626467704 26.368111867806622 4.140448350208956
v -0.14971421254992484 26.688959898277968 4.02002602097958
v 0.1384264307820797 26.688959898277968 4.02002602097958
v 0.4016559877562523 26.806157337700576 4.0200260261024425
v 0.5944598213195801 26.540786107766337 4.140448357756787
v 0.20662515313982963 26.368111867806622 4.140448350208956
v 0.20662515313982963 26.368111867806622 4.140448350208956
v 0.1384264307820797 26.688959898277968 4.02002602097958
v 0.4016559877562523 26.806157337700576 4.0200260261024425
v 0.5944597088909149 27.02028807393715 4.0200260354623945
v 0.8785310810089111 26.8562789307949 4.140448371547416
v 0.5944598213195801 26.540786107766337 4.140448357756787
v 0.5944598213195801 26.540786107766337 4.140448357756787
v 0.4016559877562523 26.806157337700576 4.0200260261024425
v 0.5944597088909149 27.02028807393715 4.0200260354623945
v 0.6834999512672424 27.2943261995475 4.020026047440981
v 1.0097203802394867 27.26003994855613 4.14044838919637
v 0.8785310810089111 26.8562789307949 4.140448371547416
v 0.8785310810089111 26.8562789307949 4.140448371547416
v 0.5944597088909149 27.02028807393715 4.0200260354623945
v 0.6834999512672424 27.2943261995475 4.020026047440981
v 0.6533809864425659 27.58088797902748 4.020026059966995
v 0.9653439990997315 27.682250060555642 4.1404484076517605
v 1.0097203802394867 27.26003994855613 4.14044838919637
v 1.0097203802394867 27.26003994855613 4.14044838919637
v 0.6834999512672424 27.2943261995475 4.020026047440981
v 0.6533809864425659 27.58088797902748 4.020026059966995
v 0.509310510187149 27.830425649925917 4.020026070874632
v 0.7530748567008971 28.049911583077616 4.140448423722756
v 0.9653439990997315 27.682250060555642 4.1404484076517605
v 0.9653439990997315 27.682250060555642 4.1404484076517605
v 0.6533809864425659 27.58088797902748 4.020026059966995
v 0.509310510187149 27.830425649925917 4.020026070874632
v 0.27619981966257096 27.999789989983288 4.020026078277782
v 0.4096163869643211 28.299449253976054 4.140448434630394
v 0.7530748567008971 28.049911583077616 4.140448423722756
v 0.7530748567008971 28.049911583077616 4.140448423722756
v 0.509310510187149 27.830425649925917 4.020026070874632
v 0.27619981966257096 27.999789989983288 4.020026078277782
v -0.005644089829958975 28.05969737935707 4.020026080896418
v -0.0056441043227165935 28.387715649850076 4.14044843848864
v 0.4096163869643211 28.299449253976054 4.140448434630394
v 0.4096163869643211 28.299449253976054 4.140448434630394
v 0.27619981966257096 27.999789989983288 4.020026078277782
v -0.005644089829958975 28.05969737935707 4.020026080896418
v -0.005644059526920318 27.366757246044152 3.9456005228436757
v -0.2874881635737419 27.999789989983288 4.020026078277782
v -0.005644089829958975 28.05969737935707 4.020026080896418
v -0.005644059526920318 27.366757246044152 3.9456005228436757
v -0.5205989103126526 27.830425649925917 4.020026070874632
v -0.2874881635737419 27.999789989983288 4.020026078277782
v -0.005644059526920318 27.366757246044152 3.9456005228436757
v -0.6646691617107391 27.58088797902748 4.020026059966995
v -0.5205989103126526 27.830425649925917 4.020026070874632
v -0.005644059526920318 27.366757246044152 3.9456005228436757
v -0.6947880141067505 27.2943261995475 4.020026047440981
v -0.6646691617107391 27.58088797902748 4.020026059966995
v -0.005644059526920318 27.366757246044152 3.9456005228436757
v -0.6057475468730926 27.02028807393715 4.0200260354623945
v -0.6947880141067505 27.2943261995475 4.020026047440981
v -0.005644059526920318 27.366757246044152 3.9456005228436757
v -0.41294382573843 26.806157337700576 4.0200260261024425
v -0.6057475468730926 27.02028807393715 4.0200260354623945
v -0.005644059526920318 27.366757246044152 3.9456005228436757
v -0.14971421254992484 26.688959898277968 4.02002602097958
v -0.41294382573843 26.806157337700576 4.0200260261024425
v -0.005644059526920318 27.366757246044152 3.9456005228436757
v 0.1384264307820797 26.688959898277968 4.02002602097958
v -0.14971421254992484 26.688959898277968 4.02002602097958
v -0.005644059526920318 27.366757246044152 3.9456005228436757
v 0.4016559877562523 26.806157337700576 4.0200260261024425
v 0.1384264307820797 26.688959898277968 4.02002602097958
v -0.005644059526920318 27.366757246044152 3.9456005228436757
v 0.5944597088909149 27.02028807393715 4.0200260354623945
v 0.4016559877562523 26.806157337700576 4.0200260261024425
v -0.005644059526920318 27.366757246044152 3.9456005228436757
v 0.6834999512672424 27.2943261995475 4.020026047440981
v 0.5944597088909149 27.02028807393715 4.0200260354623945
v -0.005644059526920318 27.366757246044152 3.9456005228436757
v 0.6533809864425659 27.58088797902748 4.020026059966995
v 0.6834999512672424 27.2943261995475 4.020026047440981
v -0.005644059526920318 27.366757246044152 3.9456005228436757
v 0.509310510187149 27.830425649925917 4.020026070874632
v 0.6533809864425659 27.58088797902748 4.020026059966995
v -0.005644059526920318 27.366757246044152 3.9456005228436757
v 0.27619981966257096 27.999789989983288 4.020026078277782
v 0.509310510187149 27.830425649925917 4.020026070874632
v -0.005644059526920318 27.366757246044152 3.9456005228436757
v -0.005644089829958975 28.05969737935707 4.020026080896418
v 0.27619981966257096 27.999789989983288 4.020026078277782
v -1.3963242215538025 24.34315468238009 4.141884200606706
v -1.1613455006504059 24.32373240561617 4.141884199757731
v -1.1613034523296355 24.1312455365671 4.141884191343863
v -1.1613034523296355 24.1312455365671 4.141884191343863
v -1.3962737410831452 24.111720724860557 4.141884190490406
v -1.3963242215538025 24.34315468238009 4.141884200606706
v -1.3582760002613068 24.571438838416462 4.141884210585323
v -1.1297002042675017 24.51360013648165 4.141884208057113
v -1.1613455006504059 24.32373240561617 4.141884199757731
v -1.1613455006504059 24.32373240561617 4.141884199757731
v -1.3963242215538025 24.34315468238009 4.141884200606706
v -1.3582760002613068 24.571438838416462 4.141884210585323
v -1.283167355928421 24.79034554434908 4.141884220154039
v -1.067231127758026 24.695669815131552 4.141884216015631
v -1.1297002042675017 24.51360013648165 4.141884208057113
v -1.1297002042675017 24.51360013648165 4.141884208057113
v -1.3582760002613068 24.571438838416462 4.141884210585323
v -1.283167355928421 24.79034554434908 4.141884220154039
v -1.1730475258350372 24.993902589484577 4.1418842290518
v -0.9756426896858215 24.864969396277793 4.141884223415951
v -1.067231127758026 24.695669815131552 4.141884216015631
v -1.067231127758026 24.695669815131552 4.141884216015631
v -1.283167355928421 24.79034554434908 4.141884220154039
v -1.1730475258350372 24.993902589484577 4.1418842290518
v -1.0309211660575865 25.176553299476033 4.141884237035716
v -0.8574338982057571 25.016884807502155 4.141884230056385
v -0.9756426896858215 24.864969396277793 4.141884223415951
v -0.9756426896858215 24.864969396277793 4.141884223415951
v -1.1730475258350372 24.993902589484577 4.1418842290518
v -1.0309211660575865 25.176553299476033 4.141884237035716
v -0.8606661661148071 25.333316634742147 4.141884243888058
v -0.7158299944353104 25.147266081916218 4.141884235755531
v -0.8574338982057571 25.016884807502155 4.141884230056385
v -0.8574338982057571 25.016884807502155 4.141884230056385
v -1.0309211660575865 25.176553299476033 4.141884237035716
v -0.8606661661148071 25.333316634742147 4.141884243888058
v -0.6669279098081589 25.459914909430868 4.141884249421845
v -0.5546947580957412 25.252560473700886 4.141884240358094
v -0.7158299944353104 25.147266081916218 4.141884235755531
v -0.7158299944353104 25.147266081916218 4.141884235755531
v -0.8606661661148071 25.333316634742147 4.141884243888058
v -0.6669279098081589 25.459914909430868 4.141884249421845
v -0.4549925962233543 25.552892516089802 4.141884253486025
v -0.37842471213817597 25.329891607886676 4.141884243738346
v -0.5546947580957412 25.252560473700886 4.141884240358094
v -0.5546947580957412 25.252560473700886 4.141884240358094
v -0.6669279098081589 25.459914909430868 4.141884249421845
v -0.4549925962233543 25.552892516089802 4.141884253486025
v -0.23064282510995865 25.609713064032917 4.14188425596973
v -0.19182937216162682 25.377149423285847 4.141884245804051
v -0.37842471213817597 25.329891607886676 4.141884243738346
v -0.37842471213817597 25.329891607886676 4.141884243738346
v -0.4549925962233543 25.552892516089802 4.141884253486025
v -0.23064282510995865 25.609713064032917 4.14188425596973
v 3.0689433922361784e-8 25.628827735968954 4.141884256805259
v 2.552490033352228e-8 25.393047735968953 4.1418842464989885
v -0.19182937216162682 25.377149423285847 4.141884245804051
v -0.19182937216162682 25.377149423285847 4.141884245804051
v -0.23064282510995865 25.609713064032917 4.14188425596973
v 3.0689433922361784e-8 25.628827735968954 4.141884256805259
v 0.23064288132429123 25.609713064032917 4.14188425596973
v 0.1918294283759594 25.377149423285847 4.141884245804051
v 2.552490033352228e-8 25.393047735968953 4.1418842464989885
v 2.552490033352228e-8 25.393047735968953 4.1418842464989885
v 3.0689433922361784e-8 25.628827735968954 4.141884256805259
v 0.23064288132429123 25.609713064032917 4.14188425596973
v 0.4549926524376869 25.552892516089802 4.141884253486025
v 0.37842476835250854 25.329891607886676 4.141884243738346
v 0.1918294283759594 25.377149423285847 4.141884245804051
v 0.1918294283759594 25.377149423285847 4.141884245804051
v 0.23064288132429123 25.609713064032917 4.14188425596973
v 0.4549926524376869 25.552892516089802 4.141884253486025
v 0.6669279660224914 25.459914909430868 4.141884249421845
v 0.5546948143100738 25.252560473700886 4.141884240358094
v 0.37842476835250854 25.329891607886676 4.141884243738346
v 0.37842476835250854 25.329891607886676 4.141884243738346
v 0.4549926524376869 25.552892516089802 4.141884253486025
v 0.6669279660224914 25.459914909430868 4.141884249421845
v 0.8606661661148071 25.333316634742147 4.141884243888058
v 0.7158299944353104 25.147266081916218 4.141884235755531
v 0.5546948143100738 25.252560473700886 4.141884240358094
v 0.5546948143100738 25.252560473700886 4.141884240358094
v 0.6669279660224914 25.459914909430868 4.141884249421845
v 0.8606661661148071 25.333316634742147 4.141884243888058
v 1.0309211660575865 25.176553299476033 4.141884237035716
v 0.8574338982057571 25.016884807502155 4.141884230056385
v 0.7158299944353104 25.147266081916218 4.141884235755531
v 0.7158299944353104 25.147266081916218 4.141884235755531
v 0.8606661661148071 25.333316634742147 4.141884243888058
v 1.0309211660575865 25.176553299476033 4.141884237035716
v 1.1730475258350372 24.993902589484577 4.1418842290518
v 0.9756426896858215 24.864969396277793 4.141884223415951
v 0.8574338982057571 25.016884807502155 4.141884230056385
v 0.8574338982057571 25.016884807502155 4.141884230056385
v 1.0309211660575865 25.176553299476033 4.141884237035716
v 1.1730475258350372 24.993902589484577 4.1418842290518
v 1.283167355928421 24.79034554434908 4.141884220154039
v 1.067231127758026 24.695669815131552 4.141884216015631
v 0.9756426896858215 24.864969396277793 4.141884223415951
v 0.9756426896858215 24.864969396277793 4.141884223415951
v 1.1730475258350372 24.993902589484577 4.1418842290518
v 1.283167355928421 24.79034554434908 4.141884220154039
v 1.3582760002613068 24.571438838416462 4.141884210585323
v 1.1297002042675017 24.51360013648165 4.141884208057113
v 1.067231127758026 24.695669815131552 4.141884216015631
v 1.067231127758026 24.695669815131552 4.141884216015631
v 1.283167355928421 24.79034554434908 4.141884220154039
v 1.3582760002613068 24.571438838416462 4.141884210585323
v 1.3963242215538025 24.34315468238009 4.141884200606706
v 1.1613455006504059 24.32373240561617 4.141884199757731
v 1.1297002042675017 24.51360013648165 4.141884208057113
v 1.1297002042675017 24.51360013648165 4.141884208057113
v 1.3582760002613068 24.571438838416462 4.141884210585323
v 1.3963242215538025 24.34315468238009 4.141884200606706
v 1.3962737410831452 24.111720724860557 4.141884190490406
v 1.1613034523296355 24.1312455365671 4.141884191343863
v 1.1613455006504059 24.32373240561617 4.141884199757731
v 1.1613455006504059 24.32373240561617 4.141884199757731
v 1.3963242215538025 24.34315468238009 4.141884200606706
v 1.3962737410831452 24.111720724860557 4.141884190490406
v -1.3963242215538025 24.343154658209453 4.694843903327347
v -1.3962737410831452 24.111720714554288 4.377664190490406
v -1.1613034523296355 24.13124552626083 4.377664191343863
v -1.1613034523296355 24.13124552626083 4.377664191343863
v -1.1613455006504059 24.323732381445534 4.694843902478373
v -1.3963242215538025 24.343154658209453 4.694843903327347
v -1.3582760002613068 24.571438802916727 4.9540234665286205
v -1.3963242215538025 24.343154658209453 4.694843903327347
v -1.1613455006504059 24.323732381445534 4.694843902478373
v -1.1613455006504059 24.323732381445534 4.694843902478373
v -1.1297002042675017 24.513600100981915 4.954023464000411
v -1.3582760002613068 24.571438802916727 4.9540234665286205
v -1.2831674683570862 24.79034549916292 5.175623073417893
v -1.3582760002613068 24.571438802916727 4.9540234665286205
v -1.1297002042675017 24.513600100981915 4.954023464000411
v -1.1297002042675017 24.513600100981915 4.954023464000411
v -1.067231127758026 24.695669769945393 5.175623069279485
v -1.2831674683570862 24.79034549916292 5.175623073417893
v -1.1730476382637023 24.99390253740369 5.333356002390117
v -1.2831674683570862 24.79034549916292 5.175623073417893
v -1.067231127758026 24.695669769945393 5.175623069279485
v -1.067231127758026 24.695669769945393 5.175623069279485
v -0.9756426896858215 24.864969344196908 5.333355996754268
v -1.1730476382637023 24.99390253740369 5.333356002390117
v -1.0309211660575865 25.176553243236278 5.428499892553292
v -1.1730476382637023 24.99390253740369 5.333356002390117
v -0.9756426896858215 24.864969344196908 5.333355996754268
v -0.9756426896858215 24.864969344196908 5.333355996754268
v -0.8574338419914245 25.0168847512624 5.428499885573961
v -1.0309211660575865 25.176553243236278 5.428499892553292
v -0.8606661661148071 25.333316572227353 5.57205601451794
v -1.0309211660575865 25.176553243236278 5.428499892553292
v -0.8574338419914245 25.0168847512624 5.428499885573961
v -0.8574338419914245 25.0168847512624 5.428499885573961
v -0.7158299382209777 25.147266019401425 5.572056006385412
v -0.8606661661148071 25.333316572227353 5.57205601451794
v -0.6669278535938262 25.45991484041808 5.720712798845061
v -0.8606661661148071 25.333316572227353 5.57205601451794
v -0.7158299382209777 25.147266019401425 5.572056006385412
v -0.7158299382209777 25.147266019401425 5.572056006385412
v -0.5546947018814087 25.252560404688097 5.72071278978131
v -0.6669278535938262 25.45991484041808 5.720712798845061
v -0.4549926243305206 25.552892443767394 5.796428112319337
v -0.6669278535938262 25.45991484041808 5.720712798845061
v -0.5546947018814087 25.252560404688097 5.72071278978131
v -0.5546947018814087 25.252560404688097 5.72071278978131
v -0.37842471213817597 25.32989153556427 5.7964281025716575
v -0.4549926243305206 25.552892443767394 5.796428112319337
v -0.23064282510995865 25.609712988688635 5.865560501010622
v -0.4549926243305206 25.552892443767394 5.796428112319337
v -0.37842471213817597 25.32989153556427 5.7964281025716575
v -0.37842471213817597 25.32989153556427 5.7964281025716575
v -0.19182937216162682 25.377149347941565 5.865560490844943
v -0.23064282510995865 25.609712988688635 5.865560501010622
v 2.974257118466994e-8 25.628827660624673 5.865560501846151
v -0.23064282510995865 25.609712988688635 5.865560501010622
v -0.19182937216162682 25.377149347941565 5.865560490844943
v -0.19182937216162682 25.377149347941565 5.865560490844943
v 2.6471761395896463e-8 25.39304766062467 5.86556049153988
v 2.974257118466994e-8 25.628827660624673 5.865560501846151
v 0.23064288132429123 25.609712988688635 5.865560501010622
v 2.974257118466994e-8 25.628827660624673 5.865560501846151
v 2.6471761395896463e-8 25.39304766062467 5.86556049153988
v 2.6471761395896463e-8 25.39304766062467 5.86556049153988
v 0.1918294283759594 25.377149347941565 5.865560490844943
v 0.23064288132429123 25.609712988688635 5.865560501010622
v 0.4549926243305206 25.552892443767394 5.796428112319337
v 0.23064288132429123 25.609712988688635 5.865560501010622
v 0.1918294283759594 25.377149347941565 5.865560490844943
v 0.1918294283759594 25.377149347941565 5.865560490844943
v 0.37842476835250854 25.32989153556427 5.7964281025716575
v 0.4549926243305206 25.552892443767394 5.796428112319337
v 0.6669279660224914 25.45991484041808 5.720712798845061
v 0.4549926243305206 25.552892443767394 5.796428112319337
v 0.37842476835250854 25.32989153556427 5.7964281025716575
v 0.37842476835250854 25.32989153556427 5.7964281025716575
v 0.5546948143100738 25.252560404688097 5.72071278978131
v 0.6669279660224914 25.45991484041808 5.720712798845061
v 0.8606661661148071 25.333316572227353 5.57205601451794
v 0.6669279660224914 25.45991484041808 5.720712798845061
v 0.5546948143100738 25.252560404688097 5.72071278978131
v 0.5546948143100738 25.252560404688097 5.72071278978131
v 0.7158300506496429 25.147266019401425 5.572056006385412
v 0.8606661661148071 25.333316572227353 5.57205601451794
v 1.0309211660575865 25.176553243236278 5.428499892553292
v 0.8606661661148071 25.333316572227353 5.57205601451794
v 0.7158300506496429 25.147266019401425 5.572056006385412
v 0.7158300506496429 25.147266019401425 5.572056006385412
v 0.8574338419914245 25.0168847512624 5.428499885573961
v 1.0309211660575865 25.176553243236278 5.428499892553292
v 1.173047413406372 24.99390253740369 5.333356002390117
v 1.0309211660575865 25.176553243236278 5.428499892553292
v 0.8574338419914245 25.0168847512624 5.428499885573961
v 0.8574338419914245 25.0168847512624 5.428499885573961
v 0.9756426896858215 24.864969344196908 5.333355996754268
v 1.173047413406372 24.99390253740369 5.333356002390117
v 1.2831672434997559 24.79034549916292 5.175623073417893
v 1.173047413406372 24.99390253740369 5.333356002390117
v 0.9756426896858215 24.864969344196908 5.333355996754268
v 0.9756426896858215 24.864969344196908 5.333355996754268
v 1.067231127758026 24.695669769945393 5.175623069279485
v 1.2831672434997559 24.79034549916292 5.175623073417893
v 1.3582760002613068 24.571438802916727 4.9540234665286205
v 1.2831672434997559 24.79034549916292 5.175623073417893
v 1.067231127758026 24.695669769945393 5.175623069279485
v 1.067231127758026 24.695669769945393 5.175623069279485
v 1.1297002042675017 24.513600100981915 4.954023464000411
v 1.3582760002613068 24.571438802916727 4.9540234665286205
v 1.3963242215538025 24.343154658209453 4.694843903327347
v 1.3582760002613068 24.571438802916727 4.9540234665286205
v 1.1297002042675017 24.513600100981915 4.954023464000411
v 1.1297002042675017 24.513600100981915 4.954023464000411
v 1.1613455006504059 24.323732381445534 4.694843902478373
v 1.3963242215538025 24.343154658209453 4.694843903327347
v 1.3962737410831452 24.111720714554288 4.377664190490406
v 1.3963242215538025 24.343154658209453 4.694843903327347
v 1.1613455006504059 24.323732381445534 4.694843902478373
v 1.1613455006504059 24.323732381445534 4.694843902478373
v 1.1613034523296355 24.13124552626083 4.377664191343863
v 1.3962737410831452 24.111720714554288 4.377664190490406
v -1.1613455006504059 24.323732381445534 4.694843902478373
v -1.1613034523296355 24.13124552626083 4.377664191343863
v -1.1613034523296355 24.1312455365671 4.141884191343863
v -1.1613034523296355 24.1312455365671 4.141884191343863
v -1.1613455006504059 24.32373240561617 4.141884199757731
v -1.1613455006504059 24.323732381445534 4.694843902478373
v -1.1297002042675017 24.513600100981915 4.954023464000411
v -1.1613455006504059 24.323732381445534 4.694843902478373
v -1.1613455006504059 24.32373240561617 4.141884199757731
v -1.1613455006504059 24.32373240561617 4.141884199757731
v -1.1297002042675017 24.51360013648165 4.141884208057113
v -1.1297002042675017 24.513600100981915 4.954023464000411
v -1.067231127758026 24.695669769945393 5.175623069279485
v -1.1297002042675017 24.513600100981915 4.954023464000411
v -1.1297002042675017 24.51360013648165 4.141884208057113
v -1.1297002042675017 24.51360013648165 4.141884208057113
v -1.067231127758026 24.695669815131552 4.141884216015631
v -1.067231127758026 24.695669769945393 5.175623069279485
v -0.9756426896858215 24.864969344196908 5.333355996754268
v -1.067231127758026 24.695669769945393 5.175623069279485
v -1.067231127758026 24.695669815131552 4.141884216015631
v -1.067231127758026 24.695669815131552 4.141884216015631
v -0.9756426896858215 24.864969396277793 4.141884223415951
v -0.9756426896858215 24.864969344196908 5.333355996754268
v -0.8574338419914245 25.0168847512624 5.428499885573961
v -0.9756426896858215 24.864969344196908 5.333355996754268
v -0.9756426896858215 24.864969396277793 4.141884223415951
v -0.9756426896858215 24.864969396277793 4.141884223415951
v -0.8574338982057571 25.016884807502155 4.141884230056385
v -0.8574338419914245 25.0168847512624 5.428499885573961
v -0.7158299382209777 25.147266019401425 5.572056006385412
v -0.8574338419914245 25.0168847512624 5.428499885573961
v -0.8574338982057571 25.016884807502155 4.141884230056385
v -0.8574338982057571 25.016884807502155 4.141884230056385
v -0.7158299944353104 25.147266081916218 4.141884235755531
v -0.7158299382209777 25.147266019401425 5.572056006385412
v -0.5546947018814087 25.252560404688097 5.72071278978131
v -0.7158299382209777 25.147266019401425 5.572056006385412
v -0.7158299944353104 25.147266081916218 4.141884235755531
v -0.7158299944353104 25.147266081916218 4.141884235755531
v -0.5546947580957412 25.252560473700886 4.141884240358094
v -0.5546947018814087 25.252560404688097 5.72071278978131
v -0.37842471213817597 25.32989153556427 5.7964281025716575
v -0.5546947018814087 25.252560404688097 5.72071278978131
v -0.5546947580957412 25.252560473700886 4.141884240358094
v -0.5546947580957412 25.252560473700886 4.141884240358094
v -0.37842471213817597 25.329891607886676 4.141884243738346
v -0.37842471213817597 25.32989153556427 5.7964281025716575
v -0.19182937216162682 25.377149347941565 5.865560490844943
v -0.37842471213817597 25.32989153556427 5.7964281025716575
v -0.37842471213817597 25.329891607886676 4.141884243738346
v -0.37842471213817597 25.329891607886676 4.141884243738346
v -0.19182937216162682 25.377149423285847 4.141884245804051
v -0.19182937216162682 25.377149347941565 5.865560490844943
v 2.6471761395896463e-8 25.39304766062467 5.86556049153988
v -0.19182937216162682 25.377149347941565 5.865560490844943
v -0.19182937216162682 25.377149423285847 4.141884245804051
v -0.19182937216162682 25.377149423285847 4.141884245804051
v 2.552490033352228e-8 25.393047735968953 4.1418842464989885
v 2.6471761395896463e-8 25.39304766062467 5.86556049153988
v 0.1918294283759594 25.377149347941565 5.865560490844943
v 2.6471761395896463e-8 25.39304766062467 5.86556049153988
v 2.552490033352228e-8 25.393047735968953 4.1418842464989885
v 2.552490033352228e-8 25.393047735968953 4.1418842464989885
v 0.1918294283759594 25.377149423285847 4.141884245804051
v 0.1918294283759594 25.377149347941565 5.865560490844943
v 0.37842476835250854 25.32989153556427 5.7964281025716575
v 0.1918294283759594 25.377149347941565 5.865560490844943
v 0.1918294283759594 25.377149423285847 4.141884245804051
v 0.1918294283759594 25.377149423285847 4.141884245804051
v 0.37842476835250854 25.329891607886676 4.141884243738346
v 0.37842476835250854 25.32989153556427 5.7964281025716575
v 0.5546948143100738 25.252560404688097 5.72071278978131
v 0.37842476835250854 25.32989153556427 5.7964281025716575
v 0.37842476835250854 25.329891607886676 4.141884243738346
v 0.37842476835250854 25.329891607886676 4.141884243738346
v 0.5546948143100738 25.252560473700886 4.141884240358094
v 0.5546948143100738 25.252560404688097 5.72071278978131
v 0.7158300506496429 25.147266019401425 5.572056006385412
v 0.5546948143100738 25.252560404688097 5.72071278978131
v 0.5546948143100738 25.252560473700886 4.141884240358094
v 0.5546948143100738 25.252560473700886 4.141884240358094
v 0.7158299944353104 25.147266081916218 4.141884235755531
v 0.7158300506496429 25.147266019401425 5.572056006385412
v 0.8574338419914245 25.0168847512624 5.428499885573961
v 0.7158300506496429 25.147266019401425 5.572056006385412
v 0.7158299944353104 25.147266081916218 4.141884235755531
v 0.7158299944353104 25.147266081916218 4.141884235755531
v 0.8574338982057571 25.016884807502155 4.141884230056385
v 0.8574338419914245 25.0168847512624 5.428499885573961
v 0.9756426896858215 24.864969344196908 5.333355996754268
v 0.8574338419914245 25.0168847512624 5.428499885573961
v 0.8574338982057571 25.016884807502155 4.141884230056385
v 0.8574338982057571 25.016884807502155 4.141884230056385
v 0.9756426896858215 24.864969396277793 4.141884223415951
v 0.9756426896858215 24.864969344196908 5.333355996754268
v 1.067231127758026 24.695669769945393 5.175623069279485
v 0.9756426896858215 24.864969344196908 5.333355996754268
v 0.9756426896858215 24.864969396277793 4.141884223415951
v 0.9756426896858215 24.864969396277793 4.141884223415951
v 1.067231127758026 24.695669815131552 4.141884216015631
v 1.067231127758026 24.695669769945393 5.175623069279485
v 1.1297002042675017 24.513600100981915 4.954023464000411
v 1.067231127758026 24.695669769945393 5.175623069279485
v 1.067231127758026 24.695669815131552 4.141884216015631
v 1.067231127758026 24.695669815131552 4.141884216015631
v 1.1297002042675017 24.51360013648165 4.141884208057113
v 1.1297002042675017 24.513600100981915 4.954023464000411
v 1.1613455006504059 24.323732381445534 4.694843902478373
v 1.1297002042675017 24.513600100981915 4.954023464000411
v 1.1297002042675017 24.51360013648165 4.141884208057113
v 1.1297002042675017 24.51360013648165 4.141884208057113
v 1.1613455006504059 24.32373240561617 4.141884199757731
v 1.1613455006504059 24.323732381445534 4.694843902478373
v 1.1613034523296355 24.13124552626083 4.377664191343863
v 1.1613455006504059 24.323732381445534 4.694843902478373
v 1.1613455006504059 24.32373240561617 4.141884199757731
v 1.1613455006504059 24.32373240561617 4.141884199757731
v 1.1613034523296355 24.1312455365671 4.141884191343863
v 1.1613034523296355 24.13124552626083 4.377664191343863
v 1.3962737410831452 24.111720714554288 4.377664190490406
v 1.1613034523296355 24.13124552626083 4.377664191343863
v 1.1613034523296355 24.1312455365671 4.141884191343863
v 1.1613034523296355 24.1312455365671 4.141884191343863
v 1.3962737410831452 24.111720724860557 4.141884190490406
v 1.3962737410831452 24.111720714554288 4.377664190490406
v 1.3963242215538025 24.343154658209453 4.694843903327347
v 1.3962737410831452 24.111720714554288 4.377664190490406
v 1.3962737410831452 24.111720724860557 4.141884190490406
v 1.3962737410831452 24.111720724860557 4.141884190490406
v 1.3963242215538025 24.34315468238009 4.141884200606706
v 1.3963242215538025 24.343154658209453 4.694843903327347
v 1.3582760002613068 24.571438802916727 4.9540234665286205
v 1.3963242215538025 24.343154658209453 4.694843903327347
v 1.3963242215538025 24.34315468238009 4.141884200606706
v 1.3963242215538025 24.34315468238009 4.141884200606706
v 1.3582760002613068 24.571438838416462 4.141884210585323
v 1.3582760002613068 24.571438802916727 4.9540234665286205
v 1.2831672434997559 24.79034549916292 5.175623073417893
v 1.3582760002613068 24.571438802916727 4.9540234665286205
v 1.3582760002613068 24.571438838416462 4.141884210585323
v 1.3582760002613068 24.571438838416462 4.141884210585323
v 1.283167355928421 24.79034554434908 4.141884220154039
v 1.2831672434997559 24.79034549916292 5.175623073417893
v 1.173047413406372 24.99390253740369 5.333356002390117
v 1.2831672434997559 24.79034549916292 5.175623073417893
v 1.283167355928421 24.79034554434908 4.141884220154039
v 1.283167355928421 24.79034554434908 4.141884220154039
v 1.1730475258350372 24.993902589484577 4.1418842290518
v 1.173047413406372 24.99390253740369 5.333356002390117
v 1.0309211660575865 25.176553243236278 5.428499892553292
v 1.173047413406372 24.99390253740369 5.333356002390117
v 1.1730475258350372 24.993902589484577 4.1418842290518
v 1.1730475258350372 24.993902589484577 4.1418842290518
v 1.0309211660575865 25.176553299476033 4.141884237035716
v 1.0309211660575865 25.176553243236278 5.428499892553292
v 0.8606661661148071 25.333316572227353 5.57205601451794
v 1.0309211660575865 25.176553243236278 5.428499892553292
v 1.0309211660575865 25.176553299476033 4.141884237035716
v 1.0309211660575865 25.176553299476033 4.141884237035716
v 0.8606661661148071 25.333316634742147 4.141884243888058
v 0.8606661661148071 25.333316572227353 5.57205601451794
v 0.6669279660224914 25.45991484041808 5.720712798845061
v 0.8606661661148071 25.333316572227353 5.57205601451794
v 0.8606661661148071 25.333316634742147 4.141884243888058
v 0.8606661661148071 25.333316634742147 4.141884243888058
v 0.6669279660224914 25.459914909430868 4.141884249421845
v 0.6669279660224914 25.45991484041808 5.720712798845061
v 0.4549926243305206 25.552892443767394 5.796428112319337
v 0.6669279660224914 25.45991484041808 5.720712798845061
v 0.6669279660224914 25.459914909430868 4.141884249421845
v 0.6669279660224914 25.459914909430868 4.141884249421845
v 0.4549926524376869 25.552892516089802 4.141884253486025
v 0.4549926243305206 25.552892443767394 5.796428112319337
v 0.23064288132429123 25.609712988688635 5.865560501010622
v 0.4549926243305206 25.552892443767394 5.796428112319337
v 0.4549926524376869 25.552892516089802 4.141884253486025
v 0.4549926524376869 25.552892516089802 4.141884253486025
v 0.23064288132429123 25.609713064032917 4.14188425596973
v 0.23064288132429123 25.609712988688635 5.865560501010622
v 2.974257118466994e-8 25.628827660624673 5.865560501846151
v 0.23064288132429123 25.609712988688635 5.865560501010622
v 0.23064288132429123 25.609713064032917 4.14188425596973
v 0.23064288132429123 25.609713064032917 4.14188425596973
v 3.0689433922361784e-8 25.628827735968954 4.141884256805259
v 2.974257118466994e-8 25.628827660624673 5.865560501846151
v -0.23064282510995865 25.609712988688635 5.865560501010622
v 2.974257118466994e-8 25.628827660624673 5.865560501846151
v 3.0689433922361784e-8 25.628827735968954 4.141884256805259
v 3.0689433922361784e-8 25.628827735968954 4.141884256805259
v -0.23064282510995865 25.609713064032917 4.14188425596973
v -0.23064282510995865 25.609712988688635 5.865560501010622
v -0.4549926243305206 25.552892443767394 5.796428112319337
v -0.23064282510995865 25.609712988688635 5.865560501010622
v -0.23064282510995865 25.609713064032917 4.14188425596973
v -0.23064282510995865 25.609713064032917 4.14188425596973
v -0.4549925962233543 25.552892516089802 4.141884253486025
v -0.4549926243305206 25.552892443767394 5.796428112319337
v -0.6669278535938262 25.45991484041808 5.720712798845061
v -0.4549926243305206 25.552892443767394 5.796428112319337
v -0.4549925962233543 25.552892516089802 4.141884253486025
v -0.4549925962233543 25.552892516089802 4.141884253486025
v -0.6669279098081589 25.459914909430868 4.141884249421845
v -0.6669278535938262 25.45991484041808 5.720712798845061
v -0.8606661661148071 25.333316572227353 5.57205601451794
v -0.6669278535938262 25.45991484041808 5.720712798845061
v -0.6669279098081589 25.459914909430868 4.141884249421845
v -0.6669279098081589 25.459914909430868 4.141884249421845
v -0.8606661661148071 25.333316634742147 4.141884243888058
v -0.8606661661148071 25.333316572227353 5.57205601451794
v -1.0309211660575865 25.176553243236278 5.428499892553292
v -0.8606661661148071 25.333316572227353 5.57205601451794
v -0.8606661661148071 25.333316634742147 4.141884243888058
v -0.8606661661148071 25.333316634742147 4.141884243888058
v -1.0309211660575865 25.176553299476033 4.141884237035716
v -1.0309211660575865 25.176553243236278 5.428499892553292
v -1.1730476382637023 24.99390253740369 5.333356002390117
v -1.0309211660575865 25.176553243236278 5.428499892553292
v -1.0309211660575865 25.176553299476033 4.141884237035716
v -1.0309211660575865 25.176553299476033 4.141884237035716
v -1.1730475258350372 24.993902589484577 4.1418842290518
v -1.1730476382637023 24.99390253740369 5.333356002390117
v -1.2831674683570862 24.79034549916292 5.175623073417893
v -1.1730476382637023 24.99390253740369 5.333356002390117
v -1.1730475258350372 24.993902589484577 4.1418842290518
v -1.1730475258350372 24.993902589484577 4.1418842290518
v -1.283167355928421 24.79034554434908 4.141884220154039
v -1.2831674683570862 24.79034549916292 5.175623073417893
v -1.3582760002613068 24.571438802916727 4.9540234665286205
v -1.2831674683570862 24.79034549916292 5.175623073417893
v -1.283167355928421 24.79034554434908 4.141884220154039
v -1.283167355928421 24.79034554434908 4.141884220154039
v -1.3582760002613068 24.571438838416462 4.141884210585323
v -1.3582760002613068 24.571438802916727 4.9540234665286205
v -1.3963242215538025 24.343154658209453 4.694843903327347
v -1.3582760002613068 24.571438802916727 4.9540234665286205
v -1.3582760002613068 24.571438838416462 4.141884210585323
v -1.3582760002613068 24.571438838416462 4.141884210585323
v -1.3963242215538025 24.34315468238009 4.141884200606706
v -1.3963242215538025 24.343154658209453 4.694843903327347
v -1.3962737410831452 24.111720714554288 4.377664190490406
v -1.3963242215538025 24.343154658209453 4.694843903327347
v -1.3963242215538025 24.34315468238009 4.141884200606706
v -1.3963242215538025 24.34315468238009 4.141884200606706
v -1.3962737410831452 24.111720724860557 4.141884190490406
v -1.3962737410831452 24.111720714554288 4.377664190490406
v -1.1613034523296355 24.13124552626083 4.377664191343863
v -1.3962737410831452 24.111720714554288 4.377664190490406
v -1.3962737410831452 24.111720724860557 4.141884190490406
v -1.3962737410831452 24.111720724860557 4.141884190490406
v -1.1613034523296355 24.1312455365671 4.141884191343863
v -1.1613034523296355 24.13124552626083 4.377664191343863
v -0.005644059526920318 24.219001031098145 4.724992768750029
v -0.005644080607295036 24.69850119461916 4.6913019661928015
v -0.2006750627863407 24.65704829605959 4.691301964380838
v -0.005644059526920318 24.219001031098145 4.724992768750029
v -0.2006750627863407 24.65704829605959 4.691301964380838
v -0.3619834252166748 24.539849057778337 4.691301959257896
v -0.005644059526920318 24.219001031098145 4.724992768750029
v -0.3619834252166748 24.539849057778337 4.691301959257896
v -0.4616774641180038 24.367174817818622 4.691301951710066
v -0.005644059526920318 24.219001031098145 4.724992768750029
v -0.4616774641180038 24.367174817818622 4.691301951710066
v -0.48251909656524655 24.168877635354022 4.6913019430422205
v -0.005644059526920318 24.219001031098145 4.724992768750029
v -0.48251909656524655 24.168877635354022 4.6913019430422205
v -0.42090478708982465 23.979249152688006 4.691301934753296
v -0.005644059526920318 24.219001031098145 4.724992768750029
v -0.42090478708982465 23.979249152688006 4.691301934753296
v -0.287488079252243 23.831075367440203 4.691301928276414
v -0.005644059526920318 24.219001031098145 4.724992768750029
v -0.287488079252243 23.831075367440203 4.691301928276414
v -0.10533798599958419 23.749977423256855 4.69130192473151
v -0.005644059526920318 24.219001031098145 4.724992768750029
v -0.10533798599958419 23.749977423256855 4.69130192473151
v 0.09405009882986545 23.749977423256855 4.69130192473151
v -0.005644059526920318 24.219001031098145 4.724992768750029
v 0.09405009882986545 23.749977423256855 4.69130192473151
v 0.2762001569485664 23.831075367440203 4.691301928276414
v -0.005644059526920318 24.219001031098145 4.724992768750029
v 0.2762001569485664 23.831075367440203 4.691301928276414
v 0.4096168085718155 23.979249152688006 4.691301934753296
v -0.005644059526920318 24.219001031098145 4.724992768750029
v 0.4096168085718155 23.979249152688006 4.691301934753296
v 0.4712310618329048 24.168879434212663 4.691301943042299
v -0.005644059526920318 24.219001031098145 4.724992768750029
v 0.4712310618329048 24.168879434212663 4.691301943042299
v 0.45038926074266433 24.367174817818622 4.691301951710066
v -0.005644059526920318 24.219001031098145 4.724992768750029
v 0.45038926074266433 24.367174817818622 4.691301951710066
v 0.3506951656270027 24.539849057778337 4.691301959257896
v -0.005644059526920318 24.219001031098145 4.724992768750029
v 0.3506951656270027 24.539849057778337 4.691301959257896
v 0.18938677508950233 24.65704829605959 4.691301964380838
v -0.005644059526920318 24.219001031098145 4.724992768750029
v 0.18938677508950233 24.65704829605959 4.691301964380838
v -0.005644080607295036 24.69850119461916 4.6913019661928015
v -0.3619834533238411 25.019352821707372 4.596054213951802
v -0.2006750627863407 24.65704829605959 4.691301964380838
v -0.005644080607295036 24.69850119461916 4.6913019661928015
v -0.005644080607295036 24.69850119461916 4.6913019661928015
v -0.005644097735099494 25.095093764853125 4.596054217262544
v -0.3619834533238411 25.019352821707372 4.596054213951802
v -0.65670853764534 24.80522028661216 4.596054204591772
v -0.3619834252166748 24.539849057778337 4.691301959257896
v -0.2006750627863407 24.65704829605959 4.691301964380838
v -0.2006750627863407 24.65704829605959 4.691301964380838
v -0.3619834533238411 25.019352821707372 4.596054213951802
v -0.65670853764534 24.80522028661216 4.596054204591772
v -0.8388586027908325 24.489729262442236 4.596054190801221
v -0.4616774641180038 24.367174817818622 4.691301951710066
v -0.3619834252166748 24.539849057778337 4.691301959257896
v -0.3619834252166748 24.539849057778337 4.691301959257896
v -0.65670853764534 24.80522028661216 4.596054204591772
v -0.8388586027908325 24.489729262442236 4.596054190801221
v -0.8769381916809081 24.127424740957863 4.5960541749643875
v -0.48251909656524655 24.168877635354022 4.6913019430422205
v -0.4616774641180038 24.367174817818622 4.691301951710066
v -0.4616774641180038 24.367174817818622 4.691301951710066
v -0.8388586027908325 24.489729262442236 4.596054190801221
v -0.8769381916809081 24.127424740957863 4.5960541749643875
v -0.7643631443977356 23.78095377324546 4.59605415981966
v -0.42090478708982465 23.979249152688006 4.691301934753296
v -0.48251909656524655 24.168877635354022 4.6913019430422205
v -0.48251909656524655 24.168877635354022 4.6913019430422205
v -0.8769381916809081 24.127424740957863 4.5960541749643875
v -0.7643631443977356 23.78095377324546 4.59605415981966
v -0.5205987978839874 23.510225547537452 4.596054147985754
v -0.287488079252243 23.831075367440203 4.691301928276414
v -0.42090478708982465 23.979249152688006 4.691301934753296
v -0.42090478708982465 23.979249152688006 4.691301934753296
v -0.7643631443977356 23.78095377324546 4.59605415981966
v -0.5205987978839874 23.510225547537452 4.596054147985754
v -0.18779392792224883 23.36205176228965 4.596054141508873
v -0.10533798599958419 23.749977423256855 4.69130192473151
v -0.287488079252243 23.831075367440203 4.691301928276414
v -0.287488079252243 23.831075367440203 4.691301928276414
v -0.5205987978839874 23.510225547537452 4.596054147985754
v -0.18779392792224883 23.36205176228965 4.596054141508873
v 0.17650624452948568 23.36205176228965 4.596054141508873
v 0.09405009882986545 23.749977423256855 4.69130192473151
v -0.10533798599958419 23.749977423256855 4.69130192473151
v -0.10533798599958419 23.749977423256855 4.69130192473151
v -0.18779392792224883 23.36205176228965 4.596054141508873
v 0.17650624452948568 23.36205176228965 4.596054141508873
v 0.5093109599018096 23.510225547537452 4.596054147985754
v 0.2762001569485664 23.831075367440203 4.691301928276414
v 0.09405009882986545 23.749977423256855 4.69130192473151
v 0.09405009882986545 23.749977423256855 4.69130192473151
v 0.17650624452948568 23.36205176228965 4.596054141508873
v 0.5093109599018096 23.510225547537452 4.596054147985754
v 0.7530753064155579 23.78095377324546 4.59605415981966
v 0.4096168085718155 23.979249152688006 4.691301934753296
v 0.2762001569485664 23.831075367440203 4.691301928276414
v 0.2762001569485664 23.831075367440203 4.691301928276414
v 0.5093109599018096 23.510225547537452 4.596054147985754
v 0.7530753064155579 23.78095377324546 4.59605415981966
v 0.8656501288414001 24.127424740957863 4.5960541749643875
v 0.4712310618329048 24.168879434212663 4.691301943042299
v 0.4096168085718155 23.979249152688006 4.691301934753296
v 0.4096168085718155 23.979249152688006 4.691301934753296
v 0.7530753064155579 23.78095377324546 4.59605415981966
v 0.8656501288414001 24.127424740957863 4.5960541749643875
v 0.8275703150939941 24.489729262442236 4.596054190801221
v 0.45038926074266433 24.367174817818622 4.691301951710066
v 0.4712310618329048 24.168879434212663 4.691301943042299
v 0.4712310618329048 24.168879434212663 4.691301943042299
v 0.8656501288414001 24.127424740957863 4.5960541749643875
v 0.8275703150939941 24.489729262442236 4.596054190801221
v 0.6454201375198364 24.805222085470803 4.59605420459185
v 0.3506951656270027 24.539849057778337 4.691301959257896
v 0.45038926074266433 24.367174817818622 4.691301951710066
v 0.45038926074266433 24.367174817818622 4.691301951710066
v 0.8275703150939941 24.489729262442236 4.596054190801221
v 0.6454201375198364 24.805222085470803 4.59605420459185
v 0.35069502509117123 25.019352821707372 4.596054213951802
v 0.18938677508950233 24.65704829605959 4.691301964380838
v 0.3506951656270027 24.539849057778337 4.691301959257896
v 0.3506951656270027 24.539849057778337 4.691301959257896
v 0.6454201375198364 24.805222085470803 4.59605420459185
v 0.35069502509117123 25.019352821707372 4.596054213951802
v -0.005644097735099494 25.095093764853125 4.596054217262544
v -0.005644080607295036 24.69850119461916 4.6913019661928015
v 0.18938677508950233 24.65704829605959 4.691301964380838
v 0.18938677508950233 24.65704829605959 4.691301964380838
v 0.35069502509117123 25.019352821707372 4.596054213951802
v -0.005644097735099494 25.095093764853125 4.596054217262544
v -0.4616774922251701 25.243267556235157 4.455719414741317
v -0.3619834533238411 25.019352821707372 4.596054213951802
v -0.005644097735099494 25.095093764853125 4.596054217262544
v -0.005644097735099494 25.095093764853125 4.596054217262544
v -0.005644108714461326 25.340200853049122 4.455719418978407
v -0.4616774922251701 25.243267556235157 4.455719414741317
v -0.8388586027908325 24.969229430624807 4.455719402762731
v -0.65670853764534 24.80522028661216 4.596054204591772
v -0.3619834533238411 25.019352821707372 4.596054213951802
v -0.3619834533238411 25.019352821707372 4.596054213951802
v -0.4616774922251701 25.243267556235157 4.455719414741317
v -0.8388586027908325 24.969229430624807 4.455719402762731
v -1.0719692089939117 24.565470211722218 4.455719385113855
v -0.8388586027908325 24.489729262442236 4.596054190801221
v -0.65670853764534 24.80522028661216 4.596054204591772
v -0.65670853764534 24.80522028661216 4.596054204591772
v -0.8388586027908325 24.969229430624807 4.455719402762731
v -1.0719692089939117 24.565470211722218 4.455719385113855
v -1.1207025381946563 24.101801804587208 4.455719364846265
v -0.8769381916809081 24.127424740957863 4.5960541749643875
v -0.8388586027908325 24.489729262442236 4.596054190801221
v -0.8388586027908325 24.489729262442236 4.596054190801221
v -1.0719692089939117 24.565470211722218 4.455719385113855
v -1.1207025381946563 24.101801804587208 4.455719364846265
v -0.9766320619392395 23.658401137778128 4.4557193454646065
v -0.7643631443977356 23.78095377324546 4.59605415981966
v -0.8769381916809081 24.127424740957863 4.5960541749643875
v -0.8769381916809081 24.127424740957863 4.5960541749643875
v -1.1207025381946563 24.101801804587208 4.455719364846265
v -0.9766320619392395 23.658401137778128 4.4557193454646065
v -0.6646690492820739 23.311930170065725 4.45571933031988
v -0.5205987978839874 23.510225547537452 4.596054147985754
v -0.7643631443977356 23.78095377324546 4.59605415981966
v -0.7643631443977356 23.78095377324546 4.59605415981966
v -0.9766320619392395 23.658401137778128 4.4557193454646065
v -0.6646690492820739 23.311930170065725 4.45571933031988
v -0.23875449708700178 23.12230168739971 4.455719322030956
v -0.18779392792224883 23.36205176228965 4.596054141508873
v -0.5205987978839874 23.510225547537452 4.596054147985754
v -0.5205987978839874 23.510225547537452 4.596054147985754
v -0.6646690492820739 23.311930170065725 4.45571933031988
v -0.23875449708700178 23.12230168739971 4.455719322030956
v 0.2274669261229038 23.12230168739971 4.455719322030956
v 0.17650624452948568 23.36205176228965 4.596054141508873
v -0.18779392792224883 23.36205176228965 4.596054141508873
v -0.18779392792224883 23.36205176228965 4.596054141508873
v -0.23875449708700178 23.12230168739971 4.455719322030956
v 0.2274669261229038 23.12230168739971 4.455719322030956
v 0.6533813237285614 23.311930170065725 4.45571933031988
v 0.5093109599018096 23.510225547537452 4.596054147985754
v 0.17650624452948568 23.36205176228965 4.596054141508873
v 0.17650624452948568 23.36205176228965 4.596054141508873
v 0.2274669261229038 23.12230168739971 4.455719322030956
v 0.6533813237285614 23.311930170065725 4.45571933031988
v 0.9653443363857269 23.658401137778128 4.4557193454646065
v 0.7530753064155579 23.78095377324546 4.59605415981966
v 0.5093109599018096 23.510225547537452 4.596054147985754
v 0.5093109599018096 23.510225547537452 4.596054147985754
v 0.6533813237285614 23.311930170065725 4.45571933031988
v 0.9653443363857269 23.658401137778128 4.4557193454646065
v 1.1094145877838135 24.101803603445852 4.455719364846344
v 0.8656501288414001 24.127424740957863 4.5960541749643875
v 0.7530753064155579 23.78095377324546 4.59605415981966
v 0.7530753064155579 23.78095377324546 4.59605415981966
v 0.9653443363857269 23.658401137778128 4.4557193454646065
v 1.1094145877838135 24.101803603445852 4.455719364846344
v 1.0606810337257384 24.565472010580862 4.455719385113934
v 0.8275703150939941 24.489729262442236 4.596054190801221
v 0.8656501288414001 24.127424740957863 4.5960541749643875
v 0.8656501288414001 24.127424740957863 4.5960541749643875
v 1.1094145877838135 24.101803603445852 4.455719364846344
v 1.0606810337257384 24.565472010580862 4.455719385113934
v 0.8275700902366638 24.969229430624807 4.455719402762731
v 0.6454201375198364 24.805222085470803 4.59605420459185
v 0.8275703150939941 24.489729262442236 4.596054190801221
v 0.8275703150939941 24.489729262442236 4.596054190801221
v 1.0606810337257384 24.565472010580862 4.455719385113934
v 0.8275700902366638 24.969229430624807 4.455719402762731
v 0.4503889796710014 25.243267556235157 4.455719414741317
v 0.35069502509117123 25.019352821707372 4.596054213951802
v 0.6454201375198364 24.805222085470803 4.59605420459185
v 0.6454201375198364 24.805222085470803 4.59605420459185
v 0.8275700902366638 24.969229430624807 4.455719402762731
v 0.4503889796710014 25.243267556235157 4.455719414741317
v -0.005644108714461326 25.340200853049122 4.455719418978407
v -0.005644097735099494 25.095093764853125 4.596054217262544
v 0.35069502509117123 25.019352821707372 4.596054213951802
v 0.35069502509117123 25.019352821707372 4.596054213951802
v 0.4503889796710014 25.243267556235157 4.455719414741317
v -0.005644108714461326 25.340200853049122 4.455719418978407
v -0.4825192089939117 25.290079261735364 4.294562369286912
v -0.4616774922251701 25.243267556235157 4.455719414741317
v -0.005644108714461326 25.340200853049122 4.455719418978407
v -0.005644108714461326 25.340200853049122 4.455719418978407
v -0.005644110910333693 25.391443147386 4.294562373717668
v -0.4825192089939117 25.290079261735364 4.294562369286912
v -0.8769383041095733 25.003517482255386 4.294562356760899
v -0.8388586027908325 24.969229430624807 4.455719402762731
v -0.4616774922251701 25.243267556235157 4.455719414741317
v -0.4616774922251701 25.243267556235157 4.455719414741317
v -0.4825192089939117 25.290079261735364 4.294562369286912
v -0.8769383041095733 25.003517482255386 4.294562356760899
v -1.1207026506233215 24.58130557139723 4.29456233830543
v -1.0719692089939117 24.565470211722218 4.455719385113855
v -0.8388586027908325 24.969229430624807 4.455719402762731
v -0.8388586027908325 24.969229430624807 4.455719402762731
v -0.8769383041095733 25.003517482255386 4.294562356760899
v -1.1207026506233215 24.58130557139723 4.29456233830543
v -1.171663079252243 24.096446609452652 4.294562317111572
v -1.1207025381946563 24.101801804587208 4.455719364846265
v -1.0719692089939117 24.565470211722218 4.455719385113855
v -1.0719692089939117 24.565470211722218 4.455719385113855
v -1.1207026506233215 24.58130557139723 4.29456233830543
v -1.171663079252243 24.096446609452652 4.294562317111572
v -1.0210083306503295 23.632778202317642 4.294562296843982
v -0.9766320619392395 23.658401137778128 4.4557193454646065
v -1.1207025381946563 24.101801804587208 4.455719364846265
v -1.1207025381946563 24.101801804587208 4.455719364846265
v -1.171663079252243 24.096446609452652 4.294562317111572
v -1.0210083306503295 23.632778202317642 4.294562296843982
v -0.6947879016780854 23.27047547969191 4.294562281007228
v -0.6646690492820739 23.311930170065725 4.45571933031988
v -0.9766320619392395 23.658401137778128 4.4557193454646065
v -0.9766320619392395 23.658401137778128 4.4557193454646065
v -1.0210083306503295 23.632778202317642 4.294562296843982
v -0.6947879016780854 23.27047547969191 4.294562281007228
v -0.24940815307617187 23.07217829722731 4.294562272339383
v -0.23875449708700178 23.12230168739971 4.455719322030956
v -0.6646690492820739 23.311930170065725 4.45571933031988
v -0.6646690492820739 23.311930170065725 4.45571933031988
v -0.6947879016780854 23.27047547969191 4.294562281007228
v -0.24940815307617187 23.07217829722731 4.294562272339383
v 0.23812059616565703 23.07217829722731 4.294562272339383
v 0.2274669261229038 23.12230168739971 4.455719322030956
v -0.23875449708700178 23.12230168739971 4.455719322030956
v -0.23875449708700178 23.12230168739971 4.455719322030956
v -0.24940815307617187 23.07217829722731 4.294562272339383
v 0.23812059616565703 23.07217829722731 4.294562272339383
v 0.6835002885532379 23.27047547969191 4.294562281007228
v 0.6533813237285614 23.311930170065725 4.45571933031988
v 0.2274669261229038 23.12230168739971 4.455719322030956
v 0.2274669261229038 23.12230168739971 4.455719322030956
v 0.23812059616565703 23.07217829722731 4.294562272339383
v 0.6835002885532379 23.27047547969191 4.294562281007228
v 1.009720605096817 23.632780001176286 4.294562296844061
v 0.9653443363857269 23.658401137778128 4.4557193454646065
v 0.6533813237285614 23.311930170065725 4.45571933031988
v 0.6533813237285614 23.311930170065725 4.45571933031988
v 0.6835002885532379 23.27047547969191 4.294562281007228
v 1.009720605096817 23.632780001176286 4.294562296844061
v 1.1603751288414001 24.096448408311296 4.294562317111651
v 1.1094145877838135 24.101803603445852 4.455719364846344
v 0.9653443363857269 23.658401137778128 4.4557193454646065
v 0.9653443363857269 23.658401137778128 4.4557193454646065
v 1.009720605096817 23.632780001176286 4.294562296844061
v 1.1603751288414001 24.096448408311296 4.294562317111651
v 1.1094143629264832 24.58130557139723 4.29456233830543
v 1.0606810337257384 24.565472010580862 4.455719385113934
v 1.1094145877838135 24.101803603445852 4.455719364846344
v 1.1094145877838135 24.101803603445852 4.455719364846344
v 1.1603751288414001 24.096448408311296 4.294562317111651
v 1.1094143629264832 24.58130557139723 4.29456233830543
v 0.8656497915554047 25.003517482255386 4.294562356760899
v 0.8275700902366638 24.969229430624807 4.455719402762731
v 1.0606810337257384 24.565472010580862 4.455719385113934
v 1.0606810337257384 24.565472010580862 4.455719385113934
v 1.1094143629264832 24.58130557139723 4.29456233830543
v 0.8656497915554047 25.003517482255386 4.294562356760899
v 0.4712306683325767 25.290079261735364 4.294562369286912
v 0.4503889796710014 25.243267556235157 4.455719414741317
v 0.8275700902366638 24.969229430624807 4.455719402762731
v 0.8275700902366638 24.969229430624807 4.455719402762731
v 0.8656497915554047 25.003517482255386 4.294562356760899
v 0.4712306683325767 25.290079261735364 4.294562369286912
v -0.005644110910333693 25.391443147386 4.294562373717668
v -0.005644108714461326 25.340200853049122 4.455719418978407
v 0.4503889796710014 25.243267556235157 4.455719414741317
v 0.4503889796710014 25.243267556235157 4.455719414741317
v 0.4712306683325767 25.290079261735364 4.294562369286912
v -0.005644110910333693 25.391443147386 4.294562373717668
v -0.42090487141132354 25.15169127423971 4.140448746752185
v -0.4825192089939117 25.290079261735364 4.294562369286912
v -0.005644110910333693 25.391443147386 4.294562373717668
v -0.005644110910333693 25.391443147386 4.294562373717668
v -0.0056441043227165935 25.239957670113732 4.140448750610432
v -0.42090487141132354 25.15169127423971 4.140448746752185
v -0.7643632568264007 24.902153603341272 4.140448735844547
v -0.8769383041095733 25.003517482255386 4.294562356760899
v -0.4825192089939117 25.290079261735364 4.294562369286912
v -0.4825192089939117 25.290079261735364 4.294562369286912
v -0.42090487141132354 25.15169127423971 4.140448746752185
v -0.7643632568264007 24.902153603341272 4.140448735844547
v -0.9766321743679046 24.534493879677942 4.14044871977363
v -1.1207026506233215 24.58130557139723 4.29456233830543
v -0.8769383041095733 25.003517482255386 4.294562356760899
v -0.8769383041095733 25.003517482255386 4.294562356760899
v -0.7643632568264007 24.902153603341272 4.140448735844547
v -0.9766321743679046 24.534493879677942 4.14044871977363
v -1.0210083306503295 24.11228196881979 4.140448701318162
v -1.171663079252243 24.096446609452652 4.294562317111572
v -1.1207026506233215 24.58130557139723 4.29456233830543
v -1.1207026506233215 24.58130557139723 4.29456233830543
v -0.9766321743679046 24.534493879677942 4.14044871977363
v -1.0210083306503295 24.11228196881979 4.140448701318162
v -0.8898189189910888 23.70852095105856 4.140448683669208
v -1.0210083306503295 23.632778202317642 4.294562296843982
v -1.171663079252243 24.096446609452652 4.294562317111572
v -1.171663079252243 24.096446609452652 4.294562317111572
v -1.0210083306503295 24.11228196881979 4.140448701318162
v -0.8898189189910888 23.70852095105856 4.140448683669208
v -0.6057475468730926 23.393028128029993 4.1404486698785785
v -0.6947879016780854 23.27047547969191 4.294562281007228
v -1.0210083306503295 23.632778202317642 4.294562296843982
v -1.0210083306503295 23.632778202317642 4.294562296843982
v -0.8898189189910888 23.70852095105856 4.140448683669208
v -0.6057475468730926 23.393028128029993 4.1404486698785785
v -0.21791276626467704 23.220353888070278 4.140448662330748
v -0.24940815307617187 23.07217829722731 4.294562272339383
v -0.6947879016780854 23.27047547969191 4.294562281007228
v -0.6947879016780854 23.27047547969191 4.294562281007228
v -0.6057475468730926 23.393028128029993 4.1404486698785785
v -0.21791276626467704 23.220353888070278 4.140448662330748
v 0.20662515313982963 23.220353888070278 4.140448662330748
v 0.23812059616565703 23.07217829722731 4.294562272339383
v -0.24940815307617187 23.07217829722731 4.294562272339383
v -0.24940815307617187 23.07217829722731 4.294562272339383
v -0.21791276626467704 23.220353888070278 4.140448662330748
v 0.20662515313982963 23.220353888070278 4.140448662330748
v 0.5944598213195801 23.393029926888637 4.140448669878657
v 0.6835002885532379 23.27047547969191 4.294562281007228
v 0.23812059616565703 23.07217829722731 4.294562272339383
v 0.23812059616565703 23.07217829722731 4.294562272339383
v 0.20662515313982963 23.220353888070278 4.140448662330748
v 0.5944598213195801 23.393029926888637 4.140448669878657
v 0.8785310810089111 23.70852095105856 4.140448683669208
v 1.009720605096817 23.632780001176286 4.294562296844061
v 0.6835002885532379 23.27047547969191 4.294562281007228
v 0.6835002885532379 23.27047547969191 4.294562281007228
v 0.5944598213195801 23.393029926888637 4.140448669878657
v 0.8785310810089111 23.70852095105856 4.140448683669208
v 1.0097203802394867 24.11228196881979 4.140448701318162
v 1.1603751288414001 24.096448408311296 4.294562317111651
v 1.009720605096817 23.632780001176286 4.294562296844061
v 1.009720605096817 23.632780001176286 4.294562296844061
v 0.8785310810089111 23.70852095105856 4.140448683669208
v 1.0097203802394867 24.11228196881979 4.140448701318162
v 0.9653439990997315 24.534493879677942 4.14044871977363
v 1.1094143629264832 24.58130557139723 4.29456233830543
v 1.1603751288414001 24.096448408311296 4.294562317111651
v 1.1603751288414001 24.096448408311296 4.294562317111651
v 1.0097203802394867 24.11228196881979 4.140448701318162
v 0.9653439990997315 24.534493879677942 4.14044871977363
v 0.7530748567008971 24.902153603341272 4.140448735844547
v 0.8656497915554047 25.003517482255386 4.294562356760899
v 1.1094143629264832 24.58130557139723 4.29456233830543
v 1.1094143629264832 24.58130557139723 4.29456233830543
v 0.9653439990997315 24.534493879677942 4.14044871977363
v 0.7530748567008971 24.902153603341272 4.140448735844547
v 0.4096163869643211 25.15169127423971 4.140448746752185
v 0.4712306683325767 25.290079261735364 4.294562369286912
v 0.8656497915554047 25.003517482255386 4.294562356760899
v 0.8656497915554047 25.003517482255386 4.294562356760899
v 0.7530748567008971 24.902153603341272 4.140448735844547
v 0.4096163869643211 25.15169127423971 4.140448746752185
v -0.0056441043227165935 25.239957670113732 4.140448750610432
v -0.005644110910333693 25.391443147386 4.294562373717668
v 0.4712306683325767 25.290079261735364 4.294562369286912
v 0.4712306683325767 25.290079261735364 4.294562369286912
v 0.4096163869643211 25.15169127423971 4.140448746752185
v -0.0056441043227165935 25.239957670113732 4.140448750610432
v -0.2874881635737419 24.852032010246965 4.020025940684913
v -0.42090487141132354 25.15169127423971 4.140448746752185
v -0.0056441043227165935 25.239957670113732 4.140448750610432
v -0.0056441043227165935 25.239957670113732 4.140448750610432
v -0.005644089829958975 24.911939399620742 4.020025943303548
v -0.2874881635737419 24.852032010246965 4.020025940684913
v -0.5205989103126526 24.68266767018959 4.0200259332817625
v -0.7643632568264007 24.902153603341272 4.140448735844547
v -0.42090487141132354 25.15169127423971 4.140448746752185
v -0.42090487141132354 25.15169127423971 4.140448746752185
v -0.2874881635737419 24.852032010246965 4.020025940684913
v -0.5205989103126526 24.68266767018959 4.0200259332817625
v -0.6646691617107391 24.433129999291154 4.020025922374124
v -0.9766321743679046 24.534493879677942 4.14044871977363
v -0.7643632568264007 24.902153603341272 4.140448735844547
v -0.7643632568264007 24.902153603341272 4.140448735844547
v -0.5205989103126526 24.68266767018959 4.0200259332817625
v -0.6646691617107391 24.433129999291154 4.020025922374124
v -0.6947880141067505 24.146568219811172 4.020025909848112
v -1.0210083306503295 24.11228196881979 4.140448701318162
v -0.9766321743679046 24.534493879677942 4.14044871977363
v -0.9766321743679046 24.534493879677942 4.14044871977363
v -0.6646691617107391 24.433129999291154 4.020025922374124
v -0.6947880141067505 24.146568219811172 4.020025909848112
v -0.6057475468730926 23.872530094200823 4.020025897869525
v -0.8898189189910888 23.70852095105856 4.140448683669208
v -1.0210083306503295 24.11228196881979 4.140448701318162
v -1.0210083306503295 24.11228196881979 4.140448701318162
v -0.6947880141067505 24.146568219811172 4.020025909848112
v -0.6057475468730926 23.872530094200823 4.020025897869525
v -0.41294382573843 23.658401156822894 4.020025888509652
v -0.6057475468730926 23.393028128029993 4.1404486698785785
v -0.8898189189910888 23.70852095105856 4.140448683669208
v -0.8898189189910888 23.70852095105856 4.140448683669208
v -0.6057475468730926 23.872530094200823 4.020025897869525
v -0.41294382573843 23.658401156822894 4.020025888509652
v -0.14971421254992484 23.541201918541642 4.02002588338671
v -0.21791276626467704 23.220353888070278 4.140448662330748
v -0.6057475468730926 23.393028128029993 4.1404486698785785
v -0.6057475468730926 23.393028128029993 4.1404486698785785
v -0.41294382573843 23.658401156822894 4.020025888509652
v -0.14971421254992484 23.541201918541642 4.02002588338671
v 0.1384264307820797 23.541201918541642 4.02002588338671
v 0.20662515313982963 23.220353888070278 4.140448662330748
v -0.21791276626467704 23.220353888070278 4.140448662330748
v -0.21791276626467704 23.220353888070278 4.140448662330748
v -0.14971421254992484 23.541201918541642 4.02002588338671
v 0.1384264307820797 23.541201918541642 4.02002588338671
v 0.4016559877562523 23.658401156822894 4.020025888509652
v 0.5944598213195801 23.393029926888637 4.140448669878657
v 0.20662515313982963 23.220353888070278 4.140448662330748
v 0.20662515313982963 23.220353888070278 4.140448662330748
v 0.1384264307820797 23.541201918541642 4.02002588338671
v 0.4016559877562523 23.658401156822894 4.020025888509652
v 0.5944597088909149 23.872530094200823 4.020025897869525
v 0.8785310810089111 23.70852095105856 4.140448683669208
v 0.5944598213195801 23.393029926888637 4.140448669878657
v 0.5944598213195801 23.393029926888637 4.140448669878657
v 0.4016559877562523 23.658401156822894 4.020025888509652
v 0.5944597088909149 23.872530094200823 4.020025897869525
v 0.6834999512672424 24.146568219811172 4.020025909848112
v 1.0097203802394867 24.11228196881979 4.140448701318162
v 0.8785310810089111 23.70852095105856 4.140448683669208
v 0.8785310810089111 23.70852095105856 4.140448683669208
v 0.5944597088909149 23.872530094200823 4.020025897869525
v 0.6834999512672424 24.146568219811172 4.020025909848112
v 0.6533809864425659 24.433129999291154 4.020025922374124
v 0.9653439990997315 24.534493879677942 4.14044871977363
v 1.0097203802394867 24.11228196881979 4.140448701318162
v 1.0097203802394867 24.11228196881979 4.140448701318162
v 0.6834999512672424 24.146568219811172 4.020025909848112
v 0.6533809864425659 24.433129999291154 4.020025922374124
v 0.509310510187149 24.68266767018959 4.0200259332817625
v 0.7530748567008971 24.902153603341272 4.140448735844547
v 0.9653439990997315 24.534493879677942 4.14044871977363
v 0.9653439990997315 24.534493879677942 4.14044871977363
v 0.6533809864425659 24.433129999291154 4.020025922374124
v 0.509310510187149 24.68266767018959 4.0200259332817625
v 0.27619981966257096 24.852033809105606 4.020025940684992
v 0.4096163869643211 25.15169127423971 4.140448746752185
v 0.7530748567008971 24.902153603341272 4.140448735844547
v 0.7530748567008971 24.902153603341272 4.140448735844547
v 0.509310510187149 24.68266767018959 4.0200259332817625
v 0.27619981966257096 24.852033809105606 4.020025940684992
v -0.005644089829958975 24.911939399620742 4.020025943303548
v -0.0056441043227165935 25.239957670113732 4.140448750610432
v 0.4096163869643211 25.15169127423971 4.140448746752185
v 0.4096163869643211 25.15169127423971 4.140448746752185
v 0.27619981966257096 24.852033809105606 4.020025940684992
v -0.005644089829958975 24.911939399620742 4.020025943303548
v -0.005644059526920318 24.21900106516645 3.945600834965545
v -0.2874881635737419 24.852032010246965 4.020025940684913
v -0.005644089829958975 24.911939399620742 4.020025943303548
v -0.005644059526920318 24.21900106516645 3.945600834965545
v -0.5205989103126526 24.68266767018959 4.0200259332817625
v -0.2874881635737419 24.852032010246965 4.020025940684913
v -0.005644059526920318 24.21900106516645 3.945600834965545
v -0.6646691617107391 24.433129999291154 4.020025922374124
v -0.5205989103126526 24.68266767018959 4.0200259332817625
v -0.005644059526920318 24.21900106516645 3.945600834965545
v -0.6947880141067505 24.146568219811172 4.020025909848112
v -0.6646691617107391 24.433129999291154 4.020025922374124
v -0.005644059526920318 24.21900106516645 3.945600834965545
v -0.6057475468730926 23.872530094200823 4.020025897869525
v -0.6947880141067505 24.146568219811172 4.020025909848112
v -0.005644059526920318 24.21900106516645 3.945600834965545
v -0.41294382573843 23.658401156822894 4.020025888509652
v -0.6057475468730926 23.872530094200823 4.020025897869525
v -0.005644059526920318 24.21900106516645 3.945600834965545
v -0.14971421254992484 23.541201918541642 4.02002588338671
v -0.41294382573843 23.658401156822894 4.020025888509652
v -0.005644059526920318 24.21900106516645 3.945600834965545
v 0.1384264307820797 23.541201918541642 4.02002588338671
v -0.14971421254992484 23.541201918541642 4.02002588338671
v -0.005644059526920318 24.21900106516645 3.945600834965545
v 0.4016559877562523 23.658401156822894 4.020025888509652
v 0.1384264307820797 23.541201918541642 4.02002588338671
v -0.005644059526920318 24.21900106516645 3.945600834965545
v 0.5944597088909149 23.872530094200823 4.020025897869525
v 0.4016559877562523 23.658401156822894 4.020025888509652
v -0.005644059526920318 24.21900106516645 3.945600834965545
v 0.6834999512672424 24.146568219811172 4.020025909848112
v 0.5944597088909149 23.872530094200823 4.020025897869525
v -0.005644059526920318 24.21900106516645 3.945600834965545
v 0.6533809864425659 24.433129999291154 4.020025922374124
v 0.6834999512672424 24.146568219811172 4.020025909848112
v -0.005644059526920318 24.21900106516645 3.945600834965545
v 0.509310510187149 24.68266767018959 4.0200259332817625
v 0.6533809864425659 24.433129999291154 4.020025922374124
v -0.005644059526920318 24.21900106516645 3.945600834965545
v 0.27619981966257096 24.852033809105606 4.020025940684992
v 0.509310510187149 24.68266767018959 4.0200259332817625
v -0.005644059526920318 24.21900106516645 3.945600834965545
v -0.005644089829958975 24.911939399620742 4.020025943303548
v 0.27619981966257096 24.852033809105606 4.020025940684992
v -1.5640212445068358 22.526087992621807 4.141883671465538
v 1.5109648082733154 22.526087992621807 4.141883671465538
v 1.5109648082733154 32.647797871161835 4.141884113899525
v 1.5109648082733154 32.647797871161835 4.141884113899525
v -1.5640212445068358 32.647797871161835 4.141884113899525
v -1.5640212445068358 22.526087992621807 4.141883671465538
v -1.5640212445068358 22.526088080044932 2.141875756045008
v -1.5640212445068358 32.64779795858496 2.141876198478994
v 1.5109648082733154 32.64779795858496 2.141876198478994
v 1.5109648082733154 32.64779795858496 2.141876198478994
v 1.5109648082733154 22.526088080044932 2.141875756045008
v -1.5640212445068358 22.526088080044932 2.141875756045008
v -1.5640212445068358 22.526087992621807 4.141883671465538
v -1.5640212445068358 22.526088080044932 2.141875756045008
v 1.5109648082733154 22.526088080044932 2.141875756045008
v 1.5109648082733154 22.526088080044932 2.141875756045008
v 1.5109648082733154 22.526087992621807 4.141883671465538
v -1.5640212445068358 22.526087992621807 4.141883671465538
v 1.5109648082733154 22.526087992621807 4.141883671465538
v 1.5109648082733154 22.526088080044932 2.141875756045008
v 1.5109648082733154 32.64779795858496 2.141876198478994
v 1.5109648082733154 32.64779795858496 2.141876198478994
v 1.5109648082733154 32.647797871161835 4.141884113899525
v 1.5109648082733154 22.526087992621807 4.141883671465538
v 1.5109648082733154 32.647797871161835 4.141884113899525
v 1.5109648082733154 32.64779795858496 2.141876198478994
v -1.5640212445068358 32.64779795858496 2.141876198478994
v -1.5640212445068358 32.64779795858496 2.141876198478994
v -1.5640212445068358 32.647797871161835 4.141884113899525
v 1.5109648082733154 32.647797871161835 4.141884113899525
v -1.5640212445068358 32.647797871161835 4.141884113899525
v -1.5640212445068358 32.64779795858496 2.141876198478994
v -1.5640212445068358 22.526088080044932 2.141875756045008
v -1.5640212445068358 22.526088080044932 2.141875756045008
v -1.5640212445068358 22.526087992621807 4.141883671465538
v -1.5640212445068358 32.647797871161835 4.141884113899525
v 0.7527654530143737 20.854943020106465 1.7851599904577227
v 0.7527654530143737 20.85494302540998 1.663829673303792
v -0.7234322521305084 20.85494302540998 1.663829673303792
v -0.7234322521305084 20.85494302540998 1.663829673303792
v -0.7234322521305084 20.854943020106465 1.7851599904577227
v 0.7527654530143737 20.854943020106465 1.7851599904577227
v 0.7527657903003693 18.615320837489268 1.7851601174180591
v -0.7234319148445129 18.615319038630624 1.7851601174179805
v -0.7234319148445129 18.61531904393415 1.6638295754067196
v -0.7234319148445129 18.61531904393415 1.6638295754067196
v 0.7527657903003693 18.61531904393415 1.6638295754067196
v 0.7527657903003693 18.615320837489268 1.7851601174180591
v 0.2227650188100338 20.324943401322802 4.02856222648794
v -0.19343170549750327 20.324943401322802 4.02856222648794
v -0.19343153685450554 19.145320260148488 4.028562174924977
v -0.19343153685450554 19.145320260148488 4.028562174924977
v 0.22276518745303153 19.145320260148488 4.028562174924977
v 0.2227650188100338 20.324943401322802 4.02856222648794
v -0.7234322521305084 20.854943020106465 1.7851599904577227
v -0.7234322521305084 20.85494302540998 1.663829673303792
v -0.7234319148445129 18.61531904393415 1.6638295754067196
v -0.7234319148445129 18.61531904393415 1.6638295754067196
v -0.7234319148445129 18.615319038630624 1.7851601174179805
v -0.7234322521305084 20.854943020106465 1.7851599904577227
v -0.7234322521305084 20.85494302540998 1.663829673303792
v 0.7527654530143737 20.85494302540998 1.663829673303792
v 0.7527657903003693 18.61531904393415 1.6638295754067196
v 0.7527657903003693 18.61531904393415 1.6638295754067196
v -0.7234319148445129 18.61531904393415 1.6638295754067196
v -0.7234322521305084 20.85494302540998 1.663829673303792
v 0.7527654530143737 20.85494302540998 1.663829673303792
v 0.7527654530143737 20.854943020106465 1.7851599904577227
v 0.7527657903003693 18.615320837489268 1.7851601174180591
v 0.7527657903003693 18.615320837489268 1.7851601174180591
v 0.7527657903003693 18.61531904393415 1.6638295754067196
v 0.7527654530143737 20.85494302540998 1.663829673303792
v 0.7527654530143737 20.854943020106465 1.7851599904577227
v -0.7234322521305084 20.854943020106465 1.7851599904577227
v -0.19343170549750327 20.32494349938503 1.7851599672907081
v -0.19343170549750327 20.32494349938503 1.7851599672907081
v 0.2227650188100338 20.32494349938503 1.7851599672907081
v 0.7527654530143737 20.854943020106465 1.7851599904577227
v -0.7234322521305084 20.854943020106465 1.7851599904577227
v -0.7234319148445129 18.615319038630624 1.7851601174179805
v -0.19343153685450554 19.145320358210714 1.7851599157277436
v -0.19343153685450554 19.145320358210714 1.7851599157277436
v -0.19343170549750327 20.32494349938503 1.7851599672907081
v -0.7234322521305084 20.854943020106465 1.7851599904577227
v -0.7234319148445129 18.615319038630624 1.7851601174179805
v 0.7527657903003693 18.615320837489268 1.7851601174180591
v 0.22276518745303153 19.145320358210714 1.7851599157277436
v 0.22276518745303153 19.145320358210714 1.7851599157277436
v -0.19343153685450554 19.145320358210714 1.7851599157277436
v -0.7234319148445129 18.615319038630624 1.7851601174179805
v 0.7527657903003693 18.615320837489268 1.7851601174180591
v 0.7527654530143737 20.854943020106465 1.7851599904577227
v 0.2227650188100338 20.32494349938503 1.7851599672907081
v 0.2227650188100338 20.32494349938503 1.7851599672907081
v 0.22276518745303153 19.145320358210714 1.7851599157277436
v 0.7527657903003693 18.615320837489268 1.7851601174180591
v -0.19343170549750327 20.32494349938503 1.7851599672907081
v -0.19343170549750327 20.32494344550316 3.017833473550625
v 0.2227650188100338 20.32494344550316 3.017833473550625
v 0.2227650188100338 20.32494344550316 3.017833473550625
v 0.2227650188100338 20.32494349938503 1.7851599672907081
v -0.19343170549750327 20.32494349938503 1.7851599672907081
v -0.19343153685450554 19.145320358210714 1.7851599157277436
v -0.19343153685450554 19.145320304328845 3.0178334219876604
v -0.19343170549750327 20.32494344550316 3.017833473550625
v -0.19343170549750327 20.32494344550316 3.017833473550625
v -0.19343170549750327 20.32494349938503 1.7851599672907081
v -0.19343153685450554 19.145320358210714 1.7851599157277436
v 0.22276518745303153 19.145320358210714 1.7851599157277436
v 0.22276518745303153 19.145320304328845 3.0178334219876604
v -0.19343153685450554 19.145320304328845 3.0178334219876604
v -0.19343153685450554 19.145320304328845 3.0178334219876604
v -0.19343153685450554 19.145320358210714 1.7851599157277436
v 0.22276518745303153 19.145320358210714 1.7851599157277436
v 0.2227650188100338 20.32494349938503 1.7851599672907081
v 0.2227650188100338 20.32494344550316 3.017833473550625
v 0.22276518745303153 19.145320304328845 3.0178334219876604
v 0.22276518745303153 19.145320304328845 3.0178334219876604
v 0.22276518745303153 19.145320358210714 1.7851599157277436
v 0.2227650188100338 20.32494349938503 1.7851599672907081
v -0.19343208494424818 22.52448341566606 4.0285623226328875
v 0.22276463936328886 22.52448341566606 4.0285623226328875
v 0.22276463936328886 22.52448345984643 3.0178333448382415
v 0.22276463936328886 22.52448345984643 3.0178333448382415
v -0.19343208494424818 22.52448345984643 3.0178333448382415
v -0.19343208494424818 22.52448341566606 4.0285623226328875
v -0.19343153685450554 19.145320260148488 4.028562174924977
v -0.19343170549750327 20.324943401322802 4.02856222648794
v -0.19343170549750327 20.32494344550316 3.017833473550625
v -0.19343170549750327 20.32494344550316 3.017833473550625
v -0.19343153685450554 19.145320304328845 3.0178334219876604
v -0.19343153685450554 19.145320260148488 4.028562174924977
v 0.22276518745303153 19.145320260148488 4.028562174924977
v -0.19343153685450554 19.145320260148488 4.028562174924977
v -0.19343153685450554 19.145320304328845 3.0178334219876604
v -0.19343153685450554 19.145320304328845 3.0178334219876604
v 0.22276518745303153 19.145320304328845 3.0178334219876604
v 0.22276518745303153 19.145320260148488 4.028562174924977
v 0.2227650188100338 20.324943401322802 4.02856222648794
v 0.22276518745303153 19.145320260148488 4.028562174924977
v 0.22276518745303153 19.145320304328845 3.0178334219876604
v 0.22276518745303153 19.145320304328845 3.0178334219876604
v 0.2227650188100338 20.32494344550316 3.017833473550625
v 0.2227650188100338 20.324943401322802 4.02856222648794
v -0.19343170549750327 20.324943401322802 4.02856222648794
v 0.2227650188100338 20.324943401322802 4.02856222648794
v 0.2227647096312046 22.368889338517622 4.028562315831655
v -0.19343201467633248 22.368889338517622 4.028562315831655
v -0.19343170549750327 20.324943401322802 4.02856222648794
v 0.2227647096312046 22.368889338517622 4.028562315831655
v -0.19343201467633248 22.368889338517622 4.028562315831655
v 0.2227647096312046 22.368889338517622 4.028562315831655
v 0.22276463936328886 22.52448341566606 4.0285623226328875
v -0.19343201467633248 22.368889338517622 4.028562315831655
v 0.22276463936328886 22.52448341566606 4.0285623226328875
v -0.19343208494424818 22.52448341566606 4.0285623226328875
v 0.2227650188100338 20.324943401322802 4.02856222648794
v 0.2227650188100338 20.32494344550316 3.017833473550625
v 0.2227647096312046 22.36888938269799 3.0178333380370086
v 0.2227647096312046 22.368889338517622 4.028562315831655
v 0.2227650188100338 20.324943401322802 4.02856222648794
v 0.2227647096312046 22.36888938269799 3.0178333380370086
v 0.2227647096312046 22.368889338517622 4.028562315831655
v 0.2227647096312046 22.36888938269799 3.0178333380370086
v 0.22276463936328886 22.52448345984643 3.0178333448382415
v 0.2227647096312046 22.368889338517622 4.028562315831655
v 0.22276463936328886 22.52448345984643 3.0178333448382415
v 0.22276463936328886 22.52448341566606 4.0285623226328875
v 0.2227650188100338 20.32494344550316 3.017833473550625
v -0.19343170549750327 20.32494344550316 3.017833473550625
v -0.19343201467633248 22.36888938269799 3.0178333380370086
v 0.2227647096312046 22.36888938269799 3.0178333380370086
v 0.2227650188100338 20.32494344550316 3.017833473550625
v -0.19343201467633248 22.36888938269799 3.0178333380370086
v 0.2227647096312046 22.36888938269799 3.0178333380370086
v -0.19343201467633248 22.36888938269799 3.0178333380370086
v -0.19343208494424818 22.52448345984643 3.0178333448382415
v 0.2227647096312046 22.36888938269799 3.0178333380370086
v -0.19343208494424818 22.52448345984643 3.0178333448382415
v 0.22276463936328886 22.52448345984643 3.0178333448382415
v -0.19343170549750327 20.32494344550316 3.017833473550625
v -0.19343170549750327 20.324943401322802 4.02856222648794
v -0.19343201467633248 22.368889338517622 4.028562315831655
v -0.19343201467633248 22.36888938269799 3.0178333380370086
v -0.19343170549750327 20.32494344550316 3.017833473550625
v -0.19343201467633248 22.368889338517622 4.028562315831655
v -0.19343201467633248 22.36888938269799 3.0178333380370086
v -0.19343201467633248 22.368889338517622 4.028562315831655
v -0.19343208494424818 22.52448341566606 4.0285623226328875
v -0.19343201467633248 22.36888938269799 3.0178333380370086
v -0.19343208494424818 22.52448341566606 4.0285623226328875
v -0.19343208494424818 22.52448345984643 3.0178333448382415
v -0.7440336807346344 34.16730106499784 1.7851598977873775
v -0.7440336807346344 34.16730107030135 1.6638295806334469
v 0.7321640244102477 34.16730107030135 1.6638295806334469
v 0.7321640244102477 34.16730107030135 1.6638295806334469
v 0.7321640244102477 34.16730106499784 1.7851598977873775
v -0.7440336807346344 34.16730106499784 1.7851598977873775
v -0.7440336807346344 36.406923247615026 1.7851599956843713
v 0.7321640244102477 36.406923247615026 1.7851599956843713
v 0.7321640244102477 36.40692325291855 1.6638294536731104
v 0.7321640244102477 36.40692325291855 1.6638294536731104
v -0.7440336807346344 36.40692325291855 1.6638294536731104
v -0.7440336807346344 36.406923247615026 1.7851599956843713
v -0.21403320436954498 34.69730228651568 4.028562405009033
v 0.2021635199379921 34.69730228651568 4.028562405009033
v 0.2021635199379921 35.87692542769 4.028562456571999
v 0.2021635199379921 35.87692542769 4.028562456571999
v -0.21403320436954498 35.87692542769 4.028562456571999
v -0.21403320436954498 34.69730228651568 4.028562405009033
v 0.7321640244102477 34.16730106499784 1.7851598977873775
v 0.7321640244102477 34.16730107030135 1.6638295806334469
v 0.7321640244102477 36.40692325291855 1.6638294536731104
v 0.7321640244102477 36.40692325291855 1.6638294536731104
v 0.7321640244102477 36.406923247615026 1.7851599956843713
v 0.7321640244102477 34.16730106499784 1.7851598977873775
v 0.7321640244102477 34.16730107030135 1.6638295806334469
v -0.7440336807346344 34.16730107030135 1.6638295806334469
v -0.7440336807346344 36.40692325291855 1.6638294536731104
v -0.7440336807346344 36.40692325291855 1.6638294536731104
v 0.7321640244102477 36.40692325291855 1.6638294536731104
v 0.7321640244102477 34.16730107030135 1.6638295806334469
v -0.7440336807346344 34.16730107030135 1.6638295806334469
v -0.7440336807346344 34.16730106499784 1.7851598977873775
v -0.7440336807346344 36.406923247615026 1.7851599956843713
v -0.7440336807346344 36.406923247615026 1.7851599956843713
v -0.7440336807346344 36.40692325291855 1.6638294536731104
v -0.7440336807346344 34.16730107030135 1.6638295806334469
v -0.7440336807346344 34.16730106499784 1.7851598977873775
v 0.7321640244102477 34.16730106499784 1.7851598977873775
v 0.2021635199379921 34.69730238457792 1.7851599209544706
v 0.2021635199379921 34.69730238457792 1.7851599209544706
v -0.21403320436954498 34.69730238457792 1.7851599209544706
v -0.7440336807346344 34.16730106499784 1.7851598977873775
v 0.7321640244102477 34.16730106499784 1.7851598977873775
v 0.7321640244102477 36.406923247615026 1.7851599956843713
v 0.2021635199379921 35.876921928034946 1.785159972517278
v 0.2021635199379921 35.876921928034946 1.785159972517278
v 0.2021635199379921 34.69730238457792 1.7851599209544706
v 0.7321640244102477 34.16730106499784 1.7851598977873775
v 0.7321640244102477 36.406923247615026 1.7851599956843713
v -0.7440336807346344 36.406923247615026 1.7851599956843713
v -0.21403320436954498 35.876921928034946 1.785159972517278
v -0.21403320436954498 35.876921928034946 1.785159972517278
v 0.2021635199379921 35.876921928034946 1.785159972517278
v 0.7321640244102477 36.406923247615026 1.7851599956843713
v -0.7440336807346344 36.406923247615026 1.7851599956843713
v -0.7440336807346344 34.16730106499784 1.7851598977873775
v -0.21403320436954498 34.69730238457792 1.7851599209544706
v -0.21403320436954498 34.69730238457792 1.7851599209544706
v -0.21403320436954498 35.876921928034946 1.785159972517278
v -0.7440336807346344 36.406923247615026 1.7851599956843713
v 0.2021635199379921 34.69730238457792 1.7851599209544706
v 0.2021635199379921 34.697302330696054 3.0178332023570573
v -0.21403320436954498 34.697302330696054 3.0178332023570573
v -0.21403320436954498 34.697302330696054 3.0178332023570573
v -0.21403320436954498 34.69730238457792 1.7851599209544706
v 0.2021635199379921 34.69730238457792 1.7851599209544706
v 0.2021635199379921 35.876921928034946 1.785159972517278
v 0.2021635199379921 35.87692547187037 3.017833253920022
v 0.2021635199379921 34.697302330696054 3.0178332023570573
v 0.2021635199379921 34.697302330696054 3.0178332023570573
v 0.2021635199379921 34.69730238457792 1.7851599209544706
v 0.2021635199379921 35.876921928034946 1.785159972517278
v -0.21403320436954498 35.876921928034946 1.785159972517278
v -0.21403320436954498 35.87692547187037 3.017833253920022
v 0.2021635199379921 35.87692547187037 3.017833253920022
v 0.2021635199379921 35.87692547187037 3.017833253920022
v 0.2021635199379921 35.876921928034946 1.785159972517278
v -0.21403320436954498 35.876921928034946 1.785159972517278
v -0.21403320436954498 34.69730238457792 1.7851599209544706
v -0.21403320436954498 34.697302330696054 3.0178332023570573
v -0.21403320436954498 35.87692547187037 3.017833253920022
v -0.21403320436954498 35.87692547187037 3.017833253920022
v -0.21403320436954498 35.876921928034946 1.785159972517278
v -0.21403320436954498 34.69730238457792 1.7851599209544706
v 0.2021635199379921 32.61699422071978 4.028562314075881
v -0.21403320436954498 32.61699422071978 4.028562314075881
v -0.21403320436954498 32.61699426490015 3.017833336281235
v -0.21403320436954498 32.61699426490015 3.017833336281235
v 0.2021635199379921 32.61699426490015 3.017833336281235
v 0.2021635199379921 32.61699422071978 4.028562314075881
v 0.2021635199379921 35.87692542769 4.028562456571999
v 0.2021635199379921 34.69730228651568 4.028562405009033
v 0.2021635199379921 34.697302330696054 3.0178332023570573
v 0.2021635199379921 34.697302330696054 3.0178332023570573
v 0.2021635199379921 35.87692547187037 3.017833253920022
v 0.2021635199379921 35.87692542769 4.028562456571999
v -0.21403320436954498 35.87692542769 4.028562456571999
v 0.2021635199379921 35.87692542769 4.028562456571999
v 0.2021635199379921 35.87692547187037 3.017833253920022
v 0.2021635199379921 35.87692547187037 3.017833253920022
v -0.21403320436954498 35.87692547187037 3.017833253920022
v -0.21403320436954498 35.87692542769 4.028562456571999
v -0.21403320436954498 34.69730228651568 4.028562405009033
v -0.21403320436954498 35.87692542769 4.028562456571999
v -0.21403320436954498 35.87692547187037 3.017833253920022
v -0.21403320436954498 35.87692547187037 3.017833253920022
v -0.21403320436954498 34.697302330696054 3.0178332023570573
v -0.21403320436954498 34.69730228651568 4.028562405009033
v 0.2021635199379921 34.69730228651568 4.028562405009033
v -0.21403320436954498 34.69730228651568 4.028562405009033
v -0.21403320436954498 32.65335275160357 4.028562315665162
v 0.2021635199379921 32.65335275160357 4.028562315665162
v 0.2021635199379921 34.69730228651568 4.028562405009033
v -0.21403320436954498 32.65335275160357 4.028562315665162
v 0.2021635199379921 32.65335275160357 4.028562315665162
v -0.21403320436954498 32.65335275160357 4.028562315665162
v -0.21403320436954498 32.61699422071978 4.028562314075881
v 0.2021635199379921 32.65335275160357 4.028562315665162
v -0.21403320436954498 32.61699422071978 4.028562314075881
v 0.2021635199379921 32.61699422071978 4.028562314075881
v -0.21403320436954498 34.69730228651568 4.028562405009033
v -0.21403320436954498 34.697302330696054 3.0178332023570573
v -0.21403320436954498 32.65335279578394 3.017833337870517
v -0.21403320436954498 32.65335275160357 4.028562315665162
v -0.21403320436954498 34.69730228651568 4.028562405009033
v -0.21403320436954498 32.65335279578394 3.017833337870517
v -0.21403320436954498 32.65335275160357 4.028562315665162
v -0.21403320436954498 32.65335279578394 3.017833337870517
v -0.21403320436954498 32.61699426490015 3.017833336281235
v -0.21403320436954498 32.65335275160357 4.028562315665162
v -0.21403320436954498 32.61699426490015 3.017833336281235
v -0.21403320436954498 32.61699422071978 4.028562314075881
v -0.21403320436954498 34.697302330696054 3.0178332023570573
v 0.2021635199379921 34.697302330696054 3.0178332023570573
v 0.2021635199379921 32.65335279578394 3.017833337870517
v -0.21403320436954498 32.65335279578394 3.017833337870517
v -0.21403320436954498 34.697302330696054 3.0178332023570573
v 0.2021635199379921 32.65335279578394 3.017833337870517
v -0.21403320436954498 32.65335279578394 3.017833337870517
v 0.2021635199379921 32.65335279578394 3.017833337870517
v 0.2021635199379921 32.61699426490015 3.017833336281235
v -0.21403320436954498 32.65335279578394 3.017833337870517
v 0.2021635199379921 32.61699426490015 3.017833336281235
v -0.21403320436954498 32.61699426490015 3.017833336281235
v 0.2021635199379921 34.697302330696054 3.0178332023570573
v 0.2021635199379921 34.69730228651568 4.028562405009033
v 0.2021635199379921 32.65335275160357 4.028562315665162
v 0.2021635199379921 32.65335279578394 3.017833337870517
v 0.2021635199379921 34.697302330696054 3.0178332023570573
v 0.2021635199379921 32.65335275160357 4.028562315665162
v 0.2021635199379921 32.65335279578394 3.017833337870517
v 0.2021635199379921 32.65335275160357 4.028562315665162
v 0.2021635199379921 32.61699422071978 4.028562314075881
v 0.2021635199379921 32.65335279578394 3.017833337870517
v 0.2021635199379921 32.61699422071978 4.028562314075881
v 0.2021635199379921 32.61699426490015 3.017833336281235
v 0.6635593221426009 0.0000030844005119434748 1.37199677611735
v -0.08644128513813018 0.0000030756161952805172 1.5729585179462682
v -0.8364417799901962 0.000003084400541419896 1.3719961015453588
v -0.8364417799901962 0.000003084400541419896 1.3719961015453588
v -1.3854800270843506 0.0000031083997823477816 0.8229574609508771
v -1.5864419937705994 0.0000031411833596450833 0.07295662881281631
v -1.5864419937705994 0.0000031411833596450833 0.07295662881281631
v -1.3854798022270203 0.0000031739669172359264 -0.6770437536105838
v -0.8364414427042007 0.000003197966158163812 -1.2260823942050658
v -0.8364417799901962 0.000003084400541419896 1.3719961015453588
v -1.5864419937705994 0.0000031411833596450833 0.07295662881281631
v -0.8364414427042007 0.000003197966158163812 -1.2260823942050658
v -0.8364414427042007 0.000003197966158163812 -1.2260823942050658
v -0.08644065272688865 0.000003206750494477717 -1.4270445857486447
v 0.663559996714592 0.000003197966158163812 -1.2260823942050658
v 0.663559996714592 0.000003197966158163812 -1.2260823942050658
v 1.212598693523407 0.0000031739669172359264 -0.6770437536105838
v 1.413560885066986 0.0000031411833399386246 0.07295707852747696
v -0.8364414427042007 0.000003197966158163812 -1.2260823942050658
v 0.663559996714592 0.000003197966158163812 -1.2260823942050658
v 1.413560885066986 0.0000031411833399386246 0.07295707852747696
v -0.8364417799901962 0.000003084400541419896 1.3719961015453588
v -0.8364414427042007 0.000003197966158163812 -1.2260823942050658
v 1.413560885066986 0.0000031411833399386246 0.07295707852747696
v 0.6635593221426009 0.0000030844005119434748 1.37199677611735
v -0.8364417799901962 0.000003084400541419896 1.3719961015453588
v 1.413560885066986 0.0000031411833399386246 0.07295707852747696
v 1.2125983562374114 0.0000031083997332204127 0.8229585852375287
v 0.6635593221426009 0.0000030844005119434748 1.37199677611735
v 1.413560885066986 0.0000031411833399386246 0.07295707852747696
v 1.413560885066986 0.0000031411833399386246 0.07295707852747696
v 1.212598693523407 0.0000031739669172359264 -0.6770437536105838
v 1.212598693523407 44.79464143385464 -0.6770435944334201
v 1.212598693523407 44.79464143385464 -0.6770435944334201
v 1.413560885066986 44.79464140107107 0.07295723770464063
v 1.413560885066986 0.0000031411833399386246 0.07295707852747696
v 1.212598693523407 0.0000031739669172359264 -0.6770437536105838
v 0.663559996714592 0.000003197966158163812 -1.2260823942050658
v 0.663559996714592 44.794641457853885 -1.226082235027902
v 0.663559996714592 44.794641457853885 -1.226082235027902
v 1.212598693523407 44.79464143385464 -0.6770435944334201
v 1.212598693523407 0.0000031739669172359264 -0.6770437536105838
v 0.663559996714592 0.000003197966158163812 -1.2260823942050658
v -0.08644065272688865 0.000003206750494477717 -1.4270445857486447
v -0.08644065272688865 44.79464146663822 -1.427044426571481
v -0.08644065272688865 44.79464146663822 -1.427044426571481
v 0.663559996714592 44.794641457853885 -1.226082235027902
v 0.663559996714592 0.000003197966158163812 -1.2260823942050658
v -0.08644065272688865 0.000003206750494477717 -1.4270445857486447
v -0.8364414427042007 0.000003197966158163812 -1.2260823942050658
v -0.8364414427042007 44.794641457853885 -1.226082235027902
v -0.8364414427042007 44.794641457853885 -1.226082235027902
v -0.08644065272688865 44.79464146663822 -1.427044426571481
v -0.08644065272688865 0.000003206750494477717 -1.4270445857486447
v -0.8364414427042007 0.000003197966158163812 -1.2260823942050658
v -1.3854798022270203 0.0000031739669172359264 -0.6770437536105838
v -1.3854798022270203 44.79464143385464 -0.6770435944334201
v -1.3854798022270203 44.79464143385464 -0.6770435944334201
v -0.8364414427042007 44.794641457853885 -1.226082235027902
v -0.8364414427042007 0.000003197966158163812 -1.2260823942050658
v -1.3854798022270203 0.0000031739669172359264 -0.6770437536105838
v -1.5864419937705994 0.0000031411833596450833 0.07295662881281631
v -1.5864419937705994 44.79464140107109 0.07295678798997998
v -1.5864419937705994 44.79464140107109 0.07295678798997998
v -1.3854798022270203 44.79464143385464 -0.6770435944334201
v -1.3854798022270203 0.0000031739669172359264 -0.6770437536105838
v -1.5864419937705994 0.0000031411833596450833 0.07295662881281631
v -1.3854800270843506 0.0000031083997823477816 0.8229574609508771
v -1.3854800270843506 44.79464136828752 0.8229573952707104
v -1.3854800270843506 44.79464136828752 0.8229573952707104
v -1.5864419937705994 44.79464140107109 0.07295678798997998
v -1.5864419937705994 0.0000031411833596450833 0.07295662881281631
v -1.3854800270843506 0.0000031083997823477816 0.8229574609508771
v -0.8364417799901962 0.000003084400541419896 1.3719961015453588
v -0.8364417799901962 44.794641344288266 1.3719962607225227
v -0.8364417799901962 44.794641344288266 1.3719962607225227
v -1.3854800270843506 44.79464136828752 0.8229573952707104
v -1.3854800270843506 0.0000031083997823477816 0.8229574609508771
v -0.8364417799901962 0.000003084400541419896 1.3719961015453588
v -0.08644128513813018 0.0000030756161952805172 1.5729585179462682
v -0.08644128513813018 44.79464133550393 1.5729584522661015
v -0.08644128513813018 44.79464133550393 1.5729584522661015
v -0.8364417799901962 44.794641344288266 1.3719962607225227
v -0.8364417799901962 0.000003084400541419896 1.3719961015453588
v -0.08644128513813018 0.0000030756161952805172 1.5729585179462682
v 0.6635593221426009 0.0000030844005119434748 1.37199677611735
v 0.6635593221426009 44.79464134428825 1.3719967104371833
v 0.6635593221426009 44.79464134428825 1.3719967104371833
v -0.08644128513813018 44.79464133550393 1.5729584522661015
v -0.08644128513813018 0.0000030756161952805172 1.5729585179462682
v 0.6635593221426009 0.0000030844005119434748 1.37199677611735
v 1.2125983562374114 0.0000031083997332204127 0.8229585852375287
v 1.2125983562374114 44.79464136828747 0.8229585195573621
v 1.2125983562374114 44.79464136828747 0.8229585195573621
v 0.6635593221426009 44.79464134428825 1.3719967104371833
v 0.6635593221426009 0.0000030844005119434748 1.37199677611735
v 1.2125983562374114 0.0000031083997332204127 0.8229585852375287
v 1.413560885066986 0.0000031411833399386246 0.07295707852747696
v 1.413560885066986 44.79464140107107 0.07295723770464063
v 1.413560885066986 44.79464140107107 0.07295723770464063
v 1.2125983562374114 44.79464136828747 0.8229585195573621
v 1.2125983562374114 0.0000031083997332204127 0.8229585852375287
v 1.413560885066986 44.79464140107107 0.07295723770464063
v 1.212598693523407 44.79464143385464 -0.6770435944334201
v 0.663559996714592 44.794641457853885 -1.226082235027902
v 0.663559996714592 44.794641457853885 -1.226082235027902
v -0.08644065272688865 44.79464146663822 -1.427044426571481
v -0.8364414427042007 44.794641457853885 -1.226082235027902
v -0.8364414427042007 44.794641457853885 -1.226082235027902
v -1.3854798022270203 44.79464143385464 -0.6770435944334201
v -1.5864419937705994 44.79464140107109 0.07295678798997998
v 0.663559996714592 44.794641457853885 -1.226082235027902
v -0.8364414427042007 44.794641457853885 -1.226082235027902
v -1.5864419937705994 44.79464140107109 0.07295678798997998
v -1.5864419937705994 44.79464140107109 0.07295678798997998
v -1.3854800270843506 44.79464136828752 0.8229573952707104
v -0.8364417799901962 44.794641344288266 1.3719962607225227
v -0.8364417799901962 44.794641344288266 1.3719962607225227
v -0.08644128513813018 44.79464133550393 1.5729584522661015
v 0.6635593221426009 44.79464134428825 1.3719967104371833
v -1.5864419937705994 44.79464140107109 0.07295678798997998
v -0.8364417799901962 44.794641344288266 1.3719962607225227
v 0.6635593221426009 44.79464134428825 1.3719967104371833
v 0.663559996714592 44.794641457853885 -1.226082235027902
v -1.5864419937705994 44.79464140107109 0.07295678798997998
v 0.6635593221426009 44.79464134428825 1.3719967104371833
v 1.413560885066986 44.79464140107107 0.07295723770464063
v 0.663559996714592 44.794641457853885 -1.226082235027902
v 0.6635593221426009 44.79464134428825 1.3719967104371833
v 1.2125983562374114 44.79464136828747 0.8229585195573621
v 1.413560885066986 44.79464140107107 0.07295723770464063
v 0.6635593221426009 44.79464134428825 1.3719967104371833
v -3.520862398796081 43.8859442912111 1.6479321424803852
v -3.5208626236534117 43.88594434492542 0.41909177913047174
v -3.5208626236534117 45.779617228836564 0.4190916370482113
v -3.5208626236534117 45.779617228836564 0.4190916370482113
v -3.520862398796081 45.77961717512223 1.647932225255455
v -3.520862398796081 43.8859442912111 1.6479321424803852
v -3.9606280220031738 45.77961722883655 0.4190918619055416
v -3.9606280220031738 43.88594434492542 0.41909177913047174
v -3.9606280220031738 43.8859442912111 1.6479321424803852
v -3.9606280220031738 43.8859442912111 1.6479321424803852
v -3.9606280220031738 45.77961717512223 1.647932225255455
v -3.9606280220031738 45.77961722883655 0.4190918619055416
v -3.5208626236534117 45.779617228836564 0.4190916370482113
v -3.9606280220031738 45.77961722883655 0.4190918619055416
v -3.9606280220031738 45.77961717512223 1.647932225255455
v -3.9606280220031738 45.77961717512223 1.647932225255455
v -3.520862398796081 45.77961717512223 1.647932225255455
v -3.5208626236534117 45.779617228836564 0.4190916370482113
v -3.520862848510742 43.885944418873024 -1.272632239271626
v -3.9606284717178344 43.885944418873024 -1.272632239271626
v -3.9606284717178344 45.77961370506687 -1.2726321564967136
v -3.9606284717178344 45.77961370506687 -1.2726321564967136
v -3.520862848510742 45.77961370506687 -1.2726321564967136
v -3.520862848510742 43.885944418873024 -1.272632239271626
v -3.520862848510742 43.60693060648571 -0.27125486518383174
v -3.9606284717178344 43.60693060648569 -0.2712544154691711
v -3.9606284717178344 43.606930650257304 -1.272632251467705
v -3.9606284717178344 43.606930650257304 -1.272632251467705
v -3.5208630733680724 43.606930650257304 -1.272632251467705
v -3.520862848510742 43.60693060648571 -0.27125486518383174
v -3.520862398796081 43.8859442912111 1.6479321424803852
v -3.9606280220031738 43.8859442912111 1.6479321424803852
v -3.9606280220031738 43.606930522595384 1.6479321302843062
v -3.9606280220031738 43.606930522595384 1.6479321302843062
v -3.5208626236534117 43.606930522595384 1.6479321302843062
v -3.520862398796081 43.8859442912111 1.6479321424803852
v -1.4752419490623474 43.606934204203014 -0.27125531489833515
v -1.4752421739196777 43.88594437510145 -0.2712553027024133
v -1.4752421739196777 43.88594434492544 0.4190913294158111
v -1.4752421739196777 43.88594434492544 0.4190913294158111
v -1.475241724205017 43.606934174027 0.4190913172198893
v -1.4752419490623474 43.606934204203014 -0.27125531489833515
v -3.9606280220031738 45.77961725901256 -0.2712547702126828
v -3.9606284717178344 43.88594437510141 -0.271254403273092
v -3.9606280220031738 43.88594434492542 0.41909177913047174
v -3.9606280220031738 43.88594434492542 0.41909177913047174
v -3.9606280220031738 45.77961722883655 0.4190918619055416
v -3.9606280220031738 45.77961725901256 -0.2712547702126828
v -3.5208626236534117 45.77961725901256 -0.2712547702126828
v -3.9606280220031738 45.77961725901256 -0.2712547702126828
v -3.9606280220031738 45.77961722883655 0.4190918619055416
v -3.9606280220031738 45.77961722883655 0.4190918619055416
v -3.5208626236534117 45.779617228836564 0.4190916370482113
v -3.5208626236534117 45.77961725901256 -0.2712547702126828
v -3.5208626236534117 43.606930522595384 1.6479321302843062
v -3.9606280220031738 43.606930522595384 1.6479321302843062
v -3.9606280220031738 43.6069305763097 0.41909176693439265
v -3.9606280220031738 43.6069305763097 0.41909176693439265
v -3.5208626236534117 43.6069305763097 0.41909176693439265
v -3.5208626236534117 43.606930522595384 1.6479321302843062
v -3.5208626236534117 43.6069305763097 0.41909176693439265
v -3.9606280220031738 43.6069305763097 0.41909176693439265
v -3.9606284717178344 43.60693060648569 -0.2712544154691711
v -3.9606284717178344 43.60693060648569 -0.2712544154691711
v -3.520862848510742 43.60693060648571 -0.27125486518383174
v -3.5208626236534117 43.6069305763097 0.41909176693439265
v -3.5208630733680724 43.606930650257304 -1.272632251467705
v -3.520862848510742 43.885944418873024 -1.272632239271626
v -3.520862848510742 43.88594437510143 -0.27125485298775265
v -3.520862848510742 43.88594437510143 -0.27125485298775265
v -3.520862848510742 43.60693060648571 -0.27125486518383174
v -3.5208630733680724 43.606930650257304 -1.272632251467705
v -3.9606284717178344 45.77961370506687 -1.2726321564967136
v -3.9606284717178344 43.885944418873024 -1.272632239271626
v -3.9606284717178344 43.88594437510141 -0.271254403273092
v -3.9606284717178344 43.88594437510141 -0.271254403273092
v -3.9606280220031738 45.77961725901256 -0.2712547702126828
v -3.9606284717178344 45.77961370506687 -1.2726321564967136
v -3.520862848510742 45.77961370506687 -1.2726321564967136
v -3.9606284717178344 45.77961370506687 -1.2726321564967136
v -3.9606280220031738 45.77961725901256 -0.2712547702126828
v -3.9606280220031738 45.77961725901256 -0.2712547702126828
v -3.5208626236534117 45.77961725901256 -0.2712547702126828
v -3.520862848510742 45.77961370506687 -1.2726321564967136
v -3.5208626236534117 43.606930522595384 1.6479321302843062
v -3.5208626236534117 43.6069305763097 0.41909176693439265
v -3.5208626236534117 43.88594434492542 0.41909177913047174
v -3.5208626236534117 43.88594434492542 0.41909177913047174
v -3.520862398796081 43.8859442912111 1.6479321424803852
v -3.5208626236534117 43.606930522595384 1.6479321302843062
v -3.9606280220031738 43.6069305763097 0.41909176693439265
v -3.9606280220031738 43.606930522595384 1.6479321302843062
v -3.9606280220031738 43.8859442912111 1.6479321424803852
v -3.9606280220031738 43.8859442912111 1.6479321424803852
v -3.9606280220031738 43.88594434492542 0.41909177913047174
v -3.9606280220031738 43.6069305763097 0.41909176693439265
v -3.5208630733680724 43.606930650257304 -1.272632251467705
v -3.9606284717178344 43.606930650257304 -1.272632251467705
v -3.9606284717178344 43.885944418873024 -1.272632239271626
v -3.9606284717178344 43.885944418873024 -1.272632239271626
v -3.520862848510742 43.885944418873024 -1.272632239271626
v -3.5208630733680724 43.606930650257304 -1.272632251467705
v -3.520862398796081 45.77961717512223 1.647932225255455
v -3.9606280220031738 45.77961717512223 1.647932225255455
v -3.9606280220031738 43.8859442912111 1.6479321424803852
v -3.9606280220031738 43.8859442912111 1.6479321424803852
v -3.520862398796081 43.8859442912111 1.6479321424803852
v -3.520862398796081 45.77961717512223 1.647932225255455
v -3.5208626236534117 45.77961725901256 -0.2712547702126828
v -3.5208626236534117 45.779617228836564 0.4190916370482113
v -3.5208626236534117 43.88594434492542 0.41909177913047174
v -3.5208626236534117 43.88594434492542 0.41909177913047174
v -3.520862848510742 43.88594437510143 -0.27125485298775265
v -3.5208626236534117 45.77961725901256 -0.2712547702126828
v -3.9606284717178344 43.60693060648569 -0.2712544154691711
v -3.9606280220031738 43.6069305763097 0.41909176693439265
v -3.9606280220031738 43.88594434492542 0.41909177913047174
v -3.9606280220031738 43.88594434492542 0.41909177913047174
v -3.9606284717178344 43.88594437510141 -0.271254403273092
v -3.9606284717178344 43.60693060648569 -0.2712544154691711
v -3.520862848510742 45.77961370506687 -1.2726321564967136
v -3.5208626236534117 45.77961725901256 -0.2712547702126828
v -3.520862848510742 43.88594437510143 -0.27125485298775265
v -3.520862848510742 43.88594437510143 -0.27125485298775265
v -3.520862848510742 43.885944418873024 -1.272632239271626
v -3.520862848510742 45.77961370506687 -1.2726321564967136
v -3.9606284717178344 43.606930650257304 -1.272632251467705
v -3.9606284717178344 43.60693060648569 -0.2712544154691711
v -3.9606284717178344 43.88594437510141 -0.271254403273092
v -3.9606284717178344 43.88594437510141 -0.271254403273092
v -3.9606284717178344 43.885944418873024 -1.272632239271626
v -3.9606284717178344 43.606930650257304 -1.272632251467705
v -3.520862848510742 43.60693060648571 -0.27125486518383174
v -1.6182487377166748 43.60693420420299 -0.2712548651836745
v -1.6182485128593445 43.606934174027 0.4190913172198893
v -1.6182485128593445 43.606934174027 0.4190913172198893
v -3.5208626236534117 43.6069305763097 0.41909176693439265
v -3.520862848510742 43.60693060648571 -0.27125486518383174
v -3.520862848510742 43.88594437510143 -0.27125485298775265
v -1.6182485128593445 43.88594437510145 -0.2712553027024133
v -1.6182487377166748 43.60693420420299 -0.2712548651836745
v -1.6182487377166748 43.60693420420299 -0.2712548651836745
v -3.520862848510742 43.60693060648571 -0.27125486518383174
v -3.520862848510742 43.88594437510143 -0.27125485298775265
v -3.5208626236534117 43.88594434492542 0.41909177913047174
v -1.6182485128593445 43.88594434492544 0.4190913294158111
v -1.6182485128593445 43.88594437510145 -0.2712553027024133
v -1.6182485128593445 43.88594437510145 -0.2712553027024133
v -3.520862848510742 43.88594437510143 -0.27125485298775265
v -3.5208626236534117 43.88594434492542 0.41909177913047174
v -3.5208626236534117 43.6069305763097 0.41909176693439265
v -1.6182485128593445 43.606934174027 0.4190913172198893
v -1.6182485128593445 43.88594434492544 0.4190913294158111
v -1.6182485128593445 43.88594434492544 0.4190913294158111
v -3.5208626236534117 43.88594434492542 0.41909177913047174
v -3.5208626236534117 43.6069305763097 0.41909176693439265
v -1.4752421739196777 42.9181836094154 -0.27125489528991886
v -1.4752419490623474 42.91818357923941 0.4190912871136449
v -1.6182482880020141 42.91818357923941 0.4190912871136449
v -1.6182482880020141 42.91818357923941 0.4190912871136449
v -1.6182485128593445 42.9181836094154 -0.27125489528991886
v -1.4752421739196777 42.9181836094154 -0.27125489528991886
v -1.4752421739196777 43.88594437510145 -0.2712553027024133
v -1.4752419490623474 43.606934204203014 -0.27125531489833515
v -1.6182487377166748 43.60693420420299 -0.2712548651836745
v -1.6182487377166748 43.60693420420299 -0.2712548651836745
v -1.6182485128593445 43.88594437510145 -0.2712553027024133
v -1.4752421739196777 43.88594437510145 -0.2712553027024133
v -1.4752421739196777 43.88594434492544 0.4190913294158111
v -1.4752421739196777 43.88594437510145 -0.2712553027024133
v -1.6182485128593445 43.88594437510145 -0.2712553027024133
v -1.6182485128593445 43.88594437510145 -0.2712553027024133
v -1.6182485128593445 43.88594434492544 0.4190913294158111
v -1.4752421739196777 43.88594434492544 0.4190913294158111
v -1.475241724205017 43.606934174027 0.4190913172198893
v -1.4752421739196777 43.88594434492544 0.4190913294158111
v -1.6182485128593445 43.88594434492544 0.4190913294158111
v -1.6182485128593445 43.88594434492544 0.4190913294158111
v -1.6182485128593445 43.606934174027 0.4190913172198893
v -1.475241724205017 43.606934174027 0.4190913172198893
v -1.4752419490623474 43.606934204203014 -0.27125531489833515
v -1.475241724205017 43.606934174027 0.4190913172198893
v -1.4752419490623474 42.91818357923941 0.4190912871136449
v -1.4752419490623474 42.91818357923941 0.4190912871136449
v -1.4752421739196777 42.9181836094154 -0.27125489528991886
v -1.4752419490623474 43.606934204203014 -0.27125531489833515
v -1.475241724205017 43.606934174027 0.4190913172198893
v -1.6182485128593445 43.606934174027 0.4190913172198893
v -1.6182482880020141 42.91818357923941 0.4190912871136449
v -1.6182482880020141 42.91818357923941 0.4190912871136449
v -1.4752419490623474 42.91818357923941 0.4190912871136449
v -1.475241724205017 43.606934174027 0.4190913172198893
v -1.6182485128593445 43.606934174027 0.4190913172198893
v -1.6182487377166748 43.60693420420299 -0.2712548651836745
v -1.6182485128593445 42.9181836094154 -0.27125489528991886
v -1.6182485128593445 42.9181836094154 -0.27125489528991886
v -1.6182482880020141 42.91818357923941 0.4190912871136449
v -1.6182485128593445 43.606934174027 0.4190913172198893
v -1.6182487377166748 43.60693420420299 -0.2712548651836745
v -1.4752419490623474 43.606934204203014 -0.27125531489833515
v -1.4752421739196777 42.9181836094154 -0.27125489528991886
v -1.4752421739196777 42.9181836094154 -0.27125489528991886
v -1.6182485128593445 42.9181836094154 -0.27125489528991886
v -1.6182487377166748 43.60693420420299 -0.2712548651836745
v -3.672318426494598 43.29467751496183 0.024105118267982624
v -3.890304791374206 43.60304865662443 0.0241051317473132
v -3.901055220336914 43.595450279107546 -0.007679801369856645
v -3.901055220336914 43.595450279107546 -0.007679801369856645
v -3.6827045865821835 43.28656466387317 -0.007679814871675572
v -3.672318426494598 43.29467751496183 0.024105118267982624
v -3.647244360733032 43.314270682721315 0.037270515814795846
v -3.864349959449768 43.62139701420325 0.03727052923971404
v -3.890304791374206 43.60304865662443 0.0241051317473132
v -3.890304791374206 43.60304865662443 0.0241051317473132
v -3.672318426494598 43.29467751496183 0.024105118267982624
v -3.647244360733032 43.314270682721315 0.037270515814795846
v -3.6221700701141355 43.333863851631754 0.024105119980871788
v -3.8383955772399903 43.63974177521574 0.02410513335122034
v -3.864349959449768 43.62139701420325 0.03727052923971404
v -3.864349959449768 43.62139701420325 0.03727052923971404
v -3.647244360733032 43.314270682721315 0.037270515814795846
v -3.6221700701141355 43.333863851631754 0.024105119980871788
v -3.6117841348838806 43.34198030321643 -0.007679812449381068
v -3.827644698562622 43.64734375322864 -0.007679799101520862
v -3.8383955772399903 43.63974177521574 0.02410513335122034
v -3.8383955772399903 43.63974177521574 0.02410513335122034
v -3.6221700701141355 43.333863851631754 0.024105119980871788
v -3.6117841348838806 43.34198030321643 -0.007679812449381068
v -3.6221700701141355 43.3338638544105 -0.039465195303857156
v -3.8383951275253296 43.63974177799449 -0.039465181933508606
v -3.827644698562622 43.64734375322864 -0.007679799101520862
v -3.827644698562622 43.64734375322864 -0.007679799101520862
v -3.6117841348838806 43.34198030321643 -0.007679812449381068
v -3.6221700701141355 43.3338638544105 -0.039465195303857156
v -3.647244360733032 43.314270686651014 -0.05263059285067037
v -3.864349959449768 43.621397018132946 -0.05263057942575218
v -3.8383951275253296 43.63974177799449 -0.039465181933508606
v -3.8383951275253296 43.63974177799449 -0.039465181933508606
v -3.6221700701141355 43.3338638544105 -0.039465195303857156
v -3.647244360733032 43.314270686651014 -0.05263059285067037
v -3.672318426494598 43.29467751774058 -0.039465197016746306
v -3.8903043416595455 43.60304865940318 -0.03946518353741574
v -3.864349959449768 43.621397018132946 -0.05263057942575218
v -3.864349959449768 43.621397018132946 -0.05263057942575218
v -3.647244360733032 43.314270686651014 -0.05263059285067037
v -3.672318426494598 43.29467751774058 -0.039465197016746306
v -3.6827045865821835 43.28656466387317 -0.007679814871675572
v -3.901055220336914 43.595450279107546 -0.007679801369856645
v -3.8903043416595455 43.60304865940318 -0.03946518353741574
v -3.8903043416595455 43.60304865940318 -0.03946518353741574
v -3.672318426494598 43.29467751774058 -0.039465197016746306
v -3.6827045865821835 43.28656466387317 -0.007679814871675572
v -3.4374122220802303 43.02207487854826 0.02410510635214306
v -3.672318426494598 43.29467751496183 0.024105118267982624
v -3.6827045865821835 43.28656466387317 -0.007679814871675572
v -3.6827045865821835 43.28656466387317 -0.007679814871675572
v -3.446416858730316 43.012357445550414 -0.007679826857653629
v -3.4374122220802303 43.02207487854826 0.02410510635214306
v -3.4156727905273434 43.045539190106574 0.03727050406816935
v -3.647244360733032 43.314270682721315 0.037270515814795846
v -3.672318426494598 43.29467751496183 0.024105118267982624
v -3.672318426494598 43.29467751496183 0.024105118267982624
v -3.4374122220802303 43.02207487854826 0.02410510635214306
v -3.4156727905273434 43.045539190106574 0.03727050406816935
v -3.3939333589744565 43.06899990509855 0.024105108403301094
v -3.6221700701141355 43.333863851631754 0.024105119980871788
v -3.647244360733032 43.314270682721315 0.037270515814795846
v -3.647244360733032 43.314270682721315 0.037270515814795846
v -3.4156727905273434 43.045539190106574 0.03727050406816935
v -3.3939333589744565 43.06899990509855 0.024105108403301094
v -3.3849287223243714 43.07872093859241 -0.007679823956813256
v -3.6117841348838806 43.34198030321643 -0.007679812449381068
v -3.6221700701141355 43.333863851631754 0.024105119980871788
v -3.6221700701141355 43.333863851631754 0.024105119980871788
v -3.3939333589744565 43.06899990509855 0.024105108403301094
v -3.3849287223243714 43.07872093859241 -0.007679823956813256
v -3.3939333589744565 43.0689999078773 -0.039465206881427836
v -3.6221700701141355 43.3338638544105 -0.039465195303857156
v -3.6117841348838806 43.34198030321643 -0.007679812449381068
v -3.6117841348838806 43.34198030321643 -0.007679812449381068
v -3.3849287223243714 43.07872093859241 -0.007679823956813256
v -3.3939333589744565 43.0689999078773 -0.039465206881427836
v -3.4156727905273434 43.04553919403627 -0.052630604597296876
v -3.647244360733032 43.314270686651014 -0.05263059285067037
v -3.6221700701141355 43.3338638544105 -0.039465195303857156
v -3.6221700701141355 43.3338638544105 -0.039465195303857156
v -3.3939333589744565 43.0689999078773 -0.039465206881427836
v -3.4156727905273434 43.04553919403627 -0.052630604597296876
v -3.4374122220802303 43.02207488132701 -0.03946520893258587
v -3.672318426494598 43.29467751774058 -0.039465197016746306
v -3.647244360733032 43.314270686651014 -0.05263059285067037
v -3.647244360733032 43.314270686651014 -0.05263059285067037
v -3.4156727905273434 43.04553919403627 -0.052630604597296876
v -3.4374122220802303 43.02207488132701 -0.03946520893258587
v -3.446416858730316 43.012357445550414 -0.007679826857653629
v -3.6827045865821835 43.28656466387317 -0.007679814871675572
v -3.672318426494598 43.29467751774058 -0.039465197016746306
v -3.672318426494598 43.29467751774058 -0.039465197016746306
v -3.4374122220802303 43.02207488132701 -0.03946520893258587
v -3.446416858730316 43.012357445550414 -0.007679826857653629
v -3.1690022754478453 42.82429756623141 0.02410419827770096
v -3.4374122220802303 43.02207487854826 0.02410510635214306
v -3.446416858730316 43.012357445550414 -0.007679826857653629
v -3.446416858730316 43.012357445550414 -0.007679826857653629
v -3.1747323147964477 42.81216606493524 -0.00768118475227865
v -3.1690022754478453 42.82429756623141 0.02410419827770096
v -3.155168827629089 42.853586582074385 0.03726959624833316
v -3.4156727905273434 43.045539190106574 0.03727050406816935
v -3.4374122220802303 43.02207487854826 0.02410510635214306
v -3.4374122220802303 43.02207487854826 0.02410510635214306
v -3.1690022754478453 42.82429756623141 0.02410419827770096
v -3.155168827629089 42.853586582074385 0.03726959624833316
v -3.1413356046676633 42.88287559906832 0.024104200838228076
v -3.3939333589744565 43.06899990509855 0.024105108403301094
v -3.4156727905273434 43.045539190106574 0.03727050406816935
v -3.4156727905273434 43.045539190106574 0.03727050406816935
v -3.155168827629089 42.853586582074385 0.03726959624833316
v -3.1413356046676633 42.88287559906832 0.024104200838228076
v -3.1356055653190613 42.89500710314325 -0.007681181131181894
v -3.3849287223243714 43.07872093859241 -0.007679823956813256
v -3.3939333589744565 43.06899990509855 0.024105108403301094
v -3.3939333589744565 43.06899990509855 0.024105108403301094
v -3.1413356046676633 42.88287559906832 0.024104200838228076
v -3.1356055653190613 42.89500710314325 -0.007681181131181894
v -3.1413356046676633 42.88287560184707 -0.039466114446500875
v -3.3939333589744565 43.0689999078773 -0.039465206881427836
v -3.3849287223243714 43.07872093859241 -0.007679823956813256
v -3.3849287223243714 43.07872093859241 -0.007679823956813256
v -3.1356055653190613 42.89500710314325 -0.007681181131181894
v -3.1413356046676633 42.88287560184707 -0.039466114446500875
v -3.155168827629089 42.853586586004084 -0.052631512417133056
v -3.4156727905273434 43.04553919403627 -0.052630604597296876
v -3.3939333589744565 43.0689999078773 -0.039465206881427836
v -3.3939333589744565 43.0689999078773 -0.039465206881427836
v -3.1413356046676633 42.88287560184707 -0.039466114446500875
v -3.155168827629089 42.853586586004084 -0.052631512417133056
v -3.1690022754478453 42.824297569010156 -0.039466117007027984
v -3.4374122220802303 43.02207488132701 -0.03946520893258587
v -3.4156727905273434 43.04553919403627 -0.052630604597296876
v -3.4156727905273434 43.04553919403627 -0.052630604597296876
v -3.155168827629089 42.853586586004084 -0.052631512417133056
v -3.1690022754478453 42.824297569010156 -0.039466117007027984
v -3.1747323147964477 42.81216606493524 -0.00768118475227865
v -3.446416858730316 43.012357445550414 -0.007679826857653629
v -3.4374122220802303 43.02207488132701 -0.03946520893258587
v -3.4374122220802303 43.02207488132701 -0.03946520893258587
v -3.1690022754478453 42.824297569010156 -0.039466117007027984
v -3.1747323147964477 42.81216606493524 -0.00768118475227865
v -2.851892728214264 42.74418000000822 0.02410509420497224
v -3.1690022754478453 42.82429756623141 0.02410419827770096
v -3.1747323147964477 42.81216606493524 -0.00768118475227865
v -3.1747323147964477 42.81216606493524 -0.00768118475227865
v -2.852151763858795 42.73066697527456 -0.007680288885395667
v -2.851892728214264 42.74418000000822 0.02410509420497224
v -2.8512673999786378 42.77680409977454 0.03727049232138559
v -3.155168827629089 42.853586582074385 0.03726959624833316
v -3.1690022754478453 42.82429756623141 0.02410419827770096
v -3.1690022754478453 42.82429756623141 0.02410419827770096
v -2.851892728214264 42.74418000000822 0.02410509420497224
v -2.8512673999786378 42.77680409977454 0.03727049232138559
v -2.850641846885681 42.8094317984091 0.02410509705721891
v -3.1413356046676633 42.88287559906832 0.024104200838228076
v -3.155168827629089 42.853586582074385 0.03726959624833316
v -3.155168827629089 42.853586582074385 0.03726959624833316
v -2.8512673999786378 42.77680409977454 0.03727049232138559
v -2.850641846885681 42.8094317984091 0.02410509705721891
v -2.8503828112411496 42.82294482592153 -0.007680284851802749
v -3.1356055653190613 42.89500710314325 -0.007681181131181894
v -3.1413356046676633 42.88287559906832 0.024104200838228076
v -3.1413356046676633 42.88287559906832 0.024104200838228076
v -2.850641846885681 42.8094317984091 0.02410509705721891
v -2.8503828112411496 42.82294482592153 -0.007680284851802749
v -2.850641846885681 42.80943180118785 -0.03946521822751002
v -3.1413356046676633 42.88287560184707 -0.039466114446500875
v -3.1356055653190613 42.89500710314325 -0.007681181131181894
v -3.1356055653190613 42.89500710314325 -0.007681181131181894
v -2.8503828112411496 42.82294482592153 -0.007680284851802749
v -2.850641846885681 42.80943180118785 -0.03946521822751002
v -2.8512673999786378 42.77680410370424 -0.052630616344080644
v -3.155168827629089 42.853586586004084 -0.052631512417133056
v -3.1413356046676633 42.88287560184707 -0.039466114446500875
v -3.1413356046676633 42.88287560184707 -0.039466114446500875
v -2.850641846885681 42.80943180118785 -0.03946521822751002
v -2.8512673999786378 42.77680410370424 -0.052630616344080644
v -2.851892728214264 42.74418000278697 -0.039465221079756696
v -3.1690022754478453 42.824297569010156 -0.039466117007027984
v -3.155168827629089 42.853586586004084 -0.052631512417133056
v -3.155168827629089 42.853586586004084 -0.052631512417133056
v -2.8512673999786378 42.77680410370424 -0.052630616344080644
v -2.851892728214264 42.74418000278697 -0.039465221079756696
v -2.852151763858795 42.73066697527456 -0.007680288885395667
v -3.1747323147964477 42.81216606493524 -0.00768118475227865
v -3.1690022754478453 42.824297569010156 -0.039466117007027984
v -3.1690022754478453 42.824297569010156 -0.039466117007027984
v -2.851892728214264 42.74418000278697 -0.039465221079756696
v -2.852151763858795 42.73066697527456 -0.007680288885395667
v -2.4774821129226683 42.823642781685464 0.02410509767840071
v -2.851892728214264 42.74418000000822 0.02410509420497224
v -2.852151763858795 42.73066697527456 -0.007680288885395667
v -2.852151763858795 42.73066697527456 -0.007680288885395667
v -2.4725037716293334 42.81124145159292 -0.007680285363373479
v -2.4774821129226683 42.823642781685464 0.02410509767840071
v -2.4895016366577147 42.85358658207434 0.03727049567765445
v -2.8512673999786378 42.77680409977454 0.03727049232138559
v -2.851892728214264 42.74418000000822 0.02410509420497224
v -2.851892728214264 42.74418000000822 0.02410509420497224
v -2.4774821129226683 42.823642781685464 0.02410509767840071
v -2.4895016366577147 42.85358658207434 0.03727049567765445
v -2.5015207106781006 42.88353038361417 0.024105100296170905
v -2.850641846885681 42.8094317984091 0.02410509705721891
v -2.8512673999786378 42.77680409977454 0.03727049232138559
v -2.8512673999786378 42.77680409977454 0.03727049232138559
v -2.4895016366577147 42.85358658207434 0.03727049567765445
v -2.5015207106781006 42.88353038361417 0.024105100296170905
v -2.506499276828766 42.89592811876821 -0.007680281661601729
v -2.8503828112411496 42.82294482592153 -0.007680284851802749
v -2.850641846885681 42.8094317984091 0.02410509705721891
v -2.850641846885681 42.8094317984091 0.02410509705721891
v -2.5015207106781006 42.88353038361417 0.024105100296170905
v -2.506499276828766 42.89592811876821 -0.007680281661601729
v -2.5015207106781006 42.88353038639292 -0.039465214988558026
v -2.850641846885681 42.80943180118785 -0.03946521822751002
v -2.8503828112411496 42.82294482592153 -0.007680284851802749
v -2.8503828112411496 42.82294482592153 -0.007680284851802749
v -2.506499276828766 42.89592811876821 -0.007680281661601729
v -2.5015207106781006 42.88353038639292 -0.039465214988558026
v -2.4895016366577147 42.85358658600404 -0.05263061298781177
v -2.8512673999786378 42.77680410370424 -0.052630616344080644
v -2.850641846885681 42.80943180118785 -0.03946521822751002
v -2.850641846885681 42.80943180118785 -0.03946521822751002
v -2.5015207106781006 42.88353038639292 -0.039465214988558026
v -2.4895016366577147 42.85358658600404 -0.05263061298781177
v -2.4774821129226683 42.82364278446421 -0.03946521760632822
v -2.851892728214264 42.74418000278697 -0.039465221079756696
v -2.8512673999786378 42.77680410370424 -0.052630616344080644
v -2.8512673999786378 42.77680410370424 -0.052630616344080644
v -2.4895016366577147 42.85358658600404 -0.05263061298781177
v -2.4774821129226683 42.82364278446421 -0.03946521760632822
v -2.4725037716293334 42.81124145159292 -0.007680285363373479
v -2.852151763858795 42.73066697527456 -0.007680288885395667
v -2.851892728214264 42.74418000278697 -0.039465221079756696
v -2.851892728214264 42.74418000278697 -0.039465221079756696
v -2.4774821129226683 42.82364278446421 -0.03946521760632822
v -2.4725037716293334 42.81124145159292 -0.007680285363373479
v -2.0358312858581544 43.09705490448822 0.02410465991496341
v -2.4774821129226683 42.823642781685464 0.02410509767840071
v -2.4725037716293334 42.81124145159292 -0.007680285363373479
v -2.4725037716293334 42.81124145159292 -0.007680285363373479
v -2.027723380241394 43.08659274401235 -0.007680273327386342
v -2.0358312858581544 43.09705490448822 0.02410465991496341
v -2.055405566177368 43.12231807468909 0.03727050742428095
v -2.4895016366577147 42.85358658207434 0.03727049567765445
v -2.4774821129226683 42.823642781685464 0.02410509767840071
v -2.4774821129226683 42.823642781685464 0.02410509767840071
v -2.0358312858581544 43.09705490448822 0.02410465991496341
v -2.055405566177368 43.12231807468909 0.03727050742428095
v -2.074980071353912 43.14758484375824 0.024104662123697183
v -2.5015207106781006 42.88353038361417 0.024105100296170905
v -2.4895016366577147 42.85358658207434 0.03727049567765445
v -2.4895016366577147 42.85358658207434 0.03727049567765445
v -2.055405566177368 43.12231807468909 0.03727050742428095
v -2.074980071353912 43.14758484375824 0.024104662123697183
v -2.083088201828003 43.15805060473013 -0.007680270203864081
v -2.506499276828766 42.89592811876821 -0.007680281661601729
v -2.5015207106781006 42.88353038361417 0.024105100296170905
v -2.5015207106781006 42.88353038361417 0.024105100296170905
v -2.074980071353912 43.14758484375824 0.024104662123697183
v -2.083088201828003 43.15805060473013 -0.007680270203864081
v -2.074980071353912 43.147584846536965 -0.03946520344637111
v -2.5015207106781006 42.88353038639292 -0.039465214988558026
v -2.506499276828766 42.89592811876821 -0.007680281661601729
v -2.506499276828766 42.89592811876821 -0.007680281661601729
v -2.083088201828003 43.15805060473013 -0.007680270203864081
v -2.074980071353912 43.147584846536965 -0.03946520344637111
v -2.055405566177368 43.12231807861879 -0.05263060124118528
v -2.4895016366577147 42.85358658600404 -0.05263061298781177
v -2.5015207106781006 42.88353038639292 -0.039465214988558026
v -2.5015207106781006 42.88353038639292 -0.039465214988558026
v -2.074980071353912 43.147584846536965 -0.03946520344637111
v -2.055405566177368 43.12231807861879 -0.05263060124118528
v -2.0358312858581544 43.097054907266944 -0.03946520565510489
v -2.4774821129226683 42.82364278446421 -0.03946521760632822
v -2.4895016366577147 42.85358658600404 -0.05263061298781177
v -2.4895016366577147 42.85358658600404 -0.05263061298781177
v -2.055405566177368 43.12231807861879 -0.05263060124118528
v -2.0358312858581544 43.097054907266944 -0.03946520565510489
v -2.027723380241394 43.08659274401235 -0.007680273327386342
v -2.4725037716293334 42.81124145159292 -0.007680285363373479
v -2.4774821129226683 42.82364278446421 -0.03946521760632822
v -2.4774821129226683 42.82364278446421 -0.03946521760632822
v -2.0358312858581544 43.097054907266944 -0.03946520565510489
v -2.027723380241394 43.08659274401235 -0.007680273327386342
v -1.5125244187164306 43.59844717621674 0.024104681831515463
v -2.0358312858581544 43.09705490448822 0.02410465991496341
v -2.027723380241394 43.08659274401235 -0.007680273327386342
v -2.027723380241394 43.08659274401235 -0.007680273327386342
v -1.5034158979797363 43.588938410821434 -0.0076802513691600766
v -1.5125244187164306 43.59844717621674 0.024104681831515463
v -1.534513891620636 43.62139701420327 0.03727007952505339
v -2.055405566177368 43.12231807468909 0.03727050742428095
v -2.0358312858581544 43.09705490448822 0.02410465991496341
v -2.0358312858581544 43.09705490448822 0.02410465991496341
v -1.5125244187164306 43.59844717621674 0.024104681831515463
v -1.534513891620636 43.62139701420327 0.03727007952505339
v -1.5565033645248412 43.64434685334076 0.024104683837854052
v -2.074980071353912 43.14758484375824 0.024104662123697183
v -2.055405566177368 43.12231807468909 0.03727050742428095
v -2.055405566177368 43.12231807468909 0.03727050742428095
v -1.534513891620636 43.62139701420327 0.03727007952505339
v -1.5565033645248412 43.64434685334076 0.024104683837854052
v -1.5656116604042052 43.653852023797505 -0.007680248531695966
v -2.083088201828003 43.15805060473013 -0.007680270203864081
v -2.074980071353912 43.14758484375824 0.024104662123697183
v -2.074980071353912 43.14758484375824 0.024104662123697183
v -1.5565033645248412 43.64434685334076 0.024104683837854052
v -1.5656116604042052 43.653852023797505 -0.007680248531695966
v -1.5565031396675109 43.64434685611948 -0.03946518173221425
v -2.074980071353912 43.147584846536965 -0.03946520344637111
v -2.083088201828003 43.15805060473013 -0.007680270203864081
v -2.083088201828003 43.15805060473013 -0.007680270203864081
v -1.5656116604042052 43.653852023797505 -0.007680248531695966
v -1.5565031396675109 43.64434685611948 -0.03946518173221425
v -1.5345136667633057 43.62139701813297 -0.052631029140412816
v -2.055405566177368 43.12231807861879 -0.05263060124118528
v -2.074980071353912 43.147584846536965 -0.03946520344637111
v -2.074980071353912 43.147584846536965 -0.03946520344637111
v -1.5565031396675109 43.64434685611948 -0.03946518173221425
v -1.5345136667633057 43.62139701813297 -0.052631029140412816
v -1.5125241938591003 43.598447178995464 -0.03946518373855283
v -2.0358312858581544 43.097054907266944 -0.03946520565510489
v -2.055405566177368 43.12231807861879 -0.05263060124118528
v -2.055405566177368 43.12231807861879 -0.05263060124118528
v -1.5345136667633057 43.62139701813297 -0.052631029140412816
v -1.5125241938591003 43.598447178995464 -0.03946518373855283
v -1.5034158979797363 43.588938410821434 -0.0076802513691600766
v -2.027723380241394 43.08659274401235 -0.007680273327386342
v -2.0358312858581544 43.097054907266944 -0.03946520565510489
v -2.0358312858581544 43.097054907266944 -0.03946520565510489
v -1.5125241938591003 43.598447178995464 -0.03946518373855283
v -1.5034158979797363 43.588938410821434 -0.0076802513691600766
v -3.864349959449768 43.621397018132946 -0.05263057942575218
v -3.8903043416595455 43.60304865940318 -0.03946518353741574
v -3.901055220336914 43.595450279107546 -0.007679801369856645
v -3.8383951275253296 43.63974177799449 -0.039465181933508606
v -3.864349959449768 43.621397018132946 -0.05263057942575218
v -3.901055220336914 43.595450279107546 -0.007679801369856645
v -3.827644698562622 43.64734375322864 -0.007679799101520862
v -3.8383951275253296 43.63974177799449 -0.039465181933508606
v -3.901055220336914 43.595450279107546 -0.007679801369856645
v -3.8383955772399903 43.63974177521574 0.02410513335122034
v -3.827644698562622 43.64734375322864 -0.007679799101520862
v -3.901055220336914 43.595450279107546 -0.007679801369856645
v -3.864349959449768 43.62139701420325 0.03727052923971404
v -3.8383955772399903 43.63974177521574 0.02410513335122034
v -3.901055220336914 43.595450279107546 -0.007679801369856645
v -3.890304791374206 43.60304865662443 0.0241051317473132
v -3.864349959449768 43.62139701420325 0.03727052923971404
v -3.901055220336914 43.595450279107546 -0.007679801369856645
v -1.534513891620636 43.62139701420327 0.03727007952505339
v -1.5125244187164306 43.59844717621674 0.024104681831515463
v -1.5034158979797363 43.588938410821434 -0.0076802513691600766
v -1.5034158979797363 43.588938410821434 -0.0076802513691600766
v -1.5125241938591003 43.598447178995464 -0.03946518373855283
v -1.5345136667633057 43.62139701813297 -0.052631029140412816
v -1.5034158979797363 43.588938410821434 -0.0076802513691600766
v -1.5345136667633057 43.62139701813297 -0.052631029140412816
v -1.5565031396675109 43.64434685611948 -0.03946518173221425
v -1.5034158979797363 43.588938410821434 -0.0076802513691600766
v -1.5565031396675109 43.64434685611948 -0.03946518173221425
v -1.5656116604042052 43.653852023797505 -0.007680248531695966
v -1.5034158979797363 43.588938410821434 -0.0076802513691600766
v -1.5656116604042052 43.653852023797505 -0.007680248531695966
v -1.5565033645248412 43.64434685334076 0.024104683837854052
v -1.534513891620636 43.62139701420327 0.03727007952505339
v -1.5034158979797363 43.588938410821434 -0.0076802513691600766
v -1.5565033645248412 43.64434685334076 0.024104683837854052
vt 0.9979850053787231 0.5588036775588989
vt 0.9979850053787231 0.5226233005523682
vt 0.9997939467430115 0.5226233005523682
vt 0.9997939467430115 0.5226233005523682
vt 0.9997939467430115 0.5588036775588989
vt 0.9979850053787231 0.5588036775588989
vt 0.9961759448051453 0.5588036775588989
vt 0.9961759448051453 0.5226233005523682
vt 0.9979850053787231 0.5226233005523682
vt 0.9979850053787231 0.5226233005523682
vt 0.9979850053787231 0.5588036775588989
vt 0.9961759448051453 0.5588036775588989
vt 0.9943669438362122 0.5588036775588989
vt 0.9943669438362122 0.5226233005523682
vt 0.9961759448051453 0.5226233005523682
vt 0.9961759448051453 0.5226233005523682
vt 0.9961759448051453 0.5588036775588989
vt 0.9943669438362122 0.5588036775588989
vt 0.9925578832626343 0.5588036775588989
vt 0.9925578832626343 0.5226233005523682
vt 0.9943669438362122 0.5226233005523682
vt 0.9943669438362122 0.5226233005523682
vt 0.9943669438362122 0.5588036775588989
vt 0.9925578832626343 0.5588036775588989
vt 0.9907488822937012 0.5588036775588989
vt 0.9907488822937012 0.5226233005523682
vt 0.9925578832626343 0.5226233005523682
vt 0.9925578832626343 0.5226233005523682
vt 0.9925578832626343 0.5588036775588989
vt 0.9907488822937012 0.5588036775588989
vt 0.9889398217201233 0.5588036775588989
vt 0.9889398217201233 0.5226233005523682
vt 0.9907488822937012 0.5226233005523682
vt 0.9907488822937012 0.5226233005523682
vt 0.9907488822937012 0.5588036775588989
vt 0.9889398217201233 0.5588036775588989
vt 0.9871308207511902 0.5588036775588989
vt 0.9871308207511902 0.5226233005523682
vt 0.9889398217201233 0.5226233005523682
vt 0.9889398217201233 0.5226233005523682
vt 0.9889398217201233 0.5588036775588989
vt 0.9871308207511902 0.5588036775588989
vt 0.9853218197822571 0.5588036775588989
vt 0.9853218197822571 0.5226233005523682
vt 0.9871308207511902 0.5226233005523682
vt 0.9871308207511902 0.5226233005523682
vt 0.9871308207511902 0.5588036775588989
vt 0.9853218197822571 0.5588036775588989
vt 0.9835127592086792 0.5588036775588989
vt 0.9835127592086792 0.5226233005523682
vt 0.9853218197822571 0.5226233005523682
vt 0.9853218197822571 0.5226233005523682
vt 0.9853218197822571 0.5588036775588989
vt 0.9835127592086792 0.5588036775588989
vt 0.9817037582397461 0.5588036775588989
vt 0.9817037582397461 0.5226233005523682
vt 0.9835127592086792 0.5226233005523682
vt 0.9835127592086792 0.5226233005523682
vt 0.9835127592086792 0.5588036775588989
vt 0.9817037582397461 0.5588036775588989
vt 0.9798946976661682 0.5588036775588989
vt 0.9798946976661682 0.5226233005523682
vt 0.9817037582397461 0.5226233005523682
vt 0.9817037582397461 0.5226233005523682
vt 0.9817037582397461 0.5588036775588989
vt 0.9798946976661682 0.5588036775588989
vt 0.9780857563018799 0.5588036775588989
vt 0.9780857563018799 0.5226233005523682
vt 0.9798946976661682 0.5226233005523682
vt 0.9798946976661682 0.5226233005523682
vt 0.9798946976661682 0.5588036775588989
vt 0.9780857563018799 0.5588036775588989
vt 0.9762767553329468 0.5588036775588989
vt 0.9762767553329468 0.5226233005523682
vt 0.9780857563018799 0.5226233005523682
vt 0.9780857563018799 0.5226233005523682
vt 0.9780857563018799 0.5588036775588989
vt 0.9762767553329468 0.5588036775588989
vt 0.9744676947593689 0.5588036775588989
vt 0.9744676947593689 0.5226233005523682
vt 0.9762767553329468 0.5226233005523682
vt 0.9762767553329468 0.5226233005523682
vt 0.9762767553329468 0.5588036775588989
vt 0.9744676947593689 0.5588036775588989
vt 0.9726586937904358 0.5588036775588989
vt 0.9726586937904358 0.5226233005523682
vt 0.9744676947593689 0.5226233005523682
vt 0.9744676947593689 0.5226233005523682
vt 0.9744676947593689 0.5588036775588989
vt 0.9726586937904358 0.5588036775588989
vt 0.9708496928215027 0.5588036775588989
vt 0.9708496928215027 0.5226233005523682
vt 0.9726586937904358 0.5226233005523682
vt 0.9726586937904358 0.5226233005523682
vt 0.9726586937904358 0.5588036775588989
vt 0.9708496928215027 0.5588036775588989
vt 0.9690406322479248 0.5588036775588989
vt 0.9690406322479248 0.5226233005523682
vt 0.9708496928215027 0.5226233005523682
vt 0.9708496928215027 0.5226233005523682
vt 0.9708496928215027 0.5588036775588989
vt 0.9690406322479248 0.5588036775588989
vt 0.9672316312789917 0.5588036775588989
vt 0.9672316312789917 0.5226233005523682
vt 0.9690406322479248 0.5226233005523682
vt 0.9690406322479248 0.5226233005523682
vt 0.9690406322479248 0.5588036775588989
vt 0.9672316312789917 0.5588036775588989
vt 0.9654225707054138 0.5588036775588989
vt 0.9654225707054138 0.5226233005523682
vt 0.9672316312789917 0.5226233005523682
vt 0.9672316312789917 0.5226233005523682
vt 0.9672316312789917 0.5588036775588989
vt 0.9654225707054138 0.5588036775588989
vt 0.9636135697364807 0.5588036775588989
vt 0.9636135697364807 0.5226233005523682
vt 0.9654225707054138 0.5226233005523682
vt 0.9654225707054138 0.5226233005523682
vt 0.9654225707054138 0.5588036775588989
vt 0.9636135697364807 0.5588036775588989
vt 0.8048436045646667 0.6434463262557983
vt 0.8028019070625305 0.6434463262557983
vt 0.8028019070625305 0.6026135683059692
vt 0.8028019070625305 0.6026135683059692
vt 0.8048436045646667 0.6026135683059692
vt 0.8048436045646667 0.6434463262557983
vt 0.8068851828575134 0.6434463262557983
vt 0.8048436045646667 0.6434463262557983
vt 0.8048436045646667 0.6026135683059692
vt 0.8048436045646667 0.6026135683059692
vt 0.8068851828575134 0.6026135683059692
vt 0.8068851828575134 0.6434463262557983
vt 0.8089268803596497 0.6434463262557983
vt 0.8068851828575134 0.6434463262557983
vt 0.8068851828575134 0.6026135683059692
vt 0.8068851828575134 0.6026135683059692
vt 0.8089268803596497 0.6026135683059692
vt 0.8089268803596497 0.6434463262557983
vt 0.8109684586524963 0.6434463262557983
vt 0.8089268803596497 0.6434463262557983
vt 0.8089268803596497 0.6026135683059692
vt 0.8089268803596497 0.6026135683059692
vt 0.8109684586524963 0.6026135683059692
vt 0.8109684586524963 0.6434463262557983
vt 0.8130101561546326 0.6434463262557983
vt 0.8109684586524963 0.6434463262557983
vt 0.8109684586524963 0.6026135683059692
vt 0.8109684586524963 0.6026135683059692
vt 0.8130101561546326 0.6026135683059692
vt 0.8130101561546326 0.6434463262557983
vt 0.8150517344474792 0.6434463262557983
vt 0.8130101561546326 0.6434463262557983
vt 0.8130101561546326 0.6026135683059692
vt 0.8130101561546326 0.6026135683059692
vt 0.8150517344474792 0.6026135683059692
vt 0.8150517344474792 0.6434463262557983
vt 0.8170934319496155 0.6434463262557983
vt 0.8150517344474792 0.6434463262557983
vt 0.8150517344474792 0.6026135683059692
vt 0.8150517344474792 0.6026135683059692
vt 0.8170934319496155 0.6026135683059692
vt 0.8170934319496155 0.6434463262557983
vt 0.8191350102424622 0.6434463262557983
vt 0.8170934319496155 0.6434463262557983
vt 0.8170934319496155 0.6026135683059692
vt 0.8170934319496155 0.6026135683059692
vt 0.8191350102424622 0.6026135683059692
vt 0.8191350102424622 0.6434463262557983
vt 0.8211767077445984 0.6434463262557983
vt 0.8191350102424622 0.6434463262557983
vt 0.8191350102424622 0.6026135683059692
vt 0.8191350102424622 0.6026135683059692
vt 0.8211767077445984 0.6026135683059692
vt 0.8211767077445984 0.6434463262557983
vt 0.8232184052467346 0.6434463262557983
vt 0.8211767077445984 0.6434463262557983
vt 0.8211767077445984 0.6026135683059692
vt 0.8211767077445984 0.6026135683059692
vt 0.8232184052467346 0.6026135683059692
vt 0.8232184052467346 0.6434463262557983
vt 0.8252599835395813 0.6434463262557983
vt 0.8232184052467346 0.6434463262557983
vt 0.8232184052467346 0.6026135683059692
vt 0.8232184052467346 0.6026135683059692
vt 0.8252599835395813 0.6026135683059692
vt 0.8252599835395813 0.6434463262557983
vt 0.8273016810417175 0.6434463262557983
vt 0.8252599835395813 0.6434463262557983
vt 0.8252599835395813 0.6026135683059692
vt 0.8252599835395813 0.6026135683059692
vt 0.8273016810417175 0.6026135683059692
vt 0.8273016810417175 0.6434463262557983
vt 0.8293431997299194 0.6434463262557983
vt 0.8273016810417175 0.6434463262557983
vt 0.8273016810417175 0.6026135683059692
vt 0.8273016810417175 0.6026135683059692
vt 0.8293431997299194 0.6026135683059692
vt 0.8293431997299194 0.6434463262557983
vt 0.8313848972320557 0.6434463262557983
vt 0.8293431997299194 0.6434463262557983
vt 0.8293431997299194 0.6026135683059692
vt 0.8293431997299194 0.6026135683059692
vt 0.8313848972320557 0.6026135683059692
vt 0.8313848972320557 0.6434463262557983
vt 0.8334264755249023 0.6434463262557983
vt 0.8313848972320557 0.6434463262557983
vt 0.8313848972320557 0.6026135683059692
vt 0.8313848972320557 0.6026135683059692
vt 0.8334264755249023 0.6026135683059692
vt 0.8334264755249023 0.6434463262557983
vt 0.8354681730270386 0.6434463262557983
vt 0.8334264755249023 0.6434463262557983
vt 0.8334264755249023 0.6026135683059692
vt 0.8334264755249023 0.6026135683059692
vt 0.8354681730270386 0.6026135683059692
vt 0.8354681730270386 0.6434463262557983
vt 0.8375097513198853 0.6434463262557983
vt 0.8354681730270386 0.6434463262557983
vt 0.8354681730270386 0.6026135683059692
vt 0.8354681730270386 0.6026135683059692
vt 0.8375097513198853 0.6026135683059692
vt 0.8375097513198853 0.6434463262557983
vt 0.8395514488220215 0.6434463262557983
vt 0.8375097513198853 0.6434463262557983
vt 0.8375097513198853 0.6026135683059692
vt 0.8375097513198853 0.6026135683059692
vt 0.8395514488220215 0.6026135683059692
vt 0.8395514488220215 0.6434463262557983
vt 0.8415931463241577 0.6434463262557983
vt 0.8395514488220215 0.6434463262557983
vt 0.8395514488220215 0.6026135683059692
vt 0.8395514488220215 0.6026135683059692
vt 0.8415931463241577 0.6026135683059692
vt 0.8415931463241577 0.6434463262557983
vt 0.8436347246170044 0.6434463262557983
vt 0.8415931463241577 0.6434463262557983
vt 0.8415931463241577 0.6026135683059692
vt 0.8415931463241577 0.6026135683059692
vt 0.8436347246170044 0.6026135683059692
vt 0.8436347246170044 0.6434463262557983
vt 0.8067371249198914 0.6013270616531372
vt 0.8028019070625305 0.6013270616531372
vt 0.8028019070625305 0.5226233005523682
vt 0.8028019070625305 0.5226233005523682
vt 0.8067371249198914 0.5226233005523682
vt 0.8067371249198914 0.6013270616531372
vt 0.8106723427772522 0.6013270616531372
vt 0.8067371249198914 0.6013270616531372
vt 0.8067371249198914 0.5226233005523682
vt 0.8067371249198914 0.5226233005523682
vt 0.8106723427772522 0.5226233005523682
vt 0.8106723427772522 0.6013270616531372
vt 0.814607560634613 0.6013270616531372
vt 0.8106723427772522 0.6013270616531372
vt 0.8106723427772522 0.5226233005523682
vt 0.8106723427772522 0.5226233005523682
vt 0.814607560634613 0.5226233005523682
vt 0.814607560634613 0.6013270616531372
vt 0.8185427188873291 0.6013270616531372
vt 0.814607560634613 0.6013270616531372
vt 0.814607560634613 0.5226233005523682
vt 0.814607560634613 0.5226233005523682
vt 0.8185427188873291 0.5226233005523682
vt 0.8185427188873291 0.6013270616531372
vt 0.8224778771400452 0.6013270616531372
vt 0.8185427188873291 0.6013270616531372
vt 0.8185427188873291 0.5226233005523682
vt 0.8185427188873291 0.5226233005523682
vt 0.8224778771400452 0.5226233005523682
vt 0.8224778771400452 0.6013270616531372
vt 0.826413094997406 0.6013270616531372
vt 0.8224778771400452 0.6013270616531372
vt 0.8224778771400452 0.5226233005523682
vt 0.8224778771400452 0.5226233005523682
vt 0.826413094997406 0.5226233005523682
vt 0.826413094997406 0.6013270616531372
vt 0.8303483128547668 0.6013270616531372
vt 0.826413094997406 0.6013270616531372
vt 0.826413094997406 0.5226233005523682
vt 0.826413094997406 0.5226233005523682
vt 0.8303483128547668 0.5226233005523682
vt 0.8303483128547668 0.6013270616531372
vt 0.8342834711074829 0.6013270616531372
vt 0.8303483128547668 0.6013270616531372
vt 0.8303483128547668 0.5226233005523682
vt 0.8303483128547668 0.5226233005523682
vt 0.8342834711074829 0.5226233005523682
vt 0.8342834711074829 0.6013270616531372
vt 0.8382186889648438 0.6013270616531372
vt 0.8342834711074829 0.6013270616531372
vt 0.8342834711074829 0.5226233005523682
vt 0.8342834711074829 0.5226233005523682
vt 0.8382186889648438 0.5226233005523682
vt 0.8382186889648438 0.6013270616531372
vt 0.8421538472175598 0.6013270616531372
vt 0.8382186889648438 0.6013270616531372
vt 0.8382186889648438 0.5226233005523682
vt 0.8382186889648438 0.5226233005523682
vt 0.8421538472175598 0.5226233005523682
vt 0.8421538472175598 0.6013270616531372
vt 0.8460890650749207 0.6013270616531372
vt 0.8421538472175598 0.6013270616531372
vt 0.8421538472175598 0.5226233005523682
vt 0.8421538472175598 0.5226233005523682
vt 0.8460890650749207 0.5226233005523682
vt 0.8460890650749207 0.6013270616531372
vt 0.8500242233276367 0.6013270616531372
vt 0.8460890650749207 0.6013270616531372
vt 0.8460890650749207 0.5226233005523682
vt 0.8460890650749207 0.5226233005523682
vt 0.8500242233276367 0.5226233005523682
vt 0.8500242233276367 0.6013270616531372
vt 0.8539594411849976 0.6013270616531372
vt 0.8500242233276367 0.6013270616531372
vt 0.8500242233276367 0.5226233005523682
vt 0.8500242233276367 0.5226233005523682
vt 0.8539594411849976 0.5226233005523682
vt 0.8539594411849976 0.6013270616531372
vt 0.8578946590423584 0.6013270616531372
vt 0.8539594411849976 0.6013270616531372
vt 0.8539594411849976 0.5226233005523682
vt 0.8539594411849976 0.5226233005523682
vt 0.8578946590423584 0.5226233005523682
vt 0.8578946590423584 0.6013270616531372
vt 0.8618298172950745 0.6013270616531372
vt 0.8578946590423584 0.6013270616531372
vt 0.8578946590423584 0.5226233005523682
vt 0.8578946590423584 0.5226233005523682
vt 0.8618298172950745 0.5226233005523682
vt 0.8618298172950745 0.6013270616531372
vt 0.8657649755477905 0.6013270616531372
vt 0.8618298172950745 0.6013270616531372
vt 0.8618298172950745 0.5226233005523682
vt 0.8618298172950745 0.5226233005523682
vt 0.8657649755477905 0.5226233005523682
vt 0.8657649755477905 0.6013270616531372
vt 0.8697001934051514 0.6013270616531372
vt 0.8657649755477905 0.6013270616531372
vt 0.8657649755477905 0.5226233005523682
vt 0.8657649755477905 0.5226233005523682
vt 0.8697001934051514 0.5226233005523682
vt 0.8697001934051514 0.6013270616531372
vt 0.8736354112625122 0.6013270616531372
vt 0.8697001934051514 0.6013270616531372
vt 0.8697001934051514 0.5226233005523682
vt 0.8697001934051514 0.5226233005523682
vt 0.8736354112625122 0.5226233005523682
vt 0.8736354112625122 0.6013270616531372
vt 0.877570629119873 0.6013270616531372
vt 0.8736354112625122 0.6013270616531372
vt 0.8736354112625122 0.5226233005523682
vt 0.8736354112625122 0.5226233005523682
vt 0.877570629119873 0.5226233005523682
vt 0.877570629119873 0.6013270616531372
vt 0.8815057277679443 0.6013270616531372
vt 0.877570629119873 0.6013270616531372
vt 0.877570629119873 0.5226233005523682
vt 0.877570629119873 0.5226233005523682
vt 0.8815057277679443 0.5226233005523682
vt 0.8815057277679443 0.6013270616531372
vt 0.13920675218105316 0.05049693211913109
vt 0.13065947592258453 0.05049693211913109
vt 0.13065947592258453 0.041949667036533356
vt 0.13065947592258453 0.041949667036533356
vt 0.13920675218105316 0.041949667036533356
vt 0.13920675218105316 0.05049693211913109
vt 0.719173014163971 0.6089227795600891
vt 0.7148580551147461 0.6089227795600891
vt 0.7148580551147461 0.5226233005523682
vt 0.7148580551147461 0.5226233005523682
vt 0.719173014163971 0.5226233005523682
vt 0.719173014163971 0.6089227795600891
vt 0.7234880328178406 0.6089227795600891
vt 0.719173014163971 0.6089227795600891
vt 0.719173014163971 0.5226233005523682
vt 0.719173014163971 0.5226233005523682
vt 0.7234880328178406 0.5226233005523682
vt 0.7234880328178406 0.6089227795600891
vt 0.7278029322624207 0.6089227795600891
vt 0.7234880328178406 0.6089227795600891
vt 0.7234880328178406 0.5226233005523682
vt 0.7234880328178406 0.5226233005523682
vt 0.7278029322624207 0.5226233005523682
vt 0.7278029322624207 0.6089227795600891
vt 0.7321179509162903 0.6089227795600891
vt 0.7278029322624207 0.6089227795600891
vt 0.7278029322624207 0.5226233005523682
vt 0.7278029322624207 0.5226233005523682
vt 0.7321179509162903 0.5226233005523682
vt 0.7321179509162903 0.6089227795600891
vt 0.7364329099655151 0.6089227795600891
vt 0.7321179509162903 0.6089227795600891
vt 0.7321179509162903 0.5226233005523682
vt 0.7321179509162903 0.5226233005523682
vt 0.7364329099655151 0.5226233005523682
vt 0.7364329099655151 0.6089227795600891
vt 0.74074786901474 0.6089227795600891
vt 0.7364329099655151 0.6089227795600891
vt 0.7364329099655151 0.5226233005523682
vt 0.7364329099655151 0.5226233005523682
vt 0.74074786901474 0.5226233005523682
vt 0.74074786901474 0.6089227795600891
vt 0.7450628876686096 0.6089227795600891
vt 0.74074786901474 0.6089227795600891
vt 0.74074786901474 0.5226233005523682
vt 0.74074786901474 0.5226233005523682
vt 0.7450628876686096 0.5226233005523682
vt 0.7450628876686096 0.6089227795600891
vt 0.7493777871131897 0.6089227795600891
vt 0.7450628876686096 0.6089227795600891
vt 0.7450628876686096 0.5226233005523682
vt 0.7450628876686096 0.5226233005523682
vt 0.7493777871131897 0.5226233005523682
vt 0.7493777871131897 0.6089227795600891
vt 0.7536928057670593 0.6089227795600891
vt 0.7493777871131897 0.6089227795600891
vt 0.7493777871131897 0.5226233005523682
vt 0.7493777871131897 0.5226233005523682
vt 0.7536928057670593 0.5226233005523682
vt 0.7536928057670593 0.6089227795600891
vt 0.7580077648162842 0.6089227795600891
vt 0.7536928057670593 0.6089227795600891
vt 0.7536928057670593 0.5226233005523682
vt 0.7536928057670593 0.5226233005523682
vt 0.7580077648162842 0.5226233005523682
vt 0.7580077648162842 0.6089227795600891
vt 0.7623227834701538 0.6089227795600891
vt 0.7580077648162842 0.6089227795600891
vt 0.7580077648162842 0.5226233005523682
vt 0.7580077648162842 0.5226233005523682
vt 0.7623227834701538 0.5226233005523682
vt 0.7623227834701538 0.6089227795600891
vt 0.7666376829147339 0.6089227795600891
vt 0.7623227834701538 0.6089227795600891
vt 0.7623227834701538 0.5226233005523682
vt 0.7623227834701538 0.5226233005523682
vt 0.7666376829147339 0.5226233005523682
vt 0.7666376829147339 0.6089227795600891
vt 0.7709527015686035 0.6089227795600891
vt 0.7666376829147339 0.6089227795600891
vt 0.7666376829147339 0.5226233005523682
vt 0.7666376829147339 0.5226233005523682
vt 0.7709527015686035 0.5226233005523682
vt 0.7709527015686035 0.6089227795600891
vt 0.7752676606178284 0.6089227795600891
vt 0.7709527015686035 0.6089227795600891
vt 0.7709527015686035 0.5226233005523682
vt 0.7709527015686035 0.5226233005523682
vt 0.7752676606178284 0.5226233005523682
vt 0.7752676606178284 0.6089227795600891
vt 0.779582679271698 0.6089227795600891
vt 0.7752676606178284 0.6089227795600891
vt 0.7752676606178284 0.5226233005523682
vt 0.7752676606178284 0.5226233005523682
vt 0.779582679271698 0.5226233005523682
vt 0.779582679271698 0.6089227795600891
vt 0.7838976383209229 0.6089227795600891
vt 0.779582679271698 0.6089227795600891
vt 0.779582679271698 0.5226233005523682
vt 0.779582679271698 0.5226233005523682
vt 0.7838976383209229 0.5226233005523682
vt 0.7838976383209229 0.6089227795600891
vt 0.7882125973701477 0.6089227795600891
vt 0.7838976383209229 0.6089227795600891
vt 0.7838976383209229 0.5226233005523682
vt 0.7838976383209229 0.5226233005523682
vt 0.7882125973701477 0.5226233005523682
vt 0.7882125973701477 0.6089227795600891
vt 0.7925275564193726 0.6089227795600891
vt 0.7882125973701477 0.6089227795600891
vt 0.7882125973701477 0.5226233005523682
vt 0.7882125973701477 0.5226233005523682
vt 0.7925275564193726 0.5226233005523682
vt 0.7925275564193726 0.6089227795600891
vt 0.7968425154685974 0.6089227795600891
vt 0.7925275564193726 0.6089227795600891
vt 0.7925275564193726 0.5226233005523682
vt 0.7925275564193726 0.5226233005523682
vt 0.7968425154685974 0.5226233005523682
vt 0.7968425154685974 0.6089227795600891
vt 0.801157534122467 0.6089227795600891
vt 0.7968425154685974 0.6089227795600891
vt 0.7968425154685974 0.5226233005523682
vt 0.7968425154685974 0.5226233005523682
vt 0.801157534122467 0.5226233005523682
vt 0.801157534122467 0.6089227795600891
vt 0.13920675218105316 0.04066319018602371
vt 0.13065947592258453 0.04066319018602371
vt 0.13065947592258453 0.03211592510342598
vt 0.13065947592258453 0.03211592510342598
vt 0.13920675218105316 0.03211592510342598
vt 0.13920675218105316 0.04066319018602371
vt 0.3392120897769928 0.12020324915647507
vt 0.3392120897769928 0.10303138196468353
vt 0.34779804944992065 0.10303138196468353
vt 0.34779804944992065 0.12020324915647507
vt 0.34779804944992065 0.10303138196468353
vt 0.3563839793205261 0.10303138196468353
vt 0.3563839793205261 0.12020324915647507
vt 0.3563839793205261 0.10303138196468353
vt 0.364969938993454 0.10303138196468353
vt 0.364969938993454 0.12020324915647507
vt 0.364969938993454 0.10303138196468353
vt 0.37355583906173706 0.10303138196468353
vt 0.37355583906173706 0.12020324915647507
vt 0.37355583906173706 0.10303138196468353
vt 0.3821418285369873 0.10303138196468353
vt 0.3821418285369873 0.12020324915647507
vt 0.3821418285369873 0.10303138196468353
vt 0.3907277286052704 0.10303138196468353
vt 0.3907277286052704 0.12020324915647507
vt 0.3907277286052704 0.10303138196468353
vt 0.39931368827819824 0.10303138196468353
vt 0.39931368827819824 0.12020324915647507
vt 0.39931368827819824 0.10303138196468353
vt 0.4078996479511261 0.10303138196468353
vt 0.4078996479511261 0.12020324915647507
vt 0.4078996479511261 0.10303138196468353
vt 0.41648560762405396 0.10303138196468353
vt 0.41648560762405396 0.12020324915647507
vt 0.41648560762405396 0.10303138196468353
vt 0.4250715374946594 0.10303138196468353
vt 0.4250715374946594 0.12020324915647507
vt 0.4250715374946594 0.10303138196468353
vt 0.4336574971675873 0.10303138196468353
vt 0.4336574971675873 0.12020324915647507
vt 0.4336574971675873 0.10303138196468353
vt 0.44224345684051514 0.10303138196468353
vt 0.44224345684051514 0.12020324915647507
vt 0.44224345684051514 0.10303138196468353
vt 0.4508293569087982 0.10303138196468353
vt 0.4508293569087982 0.12020324915647507
vt 0.4508293569087982 0.10303138196468353
vt 0.4594153165817261 0.10303138196468353
vt 0.4594153165817261 0.12020324915647507
vt 0.4594153165817261 0.10303138196468353
vt 0.46800127625465393 0.10303138196468353
vt 0.34779804944992065 0.08585945516824722
vt 0.34779804944992065 0.10303138196468353
vt 0.3392120897769928 0.10303138196468353
vt 0.3392120897769928 0.10303138196468353
vt 0.3392120897769928 0.08585945516824722
vt 0.34779804944992065 0.08585945516824722
vt 0.3563839793205261 0.08585945516824722
vt 0.3563839793205261 0.10303138196468353
vt 0.34779804944992065 0.10303138196468353
vt 0.34779804944992065 0.10303138196468353
vt 0.34779804944992065 0.08585945516824722
vt 0.3563839793205261 0.08585945516824722
vt 0.364969938993454 0.08585945516824722
vt 0.364969938993454 0.10303138196468353
vt 0.3563839793205261 0.10303138196468353
vt 0.3563839793205261 0.10303138196468353
vt 0.3563839793205261 0.08585945516824722
vt 0.364969938993454 0.08585945516824722
vt 0.37355583906173706 0.08585945516824722
vt 0.37355583906173706 0.10303138196468353
vt 0.364969938993454 0.10303138196468353
vt 0.364969938993454 0.10303138196468353
vt 0.364969938993454 0.08585945516824722
vt 0.37355583906173706 0.08585945516824722
vt 0.3821418285369873 0.08585945516824722
vt 0.3821418285369873 0.10303138196468353
vt 0.37355583906173706 0.10303138196468353
vt 0.37355583906173706 0.10303138196468353
vt 0.37355583906173706 0.08585945516824722
vt 0.3821418285369873 0.08585945516824722
vt 0.3907277286052704 0.08585945516824722
vt 0.3907277286052704 0.10303138196468353
vt 0.3821418285369873 0.10303138196468353
vt 0.3821418285369873 0.10303138196468353
vt 0.3821418285369873 0.08585945516824722
vt 0.3907277286052704 0.08585945516824722
vt 0.39931368827819824 0.08585945516824722
vt 0.39931368827819824 0.10303138196468353
vt 0.3907277286052704 0.10303138196468353
vt 0.3907277286052704 0.10303138196468353
vt 0.3907277286052704 0.08585945516824722
vt 0.39931368827819824 0.08585945516824722
vt 0.4078996479511261 0.08585945516824722
vt 0.4078996479511261 0.10303138196468353
vt 0.39931368827819824 0.10303138196468353
vt 0.39931368827819824 0.10303138196468353
vt 0.39931368827819824 0.08585945516824722
vt 0.4078996479511261 0.08585945516824722
vt 0.41648560762405396 0.08585945516824722
vt 0.41648560762405396 0.10303138196468353
vt 0.4078996479511261 0.10303138196468353
vt 0.4078996479511261 0.10303138196468353
vt 0.4078996479511261 0.08585945516824722
vt 0.41648560762405396 0.08585945516824722
vt 0.4250715374946594 0.08585945516824722
vt 0.4250715374946594 0.10303138196468353
vt 0.41648560762405396 0.10303138196468353
vt 0.41648560762405396 0.10303138196468353
vt 0.41648560762405396 0.08585945516824722
vt 0.4250715374946594 0.08585945516824722
vt 0.4336574971675873 0.08585945516824722
vt 0.4336574971675873 0.10303138196468353
vt 0.4250715374946594 0.10303138196468353
vt 0.4250715374946594 0.10303138196468353
vt 0.4250715374946594 0.08585945516824722
vt 0.4336574971675873 0.08585945516824722
vt 0.44224345684051514 0.08585945516824722
vt 0.44224345684051514 0.10303138196468353
vt 0.4336574971675873 0.10303138196468353
vt 0.4336574971675873 0.10303138196468353
vt 0.4336574971675873 0.08585945516824722
vt 0.44224345684051514 0.08585945516824722
vt 0.4508293569087982 0.08585945516824722
vt 0.4508293569087982 0.10303138196468353
vt 0.44224345684051514 0.10303138196468353
vt 0.44224345684051514 0.10303138196468353
vt 0.44224345684051514 0.08585945516824722
vt 0.4508293569087982 0.08585945516824722
vt 0.4594153165817261 0.08585945516824722
vt 0.4594153165817261 0.10303138196468353
vt 0.4508293569087982 0.10303138196468353
vt 0.4508293569087982 0.10303138196468353
vt 0.4508293569087982 0.08585945516824722
vt 0.4594153165817261 0.08585945516824722
vt 0.46800127625465393 0.08585945516824722
vt 0.46800127625465393 0.10303138196468353
vt 0.4594153165817261 0.10303138196468353
vt 0.4594153165817261 0.10303138196468353
vt 0.4594153165817261 0.08585945516824722
vt 0.46800127625465393 0.08585945516824722
vt 0.34779804944992065 0.06868758797645569
vt 0.34779804944992065 0.08585945516824722
vt 0.3392120897769928 0.08585945516824722
vt 0.3392120897769928 0.08585945516824722
vt 0.3392120897769928 0.06868758797645569
vt 0.34779804944992065 0.06868758797645569
vt 0.3563839793205261 0.06868758797645569
vt 0.3563839793205261 0.08585945516824722
vt 0.34779804944992065 0.08585945516824722
vt 0.34779804944992065 0.08585945516824722
vt 0.34779804944992065 0.06868758797645569
vt 0.3563839793205261 0.06868758797645569
vt 0.364969938993454 0.06868758797645569
vt 0.364969938993454 0.08585945516824722
vt 0.3563839793205261 0.08585945516824722
vt 0.3563839793205261 0.08585945516824722
vt 0.3563839793205261 0.06868758797645569
vt 0.364969938993454 0.06868758797645569
vt 0.37355583906173706 0.06868758797645569
vt 0.37355583906173706 0.08585945516824722
vt 0.364969938993454 0.08585945516824722
vt 0.364969938993454 0.08585945516824722
vt 0.364969938993454 0.06868758797645569
vt 0.37355583906173706 0.06868758797645569
vt 0.3821418285369873 0.06868758797645569
vt 0.3821418285369873 0.08585945516824722
vt 0.37355583906173706 0.08585945516824722
vt 0.37355583906173706 0.08585945516824722
vt 0.37355583906173706 0.06868758797645569
vt 0.3821418285369873 0.06868758797645569
vt 0.3907277286052704 0.06868758797645569
vt 0.3907277286052704 0.08585945516824722
vt 0.3821418285369873 0.08585945516824722
vt 0.3821418285369873 0.08585945516824722
vt 0.3821418285369873 0.06868758797645569
vt 0.3907277286052704 0.06868758797645569
vt 0.39931368827819824 0.06868758797645569
vt 0.39931368827819824 0.08585945516824722
vt 0.3907277286052704 0.08585945516824722
vt 0.3907277286052704 0.08585945516824722
vt 0.3907277286052704 0.06868758797645569
vt 0.39931368827819824 0.06868758797645569
vt 0.4078996479511261 0.06868758797645569
vt 0.4078996479511261 0.08585945516824722
vt 0.39931368827819824 0.08585945516824722
vt 0.39931368827819824 0.08585945516824722
vt 0.39931368827819824 0.06868758797645569
vt 0.4078996479511261 0.06868758797645569
vt 0.41648560762405396 0.06868758797645569
vt 0.41648560762405396 0.08585945516824722
vt 0.4078996479511261 0.08585945516824722
vt 0.4078996479511261 0.08585945516824722
vt 0.4078996479511261 0.06868758797645569
vt 0.41648560762405396 0.06868758797645569
vt 0.4250715374946594 0.06868758797645569
vt 0.4250715374946594 0.08585945516824722
vt 0.41648560762405396 0.08585945516824722
vt 0.41648560762405396 0.08585945516824722
vt 0.41648560762405396 0.06868758797645569
vt 0.4250715374946594 0.06868758797645569
vt 0.4336574971675873 0.06868758797645569
vt 0.4336574971675873 0.08585945516824722
vt 0.4250715374946594 0.08585945516824722
vt 0.4250715374946594 0.08585945516824722
vt 0.4250715374946594 0.06868758797645569
vt 0.4336574971675873 0.06868758797645569
vt 0.44224345684051514 0.06868758797645569
vt 0.44224345684051514 0.08585945516824722
vt 0.4336574971675873 0.08585945516824722
vt 0.4336574971675873 0.08585945516824722
vt 0.4336574971675873 0.06868758797645569
vt 0.44224345684051514 0.06868758797645569
vt 0.4508293569087982 0.06868758797645569
vt 0.4508293569087982 0.08585945516824722
vt 0.44224345684051514 0.08585945516824722
vt 0.44224345684051514 0.08585945516824722
vt 0.44224345684051514 0.06868758797645569
vt 0.4508293569087982 0.06868758797645569
vt 0.4594153165817261 0.06868758797645569
vt 0.4594153165817261 0.08585945516824722
vt 0.4508293569087982 0.08585945516824722
vt 0.4508293569087982 0.08585945516824722
vt 0.4508293569087982 0.06868758797645569
vt 0.4594153165817261 0.06868758797645569
vt 0.46800127625465393 0.06868758797645569
vt 0.46800127625465393 0.08585945516824722
vt 0.4594153165817261 0.08585945516824722
vt 0.4594153165817261 0.08585945516824722
vt 0.4594153165817261 0.06868758797645569
vt 0.46800127625465393 0.06868758797645569
vt 0.34779804944992065 0.051515720784664154
vt 0.34779804944992065 0.06868758797645569
vt 0.3392120897769928 0.06868758797645569
vt 0.3392120897769928 0.06868758797645569
vt 0.3392120897769928 0.051515720784664154
vt 0.34779804944992065 0.051515720784664154
vt 0.3563839793205261 0.051515720784664154
vt 0.3563839793205261 0.06868758797645569
vt 0.34779804944992065 0.06868758797645569
vt 0.34779804944992065 0.06868758797645569
vt 0.34779804944992065 0.051515720784664154
vt 0.3563839793205261 0.051515720784664154
vt 0.364969938993454 0.051515720784664154
vt 0.364969938993454 0.06868758797645569
vt 0.3563839793205261 0.06868758797645569
vt 0.3563839793205261 0.06868758797645569
vt 0.3563839793205261 0.051515720784664154
vt 0.364969938993454 0.051515720784664154
vt 0.37355583906173706 0.051515720784664154
vt 0.37355583906173706 0.06868758797645569
vt 0.364969938993454 0.06868758797645569
vt 0.364969938993454 0.06868758797645569
vt 0.364969938993454 0.051515720784664154
vt 0.37355583906173706 0.051515720784664154
vt 0.3821418285369873 0.051515720784664154
vt 0.3821418285369873 0.06868758797645569
vt 0.37355583906173706 0.06868758797645569
vt 0.37355583906173706 0.06868758797645569
vt 0.37355583906173706 0.051515720784664154
vt 0.3821418285369873 0.051515720784664154
vt 0.3907277286052704 0.051515720784664154
vt 0.3907277286052704 0.06868758797645569
vt 0.3821418285369873 0.06868758797645569
vt 0.3821418285369873 0.06868758797645569
vt 0.3821418285369873 0.051515720784664154
vt 0.3907277286052704 0.051515720784664154
vt 0.39931368827819824 0.051515720784664154
vt 0.39931368827819824 0.06868758797645569
vt 0.3907277286052704 0.06868758797645569
vt 0.3907277286052704 0.06868758797645569
vt 0.3907277286052704 0.051515720784664154
vt 0.39931368827819824 0.051515720784664154
vt 0.4078996479511261 0.051515720784664154
vt 0.4078996479511261 0.06868758797645569
vt 0.39931368827819824 0.06868758797645569
vt 0.39931368827819824 0.06868758797645569
vt 0.39931368827819824 0.051515720784664154
vt 0.4078996479511261 0.051515720784664154
vt 0.41648560762405396 0.051515720784664154
vt 0.41648560762405396 0.06868758797645569
vt 0.4078996479511261 0.06868758797645569
vt 0.4078996479511261 0.06868758797645569
vt 0.4078996479511261 0.051515720784664154
vt 0.41648560762405396 0.051515720784664154
vt 0.4250715374946594 0.051515720784664154
vt 0.4250715374946594 0.06868758797645569
vt 0.41648560762405396 0.06868758797645569
vt 0.41648560762405396 0.06868758797645569
vt 0.41648560762405396 0.051515720784664154
vt 0.4250715374946594 0.051515720784664154
vt 0.4336574971675873 0.051515720784664154
vt 0.4336574971675873 0.06868758797645569
vt 0.4250715374946594 0.06868758797645569
vt 0.4250715374946594 0.06868758797645569
vt 0.4250715374946594 0.051515720784664154
vt 0.4336574971675873 0.051515720784664154
vt 0.44224345684051514 0.051515720784664154
vt 0.44224345684051514 0.06868758797645569
vt 0.4336574971675873 0.06868758797645569
vt 0.4336574971675873 0.06868758797645569
vt 0.4336574971675873 0.051515720784664154
vt 0.44224345684051514 0.051515720784664154
vt 0.4508293569087982 0.051515720784664154
vt 0.4508293569087982 0.06868758797645569
vt 0.44224345684051514 0.06868758797645569
vt 0.44224345684051514 0.06868758797645569
vt 0.44224345684051514 0.051515720784664154
vt 0.4508293569087982 0.051515720784664154
vt 0.4594153165817261 0.051515720784664154
vt 0.4594153165817261 0.06868758797645569
vt 0.4508293569087982 0.06868758797645569
vt 0.4508293569087982 0.06868758797645569
vt 0.4508293569087982 0.051515720784664154
vt 0.4594153165817261 0.051515720784664154
vt 0.46800127625465393 0.051515720784664154
vt 0.46800127625465393 0.06868758797645569
vt 0.4594153165817261 0.06868758797645569
vt 0.4594153165817261 0.06868758797645569
vt 0.4594153165817261 0.051515720784664154
vt 0.46800127625465393 0.051515720784664154
vt 0.34779804944992065 0.03434385359287262
vt 0.34779804944992065 0.051515720784664154
vt 0.3392120897769928 0.051515720784664154
vt 0.3392120897769928 0.051515720784664154
vt 0.3392120897769928 0.03434385359287262
vt 0.34779804944992065 0.03434385359287262
vt 0.3563839793205261 0.03434385359287262
vt 0.3563839793205261 0.051515720784664154
vt 0.34779804944992065 0.051515720784664154
vt 0.34779804944992065 0.051515720784664154
vt 0.34779804944992065 0.03434385359287262
vt 0.3563839793205261 0.03434385359287262
vt 0.364969938993454 0.03434385359287262
vt 0.364969938993454 0.051515720784664154
vt 0.3563839793205261 0.051515720784664154
vt 0.3563839793205261 0.051515720784664154
vt 0.3563839793205261 0.03434385359287262
vt 0.364969938993454 0.03434385359287262
vt 0.37355583906173706 0.03434385359287262
vt 0.37355583906173706 0.051515720784664154
vt 0.364969938993454 0.051515720784664154
vt 0.364969938993454 0.051515720784664154
vt 0.364969938993454 0.03434385359287262
vt 0.37355583906173706 0.03434385359287262
vt 0.3821418285369873 0.03434385359287262
vt 0.3821418285369873 0.051515720784664154
vt 0.37355583906173706 0.051515720784664154
vt 0.37355583906173706 0.051515720784664154
vt 0.37355583906173706 0.03434385359287262
vt 0.3821418285369873 0.03434385359287262
vt 0.3907277286052704 0.03434385359287262
vt 0.3907277286052704 0.051515720784664154
vt 0.3821418285369873 0.051515720784664154
vt 0.3821418285369873 0.051515720784664154
vt 0.3821418285369873 0.03434385359287262
vt 0.3907277286052704 0.03434385359287262
vt 0.39931368827819824 0.03434385359287262
vt 0.39931368827819824 0.051515720784664154
vt 0.3907277286052704 0.051515720784664154
vt 0.3907277286052704 0.051515720784664154
vt 0.3907277286052704 0.03434385359287262
vt 0.39931368827819824 0.03434385359287262
vt 0.4078996479511261 0.03434385359287262
vt 0.4078996479511261 0.051515720784664154
vt 0.39931368827819824 0.051515720784664154
vt 0.39931368827819824 0.051515720784664154
vt 0.39931368827819824 0.03434385359287262
vt 0.4078996479511261 0.03434385359287262
vt 0.41648560762405396 0.03434385359287262
vt 0.41648560762405396 0.051515720784664154
vt 0.4078996479511261 0.051515720784664154
vt 0.4078996479511261 0.051515720784664154
vt 0.4078996479511261 0.03434385359287262
vt 0.41648560762405396 0.03434385359287262
vt 0.4250715374946594 0.03434385359287262
vt 0.4250715374946594 0.051515720784664154
vt 0.41648560762405396 0.051515720784664154
vt 0.41648560762405396 0.051515720784664154
vt 0.41648560762405396 0.03434385359287262
vt 0.4250715374946594 0.03434385359287262
vt 0.4336574971675873 0.03434385359287262
vt 0.4336574971675873 0.051515720784664154
vt 0.4250715374946594 0.051515720784664154
vt 0.4250715374946594 0.051515720784664154
vt 0.4250715374946594 0.03434385359287262
vt 0.4336574971675873 0.03434385359287262
vt 0.44224345684051514 0.03434385359287262
vt 0.44224345684051514 0.051515720784664154
vt 0.4336574971675873 0.051515720784664154
vt 0.4336574971675873 0.051515720784664154
vt 0.4336574971675873 0.03434385359287262
vt 0.44224345684051514 0.03434385359287262
vt 0.4508293569087982 0.03434385359287262
vt 0.4508293569087982 0.051515720784664154
vt 0.44224345684051514 0.051515720784664154
vt 0.44224345684051514 0.051515720784664154
vt 0.44224345684051514 0.03434385359287262
vt 0.4508293569087982 0.03434385359287262
vt 0.4594153165817261 0.03434385359287262
vt 0.4594153165817261 0.051515720784664154
vt 0.4508293569087982 0.051515720784664154
vt 0.4508293569087982 0.051515720784664154
vt 0.4508293569087982 0.03434385359287262
vt 0.4594153165817261 0.03434385359287262
vt 0.46800127625465393 0.03434385359287262
vt 0.46800127625465393 0.051515720784664154
vt 0.4594153165817261 0.051515720784664154
vt 0.4594153165817261 0.051515720784664154
vt 0.4594153165817261 0.03434385359287262
vt 0.46800127625465393 0.03434385359287262
vt 0.34779804944992065 0.01717192679643631
vt 0.34779804944992065 0.03434385359287262
vt 0.3392120897769928 0.03434385359287262
vt 0.3392120897769928 0.03434385359287262
vt 0.3392120897769928 0.01717192679643631
vt 0.34779804944992065 0.01717192679643631
vt 0.3563839793205261 0.01717192679643631
vt 0.3563839793205261 0.03434385359287262
vt 0.34779804944992065 0.03434385359287262
vt 0.34779804944992065 0.03434385359287262
vt 0.34779804944992065 0.01717192679643631
vt 0.3563839793205261 0.01717192679643631
vt 0.364969938993454 0.01717192679643631
vt 0.364969938993454 0.03434385359287262
vt 0.3563839793205261 0.03434385359287262
vt 0.3563839793205261 0.03434385359287262
vt 0.3563839793205261 0.01717192679643631
vt 0.364969938993454 0.01717192679643631
vt 0.37355583906173706 0.01717192679643631
vt 0.37355583906173706 0.03434385359287262
vt 0.364969938993454 0.03434385359287262
vt 0.364969938993454 0.03434385359287262
vt 0.364969938993454 0.01717192679643631
vt 0.37355583906173706 0.01717192679643631
vt 0.3821418285369873 0.01717192679643631
vt 0.3821418285369873 0.03434385359287262
vt 0.37355583906173706 0.03434385359287262
vt 0.37355583906173706 0.03434385359287262
vt 0.37355583906173706 0.01717192679643631
vt 0.3821418285369873 0.01717192679643631
vt 0.3907277286052704 0.01717192679643631
vt 0.3907277286052704 0.03434385359287262
vt 0.3821418285369873 0.03434385359287262
vt 0.3821418285369873 0.03434385359287262
vt 0.3821418285369873 0.01717192679643631
vt 0.3907277286052704 0.01717192679643631
vt 0.39931368827819824 0.01717192679643631
vt 0.39931368827819824 0.03434385359287262
vt 0.3907277286052704 0.03434385359287262
vt 0.3907277286052704 0.03434385359287262
vt 0.3907277286052704 0.01717192679643631
vt 0.39931368827819824 0.01717192679643631
vt 0.4078996479511261 0.01717192679643631
vt 0.4078996479511261 0.03434385359287262
vt 0.39931368827819824 0.03434385359287262
vt 0.39931368827819824 0.03434385359287262
vt 0.39931368827819824 0.01717192679643631
vt 0.4078996479511261 0.01717192679643631
vt 0.41648560762405396 0.01717192679643631
vt 0.41648560762405396 0.03434385359287262
vt 0.4078996479511261 0.03434385359287262
vt 0.4078996479511261 0.03434385359287262
vt 0.4078996479511261 0.01717192679643631
vt 0.41648560762405396 0.01717192679643631
vt 0.4250715374946594 0.01717192679643631
vt 0.4250715374946594 0.03434385359287262
vt 0.41648560762405396 0.03434385359287262
vt 0.41648560762405396 0.03434385359287262
vt 0.41648560762405396 0.01717192679643631
vt 0.4250715374946594 0.01717192679643631
vt 0.4336574971675873 0.01717192679643631
vt 0.4336574971675873 0.03434385359287262
vt 0.4250715374946594 0.03434385359287262
vt 0.4250715374946594 0.03434385359287262
vt 0.4250715374946594 0.01717192679643631
vt 0.4336574971675873 0.01717192679643631
vt 0.44224345684051514 0.01717192679643631
vt 0.44224345684051514 0.03434385359287262
vt 0.4336574971675873 0.03434385359287262
vt 0.4336574971675873 0.03434385359287262
vt 0.4336574971675873 0.01717192679643631
vt 0.44224345684051514 0.01717192679643631
vt 0.4508293569087982 0.01717192679643631
vt 0.4508293569087982 0.03434385359287262
vt 0.44224345684051514 0.03434385359287262
vt 0.44224345684051514 0.03434385359287262
vt 0.44224345684051514 0.01717192679643631
vt 0.4508293569087982 0.01717192679643631
vt 0.4594153165817261 0.01717192679643631
vt 0.4594153165817261 0.03434385359287262
vt 0.4508293569087982 0.03434385359287262
vt 0.4508293569087982 0.03434385359287262
vt 0.4508293569087982 0.01717192679643631
vt 0.4594153165817261 0.01717192679643631
vt 0.46800127625465393 0.01717192679643631
vt 0.46800127625465393 0.03434385359287262
vt 0.4594153165817261 0.03434385359287262
vt 0.4594153165817261 0.03434385359287262
vt 0.4594153165817261 0.01717192679643631
vt 0.46800127625465393 0.01717192679643631
vt 0.3392120897769928 5.9241376249019595e-8
vt 0.34779804944992065 0.01717192679643631
vt 0.3392120897769928 0.01717192679643631
vt 0.34779804944992065 5.9241376249019595e-8
vt 0.3563839793205261 0.01717192679643631
vt 0.34779804944992065 0.01717192679643631
vt 0.3563839793205261 5.9241376249019595e-8
vt 0.364969938993454 0.01717192679643631
vt 0.3563839793205261 0.01717192679643631
vt 0.364969938993454 5.9241376249019595e-8
vt 0.37355583906173706 0.01717192679643631
vt 0.364969938993454 0.01717192679643631
vt 0.37355583906173706 5.9241376249019595e-8
vt 0.3821418285369873 0.01717192679643631
vt 0.37355583906173706 0.01717192679643631
vt 0.3821418285369873 5.9241376249019595e-8
vt 0.3907277286052704 0.01717192679643631
vt 0.3821418285369873 0.01717192679643631
vt 0.3907277286052704 5.9241376249019595e-8
vt 0.39931368827819824 0.01717192679643631
vt 0.3907277286052704 0.01717192679643631
vt 0.39931368827819824 5.9241376249019595e-8
vt 0.4078996479511261 0.01717192679643631
vt 0.39931368827819824 0.01717192679643631
vt 0.4078996479511261 5.9241376249019595e-8
vt 0.41648560762405396 0.01717192679643631
vt 0.4078996479511261 0.01717192679643631
vt 0.41648560762405396 5.9241376249019595e-8
vt 0.4250715374946594 0.01717192679643631
vt 0.41648560762405396 0.01717192679643631
vt 0.4250715374946594 5.9241376249019595e-8
vt 0.4336574971675873 0.01717192679643631
vt 0.4250715374946594 0.01717192679643631
vt 0.4336574971675873 5.9241376249019595e-8
vt 0.44224345684051514 0.01717192679643631
vt 0.4336574971675873 0.01717192679643631
vt 0.44224345684051514 5.9241376249019595e-8
vt 0.4508293569087982 0.01717192679643631
vt 0.44224345684051514 0.01717192679643631
vt 0.4508293569087982 5.9241376249019595e-8
vt 0.4594153165817261 0.01717192679643631
vt 0.4508293569087982 0.01717192679643631
vt 0.4594153165817261 5.9241376249019595e-8
vt 0.46800127625465393 0.01717192679643631
vt 0.4594153165817261 0.01717192679643631
vt 0.9979848861694336 0.5962705016136169
vt 0.9979848861694336 0.5600901246070862
vt 0.9997939467430115 0.5600901246070862
vt 0.9997939467430115 0.5600901246070862
vt 0.9997939467430115 0.5962705016136169
vt 0.9979848861694336 0.5962705016136169
vt 0.9961758852005005 0.5962705016136169
vt 0.9961758852005005 0.5600901246070862
vt 0.9979848861694336 0.5600901246070862
vt 0.9979848861694336 0.5600901246070862
vt 0.9979848861694336 0.5962705016136169
vt 0.9961758852005005 0.5962705016136169
vt 0.9943669438362122 0.5962705016136169
vt 0.9943669438362122 0.5600901246070862
vt 0.9961758852005005 0.5600901246070862
vt 0.9961758852005005 0.5600901246070862
vt 0.9961758852005005 0.5962705016136169
vt 0.9943669438362122 0.5962705016136169
vt 0.9925578832626343 0.5962705016136169
vt 0.9925578832626343 0.5600901246070862
vt 0.9943669438362122 0.5600901246070862
vt 0.9943669438362122 0.5600901246070862
vt 0.9943669438362122 0.5962705016136169
vt 0.9925578832626343 0.5962705016136169
vt 0.9907488226890564 0.5962705016136169
vt 0.9907488226890564 0.5600901246070862
vt 0.9925578832626343 0.5600901246070862
vt 0.9925578832626343 0.5600901246070862
vt 0.9925578832626343 0.5962705016136169
vt 0.9907488226890564 0.5962705016136169
vt 0.9889398217201233 0.5962705016136169
vt 0.9889398217201233 0.5600901246070862
vt 0.9907488226890564 0.5600901246070862
vt 0.9907488226890564 0.5600901246070862
vt 0.9907488226890564 0.5962705016136169
vt 0.9889398217201233 0.5962705016136169
vt 0.9871308207511902 0.5962705016136169
vt 0.9871308207511902 0.5600901246070862
vt 0.9889398217201233 0.5600901246070862
vt 0.9889398217201233 0.5600901246070862
vt 0.9889398217201233 0.5962705016136169
vt 0.9871308207511902 0.5962705016136169
vt 0.9853217601776123 0.5962705016136169
vt 0.9853217601776123 0.5600901246070862
vt 0.9871308207511902 0.5600901246070862
vt 0.9871308207511902 0.5600901246070862
vt 0.9871308207511902 0.5962705016136169
vt 0.9853217601776123 0.5962705016136169
vt 0.9835127592086792 0.5962705016136169
vt 0.9835127592086792 0.5600901246070862
vt 0.9853217601776123 0.5600901246070862
vt 0.9853217601776123 0.5600901246070862
vt 0.9853217601776123 0.5962705016136169
vt 0.9835127592086792 0.5962705016136169
vt 0.9817037582397461 0.5962705016136169
vt 0.9817037582397461 0.5600901246070862
vt 0.9835127592086792 0.5600901246070862
vt 0.9835127592086792 0.5600901246070862
vt 0.9835127592086792 0.5962705016136169
vt 0.9817037582397461 0.5962705016136169
vt 0.9798946976661682 0.5962705016136169
vt 0.9798946976661682 0.5600901246070862
vt 0.9817037582397461 0.5600901246070862
vt 0.9817037582397461 0.5600901246070862
vt 0.9817037582397461 0.5962705016136169
vt 0.9798946976661682 0.5962705016136169
vt 0.9780856966972351 0.5962705016136169
vt 0.9780856966972351 0.5600901246070862
vt 0.9798946976661682 0.5600901246070862
vt 0.9798946976661682 0.5600901246070862
vt 0.9798946976661682 0.5962705016136169
vt 0.9780856966972351 0.5962705016136169
vt 0.9762767553329468 0.5962705016136169
vt 0.9762767553329468 0.5600901246070862
vt 0.9780856966972351 0.5600901246070862
vt 0.9780856966972351 0.5600901246070862
vt 0.9780856966972351 0.5962705016136169
vt 0.9762767553329468 0.5962705016136169
vt 0.9744676947593689 0.5962705016136169
vt 0.9744676947593689 0.5600901246070862
vt 0.9762767553329468 0.5600901246070862
vt 0.9762767553329468 0.5600901246070862
vt 0.9762767553329468 0.5962705016136169
vt 0.9744676947593689 0.5962705016136169
vt 0.972658634185791 0.5962705016136169
vt 0.972658634185791 0.5600901246070862
vt 0.9744676947593689 0.5600901246070862
vt 0.9744676947593689 0.5600901246070862
vt 0.9744676947593689 0.5962705016136169
vt 0.972658634185791 0.5962705016136169
vt 0.9708496928215027 0.5962705016136169
vt 0.9708496928215027 0.5600901246070862
vt 0.972658634185791 0.5600901246070862
vt 0.972658634185791 0.5600901246070862
vt 0.972658634185791 0.5962705016136169
vt 0.9708496928215027 0.5962705016136169
vt 0.9690406322479248 0.5962705016136169
vt 0.9690406322479248 0.5600901246070862
vt 0.9708496928215027 0.5600901246070862
vt 0.9708496928215027 0.5600901246070862
vt 0.9708496928215027 0.5962705016136169
vt 0.9690406322479248 0.5962705016136169
vt 0.9672315716743469 0.5962705016136169
vt 0.9672315716743469 0.5600901246070862
vt 0.9690406322479248 0.5600901246070862
vt 0.9690406322479248 0.5600901246070862
vt 0.9690406322479248 0.5962705016136169
vt 0.9672315716743469 0.5962705016136169
vt 0.9654225707054138 0.5962705016136169
vt 0.9654225707054138 0.5600901246070862
vt 0.9672315716743469 0.5600901246070862
vt 0.9672315716743469 0.5600901246070862
vt 0.9672315716743469 0.5962705016136169
vt 0.9654225707054138 0.5962705016136169
vt 0.9636135697364807 0.5962705016136169
vt 0.9636135697364807 0.5600901246070862
vt 0.9654225707054138 0.5600901246070862
vt 0.9654225707054138 0.5600901246070862
vt 0.9654225707054138 0.5962705016136169
vt 0.9636135697364807 0.5962705016136169
vt 0.7181560397148132 0.6510420441627502
vt 0.7161144018173218 0.6510420441627502
vt 0.7161144018173218 0.6102092862129211
vt 0.7161144018173218 0.6102092862129211
vt 0.7181560397148132 0.6102092862129211
vt 0.7181560397148132 0.6510420441627502
vt 0.7201976776123047 0.6510420441627502
vt 0.7181560397148132 0.6510420441627502
vt 0.7181560397148132 0.6102092862129211
vt 0.7181560397148132 0.6102092862129211
vt 0.7201976776123047 0.6102092862129211
vt 0.7201976776123047 0.6510420441627502
vt 0.7222393751144409 0.6510420441627502
vt 0.7201976776123047 0.6510420441627502
vt 0.7201976776123047 0.6102092862129211
vt 0.7201976776123047 0.6102092862129211
vt 0.7222393751144409 0.6102092862129211
vt 0.7222393751144409 0.6510420441627502
vt 0.7242810130119324 0.6510420441627502
vt 0.7222393751144409 0.6510420441627502
vt 0.7222393751144409 0.6102092862129211
vt 0.7222393751144409 0.6102092862129211
vt 0.7242810130119324 0.6102092862129211
vt 0.7242810130119324 0.6510420441627502
vt 0.7263225317001343 0.6510420441627502
vt 0.7242810130119324 0.6510420441627502
vt 0.7242810130119324 0.6102092862129211
vt 0.7242810130119324 0.6102092862129211
vt 0.7263225317001343 0.6102092862129211
vt 0.7263225317001343 0.6510420441627502
vt 0.7283641695976257 0.6510420441627502
vt 0.7263225317001343 0.6510420441627502
vt 0.7263225317001343 0.6102092862129211
vt 0.7263225317001343 0.6102092862129211
vt 0.7283641695976257 0.6102092862129211
vt 0.7283641695976257 0.6510420441627502
vt 0.7304058074951172 0.6510420441627502
vt 0.7283641695976257 0.6510420441627502
vt 0.7283641695976257 0.6102092862129211
vt 0.7283641695976257 0.6102092862129211
vt 0.7304058074951172 0.6102092862129211
vt 0.7304058074951172 0.6510420441627502
vt 0.7324475049972534 0.6510420441627502
vt 0.7304058074951172 0.6510420441627502
vt 0.7304058074951172 0.6102092862129211
vt 0.7304058074951172 0.6102092862129211
vt 0.7324475049972534 0.6102092862129211
vt 0.7324475049972534 0.6510420441627502
vt 0.7344891428947449 0.6510420441627502
vt 0.7324475049972534 0.6510420441627502
vt 0.7324475049972534 0.6102092862129211
vt 0.7324475049972534 0.6102092862129211
vt 0.7344891428947449 0.6102092862129211
vt 0.7344891428947449 0.6510420441627502
vt 0.7365307807922363 0.6510420441627502
vt 0.7344891428947449 0.6510420441627502
vt 0.7344891428947449 0.6102092862129211
vt 0.7344891428947449 0.6102092862129211
vt 0.7365307807922363 0.6102092862129211
vt 0.7365307807922363 0.6510420441627502
vt 0.7385724186897278 0.6510420441627502
vt 0.7365307807922363 0.6510420441627502
vt 0.7365307807922363 0.6102092862129211
vt 0.7365307807922363 0.6102092862129211
vt 0.7385724186897278 0.6102092862129211
vt 0.7385724186897278 0.6510420441627502
vt 0.740614116191864 0.6510420441627502
vt 0.7385724186897278 0.6510420441627502
vt 0.7385724186897278 0.6102092862129211
vt 0.7385724186897278 0.6102092862129211
vt 0.740614116191864 0.6102092862129211
vt 0.740614116191864 0.6510420441627502
vt 0.7426556944847107 0.6510420441627502
vt 0.740614116191864 0.6510420441627502
vt 0.740614116191864 0.6102092862129211
vt 0.740614116191864 0.6102092862129211
vt 0.7426556944847107 0.6102092862129211
vt 0.7426556944847107 0.6510420441627502
vt 0.7446973323822021 0.6510420441627502
vt 0.7426556944847107 0.6510420441627502
vt 0.7426556944847107 0.6102092862129211
vt 0.7426556944847107 0.6102092862129211
vt 0.7446973323822021 0.6102092862129211
vt 0.7446973323822021 0.6510420441627502
vt 0.7467389106750488 0.6510420441627502
vt 0.7446973323822021 0.6510420441627502
vt 0.7446973323822021 0.6102092862129211
vt 0.7446973323822021 0.6102092862129211
vt 0.7467389106750488 0.6102092862129211
vt 0.7467389106750488 0.6510420441627502
vt 0.7487806081771851 0.6510420441627502
vt 0.7467389106750488 0.6510420441627502
vt 0.7467389106750488 0.6102092862129211
vt 0.7467389106750488 0.6102092862129211
vt 0.7487806081771851 0.6102092862129211
vt 0.7487806081771851 0.6510420441627502
vt 0.7508222460746765 0.6510420441627502
vt 0.7487806081771851 0.6510420441627502
vt 0.7487806081771851 0.6102092862129211
vt 0.7487806081771851 0.6102092862129211
vt 0.7508222460746765 0.6102092862129211
vt 0.7508222460746765 0.6510420441627502
vt 0.752863883972168 0.6510420441627502
vt 0.7508222460746765 0.6510420441627502
vt 0.7508222460746765 0.6102092862129211
vt 0.7508222460746765 0.6102092862129211
vt 0.752863883972168 0.6102092862129211
vt 0.752863883972168 0.6510420441627502
vt 0.7549055218696594 0.6510420441627502
vt 0.752863883972168 0.6510420441627502
vt 0.752863883972168 0.6102092862129211
vt 0.752863883972168 0.6102092862129211
vt 0.7549055218696594 0.6102092862129211
vt 0.7549055218696594 0.6510420441627502
vt 0.7569471597671509 0.6510420441627502
vt 0.7549055218696594 0.6510420441627502
vt 0.7549055218696594 0.6102092862129211
vt 0.7549055218696594 0.6102092862129211
vt 0.7569471597671509 0.6102092862129211
vt 0.7569471597671509 0.6510420441627502
vt 0.8871429562568665 0.6813173294067383
vt 0.8832077383995056 0.6813173294067383
vt 0.8832077383995056 0.6026135087013245
vt 0.8832077383995056 0.6026135087013245
vt 0.8871429562568665 0.6026135087013245
vt 0.8871429562568665 0.6813173294067383
vt 0.8910781741142273 0.6813173294067383
vt 0.8871429562568665 0.6813173294067383
vt 0.8871429562568665 0.6026135087013245
vt 0.8871429562568665 0.6026135087013245
vt 0.8910781741142273 0.6026135087013245
vt 0.8910781741142273 0.6813173294067383
vt 0.8950133323669434 0.6813173294067383
vt 0.8910781741142273 0.6813173294067383
vt 0.8910781741142273 0.6026135087013245
vt 0.8910781741142273 0.6026135087013245
vt 0.8950133323669434 0.6026135087013245
vt 0.8950133323669434 0.6813173294067383
vt 0.8989485502243042 0.6813173294067383
vt 0.8950133323669434 0.6813173294067383
vt 0.8950133323669434 0.6026135087013245
vt 0.8950133323669434 0.6026135087013245
vt 0.8989485502243042 0.6026135087013245
vt 0.8989485502243042 0.6813173294067383
vt 0.9028837084770203 0.6813173294067383
vt 0.8989485502243042 0.6813173294067383
vt 0.8989485502243042 0.6026135087013245
vt 0.8989485502243042 0.6026135087013245
vt 0.9028837084770203 0.6026135087013245
vt 0.9028837084770203 0.6813173294067383
vt 0.9068189263343811 0.6813173294067383
vt 0.9028837084770203 0.6813173294067383
vt 0.9028837084770203 0.6026135087013245
vt 0.9028837084770203 0.6026135087013245
vt 0.9068189263343811 0.6026135087013245
vt 0.9068189263343811 0.6813173294067383
vt 0.9107540845870972 0.6813173294067383
vt 0.9068189263343811 0.6813173294067383
vt 0.9068189263343811 0.6026135087013245
vt 0.9068189263343811 0.6026135087013245
vt 0.9107540845870972 0.6026135087013245
vt 0.9107540845870972 0.6813173294067383
vt 0.914689302444458 0.6813173294067383
vt 0.9107540845870972 0.6813173294067383
vt 0.9107540845870972 0.6026135087013245
vt 0.9107540845870972 0.6026135087013245
vt 0.914689302444458 0.6026135087013245
vt 0.914689302444458 0.6813173294067383
vt 0.9186245203018188 0.6813173294067383
vt 0.914689302444458 0.6813173294067383
vt 0.914689302444458 0.6026135087013245
vt 0.914689302444458 0.6026135087013245
vt 0.9186245203018188 0.6026135087013245
vt 0.9186245203018188 0.6813173294067383
vt 0.9225596785545349 0.6813173294067383
vt 0.9186245203018188 0.6813173294067383
vt 0.9186245203018188 0.6026135087013245
vt 0.9186245203018188 0.6026135087013245
vt 0.9225596785545349 0.6026135087013245
vt 0.9225596785545349 0.6813173294067383
vt 0.926494836807251 0.6813173294067383
vt 0.9225596785545349 0.6813173294067383
vt 0.9225596785545349 0.6026135087013245
vt 0.9225596785545349 0.6026135087013245
vt 0.926494836807251 0.6026135087013245
vt 0.926494836807251 0.6813173294067383
vt 0.9304300546646118 0.6813173294067383
vt 0.926494836807251 0.6813173294067383
vt 0.926494836807251 0.6026135087013245
vt 0.926494836807251 0.6026135087013245
vt 0.9304300546646118 0.6026135087013245
vt 0.9304300546646118 0.6813173294067383
vt 0.9343652725219727 0.6813173294067383
vt 0.9304300546646118 0.6813173294067383
vt 0.9304300546646118 0.6026135087013245
vt 0.9304300546646118 0.6026135087013245
vt 0.9343652725219727 0.6026135087013245
vt 0.9343652725219727 0.6813173294067383
vt 0.9383004903793335 0.6813173294067383
vt 0.9343652725219727 0.6813173294067383
vt 0.9343652725219727 0.6026135087013245
vt 0.9343652725219727 0.6026135087013245
vt 0.9383004903793335 0.6026135087013245
vt 0.9383004903793335 0.6813173294067383
vt 0.9422355890274048 0.6813173294067383
vt 0.9383004903793335 0.6813173294067383
vt 0.9383004903793335 0.6026135087013245
vt 0.9383004903793335 0.6026135087013245
vt 0.9422355890274048 0.6026135087013245
vt 0.9422355890274048 0.6813173294067383
vt 0.9461708068847656 0.6813173294067383
vt 0.9422355890274048 0.6813173294067383
vt 0.9422355890274048 0.6026135087013245
vt 0.9422355890274048 0.6026135087013245
vt 0.9461708068847656 0.6026135087013245
vt 0.9461708068847656 0.6813173294067383
vt 0.9501060247421265 0.6813173294067383
vt 0.9461708068847656 0.6813173294067383
vt 0.9461708068847656 0.6026135087013245
vt 0.9461708068847656 0.6026135087013245
vt 0.9501060247421265 0.6026135087013245
vt 0.9501060247421265 0.6813173294067383
vt 0.9540412425994873 0.6813173294067383
vt 0.9501060247421265 0.6813173294067383
vt 0.9501060247421265 0.6026135087013245
vt 0.9501060247421265 0.6026135087013245
vt 0.9540412425994873 0.6026135087013245
vt 0.9540412425994873 0.6813173294067383
vt 0.9579763412475586 0.6813173294067383
vt 0.9540412425994873 0.6813173294067383
vt 0.9540412425994873 0.6026135087013245
vt 0.9540412425994873 0.6026135087013245
vt 0.9579763412475586 0.6026135087013245
vt 0.9579763412475586 0.6813173294067383
vt 0.9619115591049194 0.6813173294067383
vt 0.9579763412475586 0.6813173294067383
vt 0.9579763412475586 0.6026135087013245
vt 0.9579763412475586 0.6026135087013245
vt 0.9619115591049194 0.6026135087013245
vt 0.9619115591049194 0.6813173294067383
vt 0.13920675218105316 0.07016441226005554
vt 0.13065947592258453 0.07016441226005554
vt 0.13065947592258453 0.06161715090274811
vt 0.13065947592258453 0.06161715090274811
vt 0.13920675218105316 0.06161715090274811
vt 0.13920675218105316 0.07016441226005554
vt 0.543315052986145 0.6089510917663574
vt 0.5390000939369202 0.6089525818824768
vt 0.5389702916145325 0.5226530432701111
vt 0.5389702916145325 0.5226530432701111
vt 0.5432852506637573 0.5226515531539917
vt 0.543315052986145 0.6089510917663574
vt 0.5476300716400146 0.608949601650238
vt 0.543315052986145 0.6089510917663574
vt 0.5432852506637573 0.5226515531539917
vt 0.5432852506637573 0.5226515531539917
vt 0.547600269317627 0.5226500630378723
vt 0.5476300716400146 0.608949601650238
vt 0.5519450306892395 0.6089481115341187
vt 0.5476300716400146 0.608949601650238
vt 0.547600269317627 0.5226500630378723
vt 0.547600269317627 0.5226500630378723
vt 0.5519152283668518 0.5226485729217529
vt 0.5519450306892395 0.6089481115341187
vt 0.5562599897384644 0.6089466214179993
vt 0.5519450306892395 0.6089481115341187
vt 0.5519152283668518 0.5226485729217529
vt 0.5519152283668518 0.5226485729217529
vt 0.5562301874160767 0.5226470828056335
vt 0.5562599897384644 0.6089466214179993
vt 0.5605749487876892 0.6089451313018799
vt 0.5562599897384644 0.6089466214179993
vt 0.5562301874160767 0.5226470828056335
vt 0.5562301874160767 0.5226470828056335
vt 0.5605451464653015 0.5226455926895142
vt 0.5605749487876892 0.6089451313018799
vt 0.5648899078369141 0.6089436411857605
vt 0.5605749487876892 0.6089451313018799
vt 0.5605451464653015 0.5226455926895142
vt 0.5605451464653015 0.5226455926895142
vt 0.5648601055145264 0.5226441025733948
vt 0.5648899078369141 0.6089436411857605
vt 0.5692049264907837 0.6089421510696411
vt 0.5648899078369141 0.6089436411857605
vt 0.5648601055145264 0.5226441025733948
vt 0.5648601055145264 0.5226441025733948
vt 0.569175124168396 0.5226426124572754
vt 0.5692049264907837 0.6089421510696411
vt 0.5735198855400085 0.6089406609535217
vt 0.5692049264907837 0.6089421510696411
vt 0.569175124168396 0.5226426124572754
vt 0.569175124168396 0.5226426124572754
vt 0.5734900832176208 0.522641122341156
vt 0.5735198855400085 0.6089406609535217
vt 0.5778348445892334 0.6089391708374023
vt 0.5735198855400085 0.6089406609535217
vt 0.5734900832176208 0.522641122341156
vt 0.5734900832176208 0.522641122341156
vt 0.5778050422668457 0.5226396322250366
vt 0.5778348445892334 0.6089391708374023
vt 0.5821498036384583 0.608937680721283
vt 0.5778348445892334 0.6089391708374023
vt 0.5778050422668457 0.5226396322250366
vt 0.5778050422668457 0.5226396322250366
vt 0.5821200013160706 0.5226381421089172
vt 0.5821498036384583 0.608937680721283
vt 0.5864648222923279 0.6089361906051636
vt 0.5821498036384583 0.608937680721283
vt 0.5821200013160706 0.5226381421089172
vt 0.5821200013160706 0.5226381421089172
vt 0.5864350199699402 0.5226366519927979
vt 0.5864648222923279 0.6089361906051636
vt 0.5907797813415527 0.6089347004890442
vt 0.5864648222923279 0.6089361906051636
vt 0.5864350199699402 0.5226366519927979
vt 0.5864350199699402 0.5226366519927979
vt 0.590749979019165 0.5226351618766785
vt 0.5907797813415527 0.6089347004890442
vt 0.5950947403907776 0.6089332103729248
vt 0.5907797813415527 0.6089347004890442
vt 0.590749979019165 0.5226351618766785
vt 0.590749979019165 0.5226351618766785
vt 0.5950649380683899 0.5226336717605591
vt 0.5950947403907776 0.6089332103729248
vt 0.5994096994400024 0.6089317202568054
vt 0.5950947403907776 0.6089332103729248
vt 0.5950649380683899 0.5226336717605591
vt 0.5950649380683899 0.5226336717605591
vt 0.5993798971176147 0.5226321816444397
vt 0.5994096994400024 0.6089317202568054
vt 0.6037247180938721 0.608930230140686
vt 0.5994096994400024 0.6089317202568054
vt 0.5993798971176147 0.5226321816444397
vt 0.5993798971176147 0.5226321816444397
vt 0.6036949157714844 0.5226306915283203
vt 0.6037247180938721 0.608930230140686
vt 0.6080396771430969 0.6089287400245667
vt 0.6037247180938721 0.608930230140686
vt 0.6036949157714844 0.5226306915283203
vt 0.6036949157714844 0.5226306915283203
vt 0.6080098748207092 0.5226292014122009
vt 0.6080396771430969 0.6089287400245667
vt 0.6123546957969666 0.6089272499084473
vt 0.6080396771430969 0.6089287400245667
vt 0.6080098748207092 0.5226292014122009
vt 0.6080098748207092 0.5226292014122009
vt 0.6123248934745789 0.5226277112960815
vt 0.6123546957969666 0.6089272499084473
vt 0.6166696548461914 0.6089257597923279
vt 0.6123546957969666 0.6089272499084473
vt 0.6123248934745789 0.5226277112960815
vt 0.6123248934745789 0.5226277112960815
vt 0.6166398525238037 0.5226262211799622
vt 0.6166696548461914 0.6089257597923279
vt 0.6209845542907715 0.6089242696762085
vt 0.6166696548461914 0.6089257597923279
vt 0.6166398525238037 0.5226262211799622
vt 0.6166398525238037 0.5226262211799622
vt 0.6209547519683838 0.5226247310638428
vt 0.6209845542907715 0.6089242696762085
vt 0.6252995729446411 0.6089227795600891
vt 0.6209845542907715 0.6089242696762085
vt 0.6209547519683838 0.5226247310638428
vt 0.6209547519683838 0.5226247310638428
vt 0.6252697706222534 0.5226232409477234
vt 0.6252995729446411 0.6089227795600891
vt 0.13920675218105316 0.060330674052238464
vt 0.13065947592258453 0.060330674052238464
vt 0.13065947592258453 0.05178340896964073
vt 0.13065947592258453 0.05178340896964073
vt 0.13920675218105316 0.05178340896964073
vt 0.13920675218105316 0.060330674052238464
vt 0 0.12020321190357208
vt 0 0.10303134471178055
vt 0.008585965260863304 0.10303134471178055
vt 0.008585965260863304 0.12020321190357208
vt 0.008585965260863304 0.10303134471178055
vt 0.01717193052172661 0.10303134471178055
vt 0.01717193052172661 0.12020321190357208
vt 0.01717193052172661 0.10303134471178055
vt 0.025757865980267525 0.10303134471178055
vt 0.025757865980267525 0.12020321190357208
vt 0.025757865980267525 0.10303134471178055
vt 0.03434383124113083 0.10303134471178055
vt 0.03434383124113083 0.12020321190357208
vt 0.03434383124113083 0.10303134471178055
vt 0.04292973503470421 0.10303134471178055
vt 0.04292973503470421 0.12020321190357208
vt 0.04292973503470421 0.10303134471178055
vt 0.05151570215821266 0.10303134471178055
vt 0.05151570215821266 0.12020321190357208
vt 0.05151570215821266 0.10303134471178055
vt 0.06010163575410843 0.10303134471178055
vt 0.06010163575410843 0.12020321190357208
vt 0.06010163575410843 0.10303134471178055
vt 0.06868760287761688 0.10303134471178055
vt 0.06868760287761688 0.12020321190357208
vt 0.06868760287761688 0.10303134471178055
vt 0.07727350294589996 0.10303134471178055
vt 0.07727350294589996 0.12020321190357208
vt 0.07727350294589996 0.10303134471178055
vt 0.0858594998717308 0.10303134471178055
vt 0.0858594998717308 0.12020321190357208
vt 0.0858594998717308 0.10303134471178055
vt 0.09444540739059448 0.10303134471178055
vt 0.09444540739059448 0.12020321190357208
vt 0.09444540739059448 0.10303134471178055
vt 0.10303137451410294 0.10303134471178055
vt 0.10303137451410294 0.12020321190357208
vt 0.10303137451410294 0.10303134471178055
vt 0.1116173043847084 0.10303134471178055
vt 0.1116173043847084 0.12020321190357208
vt 0.1116173043847084 0.10303134471178055
vt 0.12020327150821686 0.10303134471178055
vt 0.12020327150821686 0.12020321190357208
vt 0.12020327150821686 0.10303134471178055
vt 0.12878917157649994 0.10303134471178055
vt 0.008585965260863304 0.08585947006940842
vt 0.008585965260863304 0.10303134471178055
vt 0 0.10303134471178055
vt 0 0.10303134471178055
vt 0 0.08585947006940842
vt 0.008585965260863304 0.08585947006940842
vt 0.01717193052172661 0.08585947006940842
vt 0.01717193052172661 0.10303134471178055
vt 0.008585965260863304 0.10303134471178055
vt 0.008585965260863304 0.10303134471178055
vt 0.008585965260863304 0.08585947006940842
vt 0.01717193052172661 0.08585947006940842
vt 0.025757865980267525 0.08585947006940842
vt 0.025757865980267525 0.10303134471178055
vt 0.01717193052172661 0.10303134471178055
vt 0.01717193052172661 0.10303134471178055
vt 0.01717193052172661 0.08585947006940842
vt 0.025757865980267525 0.08585947006940842
vt 0.03434383124113083 0.08585947006940842
vt 0.03434383124113083 0.10303134471178055
vt 0.025757865980267525 0.10303134471178055
vt 0.025757865980267525 0.10303134471178055
vt 0.025757865980267525 0.08585947006940842
vt 0.03434383124113083 0.08585947006940842
vt 0.04292973503470421 0.08585947006940842
vt 0.04292973503470421 0.10303134471178055
vt 0.03434383124113083 0.10303134471178055
vt 0.03434383124113083 0.10303134471178055
vt 0.03434383124113083 0.08585947006940842
vt 0.04292973503470421 0.08585947006940842
vt 0.05151570215821266 0.08585947006940842
vt 0.05151570215821266 0.10303134471178055
vt 0.04292973503470421 0.10303134471178055
vt 0.04292973503470421 0.10303134471178055
vt 0.04292973503470421 0.08585947006940842
vt 0.05151570215821266 0.08585947006940842
vt 0.06010163575410843 0.08585947006940842
vt 0.06010163575410843 0.10303134471178055
vt 0.05151570215821266 0.10303134471178055
vt 0.05151570215821266 0.10303134471178055
vt 0.05151570215821266 0.08585947006940842
vt 0.06010163575410843 0.08585947006940842
vt 0.06868760287761688 0.08585947006940842
vt 0.06868760287761688 0.10303134471178055
vt 0.06010163575410843 0.10303134471178055
vt 0.06010163575410843 0.10303134471178055
vt 0.06010163575410843 0.08585947006940842
vt 0.06868760287761688 0.08585947006940842
vt 0.07727350294589996 0.08585947006940842
vt 0.07727350294589996 0.10303134471178055
vt 0.06868760287761688 0.10303134471178055
vt 0.06868760287761688 0.10303134471178055
vt 0.06868760287761688 0.08585947006940842
vt 0.07727350294589996 0.08585947006940842
vt 0.0858594998717308 0.08585947006940842
vt 0.0858594998717308 0.10303134471178055
vt 0.07727350294589996 0.10303134471178055
vt 0.07727350294589996 0.10303134471178055
vt 0.07727350294589996 0.08585947006940842
vt 0.0858594998717308 0.08585947006940842
vt 0.09444540739059448 0.08585947006940842
vt 0.09444540739059448 0.10303134471178055
vt 0.0858594998717308 0.10303134471178055
vt 0.0858594998717308 0.10303134471178055
vt 0.0858594998717308 0.08585947006940842
vt 0.09444540739059448 0.08585947006940842
vt 0.10303137451410294 0.08585947006940842
vt 0.10303137451410294 0.10303134471178055
vt 0.09444540739059448 0.10303134471178055
vt 0.09444540739059448 0.10303134471178055
vt 0.09444540739059448 0.08585947006940842
vt 0.10303137451410294 0.08585947006940842
vt 0.1116173043847084 0.08585947006940842
vt 0.1116173043847084 0.10303134471178055
vt 0.10303137451410294 0.10303134471178055
vt 0.10303137451410294 0.10303134471178055
vt 0.10303137451410294 0.08585947006940842
vt 0.1116173043847084 0.08585947006940842
vt 0.12020327150821686 0.08585947006940842
vt 0.12020327150821686 0.10303134471178055
vt 0.1116173043847084 0.10303134471178055
vt 0.1116173043847084 0.10303134471178055
vt 0.1116173043847084 0.08585947006940842
vt 0.12020327150821686 0.08585947006940842
vt 0.12878917157649994 0.08585947006940842
vt 0.12878917157649994 0.10303134471178055
vt 0.12020327150821686 0.10303134471178055
vt 0.12020327150821686 0.10303134471178055
vt 0.12020327150821686 0.08585947006940842
vt 0.12878917157649994 0.08585947006940842
vt 0.008585965260863304 0.0686875432729721
vt 0.008585965260863304 0.08585947006940842
vt 0 0.08585947006940842
vt 0 0.08585947006940842
vt 0 0.0686875432729721
vt 0.008585965260863304 0.0686875432729721
vt 0.01717193052172661 0.0686875432729721
vt 0.01717193052172661 0.08585947006940842
vt 0.008585965260863304 0.08585947006940842
vt 0.008585965260863304 0.08585947006940842
vt 0.008585965260863304 0.0686875432729721
vt 0.01717193052172661 0.0686875432729721
vt 0.025757865980267525 0.0686875432729721
vt 0.025757865980267525 0.08585947006940842
vt 0.01717193052172661 0.08585947006940842
vt 0.01717193052172661 0.08585947006940842
vt 0.01717193052172661 0.0686875432729721
vt 0.025757865980267525 0.0686875432729721
vt 0.03434383124113083 0.0686875432729721
vt 0.03434383124113083 0.08585947006940842
vt 0.025757865980267525 0.08585947006940842
vt 0.025757865980267525 0.08585947006940842
vt 0.025757865980267525 0.0686875432729721
vt 0.03434383124113083 0.0686875432729721
vt 0.04292973503470421 0.0686875432729721
vt 0.04292973503470421 0.08585947006940842
vt 0.03434383124113083 0.08585947006940842
vt 0.03434383124113083 0.08585947006940842
vt 0.03434383124113083 0.0686875432729721
vt 0.04292973503470421 0.0686875432729721
vt 0.05151570215821266 0.0686875432729721
vt 0.05151570215821266 0.08585947006940842
vt 0.04292973503470421 0.08585947006940842
vt 0.04292973503470421 0.08585947006940842
vt 0.04292973503470421 0.0686875432729721
vt 0.05151570215821266 0.0686875432729721
vt 0.06010163575410843 0.0686875432729721
vt 0.06010163575410843 0.08585947006940842
vt 0.05151570215821266 0.08585947006940842
vt 0.05151570215821266 0.08585947006940842
vt 0.05151570215821266 0.0686875432729721
vt 0.06010163575410843 0.0686875432729721
vt 0.06868760287761688 0.0686875432729721
vt 0.06868760287761688 0.08585947006940842
vt 0.06010163575410843 0.08585947006940842
vt 0.06010163575410843 0.08585947006940842
vt 0.06010163575410843 0.0686875432729721
vt 0.06868760287761688 0.0686875432729721
vt 0.07727350294589996 0.0686875432729721
vt 0.07727350294589996 0.08585947006940842
vt 0.06868760287761688 0.08585947006940842
vt 0.06868760287761688 0.08585947006940842
vt 0.06868760287761688 0.0686875432729721
vt 0.07727350294589996 0.0686875432729721
vt 0.0858594998717308 0.0686875432729721
vt 0.0858594998717308 0.08585947006940842
vt 0.07727350294589996 0.08585947006940842
vt 0.07727350294589996 0.08585947006940842
vt 0.07727350294589996 0.0686875432729721
vt 0.0858594998717308 0.0686875432729721
vt 0.09444540739059448 0.0686875432729721
vt 0.09444540739059448 0.08585947006940842
vt 0.0858594998717308 0.08585947006940842
vt 0.0858594998717308 0.08585947006940842
vt 0.0858594998717308 0.0686875432729721
vt 0.09444540739059448 0.0686875432729721
vt 0.10303137451410294 0.0686875432729721
vt 0.10303137451410294 0.08585947006940842
vt 0.09444540739059448 0.08585947006940842
vt 0.09444540739059448 0.08585947006940842
vt 0.09444540739059448 0.0686875432729721
vt 0.10303137451410294 0.0686875432729721
vt 0.1116173043847084 0.0686875432729721
vt 0.1116173043847084 0.08585947006940842
vt 0.10303137451410294 0.08585947006940842
vt 0.10303137451410294 0.08585947006940842
vt 0.10303137451410294 0.0686875432729721
vt 0.1116173043847084 0.0686875432729721
vt 0.12020327150821686 0.0686875432729721
vt 0.12020327150821686 0.08585947006940842
vt 0.1116173043847084 0.08585947006940842
vt 0.1116173043847084 0.08585947006940842
vt 0.1116173043847084 0.0686875432729721
vt 0.12020327150821686 0.0686875432729721
vt 0.12878917157649994 0.0686875432729721
vt 0.12878917157649994 0.08585947006940842
vt 0.12020327150821686 0.08585947006940842
vt 0.12020327150821686 0.08585947006940842
vt 0.12020327150821686 0.0686875432729721
vt 0.12878917157649994 0.0686875432729721
vt 0.008585965260863304 0.051515672355890274
vt 0.008585965260863304 0.0686875432729721
vt 0 0.0686875432729721
vt 0 0.0686875432729721
vt 0 0.051515672355890274
vt 0.008585965260863304 0.051515672355890274
vt 0.01717193052172661 0.051515672355890274
vt 0.01717193052172661 0.0686875432729721
vt 0.008585965260863304 0.0686875432729721
vt 0.008585965260863304 0.0686875432729721
vt 0.008585965260863304 0.051515672355890274
vt 0.01717193052172661 0.051515672355890274
vt 0.025757865980267525 0.051515672355890274
vt 0.025757865980267525 0.0686875432729721
vt 0.01717193052172661 0.0686875432729721
vt 0.01717193052172661 0.0686875432729721
vt 0.01717193052172661 0.051515672355890274
vt 0.025757865980267525 0.051515672355890274
vt 0.03434383124113083 0.051515672355890274
vt 0.03434383124113083 0.0686875432729721
vt 0.025757865980267525 0.0686875432729721
vt 0.025757865980267525 0.0686875432729721
vt 0.025757865980267525 0.051515672355890274
vt 0.03434383124113083 0.051515672355890274
vt 0.04292973503470421 0.051515672355890274
vt 0.04292973503470421 0.0686875432729721
vt 0.03434383124113083 0.0686875432729721
vt 0.03434383124113083 0.0686875432729721
vt 0.03434383124113083 0.051515672355890274
vt 0.04292973503470421 0.051515672355890274
vt 0.05151570215821266 0.051515672355890274
vt 0.05151570215821266 0.0686875432729721
vt 0.04292973503470421 0.0686875432729721
vt 0.04292973503470421 0.0686875432729721
vt 0.04292973503470421 0.051515672355890274
vt 0.05151570215821266 0.051515672355890274
vt 0.06010163575410843 0.051515672355890274
vt 0.06010163575410843 0.0686875432729721
vt 0.05151570215821266 0.0686875432729721
vt 0.05151570215821266 0.0686875432729721
vt 0.05151570215821266 0.051515672355890274
vt 0.06010163575410843 0.051515672355890274
vt 0.06868760287761688 0.051515672355890274
vt 0.06868760287761688 0.0686875432729721
vt 0.06010163575410843 0.0686875432729721
vt 0.06010163575410843 0.0686875432729721
vt 0.06010163575410843 0.051515672355890274
vt 0.06868760287761688 0.051515672355890274
vt 0.07727350294589996 0.051515672355890274
vt 0.07727350294589996 0.0686875432729721
vt 0.06868760287761688 0.0686875432729721
vt 0.06868760287761688 0.0686875432729721
vt 0.06868760287761688 0.051515672355890274
vt 0.07727350294589996 0.051515672355890274
vt 0.0858594998717308 0.051515672355890274
vt 0.0858594998717308 0.0686875432729721
vt 0.07727350294589996 0.0686875432729721
vt 0.07727350294589996 0.0686875432729721
vt 0.07727350294589996 0.051515672355890274
vt 0.0858594998717308 0.051515672355890274
vt 0.09444540739059448 0.051515672355890274
vt 0.09444540739059448 0.0686875432729721
vt 0.0858594998717308 0.0686875432729721
vt 0.0858594998717308 0.0686875432729721
vt 0.0858594998717308 0.051515672355890274
vt 0.09444540739059448 0.051515672355890274
vt 0.10303137451410294 0.051515672355890274
vt 0.10303137451410294 0.0686875432729721
vt 0.09444540739059448 0.0686875432729721
vt 0.09444540739059448 0.0686875432729721
vt 0.09444540739059448 0.051515672355890274
vt 0.10303137451410294 0.051515672355890274
vt 0.1116173043847084 0.051515672355890274
vt 0.1116173043847084 0.0686875432729721
vt 0.10303137451410294 0.0686875432729721
vt 0.10303137451410294 0.0686875432729721
vt 0.10303137451410294 0.051515672355890274
vt 0.1116173043847084 0.051515672355890274
vt 0.12020327150821686 0.051515672355890274
vt 0.12020327150821686 0.0686875432729721
vt 0.1116173043847084 0.0686875432729721
vt 0.1116173043847084 0.0686875432729721
vt 0.1116173043847084 0.051515672355890274
vt 0.12020327150821686 0.051515672355890274
vt 0.12878917157649994 0.051515672355890274
vt 0.12878917157649994 0.0686875432729721
vt 0.12020327150821686 0.0686875432729721
vt 0.12020327150821686 0.0686875432729721
vt 0.12020327150821686 0.051515672355890274
vt 0.12878917157649994 0.051515672355890274
vt 0.008585965260863304 0.03434380143880844
vt 0.008585965260863304 0.051515672355890274
vt 0 0.051515672355890274
vt 0 0.051515672355890274
vt 0 0.03434380143880844
vt 0.008585965260863304 0.03434380143880844
vt 0.01717193052172661 0.03434380143880844
vt 0.01717193052172661 0.051515672355890274
vt 0.008585965260863304 0.051515672355890274
vt 0.008585965260863304 0.051515672355890274
vt 0.008585965260863304 0.03434380143880844
vt 0.01717193052172661 0.03434380143880844
vt 0.025757865980267525 0.03434380143880844
vt 0.025757865980267525 0.051515672355890274
vt 0.01717193052172661 0.051515672355890274
vt 0.01717193052172661 0.051515672355890274
vt 0.01717193052172661 0.03434380143880844
vt 0.025757865980267525 0.03434380143880844
vt 0.03434383124113083 0.03434380143880844
vt 0.03434383124113083 0.051515672355890274
vt 0.025757865980267525 0.051515672355890274
vt 0.025757865980267525 0.051515672355890274
vt 0.025757865980267525 0.03434380143880844
vt 0.03434383124113083 0.03434380143880844
vt 0.04292973503470421 0.03434380143880844
vt 0.04292973503470421 0.051515672355890274
vt 0.03434383124113083 0.051515672355890274
vt 0.03434383124113083 0.051515672355890274
vt 0.03434383124113083 0.03434380143880844
vt 0.04292973503470421 0.03434380143880844
vt 0.05151570215821266 0.03434380143880844
vt 0.05151570215821266 0.051515672355890274
vt 0.04292973503470421 0.051515672355890274
vt 0.04292973503470421 0.051515672355890274
vt 0.04292973503470421 0.03434380143880844
vt 0.05151570215821266 0.03434380143880844
vt 0.06010163575410843 0.03434380143880844
vt 0.06010163575410843 0.051515672355890274
vt 0.05151570215821266 0.051515672355890274
vt 0.05151570215821266 0.051515672355890274
vt 0.05151570215821266 0.03434380143880844
vt 0.06010163575410843 0.03434380143880844
vt 0.06868760287761688 0.03434380143880844
vt 0.06868760287761688 0.051515672355890274
vt 0.06010163575410843 0.051515672355890274
vt 0.06010163575410843 0.051515672355890274
vt 0.06010163575410843 0.03434380143880844
vt 0.06868760287761688 0.03434380143880844
vt 0.07727350294589996 0.03434380143880844
vt 0.07727350294589996 0.051515672355890274
vt 0.06868760287761688 0.051515672355890274
vt 0.06868760287761688 0.051515672355890274
vt 0.06868760287761688 0.03434380143880844
vt 0.07727350294589996 0.03434380143880844
vt 0.0858594998717308 0.03434380143880844
vt 0.0858594998717308 0.051515672355890274
vt 0.07727350294589996 0.051515672355890274
vt 0.07727350294589996 0.051515672355890274
vt 0.07727350294589996 0.03434380143880844
vt 0.0858594998717308 0.03434380143880844
vt 0.09444540739059448 0.03434380143880844
vt 0.09444540739059448 0.051515672355890274
vt 0.0858594998717308 0.051515672355890274
vt 0.0858594998717308 0.051515672355890274
vt 0.0858594998717308 0.03434380143880844
vt 0.09444540739059448 0.03434380143880844
vt 0.10303137451410294 0.03434380143880844
vt 0.10303137451410294 0.051515672355890274
vt 0.09444540739059448 0.051515672355890274
vt 0.09444540739059448 0.051515672355890274
vt 0.09444540739059448 0.03434380143880844
vt 0.10303137451410294 0.03434380143880844
vt 0.1116173043847084 0.03434380143880844
vt 0.1116173043847084 0.051515672355890274
vt 0.10303137451410294 0.051515672355890274
vt 0.10303137451410294 0.051515672355890274
vt 0.10303137451410294 0.03434380143880844
vt 0.1116173043847084 0.03434380143880844
vt 0.12020327150821686 0.03434380143880844
vt 0.12020327150821686 0.051515672355890274
vt 0.1116173043847084 0.051515672355890274
vt 0.1116173043847084 0.051515672355890274
vt 0.1116173043847084 0.03434380143880844
vt 0.12020327150821686 0.03434380143880844
vt 0.12878917157649994 0.03434380143880844
vt 0.12878917157649994 0.051515672355890274
vt 0.12020327150821686 0.051515672355890274
vt 0.12020327150821686 0.051515672355890274
vt 0.12020327150821686 0.03434380143880844
vt 0.12878917157649994 0.03434380143880844
vt 0.008585965260863304 0.017171870917081833
vt 0.008585965260863304 0.03434380143880844
vt 0 0.03434380143880844
vt 0 0.03434380143880844
vt 0 0.017171870917081833
vt 0.008585965260863304 0.017171870917081833
vt 0.01717193052172661 0.017171870917081833
vt 0.01717193052172661 0.03434380143880844
vt 0.008585965260863304 0.03434380143880844
vt 0.008585965260863304 0.03434380143880844
vt 0.008585965260863304 0.017171870917081833
vt 0.01717193052172661 0.017171870917081833
vt 0.025757865980267525 0.017171870917081833
vt 0.025757865980267525 0.03434380143880844
vt 0.01717193052172661 0.03434380143880844
vt 0.01717193052172661 0.03434380143880844
vt 0.01717193052172661 0.017171870917081833
vt 0.025757865980267525 0.017171870917081833
vt 0.03434383124113083 0.017171870917081833
vt 0.03434383124113083 0.03434380143880844
vt 0.025757865980267525 0.03434380143880844
vt 0.025757865980267525 0.03434380143880844
vt 0.025757865980267525 0.017171870917081833
vt 0.03434383124113083 0.017171870917081833
vt 0.04292973503470421 0.017171870917081833
vt 0.04292973503470421 0.03434380143880844
vt 0.03434383124113083 0.03434380143880844
vt 0.03434383124113083 0.03434380143880844
vt 0.03434383124113083 0.017171870917081833
vt 0.04292973503470421 0.017171870917081833
vt 0.05151570215821266 0.017171870917081833
vt 0.05151570215821266 0.03434380143880844
vt 0.04292973503470421 0.03434380143880844
vt 0.04292973503470421 0.03434380143880844
vt 0.04292973503470421 0.017171870917081833
vt 0.05151570215821266 0.017171870917081833
vt 0.06010163575410843 0.017171870917081833
vt 0.06010163575410843 0.03434380143880844
vt 0.05151570215821266 0.03434380143880844
vt 0.05151570215821266 0.03434380143880844
vt 0.05151570215821266 0.017171870917081833
vt 0.06010163575410843 0.017171870917081833
vt 0.06868760287761688 0.017171870917081833
vt 0.06868760287761688 0.03434380143880844
vt 0.06010163575410843 0.03434380143880844
vt 0.06010163575410843 0.03434380143880844
vt 0.06010163575410843 0.017171870917081833
vt 0.06868760287761688 0.017171870917081833
vt 0.07727350294589996 0.017171870917081833
vt 0.07727350294589996 0.03434380143880844
vt 0.06868760287761688 0.03434380143880844
vt 0.06868760287761688 0.03434380143880844
vt 0.06868760287761688 0.017171870917081833
vt 0.07727350294589996 0.017171870917081833
vt 0.0858594998717308 0.017171870917081833
vt 0.0858594998717308 0.03434380143880844
vt 0.07727350294589996 0.03434380143880844
vt 0.07727350294589996 0.03434380143880844
vt 0.07727350294589996 0.017171870917081833
vt 0.0858594998717308 0.017171870917081833
vt 0.09444540739059448 0.017171870917081833
vt 0.09444540739059448 0.03434380143880844
vt 0.0858594998717308 0.03434380143880844
vt 0.0858594998717308 0.03434380143880844
vt 0.0858594998717308 0.017171870917081833
vt 0.09444540739059448 0.017171870917081833
vt 0.10303137451410294 0.017171870917081833
vt 0.10303137451410294 0.03434380143880844
vt 0.09444540739059448 0.03434380143880844
vt 0.09444540739059448 0.03434380143880844
vt 0.09444540739059448 0.017171870917081833
vt 0.10303137451410294 0.017171870917081833
vt 0.1116173043847084 0.017171870917081833
vt 0.1116173043847084 0.03434380143880844
vt 0.10303137451410294 0.03434380143880844
vt 0.10303137451410294 0.03434380143880844
vt 0.10303137451410294 0.017171870917081833
vt 0.1116173043847084 0.017171870917081833
vt 0.12020327150821686 0.017171870917081833
vt 0.12020327150821686 0.03434380143880844
vt 0.1116173043847084 0.03434380143880844
vt 0.1116173043847084 0.03434380143880844
vt 0.1116173043847084 0.017171870917081833
vt 0.12020327150821686 0.017171870917081833
vt 0.12878917157649994 0.017171870917081833
vt 0.12878917157649994 0.03434380143880844
vt 0.12020327150821686 0.03434380143880844
vt 0.12020327150821686 0.03434380143880844
vt 0.12020327150821686 0.017171870917081833
vt 0.12878917157649994 0.017171870917081833
vt 0 1.920223691425499e-17
vt 0.008585965260863304 0.017171870917081833
vt 0 0.017171870917081833
vt 0.008585965260863304 1.920223691425499e-17
vt 0.01717193052172661 0.017171870917081833
vt 0.008585965260863304 0.017171870917081833
vt 0.01717193052172661 1.920223691425499e-17
vt 0.025757865980267525 0.017171870917081833
vt 0.01717193052172661 0.017171870917081833
vt 0.025757865980267525 1.920223691425499e-17
vt 0.03434383124113083 0.017171870917081833
vt 0.025757865980267525 0.017171870917081833
vt 0.03434383124113083 1.920223691425499e-17
vt 0.04292973503470421 0.017171870917081833
vt 0.03434383124113083 0.017171870917081833
vt 0.04292973503470421 1.920223691425499e-17
vt 0.05151570215821266 0.017171870917081833
vt 0.04292973503470421 0.017171870917081833
vt 0.05151570215821266 1.920223691425499e-17
vt 0.06010163575410843 0.017171870917081833
vt 0.05151570215821266 0.017171870917081833
vt 0.06010163575410843 1.920223691425499e-17
vt 0.06868760287761688 0.017171870917081833
vt 0.06010163575410843 0.017171870917081833
vt 0.06868760287761688 1.920223691425499e-17
vt 0.07727350294589996 0.017171870917081833
vt 0.06868760287761688 0.017171870917081833
vt 0.07727350294589996 1.920223691425499e-17
vt 0.0858594998717308 0.017171870917081833
vt 0.07727350294589996 0.017171870917081833
vt 0.0858594998717308 1.920223691425499e-17
vt 0.09444540739059448 0.017171870917081833
vt 0.0858594998717308 0.017171870917081833
vt 0.09444540739059448 1.920223691425499e-17
vt 0.10303137451410294 0.017171870917081833
vt 0.09444540739059448 0.017171870917081833
vt 0.10303137451410294 1.920223691425499e-17
vt 0.1116173043847084 0.017171870917081833
vt 0.10303137451410294 0.017171870917081833
vt 0.1116173043847084 1.920223691425499e-17
vt 0.12020327150821686 0.017171870917081833
vt 0.1116173043847084 0.017171870917081833
vt 0.12020327150821686 1.920223691425499e-17
vt 0.12878917157649994 0.017171870917081833
vt 0.12020327150821686 0.017171870917081833
vt 0.15874917805194855 0.5417019128799438
vt 0.15874917805194855 0.5055214762687683
vt 0.16055814921855927 0.5055214762687683
vt 0.16055814921855927 0.5055214762687683
vt 0.16055814921855927 0.5417019128799438
vt 0.15874917805194855 0.5417019128799438
vt 0.15694013237953186 0.5417019128799438
vt 0.15694013237953186 0.5055214762687683
vt 0.15874917805194855 0.5055214762687683
vt 0.15874917805194855 0.5055214762687683
vt 0.15874917805194855 0.5417019128799438
vt 0.15694013237953186 0.5417019128799438
vt 0.15513110160827637 0.5417019128799438
vt 0.15513110160827637 0.5055214762687683
vt 0.15694013237953186 0.5055214762687683
vt 0.15694013237953186 0.5055214762687683
vt 0.15694013237953186 0.5417019128799438
vt 0.15513110160827637 0.5417019128799438
vt 0.15332211554050446 0.5417019128799438
vt 0.15332211554050446 0.5055214762687683
vt 0.15513110160827637 0.5055214762687683
vt 0.15513110160827637 0.5055214762687683
vt 0.15513110160827637 0.5417019128799438
vt 0.15332211554050446 0.5417019128799438
vt 0.15151308476924896 0.5417019128799438
vt 0.15151308476924896 0.5055214762687683
vt 0.15332211554050446 0.5055214762687683
vt 0.15332211554050446 0.5055214762687683
vt 0.15332211554050446 0.5417019128799438
vt 0.15151308476924896 0.5417019128799438
vt 0.14970403909683228 0.5417019128799438
vt 0.14970403909683228 0.5055214762687683
vt 0.15151308476924896 0.5055214762687683
vt 0.15151308476924896 0.5055214762687683
vt 0.15151308476924896 0.5417019128799438
vt 0.14970403909683228 0.5417019128799438
vt 0.14789502322673798 0.5417019128799438
vt 0.14789502322673798 0.5055214762687683
vt 0.14970403909683228 0.5055214762687683
vt 0.14970403909683228 0.5055214762687683
vt 0.14970403909683228 0.5417019128799438
vt 0.14789502322673798 0.5417019128799438
vt 0.14608602225780487 0.5417019128799438
vt 0.14608602225780487 0.5055214762687683
vt 0.14789502322673798 0.5055214762687683
vt 0.14789502322673798 0.5055214762687683
vt 0.14789502322673798 0.5417019128799438
vt 0.14608602225780487 0.5417019128799438
vt 0.14427699148654938 0.5417019128799438
vt 0.14427699148654938 0.5055214762687683
vt 0.14608602225780487 0.5055214762687683
vt 0.14608602225780487 0.5055214762687683
vt 0.14608602225780487 0.5417019128799438
vt 0.14427699148654938 0.5417019128799438
vt 0.14246796071529388 0.5417019128799438
vt 0.14246796071529388 0.5055214762687683
vt 0.14427699148654938 0.5055214762687683
vt 0.14427699148654938 0.5055214762687683
vt 0.14427699148654938 0.5417019128799438
vt 0.14246796071529388 0.5417019128799438
vt 0.14065897464752197 0.5417019128799438
vt 0.14065897464752197 0.5055214762687683
vt 0.14246796071529388 0.5055214762687683
vt 0.14246796071529388 0.5055214762687683
vt 0.14246796071529388 0.5417019128799438
vt 0.14065897464752197 0.5417019128799438
vt 0.13884992897510529 0.5417019128799438
vt 0.13884992897510529 0.5055214762687683
vt 0.14065897464752197 0.5055214762687683
vt 0.14065897464752197 0.5055214762687683
vt 0.14065897464752197 0.5417019128799438
vt 0.13884992897510529 0.5417019128799438
vt 0.137040913105011 0.5417019128799438
vt 0.137040913105011 0.5055214762687683
vt 0.13884992897510529 0.5055214762687683
vt 0.13884992897510529 0.5055214762687683
vt 0.13884992897510529 0.5417019128799438
vt 0.137040913105011 0.5417019128799438
vt 0.1352318674325943 0.5417019128799438
vt 0.1352318674325943 0.5055214762687683
vt 0.137040913105011 0.5055214762687683
vt 0.137040913105011 0.5055214762687683
vt 0.137040913105011 0.5417019128799438
vt 0.1352318674325943 0.5417019128799438
vt 0.1334228813648224 0.5417019128799438
vt 0.1334228813648224 0.5055214762687683
vt 0.1352318674325943 0.5055214762687683
vt 0.1352318674325943 0.5055214762687683
vt 0.1352318674325943 0.5417019128799438
vt 0.1334228813648224 0.5417019128799438
vt 0.1316138505935669 0.5417019128799438
vt 0.1316138505935669 0.5055214762687683
vt 0.1334228813648224 0.5055214762687683
vt 0.1334228813648224 0.5055214762687683
vt 0.1334228813648224 0.5417019128799438
vt 0.1316138505935669 0.5417019128799438
vt 0.1298048198223114 0.5417019128799438
vt 0.1298048198223114 0.5055214762687683
vt 0.1316138505935669 0.5055214762687683
vt 0.1316138505935669 0.5055214762687683
vt 0.1316138505935669 0.5417019128799438
vt 0.1298048198223114 0.5417019128799438
vt 0.1279958337545395 0.5417019128799438
vt 0.1279958337545395 0.5055214762687683
vt 0.1298048198223114 0.5055214762687683
vt 0.1298048198223114 0.5055214762687683
vt 0.1298048198223114 0.5417019128799438
vt 0.1279958337545395 0.5417019128799438
vt 0.126186802983284 0.5417019128799438
vt 0.126186802983284 0.5055214762687683
vt 0.1279958337545395 0.5055214762687683
vt 0.1279958337545395 0.5055214762687683
vt 0.1279958337545395 0.5417019128799438
vt 0.126186802983284 0.5417019128799438
vt 0.1243777647614479 0.5417019128799438
vt 0.1243777647614479 0.5055214762687683
vt 0.126186802983284 0.5055214762687683
vt 0.126186802983284 0.5055214762687683
vt 0.126186802983284 0.5417019128799438
vt 0.1243777647614479 0.5417019128799438
vt 0.12641939520835876 0.6110091209411621
vt 0.1243777647614479 0.6110091209411621
vt 0.1243777647614479 0.570176362991333
vt 0.1243777647614479 0.570176362991333
vt 0.12641939520835876 0.570176362991333
vt 0.12641939520835876 0.6110091209411621
vt 0.12846103310585022 0.6110091209411621
vt 0.12641939520835876 0.6110091209411621
vt 0.12641939520835876 0.570176362991333
vt 0.12641939520835876 0.570176362991333
vt 0.12846103310585022 0.570176362991333
vt 0.12846103310585022 0.6110091209411621
vt 0.13050265610218048 0.6110091209411621
vt 0.12846103310585022 0.6110091209411621
vt 0.12846103310585022 0.570176362991333
vt 0.12846103310585022 0.570176362991333
vt 0.13050265610218048 0.570176362991333
vt 0.13050265610218048 0.6110091209411621
vt 0.13254429399967194 0.6110091209411621
vt 0.13050265610218048 0.6110091209411621
vt 0.13050265610218048 0.570176362991333
vt 0.13050265610218048 0.570176362991333
vt 0.13254429399967194 0.570176362991333
vt 0.13254429399967194 0.6110091209411621
vt 0.13458597660064697 0.6110091209411621
vt 0.13254429399967194 0.6110091209411621
vt 0.13254429399967194 0.570176362991333
vt 0.13254429399967194 0.570176362991333
vt 0.13458597660064697 0.570176362991333
vt 0.13458597660064697 0.6110091209411621
vt 0.13662758469581604 0.6110091209411621
vt 0.13458597660064697 0.6110091209411621
vt 0.13458597660064697 0.570176362991333
vt 0.13458597660064697 0.570176362991333
vt 0.13662758469581604 0.570176362991333
vt 0.13662758469581604 0.6110091209411621
vt 0.1386692225933075 0.6110091209411621
vt 0.13662758469581604 0.6110091209411621
vt 0.13662758469581604 0.570176362991333
vt 0.13662758469581604 0.570176362991333
vt 0.1386692225933075 0.570176362991333
vt 0.1386692225933075 0.6110091209411621
vt 0.14071084558963776 0.6110091209411621
vt 0.1386692225933075 0.6110091209411621
vt 0.1386692225933075 0.570176362991333
vt 0.1386692225933075 0.570176362991333
vt 0.14071084558963776 0.570176362991333
vt 0.14071084558963776 0.6110091209411621
vt 0.1427525281906128 0.6110091209411621
vt 0.14071084558963776 0.6110091209411621
vt 0.14071084558963776 0.570176362991333
vt 0.14071084558963776 0.570176362991333
vt 0.1427525281906128 0.570176362991333
vt 0.1427525281906128 0.6110091209411621
vt 0.14479416608810425 0.6110091209411621
vt 0.1427525281906128 0.6110091209411621
vt 0.1427525281906128 0.570176362991333
vt 0.1427525281906128 0.570176362991333
vt 0.14479416608810425 0.570176362991333
vt 0.14479416608810425 0.6110091209411621
vt 0.14683577418327332 0.6110091209411621
vt 0.14479416608810425 0.6110091209411621
vt 0.14479416608810425 0.570176362991333
vt 0.14479416608810425 0.570176362991333
vt 0.14683577418327332 0.570176362991333
vt 0.14683577418327332 0.6110091209411621
vt 0.14887741208076477 0.6110091209411621
vt 0.14683577418327332 0.6110091209411621
vt 0.14683577418327332 0.570176362991333
vt 0.14683577418327332 0.570176362991333
vt 0.14887741208076477 0.570176362991333
vt 0.14887741208076477 0.6110091209411621
vt 0.1509190797805786 0.6110091209411621
vt 0.14887741208076477 0.6110091209411621
vt 0.14887741208076477 0.570176362991333
vt 0.14887741208076477 0.570176362991333
vt 0.1509190797805786 0.570176362991333
vt 0.1509190797805786 0.6110091209411621
vt 0.15296071767807007 0.6110091209411621
vt 0.1509190797805786 0.6110091209411621
vt 0.1509190797805786 0.570176362991333
vt 0.1509190797805786 0.570176362991333
vt 0.15296071767807007 0.570176362991333
vt 0.15296071767807007 0.6110091209411621
vt 0.15500235557556152 0.6110091209411621
vt 0.15296071767807007 0.6110091209411621
vt 0.15296071767807007 0.570176362991333
vt 0.15296071767807007 0.570176362991333
vt 0.15500235557556152 0.570176362991333
vt 0.15500235557556152 0.6110091209411621
vt 0.15704397857189178 0.6110091209411621
vt 0.15500235557556152 0.6110091209411621
vt 0.15500235557556152 0.570176362991333
vt 0.15500235557556152 0.570176362991333
vt 0.15704397857189178 0.570176362991333
vt 0.15704397857189178 0.6110091209411621
vt 0.15908566117286682 0.6110091209411621
vt 0.15704397857189178 0.6110091209411621
vt 0.15704397857189178 0.570176362991333
vt 0.15704397857189178 0.570176362991333
vt 0.15908566117286682 0.570176362991333
vt 0.15908566117286682 0.6110091209411621
vt 0.1611272692680359 0.6110091209411621
vt 0.15908566117286682 0.6110091209411621
vt 0.15908566117286682 0.570176362991333
vt 0.15908566117286682 0.570176362991333
vt 0.1611272692680359 0.570176362991333
vt 0.1611272692680359 0.6110091209411621
vt 0.16316890716552734 0.6110091209411621
vt 0.1611272692680359 0.6110091209411621
vt 0.1611272692680359 0.570176362991333
vt 0.1611272692680359 0.570176362991333
vt 0.16316890716552734 0.570176362991333
vt 0.16316890716552734 0.6110091209411621
vt 0.1652105450630188 0.6110091209411621
vt 0.16316890716552734 0.6110091209411621
vt 0.16316890716552734 0.570176362991333
vt 0.16316890716552734 0.570176362991333
vt 0.1652105450630188 0.570176362991333
vt 0.1652105450630188 0.6110091209411621
vt 0.8871429562568665 0.6013270020484924
vt 0.8832077383995056 0.6013270020484924
vt 0.8832077383995056 0.5226233005523682
vt 0.8832077383995056 0.5226233005523682
vt 0.8871429562568665 0.5226233005523682
vt 0.8871429562568665 0.6013270020484924
vt 0.8910781741142273 0.6013270020484924
vt 0.8871429562568665 0.6013270020484924
vt 0.8871429562568665 0.5226233005523682
vt 0.8871429562568665 0.5226233005523682
vt 0.8910781741142273 0.5226233005523682
vt 0.8910781741142273 0.6013270020484924
vt 0.8950133919715881 0.6013270020484924
vt 0.8910781741142273 0.6013270020484924
vt 0.8910781741142273 0.5226233005523682
vt 0.8910781741142273 0.5226233005523682
vt 0.8950133919715881 0.5226233005523682
vt 0.8950133919715881 0.6013270020484924
vt 0.898948609828949 0.6013270020484924
vt 0.8950133919715881 0.6013270020484924
vt 0.8950133919715881 0.5226233005523682
vt 0.8950133919715881 0.5226233005523682
vt 0.898948609828949 0.5226233005523682
vt 0.898948609828949 0.6013270020484924
vt 0.902883768081665 0.6013270020484924
vt 0.898948609828949 0.6013270020484924
vt 0.898948609828949 0.5226233005523682
vt 0.898948609828949 0.5226233005523682
vt 0.902883768081665 0.5226233005523682
vt 0.902883768081665 0.6013270020484924
vt 0.9068188667297363 0.6013270020484924
vt 0.902883768081665 0.6013270020484924
vt 0.902883768081665 0.5226233005523682
vt 0.902883768081665 0.5226233005523682
vt 0.9068188667297363 0.5226233005523682
vt 0.9068188667297363 0.6013270020484924
vt 0.9107540845870972 0.6013270020484924
vt 0.9068188667297363 0.6013270020484924
vt 0.9068188667297363 0.5226233005523682
vt 0.9068188667297363 0.5226233005523682
vt 0.9107540845870972 0.5226233005523682
vt 0.9107540845870972 0.6013270020484924
vt 0.914689302444458 0.6013270020484924
vt 0.9107540845870972 0.6013270020484924
vt 0.9107540845870972 0.5226233005523682
vt 0.9107540845870972 0.5226233005523682
vt 0.914689302444458 0.5226233005523682
vt 0.914689302444458 0.6013270020484924
vt 0.9186245203018188 0.6013270020484924
vt 0.914689302444458 0.6013270020484924
vt 0.914689302444458 0.5226233005523682
vt 0.914689302444458 0.5226233005523682
vt 0.9186245203018188 0.5226233005523682
vt 0.9186245203018188 0.6013270020484924
vt 0.9225596785545349 0.6013270020484924
vt 0.9186245203018188 0.6013270020484924
vt 0.9186245203018188 0.5226233005523682
vt 0.9186245203018188 0.5226233005523682
vt 0.9225596785545349 0.5226233005523682
vt 0.9225596785545349 0.6013270020484924
vt 0.9264948964118958 0.6013270020484924
vt 0.9225596785545349 0.6013270020484924
vt 0.9225596785545349 0.5226233005523682
vt 0.9225596785545349 0.5226233005523682
vt 0.9264948964118958 0.5226233005523682
vt 0.9264948964118958 0.6013270020484924
vt 0.9304301142692566 0.6013270020484924
vt 0.9264948964118958 0.6013270020484924
vt 0.9264948964118958 0.5226233005523682
vt 0.9264948964118958 0.5226233005523682
vt 0.9304301142692566 0.5226233005523682
vt 0.9304301142692566 0.6013270020484924
vt 0.9343653321266174 0.6013270020484924
vt 0.9304301142692566 0.6013270020484924
vt 0.9304301142692566 0.5226233005523682
vt 0.9304301142692566 0.5226233005523682
vt 0.9343653321266174 0.5226233005523682
vt 0.9343653321266174 0.6013270020484924
vt 0.9383004307746887 0.6013270020484924
vt 0.9343653321266174 0.6013270020484924
vt 0.9343653321266174 0.5226233005523682
vt 0.9343653321266174 0.5226233005523682
vt 0.9383004307746887 0.5226233005523682
vt 0.9383004307746887 0.6013270020484924
vt 0.9422355890274048 0.6013270020484924
vt 0.9383004307746887 0.6013270020484924
vt 0.9383004307746887 0.5226233005523682
vt 0.9383004307746887 0.5226233005523682
vt 0.9422355890274048 0.5226233005523682
vt 0.9422355890274048 0.6013270020484924
vt 0.9461708068847656 0.6013270020484924
vt 0.9422355890274048 0.6013270020484924
vt 0.9422355890274048 0.5226233005523682
vt 0.9422355890274048 0.5226233005523682
vt 0.9461708068847656 0.5226233005523682
vt 0.9461708068847656 0.6013270020484924
vt 0.9501060247421265 0.6013270020484924
vt 0.9461708068847656 0.6013270020484924
vt 0.9461708068847656 0.5226233005523682
vt 0.9461708068847656 0.5226233005523682
vt 0.9501060247421265 0.5226233005523682
vt 0.9501060247421265 0.6013270020484924
vt 0.9540412425994873 0.6013270020484924
vt 0.9501060247421265 0.6013270020484924
vt 0.9501060247421265 0.5226233005523682
vt 0.9501060247421265 0.5226233005523682
vt 0.9540412425994873 0.5226233005523682
vt 0.9540412425994873 0.6013270020484924
vt 0.9579764008522034 0.6013270020484924
vt 0.9540412425994873 0.6013270020484924
vt 0.9540412425994873 0.5226233005523682
vt 0.9540412425994873 0.5226233005523682
vt 0.9579764008522034 0.5226233005523682
vt 0.9579764008522034 0.6013270020484924
vt 0.9619116187095642 0.6013270020484924
vt 0.9579764008522034 0.6013270020484924
vt 0.9579764008522034 0.5226233005523682
vt 0.9579764008522034 0.5226233005523682
vt 0.9619116187095642 0.5226233005523682
vt 0.9619116187095642 0.6013270020484924
vt 0.4746497869491577 0.008549859747290611
vt 0.4661025404930115 0.008549859747290611
vt 0.4661025404930115 0.0000025667475256341277
vt 0.4661025404930115 0.0000025667475256341277
vt 0.4746497869491577 0.0000025667475256341277
vt 0.4746497869491577 0.008549859747290611
vt 0.6312291622161865 0.6089227199554443
vt 0.6269142031669617 0.6089227199554443
vt 0.6269142031669617 0.5226233005523682
vt 0.6269142031669617 0.5226233005523682
vt 0.6312291622161865 0.5226233005523682
vt 0.6312291622161865 0.6089227199554443
vt 0.6355441212654114 0.6089227199554443
vt 0.6312291622161865 0.6089227199554443
vt 0.6312291622161865 0.5226233005523682
vt 0.6312291622161865 0.5226233005523682
vt 0.6355441212654114 0.5226233005523682
vt 0.6355441212654114 0.6089227199554443
vt 0.639859139919281 0.6089227199554443
vt 0.6355441212654114 0.6089227199554443
vt 0.6355441212654114 0.5226233005523682
vt 0.6355441212654114 0.5226233005523682
vt 0.639859139919281 0.5226233005523682
vt 0.639859139919281 0.6089227199554443
vt 0.6441740989685059 0.6089227199554443
vt 0.639859139919281 0.6089227199554443
vt 0.639859139919281 0.5226233005523682
vt 0.639859139919281 0.5226233005523682
vt 0.6441740989685059 0.5226233005523682
vt 0.6441740989685059 0.6089227199554443
vt 0.6484891176223755 0.6089227199554443
vt 0.6441740989685059 0.6089227199554443
vt 0.6441740989685059 0.5226233005523682
vt 0.6441740989685059 0.5226233005523682
vt 0.6484891176223755 0.5226233005523682
vt 0.6484891176223755 0.6089227199554443
vt 0.6528040170669556 0.6089227199554443
vt 0.6484891176223755 0.6089227199554443
vt 0.6484891176223755 0.5226233005523682
vt 0.6484891176223755 0.5226233005523682
vt 0.6528040170669556 0.5226233005523682
vt 0.6528040170669556 0.6089227199554443
vt 0.6571190357208252 0.6089227199554443
vt 0.6528040170669556 0.6089227199554443
vt 0.6528040170669556 0.5226233005523682
vt 0.6528040170669556 0.5226233005523682
vt 0.6571190357208252 0.5226233005523682
vt 0.6571190357208252 0.6089227199554443
vt 0.66143399477005 0.6089227199554443
vt 0.6571190357208252 0.6089227199554443
vt 0.6571190357208252 0.5226233005523682
vt 0.6571190357208252 0.5226233005523682
vt 0.66143399477005 0.5226233005523682
vt 0.66143399477005 0.6089227199554443
vt 0.6657490134239197 0.6089227199554443
vt 0.66143399477005 0.6089227199554443
vt 0.66143399477005 0.5226233005523682
vt 0.66143399477005 0.5226233005523682
vt 0.6657490134239197 0.5226233005523682
vt 0.6657490134239197 0.6089227199554443
vt 0.6700639724731445 0.6089227199554443
vt 0.6657490134239197 0.6089227199554443
vt 0.6657490134239197 0.5226233005523682
vt 0.6657490134239197 0.5226233005523682
vt 0.6700639724731445 0.5226233005523682
vt 0.6700639724731445 0.6089227199554443
vt 0.6743789315223694 0.6089227199554443
vt 0.6700639724731445 0.6089227199554443
vt 0.6700639724731445 0.5226233005523682
vt 0.6700639724731445 0.5226233005523682
vt 0.6743789315223694 0.5226233005523682
vt 0.6743789315223694 0.6089227199554443
vt 0.6786938905715942 0.6089227199554443
vt 0.6743789315223694 0.6089227199554443
vt 0.6743789315223694 0.5226233005523682
vt 0.6743789315223694 0.5226233005523682
vt 0.6786938905715942 0.5226233005523682
vt 0.6786938905715942 0.6089227199554443
vt 0.6830088496208191 0.6089227199554443
vt 0.6786938905715942 0.6089227199554443
vt 0.6786938905715942 0.5226233005523682
vt 0.6786938905715942 0.5226233005523682
vt 0.6830088496208191 0.5226233005523682
vt 0.6830088496208191 0.6089227199554443
vt 0.6873238682746887 0.6089227199554443
vt 0.6830088496208191 0.6089227199554443
vt 0.6830088496208191 0.5226233005523682
vt 0.6830088496208191 0.5226233005523682
vt 0.6873238682746887 0.5226233005523682
vt 0.6873238682746887 0.6089227199554443
vt 0.6916387677192688 0.6089227199554443
vt 0.6873238682746887 0.6089227199554443
vt 0.6873238682746887 0.5226233005523682
vt 0.6873238682746887 0.5226233005523682
vt 0.6916387677192688 0.5226233005523682
vt 0.6916387677192688 0.6089227199554443
vt 0.6959537863731384 0.6089227199554443
vt 0.6916387677192688 0.6089227199554443
vt 0.6916387677192688 0.5226233005523682
vt 0.6916387677192688 0.5226233005523682
vt 0.6959537863731384 0.5226233005523682
vt 0.6959537863731384 0.6089227199554443
vt 0.7002687454223633 0.6089227199554443
vt 0.6959537863731384 0.6089227199554443
vt 0.6959537863731384 0.5226233005523682
vt 0.6959537863731384 0.5226233005523682
vt 0.7002687454223633 0.5226233005523682
vt 0.7002687454223633 0.6089227199554443
vt 0.7045837640762329 0.6089227199554443
vt 0.7002687454223633 0.6089227199554443
vt 0.7002687454223633 0.5226233005523682
vt 0.7002687454223633 0.5226233005523682
vt 0.7045837640762329 0.5226233005523682
vt 0.7045837640762329 0.6089227199554443
vt 0.7088987231254578 0.6089227199554443
vt 0.7045837640762329 0.6089227199554443
vt 0.7045837640762329 0.5226233005523682
vt 0.7045837640762329 0.5226233005523682
vt 0.7088987231254578 0.5226233005523682
vt 0.7088987231254578 0.6089227199554443
vt 0.7132136821746826 0.6089227199554443
vt 0.7088987231254578 0.6089227199554443
vt 0.7088987231254578 0.5226233005523682
vt 0.7088987231254578 0.5226233005523682
vt 0.7132136821746826 0.5226233005523682
vt 0.7132136821746826 0.6089227199554443
vt 0.1354377120733261 0.008549852296710014
vt 0.12689045071601868 0.008549852296710014
vt 0.12689045071601868 0.0000025667475256341277
vt 0.12689045071601868 0.0000025667475256341277
vt 0.1354377120733261 0.0000025667475256341277
vt 0.1354377120733261 0.008549852296710014
vt 0.315341591835022 0.6241157650947571
vt 0.315341591835022 0.6069439053535461
vt 0.3239275813102722 0.6069439053535461
vt 0.3239275813102722 0.6241157650947571
vt 0.3239275813102722 0.6069439053535461
vt 0.3325135111808777 0.6069439053535461
vt 0.3325135111808777 0.6241157650947571
vt 0.3325135111808777 0.6069439053535461
vt 0.34109947085380554 0.6069439053535461
vt 0.34109947085380554 0.6241157650947571
vt 0.34109947085380554 0.6069439053535461
vt 0.349685400724411 0.6069439053535461
vt 0.349685400724411 0.6241157650947571
vt 0.349685400724411 0.6069439053535461
vt 0.35827136039733887 0.6069439053535461
vt 0.35827136039733887 0.6241157650947571
vt 0.35827136039733887 0.6069439053535461
vt 0.36685726046562195 0.6069439053535461
vt 0.36685726046562195 0.6241157650947571
vt 0.36685726046562195 0.6069439053535461
vt 0.3754432201385498 0.6069439053535461
vt 0.3754432201385498 0.6241157650947571
vt 0.3754432201385498 0.6069439053535461
vt 0.3840291500091553 0.6069439053535461
vt 0.3840291500091553 0.6241157650947571
vt 0.3840291500091553 0.6069439053535461
vt 0.3926151394844055 0.6069439053535461
vt 0.3926151394844055 0.6241157650947571
vt 0.3926151394844055 0.6069439053535461
vt 0.4012010395526886 0.6069439053535461
vt 0.4012010395526886 0.6241157650947571
vt 0.4012010395526886 0.6069439053535461
vt 0.40978699922561646 0.6069439053535461
vt 0.40978699922561646 0.6241157650947571
vt 0.40978699922561646 0.6069439053535461
vt 0.4183729290962219 0.6069439053535461
vt 0.4183729290962219 0.6241157650947571
vt 0.4183729290962219 0.6069439053535461
vt 0.4269588887691498 0.6069439053535461
vt 0.4269588887691498 0.6241157650947571
vt 0.4269588887691498 0.6069439053535461
vt 0.43554478883743286 0.6069439053535461
vt 0.43554478883743286 0.6241157650947571
vt 0.43554478883743286 0.6069439053535461
vt 0.4441307783126831 0.6069439053535461
vt 0.3239275813102722 0.5897719860076904
vt 0.3239275813102722 0.6069439053535461
vt 0.315341591835022 0.6069439053535461
vt 0.315341591835022 0.6069439053535461
vt 0.315341591835022 0.5897719860076904
vt 0.3239275813102722 0.5897719860076904
vt 0.3325135111808777 0.5897719860076904
vt 0.3325135111808777 0.6069439053535461
vt 0.3239275813102722 0.6069439053535461
vt 0.3239275813102722 0.6069439053535461
vt 0.3239275813102722 0.5897719860076904
vt 0.3325135111808777 0.5897719860076904
vt 0.34109947085380554 0.5897719860076904
vt 0.34109947085380554 0.6069439053535461
vt 0.3325135111808777 0.6069439053535461
vt 0.3325135111808777 0.6069439053535461
vt 0.3325135111808777 0.5897719860076904
vt 0.34109947085380554 0.5897719860076904
vt 0.349685400724411 0.5897719860076904
vt 0.349685400724411 0.6069439053535461
vt 0.34109947085380554 0.6069439053535461
vt 0.34109947085380554 0.6069439053535461
vt 0.34109947085380554 0.5897719860076904
vt 0.349685400724411 0.5897719860076904
vt 0.35827136039733887 0.5897719860076904
vt 0.35827136039733887 0.6069439053535461
vt 0.349685400724411 0.6069439053535461
vt 0.349685400724411 0.6069439053535461
vt 0.349685400724411 0.5897719860076904
vt 0.35827136039733887 0.5897719860076904
vt 0.36685726046562195 0.5897719860076904
vt 0.36685726046562195 0.6069439053535461
vt 0.35827136039733887 0.6069439053535461
vt 0.35827136039733887 0.6069439053535461
vt 0.35827136039733887 0.5897719860076904
vt 0.36685726046562195 0.5897719860076904
vt 0.3754432201385498 0.5897719860076904
vt 0.3754432201385498 0.6069439053535461
vt 0.36685726046562195 0.6069439053535461
vt 0.36685726046562195 0.6069439053535461
vt 0.36685726046562195 0.5897719860076904
vt 0.3754432201385498 0.5897719860076904
vt 0.3840291500091553 0.5897719860076904
vt 0.3840291500091553 0.6069439053535461
vt 0.3754432201385498 0.6069439053535461
vt 0.3754432201385498 0.6069439053535461
vt 0.3754432201385498 0.5897719860076904
vt 0.3840291500091553 0.5897719860076904
vt 0.3926151394844055 0.5897719860076904
vt 0.3926151394844055 0.6069439053535461
vt 0.3840291500091553 0.6069439053535461
vt 0.3840291500091553 0.6069439053535461
vt 0.3840291500091553 0.5897719860076904
vt 0.3926151394844055 0.5897719860076904
vt 0.4012010395526886 0.5897719860076904
vt 0.4012010395526886 0.6069439053535461
vt 0.3926151394844055 0.6069439053535461
vt 0.3926151394844055 0.6069439053535461
vt 0.3926151394844055 0.5897719860076904
vt 0.4012010395526886 0.5897719860076904
vt 0.40978699922561646 0.5897719860076904
vt 0.40978699922561646 0.6069439053535461
vt 0.4012010395526886 0.6069439053535461
vt 0.4012010395526886 0.6069439053535461
vt 0.4012010395526886 0.5897719860076904
vt 0.40978699922561646 0.5897719860076904
vt 0.4183729290962219 0.5897719860076904
vt 0.4183729290962219 0.6069439053535461
vt 0.40978699922561646 0.6069439053535461
vt 0.40978699922561646 0.6069439053535461
vt 0.40978699922561646 0.5897719860076904
vt 0.4183729290962219 0.5897719860076904
vt 0.4269588887691498 0.5897719860076904
vt 0.4269588887691498 0.6069439053535461
vt 0.4183729290962219 0.6069439053535461
vt 0.4183729290962219 0.6069439053535461
vt 0.4183729290962219 0.5897719860076904
vt 0.4269588887691498 0.5897719860076904
vt 0.43554478883743286 0.5897719860076904
vt 0.43554478883743286 0.6069439053535461
vt 0.4269588887691498 0.6069439053535461
vt 0.4269588887691498 0.6069439053535461
vt 0.4269588887691498 0.5897719860076904
vt 0.43554478883743286 0.5897719860076904
vt 0.4441307783126831 0.5897719860076904
vt 0.4441307783126831 0.6069439053535461
vt 0.43554478883743286 0.6069439053535461
vt 0.43554478883743286 0.6069439053535461
vt 0.43554478883743286 0.5897719860076904
vt 0.4441307783126831 0.5897719860076904
vt 0.3239275813102722 0.5726001262664795
vt 0.3239275813102722 0.5897719860076904
vt 0.315341591835022 0.5897719860076904
vt 0.315341591835022 0.5897719860076904
vt 0.315341591835022 0.5726001262664795
vt 0.3239275813102722 0.5726001262664795
vt 0.3325135111808777 0.5726001262664795
vt 0.3325135111808777 0.5897719860076904
vt 0.3239275813102722 0.5897719860076904
vt 0.3239275813102722 0.5897719860076904
vt 0.3239275813102722 0.5726001262664795
vt 0.3325135111808777 0.5726001262664795
vt 0.34109947085380554 0.5726001262664795
vt 0.34109947085380554 0.5897719860076904
vt 0.3325135111808777 0.5897719860076904
vt 0.3325135111808777 0.5897719860076904
vt 0.3325135111808777 0.5726001262664795
vt 0.34109947085380554 0.5726001262664795
vt 0.349685400724411 0.5726001262664795
vt 0.349685400724411 0.5897719860076904
vt 0.34109947085380554 0.5897719860076904
vt 0.34109947085380554 0.5897719860076904
vt 0.34109947085380554 0.5726001262664795
vt 0.349685400724411 0.5726001262664795
vt 0.35827136039733887 0.5726001262664795
vt 0.35827136039733887 0.5897719860076904
vt 0.349685400724411 0.5897719860076904
vt 0.349685400724411 0.5897719860076904
vt 0.349685400724411 0.5726001262664795
vt 0.35827136039733887 0.5726001262664795
vt 0.36685726046562195 0.5726001262664795
vt 0.36685726046562195 0.5897719860076904
vt 0.35827136039733887 0.5897719860076904
vt 0.35827136039733887 0.5897719860076904
vt 0.35827136039733887 0.5726001262664795
vt 0.36685726046562195 0.5726001262664795
vt 0.3754432201385498 0.5726001262664795
vt 0.3754432201385498 0.5897719860076904
vt 0.36685726046562195 0.5897719860076904
vt 0.36685726046562195 0.5897719860076904
vt 0.36685726046562195 0.5726001262664795
vt 0.3754432201385498 0.5726001262664795
vt 0.3840291500091553 0.5726001262664795
vt 0.3840291500091553 0.5897719860076904
vt 0.3754432201385498 0.5897719860076904
vt 0.3754432201385498 0.5897719860076904
vt 0.3754432201385498 0.5726001262664795
vt 0.3840291500091553 0.5726001262664795
vt 0.3926151394844055 0.5726001262664795
vt 0.3926151394844055 0.5897719860076904
vt 0.3840291500091553 0.5897719860076904
vt 0.3840291500091553 0.5897719860076904
vt 0.3840291500091553 0.5726001262664795
vt 0.3926151394844055 0.5726001262664795
vt 0.4012010395526886 0.5726001262664795
vt 0.4012010395526886 0.5897719860076904
vt 0.3926151394844055 0.5897719860076904
vt 0.3926151394844055 0.5897719860076904
vt 0.3926151394844055 0.5726001262664795
vt 0.4012010395526886 0.5726001262664795
vt 0.40978699922561646 0.5726001262664795
vt 0.40978699922561646 0.5897719860076904
vt 0.4012010395526886 0.5897719860076904
vt 0.4012010395526886 0.5897719860076904
vt 0.4012010395526886 0.5726001262664795
vt 0.40978699922561646 0.5726001262664795
vt 0.4183729290962219 0.5726001262664795
vt 0.4183729290962219 0.5897719860076904
vt 0.40978699922561646 0.5897719860076904
vt 0.40978699922561646 0.5897719860076904
vt 0.40978699922561646 0.5726001262664795
vt 0.4183729290962219 0.5726001262664795
vt 0.4269588887691498 0.5726001262664795
vt 0.4269588887691498 0.5897719860076904
vt 0.4183729290962219 0.5897719860076904
vt 0.4183729290962219 0.5897719860076904
vt 0.4183729290962219 0.5726001262664795
vt 0.4269588887691498 0.5726001262664795
vt 0.43554478883743286 0.5726001262664795
vt 0.43554478883743286 0.5897719860076904
vt 0.4269588887691498 0.5897719860076904
vt 0.4269588887691498 0.5897719860076904
vt 0.4269588887691498 0.5726001262664795
vt 0.43554478883743286 0.5726001262664795
vt 0.4441307783126831 0.5726001262664795
vt 0.4441307783126831 0.5897719860076904
vt 0.43554478883743286 0.5897719860076904
vt 0.43554478883743286 0.5897719860076904
vt 0.43554478883743286 0.5726001262664795
vt 0.4441307783126831 0.5726001262664795
vt 0.3239275813102722 0.5554282665252686
vt 0.3239275813102722 0.5726001262664795
vt 0.315341591835022 0.5726001262664795
vt 0.315341591835022 0.5726001262664795
vt 0.315341591835022 0.5554282665252686
vt 0.3239275813102722 0.5554282665252686
vt 0.3325135111808777 0.5554282665252686
vt 0.3325135111808777 0.5726001262664795
vt 0.3239275813102722 0.5726001262664795
vt 0.3239275813102722 0.5726001262664795
vt 0.3239275813102722 0.5554282665252686
vt 0.3325135111808777 0.5554282665252686
vt 0.34109947085380554 0.5554282665252686
vt 0.34109947085380554 0.5726001262664795
vt 0.3325135111808777 0.5726001262664795
vt 0.3325135111808777 0.5726001262664795
vt 0.3325135111808777 0.5554282665252686
vt 0.34109947085380554 0.5554282665252686
vt 0.349685400724411 0.5554282665252686
vt 0.349685400724411 0.5726001262664795
vt 0.34109947085380554 0.5726001262664795
vt 0.34109947085380554 0.5726001262664795
vt 0.34109947085380554 0.5554282665252686
vt 0.349685400724411 0.5554282665252686
vt 0.35827136039733887 0.5554282665252686
vt 0.35827136039733887 0.5726001262664795
vt 0.349685400724411 0.5726001262664795
vt 0.349685400724411 0.5726001262664795
vt 0.349685400724411 0.5554282665252686
vt 0.35827136039733887 0.5554282665252686
vt 0.36685726046562195 0.5554282665252686
vt 0.36685726046562195 0.5726001262664795
vt 0.35827136039733887 0.5726001262664795
vt 0.35827136039733887 0.5726001262664795
vt 0.35827136039733887 0.5554282665252686
vt 0.36685726046562195 0.5554282665252686
vt 0.3754432201385498 0.5554282665252686
vt 0.3754432201385498 0.5726001262664795
vt 0.36685726046562195 0.5726001262664795
vt 0.36685726046562195 0.5726001262664795
vt 0.36685726046562195 0.5554282665252686
vt 0.3754432201385498 0.5554282665252686
vt 0.3840291500091553 0.5554282665252686
vt 0.3840291500091553 0.5726001262664795
vt 0.3754432201385498 0.5726001262664795
vt 0.3754432201385498 0.5726001262664795
vt 0.3754432201385498 0.5554282665252686
vt 0.3840291500091553 0.5554282665252686
vt 0.3926151394844055 0.5554282665252686
vt 0.3926151394844055 0.5726001262664795
vt 0.3840291500091553 0.5726001262664795
vt 0.3840291500091553 0.5726001262664795
vt 0.3840291500091553 0.5554282665252686
vt 0.3926151394844055 0.5554282665252686
vt 0.4012010395526886 0.5554282665252686
vt 0.4012010395526886 0.5726001262664795
vt 0.3926151394844055 0.5726001262664795
vt 0.3926151394844055 0.5726001262664795
vt 0.3926151394844055 0.5554282665252686
vt 0.4012010395526886 0.5554282665252686
vt 0.40978699922561646 0.5554282665252686
vt 0.40978699922561646 0.5726001262664795
vt 0.4012010395526886 0.5726001262664795
vt 0.4012010395526886 0.5726001262664795
vt 0.4012010395526886 0.5554282665252686
vt 0.40978699922561646 0.5554282665252686
vt 0.4183729290962219 0.5554282665252686
vt 0.4183729290962219 0.5726001262664795
vt 0.40978699922561646 0.5726001262664795
vt 0.40978699922561646 0.5726001262664795
vt 0.40978699922561646 0.5554282665252686
vt 0.4183729290962219 0.5554282665252686
vt 0.4269588887691498 0.5554282665252686
vt 0.4269588887691498 0.5726001262664795
vt 0.4183729290962219 0.5726001262664795
vt 0.4183729290962219 0.5726001262664795
vt 0.4183729290962219 0.5554282665252686
vt 0.4269588887691498 0.5554282665252686
vt 0.43554478883743286 0.5554282665252686
vt 0.43554478883743286 0.5726001262664795
vt 0.4269588887691498 0.5726001262664795
vt 0.4269588887691498 0.5726001262664795
vt 0.4269588887691498 0.5554282665252686
vt 0.43554478883743286 0.5554282665252686
vt 0.4441307783126831 0.5554282665252686
vt 0.4441307783126831 0.5726001262664795
vt 0.43554478883743286 0.5726001262664795
vt 0.43554478883743286 0.5726001262664795
vt 0.43554478883743286 0.5554282665252686
vt 0.4441307783126831 0.5554282665252686
vt 0.3239275813102722 0.5382564067840576
vt 0.3239275813102722 0.5554282665252686
vt 0.315341591835022 0.5554282665252686
vt 0.315341591835022 0.5554282665252686
vt 0.315341591835022 0.5382564067840576
vt 0.3239275813102722 0.5382564067840576
vt 0.3325135111808777 0.5382564067840576
vt 0.3325135111808777 0.5554282665252686
vt 0.3239275813102722 0.5554282665252686
vt 0.3239275813102722 0.5554282665252686
vt 0.3239275813102722 0.5382564067840576
vt 0.3325135111808777 0.5382564067840576
vt 0.34109947085380554 0.5382564067840576
vt 0.34109947085380554 0.5554282665252686
vt 0.3325135111808777 0.5554282665252686
vt 0.3325135111808777 0.5554282665252686
vt 0.3325135111808777 0.5382564067840576
vt 0.34109947085380554 0.5382564067840576
vt 0.349685400724411 0.5382564067840576
vt 0.349685400724411 0.5554282665252686
vt 0.34109947085380554 0.5554282665252686
vt 0.34109947085380554 0.5554282665252686
vt 0.34109947085380554 0.5382564067840576
vt 0.349685400724411 0.5382564067840576
vt 0.35827136039733887 0.5382564067840576
vt 0.35827136039733887 0.5554282665252686
vt 0.349685400724411 0.5554282665252686
vt 0.349685400724411 0.5554282665252686
vt 0.349685400724411 0.5382564067840576
vt 0.35827136039733887 0.5382564067840576
vt 0.36685726046562195 0.5382564067840576
vt 0.36685726046562195 0.5554282665252686
vt 0.35827136039733887 0.5554282665252686
vt 0.35827136039733887 0.5554282665252686
vt 0.35827136039733887 0.5382564067840576
vt 0.36685726046562195 0.5382564067840576
vt 0.3754432201385498 0.5382564067840576
vt 0.3754432201385498 0.5554282665252686
vt 0.36685726046562195 0.5554282665252686
vt 0.36685726046562195 0.5554282665252686
vt 0.36685726046562195 0.5382564067840576
vt 0.3754432201385498 0.5382564067840576
vt 0.3840291500091553 0.5382564067840576
vt 0.3840291500091553 0.5554282665252686
vt 0.3754432201385498 0.5554282665252686
vt 0.3754432201385498 0.5554282665252686
vt 0.3754432201385498 0.5382564067840576
vt 0.3840291500091553 0.5382564067840576
vt 0.3926151394844055 0.5382564067840576
vt 0.3926151394844055 0.5554282665252686
vt 0.3840291500091553 0.5554282665252686
vt 0.3840291500091553 0.5554282665252686
vt 0.3840291500091553 0.5382564067840576
vt 0.3926151394844055 0.5382564067840576
vt 0.4012010395526886 0.5382564067840576
vt 0.4012010395526886 0.5554282665252686
vt 0.3926151394844055 0.5554282665252686
vt 0.3926151394844055 0.5554282665252686
vt 0.3926151394844055 0.5382564067840576
vt 0.4012010395526886 0.5382564067840576
vt 0.40978699922561646 0.5382564067840576
vt 0.40978699922561646 0.5554282665252686
vt 0.4012010395526886 0.5554282665252686
vt 0.4012010395526886 0.5554282665252686
vt 0.4012010395526886 0.5382564067840576
vt 0.40978699922561646 0.5382564067840576
vt 0.4183729290962219 0.5382564067840576
vt 0.4183729290962219 0.5554282665252686
vt 0.40978699922561646 0.5554282665252686
vt 0.40978699922561646 0.5554282665252686
vt 0.40978699922561646 0.5382564067840576
vt 0.4183729290962219 0.5382564067840576
vt 0.4269588887691498 0.5382564067840576
vt 0.4269588887691498 0.5554282665252686
vt 0.4183729290962219 0.5554282665252686
vt 0.4183729290962219 0.5554282665252686
vt 0.4183729290962219 0.5382564067840576
vt 0.4269588887691498 0.5382564067840576
vt 0.43554478883743286 0.5382564067840576
vt 0.43554478883743286 0.5554282665252686
vt 0.4269588887691498 0.5554282665252686
vt 0.4269588887691498 0.5554282665252686
vt 0.4269588887691498 0.5382564067840576
vt 0.43554478883743286 0.5382564067840576
vt 0.4441307783126831 0.5382564067840576
vt 0.4441307783126831 0.5554282665252686
vt 0.43554478883743286 0.5554282665252686
vt 0.43554478883743286 0.5554282665252686
vt 0.43554478883743286 0.5382564067840576
vt 0.4441307783126831 0.5382564067840576
vt 0.3239275813102722 0.5210844874382019
vt 0.3239275813102722 0.5382564067840576
vt 0.315341591835022 0.5382564067840576
vt 0.315341591835022 0.5382564067840576
vt 0.315341591835022 0.5210844874382019
vt 0.3239275813102722 0.5210844874382019
vt 0.3325135111808777 0.5210844874382019
vt 0.3325135111808777 0.5382564067840576
vt 0.3239275813102722 0.5382564067840576
vt 0.3239275813102722 0.5382564067840576
vt 0.3239275813102722 0.5210844874382019
vt 0.3325135111808777 0.5210844874382019
vt 0.34109947085380554 0.5210844874382019
vt 0.34109947085380554 0.5382564067840576
vt 0.3325135111808777 0.5382564067840576
vt 0.3325135111808777 0.5382564067840576
vt 0.3325135111808777 0.5210844874382019
vt 0.34109947085380554 0.5210844874382019
vt 0.349685400724411 0.5210844874382019
vt 0.349685400724411 0.5382564067840576
vt 0.34109947085380554 0.5382564067840576
vt 0.34109947085380554 0.5382564067840576
vt 0.34109947085380554 0.5210844874382019
vt 0.349685400724411 0.5210844874382019
vt 0.35827136039733887 0.5210844874382019
vt 0.35827136039733887 0.5382564067840576
vt 0.349685400724411 0.5382564067840576
vt 0.349685400724411 0.5382564067840576
vt 0.349685400724411 0.5210844874382019
vt 0.35827136039733887 0.5210844874382019
vt 0.36685726046562195 0.5210844874382019
vt 0.36685726046562195 0.5382564067840576
vt 0.35827136039733887 0.5382564067840576
vt 0.35827136039733887 0.5382564067840576
vt 0.35827136039733887 0.5210844874382019
vt 0.36685726046562195 0.5210844874382019
vt 0.3754432201385498 0.5210844874382019
vt 0.3754432201385498 0.5382564067840576
vt 0.36685726046562195 0.5382564067840576
vt 0.36685726046562195 0.5382564067840576
vt 0.36685726046562195 0.5210844874382019
vt 0.3754432201385498 0.5210844874382019
vt 0.3840291500091553 0.5210844874382019
vt 0.3840291500091553 0.5382564067840576
vt 0.3754432201385498 0.5382564067840576
vt 0.3754432201385498 0.5382564067840576
vt 0.3754432201385498 0.5210844874382019
vt 0.3840291500091553 0.5210844874382019
vt 0.3926151394844055 0.5210844874382019
vt 0.3926151394844055 0.5382564067840576
vt 0.3840291500091553 0.5382564067840576
vt 0.3840291500091553 0.5382564067840576
vt 0.3840291500091553 0.5210844874382019
vt 0.3926151394844055 0.5210844874382019
vt 0.4012010395526886 0.5210844874382019
vt 0.4012010395526886 0.5382564067840576
vt 0.3926151394844055 0.5382564067840576
vt 0.3926151394844055 0.5382564067840576
vt 0.3926151394844055 0.5210844874382019
vt 0.4012010395526886 0.5210844874382019
vt 0.40978699922561646 0.5210844874382019
vt 0.40978699922561646 0.5382564067840576
vt 0.4012010395526886 0.5382564067840576
vt 0.4012010395526886 0.5382564067840576
vt 0.4012010395526886 0.5210844874382019
vt 0.40978699922561646 0.5210844874382019
vt 0.4183729290962219 0.5210844874382019
vt 0.4183729290962219 0.5382564067840576
vt 0.40978699922561646 0.5382564067840576
vt 0.40978699922561646 0.5382564067840576
vt 0.40978699922561646 0.5210844874382019
vt 0.4183729290962219 0.5210844874382019
vt 0.4269588887691498 0.5210844874382019
vt 0.4269588887691498 0.5382564067840576
vt 0.4183729290962219 0.5382564067840576
vt 0.4183729290962219 0.5382564067840576
vt 0.4183729290962219 0.5210844874382019
vt 0.4269588887691498 0.5210844874382019
vt 0.43554478883743286 0.5210844874382019
vt 0.43554478883743286 0.5382564067840576
vt 0.4269588887691498 0.5382564067840576
vt 0.4269588887691498 0.5382564067840576
vt 0.4269588887691498 0.5210844874382019
vt 0.43554478883743286 0.5210844874382019
vt 0.4441307783126831 0.5210844874382019
vt 0.4441307783126831 0.5382564067840576
vt 0.43554478883743286 0.5382564067840576
vt 0.43554478883743286 0.5382564067840576
vt 0.43554478883743286 0.5210844874382019
vt 0.4441307783126831 0.5210844874382019
vt 0.315341591835022 0.503912627696991
vt 0.3239275813102722 0.5210844874382019
vt 0.315341591835022 0.5210844874382019
vt 0.3239275813102722 0.503912627696991
vt 0.3325135111808777 0.5210844874382019
vt 0.3239275813102722 0.5210844874382019
vt 0.3325135111808777 0.503912627696991
vt 0.34109947085380554 0.5210844874382019
vt 0.3325135111808777 0.5210844874382019
vt 0.34109947085380554 0.503912627696991
vt 0.349685400724411 0.5210844874382019
vt 0.34109947085380554 0.5210844874382019
vt 0.349685400724411 0.503912627696991
vt 0.35827136039733887 0.5210844874382019
vt 0.349685400724411 0.5210844874382019
vt 0.35827136039733887 0.503912627696991
vt 0.36685726046562195 0.5210844874382019
vt 0.35827136039733887 0.5210844874382019
vt 0.36685726046562195 0.503912627696991
vt 0.3754432201385498 0.5210844874382019
vt 0.36685726046562195 0.5210844874382019
vt 0.3754432201385498 0.503912627696991
vt 0.3840291500091553 0.5210844874382019
vt 0.3754432201385498 0.5210844874382019
vt 0.3840291500091553 0.503912627696991
vt 0.3926151394844055 0.5210844874382019
vt 0.3840291500091553 0.5210844874382019
vt 0.3926151394844055 0.503912627696991
vt 0.4012010395526886 0.5210844874382019
vt 0.3926151394844055 0.5210844874382019
vt 0.4012010395526886 0.503912627696991
vt 0.40978699922561646 0.5210844874382019
vt 0.4012010395526886 0.5210844874382019
vt 0.40978699922561646 0.503912627696991
vt 0.4183729290962219 0.5210844874382019
vt 0.40978699922561646 0.5210844874382019
vt 0.4183729290962219 0.503912627696991
vt 0.4269588887691498 0.5210844874382019
vt 0.4183729290962219 0.5210844874382019
vt 0.4269588887691498 0.503912627696991
vt 0.43554478883743286 0.5210844874382019
vt 0.4269588887691498 0.5210844874382019
vt 0.43554478883743286 0.503912627696991
vt 0.4441307783126831 0.5210844874382019
vt 0.43554478883743286 0.5210844874382019
vt 0.16278380155563354 0.5147428512573242
vt 0.3136114478111267 0.5147428512573242
vt 0.3169705271720886 0.34523728489875793
vt 0.3169705271720886 0.34523728489875793
vt 0.1594248116016388 0.34523728489875793
vt 0.16278380155563354 0.5147428512573242
vt 0.13857261836528778 0.0000025667475256341277
vt 0.15230785310268402 0.19717815518379211
vt 0.3240874409675598 0.19717815518379211
vt 0.3240874409675598 0.19717815518379211
vt 0.33782273530960083 0.0000025667475256341277
vt 0.13857261836528778 0.0000025667475256341277
vt 0.16278380155563354 0.5147428512573242
vt 0.17316004633903503 0.6448180079460144
vt 0.30323526263237 0.6448180079460144
vt 0.30323526263237 0.6448180079460144
vt 0.3136114478111267 0.5147428512573242
vt 0.16278380155563354 0.5147428512573242
vt 0.469078928232193 0.35462814569473267
vt 0.4763953387737274 0.20242005586624146
vt 0.3240874409675598 0.19717815518379211
vt 0.3240874409675598 0.19717815518379211
vt 0.3169705271720886 0.34523728489875793
vt 0.469078928232193 0.35462814569473267
vt 0.3169705271720886 0.34523728489875793
vt 0.3240874409675598 0.19717815518379211
vt 0.15230785310268402 0.19717815518379211
vt 0.15230785310268402 0.19717815518379211
vt 0.1594248116016388 0.34523728489875793
vt 0.3169705271720886 0.34523728489875793
vt 0.1594248116016388 0.34523728489875793
vt 0.15230785310268402 0.19717815518379211
vt 0 0.20242005586624146
vt 0 0.20242005586624146
vt 0.007316460832953453 0.35462814569473267
vt 0.1594248116016388 0.34523728489875793
vt 0.47641900181770325 0.13728740811347961
vt 0.47641900181770325 0.15262925624847412
vt 0.46107715368270874 0.15262925624847412
vt 0.46107715368270874 0.15262925624847412
vt 0.46107715368270874 0.13728740811347961
vt 0.47641900181770325 0.13728740811347961
vt 0.46107715368270874 0.12065908312797546
vt 0.47641903162002563 0.12065908312797546
vt 0.47641903162002563 0.13600093126296997
vt 0.47641903162002563 0.13600093126296997
vt 0.46107715368270874 0.13600093126296997
vt 0.46107715368270874 0.12065908312797546
vt 0.008794387802481651 0.3559003472328186
vt 0.15712904930114746 0.3559003472328186
vt 0.15712904930114746 0.504235029220581
vt 0.15712904930114746 0.504235029220581
vt 0.008794387802481651 0.504235029220581
vt 0.008794387802481651 0.3559003472328186
vt 0.1243777647614479 0.11563373357057571
vt 0.14327475428581238 0.11563373357057571
vt 0.14327475428581238 0.13453075289726257
vt 0.14327475428581238 0.13453075289726257
vt 0.1243777647614479 0.13453075289726257
vt 0.1243777647614479 0.11563373357057571
vt 0.3316740393638611 0.12148511409759521
vt 0.39758843183517456 0.12148511409759521
vt 0.39758843183517456 0.18739952147006989
vt 0.39758843183517456 0.18739952147006989
vt 0.3316740393638611 0.18739952147006989
vt 0.3316740393638611 0.12148511409759521
vt 0.3995164632797241 0.163853257894516
vt 0.4184134602546692 0.163853257894516
vt 0.4184134602546692 0.18275025486946106
vt 0.4184134602546692 0.18275025486946106
vt 0.3995164632797241 0.18275025486946106
vt 0.3995164632797241 0.163853257894516
vt 0.008794387802481651 0.3559003472328186
vt 0.15712904930114746 0.3559003472328186
vt 0.15712904930114746 0.3559003472328186
vt 0.15712904930114746 0.3559003472328186
vt 0.008794387802481651 0.3559003472328186
vt 0.008794387802481651 0.3559003472328186
vt 0.15712904930114746 0.3559003472328186
vt 0.15712904930114746 0.504235029220581
vt 0.15712904930114746 0.504235029220581
vt 0.15712904930114746 0.504235029220581
vt 0.15712904930114746 0.3559003472328186
vt 0.15712904930114746 0.3559003472328186
vt 0.15712904930114746 0.504235029220581
vt 0.008794387802481651 0.504235029220581
vt 0.008794387802481651 0.504235029220581
vt 0.008794387802481651 0.504235029220581
vt 0.15712904930114746 0.504235029220581
vt 0.15712904930114746 0.504235029220581
vt 0.008794387802481651 0.504235029220581
vt 0.008794387802481651 0.3559003472328186
vt 0.008794387802481651 0.3559003472328186
vt 0.008794387802481651 0.3559003472328186
vt 0.008794387802481651 0.504235029220581
vt 0.008794387802481651 0.504235029220581
vt 0.15712904930114746 0.3559003472328186
vt 0.15712904930114746 0.3559003472328186
vt 0.008794387802481651 0.3559003472328186
vt 0.008794387802481651 0.3559003472328186
vt 0.008794387802481651 0.3559003472328186
vt 0.15712904930114746 0.3559003472328186
vt 0.15712904930114746 0.504235029220581
vt 0.15712904930114746 0.504235029220581
vt 0.15712904930114746 0.3559003472328186
vt 0.15712904930114746 0.3559003472328186
vt 0.15712904930114746 0.3559003472328186
vt 0.15712904930114746 0.504235029220581
vt 0.008794387802481651 0.504235029220581
vt 0.008794387802481651 0.504235029220581
vt 0.15712904930114746 0.504235029220581
vt 0.15712904930114746 0.504235029220581
vt 0.15712904930114746 0.504235029220581
vt 0.008794387802481651 0.504235029220581
vt 0.008794387802481651 0.3559003472328186
vt 0.008794387802481651 0.3559003472328186
vt 0.008794387802481651 0.504235029220581
vt 0.008794387802481651 0.504235029220581
vt 0.008794387802481651 0.504235029220581
vt 0.008794387802481651 0.3559003472328186
vt 0.15712904930114746 0.3559003472328186
vt 0.008794387802481651 0.3559003472328186
vt 0.008794387802481651 0.3559003472328186
vt 0.008794387802481651 0.3559003472328186
vt 0.15712904930114746 0.3559003472328186
vt 0.15712904930114746 0.3559003472328186
vt 0.15712904930114746 0.504235029220581
vt 0.15712904930114746 0.3559003472328186
vt 0.15712904930114746 0.3559003472328186
vt 0.15712904930114746 0.3559003472328186
vt 0.15712904930114746 0.504235029220581
vt 0.15712904930114746 0.504235029220581
vt 0.008794387802481651 0.504235029220581
vt 0.15712904930114746 0.504235029220581
vt 0.15712904930114746 0.504235029220581
vt 0.15712904930114746 0.504235029220581
vt 0.008794387802481651 0.504235029220581
vt 0.008794387802481651 0.504235029220581
vt 0.008794387802481651 0.3559003472328186
vt 0.008794387802481651 0.504235029220581
vt 0.008794387802481651 0.504235029220581
vt 0.008794387802481651 0.504235029220581
vt 0.008794387802481651 0.3559003472328186
vt 0.008794387802481651 0.3559003472328186
vt 0.15712904930114746 0.3559003472328186
vt 0.008794387802481651 0.3559003472328186
vt 0.008794387802481651 0.3559003472328186
vt 0.15712904930114746 0.3559003472328186
vt 0.15712904930114746 0.3559003472328186
vt 0.008794387802481651 0.3559003472328186
vt 0.15712904930114746 0.3559003472328186
vt 0.008794387802481651 0.3559003472328186
vt 0.008794387802481651 0.3559003472328186
vt 0.15712904930114746 0.3559003472328186
vt 0.008794387802481651 0.3559003472328186
vt 0.15712904930114746 0.3559003472328186
vt 0.008794387802481651 0.3559003472328186
vt 0.008794387802481651 0.3559003472328186
vt 0.008794387802481651 0.3559003472328186
vt 0.008794387802481651 0.3559003472328186
vt 0.008794387802481651 0.3559003472328186
vt 0.008794387802481651 0.3559003472328186
vt 0.008794387802481651 0.3559003472328186
vt 0.008794387802481651 0.3559003472328186
vt 0.008794387802481651 0.3559003472328186
vt 0.008794387802481651 0.3559003472328186
vt 0.008794387802481651 0.3559003472328186
vt 0.008794387802481651 0.3559003472328186
vt 0.008794387802481651 0.3559003472328186
vt 0.15712904930114746 0.3559003472328186
vt 0.15712904930114746 0.3559003472328186
vt 0.008794387802481651 0.3559003472328186
vt 0.008794387802481651 0.3559003472328186
vt 0.15712904930114746 0.3559003472328186
vt 0.008794387802481651 0.3559003472328186
vt 0.15712904930114746 0.3559003472328186
vt 0.15712904930114746 0.3559003472328186
vt 0.008794387802481651 0.3559003472328186
vt 0.15712904930114746 0.3559003472328186
vt 0.008794387802481651 0.3559003472328186
vt 0.15712904930114746 0.3559003472328186
vt 0.15712904930114746 0.3559003472328186
vt 0.15712904930114746 0.3559003472328186
vt 0.15712904930114746 0.3559003472328186
vt 0.15712904930114746 0.3559003472328186
vt 0.15712904930114746 0.3559003472328186
vt 0.15712904930114746 0.3559003472328186
vt 0.15712904930114746 0.3559003472328186
vt 0.15712904930114746 0.3559003472328186
vt 0.15712904930114746 0.3559003472328186
vt 0.15712904930114746 0.3559003472328186
vt 0.15712904930114746 0.3559003472328186
vt 0.41485828161239624 0.1381155550479889
vt 0.41485828161239624 0.1534574031829834
vt 0.3995164632797241 0.1534574031829834
vt 0.3995164632797241 0.1534574031829834
vt 0.3995164632797241 0.1381155550479889
vt 0.41485828161239624 0.1381155550479889
vt 0.3995164632797241 0.12148721516132355
vt 0.41485831141471863 0.12148721516132355
vt 0.41485831141471863 0.13682907819747925
vt 0.41485831141471863 0.13682907819747925
vt 0.3995164632797241 0.13682907819747925
vt 0.3995164632797241 0.12148721516132355
vt 0.319110631942749 0.3558090329170227
vt 0.4659302532672882 0.3558090329170227
vt 0.4659302532672882 0.5026286840438843
vt 0.4659302532672882 0.5026286840438843
vt 0.319110631942749 0.5026286840438843
vt 0.319110631942749 0.3558090329170227
vt 0.12186507880687714 0.15600070357322693
vt 0.1407620906829834 0.15600070357322693
vt 0.1407620906829834 0.174897700548172
vt 0.1407620906829834 0.174897700548172
vt 0.12186507880687714 0.174897700548172
vt 0.12186507880687714 0.15600070357322693
vt 0 0.12148508429527283
vt 0.06591440737247467 0.12148508429527283
vt 0.06591440737247467 0.1873994767665863
vt 0.06591440737247467 0.1873994767665863
vt 0 0.1873994767665863
vt 0 0.12148508429527283
vt 0.12186507880687714 0.13581722974777222
vt 0.1407620906829834 0.13581722974777222
vt 0.1407620906829834 0.15471422672271729
vt 0.1407620906829834 0.15471422672271729
vt 0.12186507880687714 0.15471422672271729
vt 0.12186507880687714 0.13581722974777222
vt 0.319110631942749 0.3558090329170227
vt 0.4659302532672882 0.3558090329170227
vt 0.4659302532672882 0.3558090329170227
vt 0.4659302532672882 0.3558090329170227
vt 0.319110631942749 0.3558090329170227
vt 0.319110631942749 0.3558090329170227
vt 0.4659302532672882 0.3558090329170227
vt 0.4659302532672882 0.5026286840438843
vt 0.4659302532672882 0.5026286840438843
vt 0.4659302532672882 0.5026286840438843
vt 0.4659302532672882 0.3558090329170227
vt 0.4659302532672882 0.3558090329170227
vt 0.4659302532672882 0.5026286840438843
vt 0.319110631942749 0.5026286840438843
vt 0.319110631942749 0.5026286840438843
vt 0.319110631942749 0.5026286840438843
vt 0.4659302532672882 0.5026286840438843
vt 0.4659302532672882 0.5026286840438843
vt 0.319110631942749 0.5026286840438843
vt 0.319110631942749 0.3558090329170227
vt 0.319110631942749 0.3558090329170227
vt 0.319110631942749 0.3558090329170227
vt 0.319110631942749 0.5026286840438843
vt 0.319110631942749 0.5026286840438843
vt 0.4659302532672882 0.3558090329170227
vt 0.4659302532672882 0.3558090329170227
vt 0.319110631942749 0.3558090329170227
vt 0.319110631942749 0.3558090329170227
vt 0.319110631942749 0.3558090329170227
vt 0.4659302532672882 0.3558090329170227
vt 0.4659302532672882 0.5026286840438843
vt 0.4659302532672882 0.5026286840438843
vt 0.4659302532672882 0.3558090329170227
vt 0.4659302532672882 0.3558090329170227
vt 0.4659302532672882 0.3558090329170227
vt 0.4659302532672882 0.5026286840438843
vt 0.319110631942749 0.5026286840438843
vt 0.319110631942749 0.5026286840438843
vt 0.4659302532672882 0.5026286840438843
vt 0.4659302532672882 0.5026286840438843
vt 0.4659302532672882 0.5026286840438843
vt 0.319110631942749 0.5026286840438843
vt 0.319110631942749 0.3558090329170227
vt 0.319110631942749 0.3558090329170227
vt 0.319110631942749 0.5026286840438843
vt 0.319110631942749 0.5026286840438843
vt 0.319110631942749 0.5026286840438843
vt 0.319110631942749 0.3558090329170227
vt 0.4659302532672882 0.3558090329170227
vt 0.319110631942749 0.3558090329170227
vt 0.319110631942749 0.3558090329170227
vt 0.319110631942749 0.3558090329170227
vt 0.4659302532672882 0.3558090329170227
vt 0.4659302532672882 0.3558090329170227
vt 0.4659302532672882 0.5026286840438843
vt 0.4659302532672882 0.3558090329170227
vt 0.4659302532672882 0.3558090329170227
vt 0.4659302532672882 0.3558090329170227
vt 0.4659302532672882 0.5026286840438843
vt 0.4659302532672882 0.5026286840438843
vt 0.319110631942749 0.5026286840438843
vt 0.4659302532672882 0.5026286840438843
vt 0.4659302532672882 0.5026286840438843
vt 0.4659302532672882 0.5026286840438843
vt 0.319110631942749 0.5026286840438843
vt 0.319110631942749 0.5026286840438843
vt 0.319110631942749 0.3558090329170227
vt 0.319110631942749 0.5026286840438843
vt 0.319110631942749 0.5026286840438843
vt 0.319110631942749 0.5026286840438843
vt 0.319110631942749 0.3558090329170227
vt 0.319110631942749 0.3558090329170227
vt 0.4659302532672882 0.3558090329170227
vt 0.319110631942749 0.3558090329170227
vt 0.319110631942749 0.3558090329170227
vt 0.4659302532672882 0.3558090329170227
vt 0.4659302532672882 0.3558090329170227
vt 0.319110631942749 0.3558090329170227
vt 0.4659302532672882 0.3558090329170227
vt 0.319110631942749 0.3558090329170227
vt 0.319110631942749 0.3558090329170227
vt 0.4659302532672882 0.3558090329170227
vt 0.319110631942749 0.3558090329170227
vt 0.4659302532672882 0.3558090329170227
vt 0.319110631942749 0.3558090329170227
vt 0.319110631942749 0.3558090329170227
vt 0.319110631942749 0.3558090329170227
vt 0.319110631942749 0.3558090329170227
vt 0.319110631942749 0.3558090329170227
vt 0.319110631942749 0.3558090329170227
vt 0.319110631942749 0.3558090329170227
vt 0.319110631942749 0.3558090329170227
vt 0.319110631942749 0.3558090329170227
vt 0.319110631942749 0.3558090329170227
vt 0.319110631942749 0.3558090329170227
vt 0.319110631942749 0.3558090329170227
vt 0.319110631942749 0.3558090329170227
vt 0.4659302532672882 0.3558090329170227
vt 0.4659302532672882 0.3558090329170227
vt 0.319110631942749 0.3558090329170227
vt 0.319110631942749 0.3558090329170227
vt 0.4659302532672882 0.3558090329170227
vt 0.319110631942749 0.3558090329170227
vt 0.4659302532672882 0.3558090329170227
vt 0.4659302532672882 0.3558090329170227
vt 0.319110631942749 0.3558090329170227
vt 0.4659302532672882 0.3558090329170227
vt 0.319110631942749 0.3558090329170227
vt 0.4659302532672882 0.3558090329170227
vt 0.4659302532672882 0.3558090329170227
vt 0.4659302532672882 0.3558090329170227
vt 0.4659302532672882 0.3558090329170227
vt 0.4659302532672882 0.3558090329170227
vt 0.4659302532672882 0.3558090329170227
vt 0.4659302532672882 0.3558090329170227
vt 0.4659302532672882 0.3558090329170227
vt 0.4659302532672882 0.3558090329170227
vt 0.4659302532672882 0.3558090329170227
vt 0.4659302532672882 0.3558090329170227
vt 0.4659302532672882 0.3558090329170227
vt 0.6493242979049683 0.0000025667475256341277
vt 0.5803146958351135 0.0000025667475256341277
vt 0.5655547976493835 0.0000025667475256341277
vt 0.5655547976493835 0.0000025667475256341277
vt 0.608999490737915 0.0000025667475256341277
vt 0.6990077495574951 0.0000025667475256341277
vt 0.6990077495574951 0.0000025667475256341277
vt 0.8114620447158813 0.0000025667475256341277
vt 0.9162302613258362 0.0000025667475256341277
vt 0.5655547976493835 0.0000025667475256341277
vt 0.6990077495574951 0.0000025667475256341277
vt 0.9162302613258362 0.0000025667475256341277
vt 0.9162302613258362 0.0000025667475256341277
vt 0.9852399826049805 0.0000025667475256341277
vt 1 0.0000025667475256341277
vt 1 0.0000025667475256341277
vt 0.9565554857254028 0.0000025667475256341277
vt 0.9131109714508057 0.0000025667475256341277
vt 0.9162302613258362 0.0000025667475256341277
vt 1 0.0000025667475256341277
vt 0.9131109714508057 0.0000025667475256341277
vt 0.5655547976493835 0.0000025667475256341277
vt 0.9162302613258362 0.0000025667475256341277
vt 0.9131109714508057 0.0000025667475256341277
vt 0.6493242979049683 0.0000025667475256341277
vt 0.5655547976493835 0.0000025667475256341277
vt 0.9131109714508057 0.0000025667475256341277
vt 0.7540925741195679 0.0000025667475256341277
vt 0.6493242979049683 0.0000025667475256341277
vt 0.9131109714508057 0.0000025667475256341277
vt 0.9131109714508057 0.0000025667475256341277
vt 0.9565554857254028 0.0000025667475256341277
vt 0.9565554857254028 0.5213367938995361
vt 0.9565554857254028 0.5213367938995361
vt 0.9131109714508057 0.5213367938995361
vt 0.9131109714508057 0.0000025667475256341277
vt 0.9565554857254028 0.0000025667475256341277
vt 1 0.0000025667475256341277
vt 1 0.5213367938995361
vt 1 0.5213367938995361
vt 0.9565554857254028 0.5213367938995361
vt 0.9565554857254028 0.0000025667475256341277
vt 0.47866594791412354 0.0000025667475256341277
vt 0.5221104621887207 0.0000025667475256341277
vt 0.5221104621887207 0.5213367938995361
vt 0.5221104621887207 0.5213367938995361
vt 0.47866594791412354 0.5213367938995361
vt 0.47866594791412354 0.0000025667475256341277
vt 0.5221104621887207 0.0000025667475256341277
vt 0.5655549764633179 0.0000025667475256341277
vt 0.5655549764633179 0.5213367938995361
vt 0.5655549764633179 0.5213367938995361
vt 0.5221104621887207 0.5213367938995361
vt 0.5221104621887207 0.0000025667475256341277
vt 0.5655549764633179 0.0000025667475256341277
vt 0.6089994311332703 0.0000025667475256341277
vt 0.6089994311332703 0.5213367938995361
vt 0.6089994311332703 0.5213367938995361
vt 0.5655549764633179 0.5213367938995361
vt 0.5655549764633179 0.0000025667475256341277
vt 0.6089994311332703 0.0000025667475256341277
vt 0.6524439454078674 0.0000025667475256341277
vt 0.6524439454078674 0.5213367938995361
vt 0.6524439454078674 0.5213367938995361
vt 0.6089994311332703 0.5213367938995361
vt 0.6089994311332703 0.0000025667475256341277
vt 0.6524439454078674 0.0000025667475256341277
vt 0.6958884596824646 0.0000025667475256341277
vt 0.6958884596824646 0.5213367938995361
vt 0.6958884596824646 0.5213367938995361
vt 0.6524439454078674 0.5213367938995361
vt 0.6524439454078674 0.0000025667475256341277
vt 0.6958884596824646 0.0000025667475256341277
vt 0.739332914352417 0.0000025667475256341277
vt 0.739332914352417 0.5213367938995361
vt 0.739332914352417 0.5213367938995361
vt 0.6958884596824646 0.5213367938995361
vt 0.6958884596824646 0.0000025667475256341277
vt 0.739332914352417 0.0000025667475256341277
vt 0.7827773690223694 0.0000025667475256341277
vt 0.7827773690223694 0.5213367938995361
vt 0.7827773690223694 0.5213367938995361
vt 0.739332914352417 0.5213367938995361
vt 0.739332914352417 0.0000025667475256341277
vt 0.7827773690223694 0.0000025667475256341277
vt 0.8262218832969666 0.0000025667475256341277
vt 0.8262218832969666 0.5213367938995361
vt 0.8262218832969666 0.5213367938995361
vt 0.7827773690223694 0.5213367938995361
vt 0.7827773690223694 0.0000025667475256341277
vt 0.8262218832969666 0.0000025667475256341277
vt 0.8696663975715637 0.0000025667475256341277
vt 0.8696663975715637 0.5213367938995361
vt 0.8696663975715637 0.5213367938995361
vt 0.8262218832969666 0.5213367938995361
vt 0.8262218832969666 0.0000025667475256341277
vt 0.8696663975715637 0.0000025667475256341277
vt 0.9131109714508057 0.0000025667475256341277
vt 0.9131109714508057 0.5213367938995361
vt 0.9131109714508057 0.5213367938995361
vt 0.8696663975715637 0.5213367938995361
vt 0.8696663975715637 0.0000025667475256341277
vt 0.9131109714508057 0.5213367938995361
vt 0.9565554857254028 0.5213367938995361
vt 1 0.5213367938995361
vt 1 0.5213367938995361
vt 0.9852399230003357 0.5213367938995361
vt 0.9162302017211914 0.5213367938995361
vt 0.9162302017211914 0.5213367938995361
vt 0.8114619255065918 0.5213367938995361
vt 0.6990076899528503 0.5213367938995361
vt 1 0.5213367938995361
vt 0.9162302017211914 0.5213367938995361
vt 0.6990076899528503 0.5213367938995361
vt 0.6990076899528503 0.5213367938995361
vt 0.6089995503425598 0.5213367938995361
vt 0.5655550360679626 0.5213367938995361
vt 0.5655550360679626 0.5213367938995361
vt 0.5803150534629822 0.5213367938995361
vt 0.6493247151374817 0.5213367938995361
vt 0.6990076899528503 0.5213367938995361
vt 0.5655550360679626 0.5213367938995361
vt 0.6493247151374817 0.5213367938995361
vt 1 0.5213367938995361
vt 0.6990076899528503 0.5213367938995361
vt 0.6493247151374817 0.5213367938995361
vt 0.9131109714508057 0.5213367938995361
vt 1 0.5213367938995361
vt 0.6493247151374817 0.5213367938995361
vt 0.8696663975715637 0.5213367938995361
vt 0.9131109714508057 0.5213367938995361
vt 0.6493247151374817 0.5213367938995361
vt 0.12271549552679062 0.6124780774116516
vt 0.07108239829540253 0.6124780774116516
vt 0.07108239829540253 0.5055214762687683
vt 0.07108239829540253 0.5055214762687683
vt 0.12271549552679062 0.5055214762687683
vt 0.12271549552679062 0.6124780774116516
vt 0.4844231903553009 0.5226233005523682
vt 0.4844231903553009 0.6022136211395264
vt 0.4460010826587677 0.6022136211395264
vt 0.4460010826587677 0.6022136211395264
vt 0.4460010826587677 0.5226233005523682
vt 0.4844231903553009 0.5226233005523682
vt 0.43564748764038086 0.12148355692625046
vt 0.43564748764038086 0.16256678104400635
vt 0.4183615744113922 0.16256678104400635
vt 0.4183615744113922 0.16256678104400635
vt 0.4183615744113922 0.12148355692625046
vt 0.43564748764038086 0.12148355692625046
vt 0.9944978952407837 0.597557008266449
vt 0.9944978952407837 0.6329917311668396
vt 0.9636135697364807 0.6329917311668396
vt 0.9636135697364807 0.6329917311668396
vt 0.9636135697364807 0.597557008266449
vt 0.9944978952407837 0.597557008266449
vt 0.09323573112487793 0.12148359417915344
vt 0.09323573112487793 0.16256684064865112
vt 0.07914948463439941 0.16256684064865112
vt 0.07914948463439941 0.16256684064865112
vt 0.07914948463439941 0.12148359417915344
vt 0.09323573112487793 0.12148359417915344
vt 0.42919379472732544 0.163853257894516
vt 0.42919379472732544 0.1992879956960678
vt 0.42464327812194824 0.1992879956960678
vt 0.42464327812194824 0.1992879956960678
vt 0.42464327812194824 0.163853257894516
vt 0.42919379472732544 0.163853257894516
vt 0.042075615376234055 0.6282370090484619
vt 0.042075615376234055 0.6124780774116516
vt 0.07108239829540253 0.6124780774116516
vt 0.07108239829540253 0.6124780774116516
vt 0.07108239829540253 0.6282370090484619
vt 0.042075615376234055 0.6282370090484619
vt 0.5060082077980042 0.5226233005523682
vt 0.5060082077980042 0.6022136211395264
vt 0.4844231903553009 0.6022136211395264
vt 0.4844231903553009 0.6022136211395264
vt 0.4844231903553009 0.5226233005523682
vt 0.5060082077980042 0.5226233005523682
vt 0.4453585147857666 0.12148355692625046
vt 0.4453585147857666 0.16256678104400635
vt 0.43564748764038086 0.16256678104400635
vt 0.43564748764038086 0.16256678104400635
vt 0.43564748764038086 0.12148355692625046
vt 0.4453585147857666 0.12148355692625046
vt 0.12023270130157471 0.12148359417915344
vt 0.12023270130157471 0.16256684064865112
vt 0.10294675827026367 0.16256684064865112
vt 0.10294675827026367 0.16256684064865112
vt 0.10294675827026367 0.12148359417915344
vt 0.12023270130157471 0.12148359417915344
vt 0.10294675827026367 0.12148359417915344
vt 0.10294675827026367 0.16256684064865112
vt 0.09323573112487793 0.16256684064865112
vt 0.09323573112487793 0.16256684064865112
vt 0.09323573112487793 0.12148359417915344
vt 0.10294675827026367 0.12148359417915344
vt 0 0.6282370090484619
vt 0 0.6124780774116516
vt 0.042075615376234055 0.6124780774116516
vt 0.042075615376234055 0.6124780774116516
vt 0.042075615376234055 0.6282370090484619
vt 0 0.6282370090484619
vt 0.537318229675293 0.5226233005523682
vt 0.537318229675293 0.6022136211395264
vt 0.5060082077980042 0.6022136211395264
vt 0.5060082077980042 0.6022136211395264
vt 0.5060082077980042 0.5226233005523682
vt 0.537318229675293 0.5226233005523682
vt 0.4594447910785675 0.12148355692625046
vt 0.4594447910785675 0.16256678104400635
vt 0.4453585147857666 0.16256678104400635
vt 0.4453585147857666 0.16256678104400635
vt 0.4453585147857666 0.12148355692625046
vt 0.4594447910785675 0.12148355692625046
vt 0.12271549552679062 0.6282370090484619
vt 0.07108239829540253 0.6282370090484619
vt 0.07108239829540253 0.6124780774116516
vt 0.07108239829540253 0.6124780774116516
vt 0.12271549552679062 0.6124780774116516
vt 0.12271549552679062 0.6282370090484619
vt 0.4844231903553009 0.613940417766571
vt 0.4460010826587677 0.613940417766571
vt 0.4460010826587677 0.6022136211395264
vt 0.4460010826587677 0.6022136211395264
vt 0.4844231903553009 0.6022136211395264
vt 0.4844231903553009 0.613940417766571
vt 0.9990483522415161 0.597557008266449
vt 0.9990483522415161 0.6329917311668396
vt 0.9944978952407837 0.6329917311668396
vt 0.9944978952407837 0.6329917311668396
vt 0.9944978952407837 0.597557008266449
vt 0.9990483522415161 0.597557008266449
vt 0.46007806062698364 0.163853257894516
vt 0.46007806062698364 0.1992879956960678
vt 0.42919379472732544 0.1992879956960678
vt 0.42919379472732544 0.1992879956960678
vt 0.42919379472732544 0.163853257894516
vt 0.46007806062698364 0.163853257894516
vt 0.042075615376234055 0.5055214762687683
vt 0.07108239829540253 0.5055214762687683
vt 0.07108239829540253 0.6124780774116516
vt 0.07108239829540253 0.6124780774116516
vt 0.042075615376234055 0.6124780774116516
vt 0.042075615376234055 0.5055214762687683
vt 0.5060082077980042 0.613940417766571
vt 0.4844231903553009 0.613940417766571
vt 0.4844231903553009 0.6022136211395264
vt 0.4844231903553009 0.6022136211395264
vt 0.5060082077980042 0.6022136211395264
vt 0.5060082077980042 0.613940417766571
vt 0 0.5055214762687683
vt 0.042075615376234055 0.5055214762687683
vt 0.042075615376234055 0.6124780774116516
vt 0.042075615376234055 0.6124780774116516
vt 0 0.6124780774116516
vt 0 0.5055214762687683
vt 0.537318229675293 0.613940417766571
vt 0.5060082077980042 0.613940417766571
vt 0.5060082077980042 0.6022136211395264
vt 0.5060082077980042 0.6022136211395264
vt 0.537318229675293 0.6022136211395264
vt 0.537318229675293 0.613940417766571
vt 0.042075615376234055 0.6282370090484619
vt 0.042075615376234055 0.6282370090484619
vt 0.07108239829540253 0.6282370090484619
vt 0.07108239829540253 0.6282370090484619
vt 0.07108239829540253 0.6282370090484619
vt 0.042075615376234055 0.6282370090484619
vt 0.042075615376234055 0.6124780774116516
vt 0.042075615376234055 0.6124780774116516
vt 0.042075615376234055 0.6282370090484619
vt 0.042075615376234055 0.6282370090484619
vt 0.042075615376234055 0.6282370090484619
vt 0.042075615376234055 0.6124780774116516
vt 0.07108239829540253 0.6124780774116516
vt 0.07108239829540253 0.6124780774116516
vt 0.042075615376234055 0.6124780774116516
vt 0.042075615376234055 0.6124780774116516
vt 0.042075615376234055 0.6124780774116516
vt 0.07108239829540253 0.6124780774116516
vt 0.07108239829540253 0.6282370090484619
vt 0.07108239829540253 0.6282370090484619
vt 0.07108239829540253 0.6124780774116516
vt 0.07108239829540253 0.6124780774116516
vt 0.07108239829540253 0.6124780774116516
vt 0.07108239829540253 0.6282370090484619
vt 0.042075615376234055 0.6282370090484619
vt 0.07108239829540253 0.6282370090484619
vt 0.07108239829540253 0.6282370090484619
vt 0.07108239829540253 0.6282370090484619
vt 0.042075615376234055 0.6282370090484619
vt 0.042075615376234055 0.6282370090484619
vt 0.042075615376234055 0.6124780774116516
vt 0.042075615376234055 0.6282370090484619
vt 0.042075615376234055 0.6282370090484619
vt 0.042075615376234055 0.6282370090484619
vt 0.042075615376234055 0.6124780774116516
vt 0.042075615376234055 0.6124780774116516
vt 0.07108239829540253 0.6124780774116516
vt 0.042075615376234055 0.6124780774116516
vt 0.042075615376234055 0.6124780774116516
vt 0.042075615376234055 0.6124780774116516
vt 0.07108239829540253 0.6124780774116516
vt 0.07108239829540253 0.6124780774116516
vt 0.07108239829540253 0.6282370090484619
vt 0.07108239829540253 0.6124780774116516
vt 0.07108239829540253 0.6124780774116516
vt 0.07108239829540253 0.6124780774116516
vt 0.07108239829540253 0.6282370090484619
vt 0.07108239829540253 0.6282370090484619
vt 0.042075615376234055 0.6282370090484619
vt 0.07108239829540253 0.6282370090484619
vt 0.07108239829540253 0.6282370090484619
vt 0.07108239829540253 0.6282370090484619
vt 0.042075615376234055 0.6282370090484619
vt 0.042075615376234055 0.6282370090484619
vt 0.07108239829540253 0.6282370090484619
vt 0.07108239829540253 0.6282370090484619
vt 0.07108239829540253 0.6282370090484619
vt 0.07108239829540253 0.6282370090484619
vt 0.07108239829540253 0.6282370090484619
vt 0.07108239829540253 0.6282370090484619
vt 0.07108239829540253 0.6282370090484619
vt 0.042075615376234055 0.6282370090484619
vt 0.042075615376234055 0.6282370090484619
vt 0.042075615376234055 0.6282370090484619
vt 0.07108239829540253 0.6282370090484619
vt 0.07108239829540253 0.6282370090484619
vt 0.042075615376234055 0.6282370090484619
vt 0.042075615376234055 0.6282370090484619
vt 0.042075615376234055 0.6282370090484619
vt 0.042075615376234055 0.6282370090484619
vt 0.042075615376234055 0.6282370090484619
vt 0.042075615376234055 0.6282370090484619
vt 0.6352061033248901 0.6306554079055786
vt 0.6273038983345032 0.6418341398239136
vt 0.6269142031669617 0.6415585875511169
vt 0.6269142031669617 0.6415585875511169
vt 0.6348296403884888 0.6303611993789673
vt 0.6352061033248901 0.6306554079055786
vt 0.6361150741577148 0.6313656568527222
vt 0.6282448172569275 0.6424992084503174
vt 0.6273038983345032 0.6418341398239136
vt 0.6273038983345032 0.6418341398239136
vt 0.6352061033248901 0.6306554079055786
vt 0.6361150741577148 0.6313656568527222
vt 0.6370240449905396 0.6320759654045105
vt 0.629185676574707 0.643164336681366
vt 0.6282448172569275 0.6424992084503174
vt 0.6282448172569275 0.6424992084503174
vt 0.6361150741577148 0.6313656568527222
vt 0.6370240449905396 0.6320759654045105
vt 0.6374005675315857 0.632370114326477
vt 0.6295754313468933 0.6434398293495178
vt 0.629185676574707 0.643164336681366
vt 0.629185676574707 0.643164336681366
vt 0.6370240449905396 0.6320759654045105
vt 0.6374005675315857 0.632370114326477
vt 0.6370240449905396 0.6320759654045105
vt 0.629185676574707 0.643164336681366
vt 0.6295754313468933 0.6434398293495178
vt 0.6295754313468933 0.6434398293495178
vt 0.6374005675315857 0.632370114326477
vt 0.6370240449905396 0.6320759654045105
vt 0.6361150741577148 0.6313656568527222
vt 0.6282448172569275 0.6424992084503174
vt 0.629185676574707 0.643164336681366
vt 0.629185676574707 0.643164336681366
vt 0.6370240449905396 0.6320759654045105
vt 0.6361150741577148 0.6313656568527222
vt 0.6352061033248901 0.6306554079055786
vt 0.6273038983345032 0.6418341398239136
vt 0.6282448172569275 0.6424992084503174
vt 0.6282448172569275 0.6424992084503174
vt 0.6361150741577148 0.6313656568527222
vt 0.6352061033248901 0.6306554079055786
vt 0.6348296403884888 0.6303611993789673
vt 0.6269142031669617 0.6415585875511169
vt 0.6273038983345032 0.6418341398239136
vt 0.6273038983345032 0.6418341398239136
vt 0.6352061033248901 0.6306554079055786
vt 0.6348296403884888 0.6303611993789673
vt 0.6437217593193054 0.620773196220398
vt 0.6352061033248901 0.6306554079055786
vt 0.6348296403884888 0.6303611993789673
vt 0.6348296403884888 0.6303611993789673
vt 0.6433953046798706 0.6204208731651306
vt 0.6437217593193054 0.620773196220398
vt 0.6445097923278809 0.6216237545013428
vt 0.6361150741577148 0.6313656568527222
vt 0.6352061033248901 0.6306554079055786
vt 0.6352061033248901 0.6306554079055786
vt 0.6437217593193054 0.620773196220398
vt 0.6445097923278809 0.6216237545013428
vt 0.6452978849411011 0.6224743127822876
vt 0.6370240449905396 0.6320759654045105
vt 0.6361150741577148 0.6313656568527222
vt 0.6361150741577148 0.6313656568527222
vt 0.6445097923278809 0.6216237545013428
vt 0.6452978849411011 0.6224743127822876
vt 0.6456242799758911 0.6228266358375549
vt 0.6374005675315857 0.632370114326477
vt 0.6370240449905396 0.6320759654045105
vt 0.6370240449905396 0.6320759654045105
vt 0.6452978849411011 0.6224743127822876
vt 0.6456242799758911 0.6228266358375549
vt 0.6452978849411011 0.6224743127822876
vt 0.6370240449905396 0.6320759654045105
vt 0.6374005675315857 0.632370114326477
vt 0.6374005675315857 0.632370114326477
vt 0.6456242799758911 0.6228266358375549
vt 0.6452978849411011 0.6224743127822876
vt 0.6445097923278809 0.6216237545013428
vt 0.6361150741577148 0.6313656568527222
vt 0.6370240449905396 0.6320759654045105
vt 0.6370240449905396 0.6320759654045105
vt 0.6452978849411011 0.6224743127822876
vt 0.6445097923278809 0.6216237545013428
vt 0.6437217593193054 0.620773196220398
vt 0.6352061033248901 0.6306554079055786
vt 0.6361150741577148 0.6313656568527222
vt 0.6361150741577148 0.6313656568527222
vt 0.6445097923278809 0.6216237545013428
vt 0.6437217593193054 0.620773196220398
vt 0.6433953046798706 0.6204208731651306
vt 0.6348296403884888 0.6303611993789673
vt 0.6352061033248901 0.6306554079055786
vt 0.6352061033248901 0.6306554079055786
vt 0.6437217593193054 0.620773196220398
vt 0.6433953046798706 0.6204208731651306
vt 0.6534518599510193 0.6136035919189453
vt 0.6437217593193054 0.620773196220398
vt 0.6433953046798706 0.6204208731651306
vt 0.6433953046798706 0.6204208731651306
vt 0.6532441973686218 0.6131637692451477
vt 0.6534518599510193 0.6136035919189453
vt 0.6539533138275146 0.6146652698516846
vt 0.6445097923278809 0.6216237545013428
vt 0.6437217593193054 0.620773196220398
vt 0.6437217593193054 0.620773196220398
vt 0.6534518599510193 0.6136035919189453
vt 0.6539533138275146 0.6146652698516846
vt 0.6544548273086548 0.6157270073890686
vt 0.6452978849411011 0.6224743127822876
vt 0.6445097923278809 0.6216237545013428
vt 0.6445097923278809 0.6216237545013428
vt 0.6539533138275146 0.6146652698516846
vt 0.6544548273086548 0.6157270073890686
vt 0.6546624898910522 0.6161667704582214
vt 0.6456242799758911 0.6228266358375549
vt 0.6452978849411011 0.6224743127822876
vt 0.6452978849411011 0.6224743127822876
vt 0.6544548273086548 0.6157270073890686
vt 0.6546624898910522 0.6161667704582214
vt 0.6544548273086548 0.6157270073890686
vt 0.6452978849411011 0.6224743127822876
vt 0.6456242799758911 0.6228266358375549
vt 0.6456242799758911 0.6228266358375549
vt 0.6546624898910522 0.6161667704582214
vt 0.6544548273086548 0.6157270073890686
vt 0.6539533138275146 0.6146652698516846
vt 0.6445097923278809 0.6216237545013428
vt 0.6452978849411011 0.6224743127822876
vt 0.6452978849411011 0.6224743127822876
vt 0.6544548273086548 0.6157270073890686
vt 0.6539533138275146 0.6146652698516846
vt 0.6534518599510193 0.6136035919189453
vt 0.6437217593193054 0.620773196220398
vt 0.6445097923278809 0.6216237545013428
vt 0.6445097923278809 0.6216237545013428
vt 0.6539533138275146 0.6146652698516846
vt 0.6534518599510193 0.6136035919189453
vt 0.6532441973686218 0.6131637692451477
vt 0.6433953046798706 0.6204208731651306
vt 0.6437217593193054 0.620773196220398
vt 0.6437217593193054 0.620773196220398
vt 0.6534518599510193 0.6136035919189453
vt 0.6532441973686218 0.6131637692451477
vt 0.6649474501609802 0.6106992363929749
vt 0.6534518599510193 0.6136035919189453
vt 0.6532441973686218 0.6131637692451477
vt 0.6532441973686218 0.6131637692451477
vt 0.6649380326271057 0.6102092862129211
vt 0.6649474501609802 0.6106992363929749
vt 0.6649700999259949 0.6118819117546082
vt 0.6539533138275146 0.6146652698516846
vt 0.6534518599510193 0.6136035919189453
vt 0.6534518599510193 0.6136035919189453
vt 0.6649474501609802 0.6106992363929749
vt 0.6649700999259949 0.6118819117546082
vt 0.6649927496910095 0.6130646467208862
vt 0.6544548273086548 0.6157270073890686
vt 0.6539533138275146 0.6146652698516846
vt 0.6539533138275146 0.6146652698516846
vt 0.6649700999259949 0.6118819117546082
vt 0.6649927496910095 0.6130646467208862
vt 0.665002167224884 0.6135545372962952
vt 0.6546624898910522 0.6161667704582214
vt 0.6544548273086548 0.6157270073890686
vt 0.6544548273086548 0.6157270073890686
vt 0.6649927496910095 0.6130646467208862
vt 0.665002167224884 0.6135545372962952
vt 0.6649927496910095 0.6130646467208862
vt 0.6544548273086548 0.6157270073890686
vt 0.6546624898910522 0.6161667704582214
vt 0.6546624898910522 0.6161667704582214
vt 0.665002167224884 0.6135545372962952
vt 0.6649927496910095 0.6130646467208862
vt 0.6649700999259949 0.6118819117546082
vt 0.6539533138275146 0.6146652698516846
vt 0.6544548273086548 0.6157270073890686
vt 0.6544548273086548 0.6157270073890686
vt 0.6649927496910095 0.6130646467208862
vt 0.6649700999259949 0.6118819117546082
vt 0.6649474501609802 0.6106992363929749
vt 0.6534518599510193 0.6136035919189453
vt 0.6539533138275146 0.6146652698516846
vt 0.6539533138275146 0.6146652698516846
vt 0.6649700999259949 0.6118819117546082
vt 0.6649474501609802 0.6106992363929749
vt 0.6649380326271057 0.6102092862129211
vt 0.6532441973686218 0.6131637692451477
vt 0.6534518599510193 0.6136035919189453
vt 0.6534518599510193 0.6136035919189453
vt 0.6649474501609802 0.6106992363929749
vt 0.6649380326271057 0.6102092862129211
vt 0.6785202026367188 0.6135798692703247
vt 0.6649474501609802 0.6106992363929749
vt 0.6649380326271057 0.6102092862129211
vt 0.6649380326271057 0.6102092862129211
vt 0.6787006258964539 0.6131302714347839
vt 0.6785202026367188 0.6135798692703247
vt 0.6780844926834106 0.6146652698516846
vt 0.6649700999259949 0.6118819117546082
vt 0.6649474501609802 0.6106992363929749
vt 0.6649474501609802 0.6106992363929749
vt 0.6785202026367188 0.6135798692703247
vt 0.6780844926834106 0.6146652698516846
vt 0.6776487827301025 0.6157506704330444
vt 0.6649927496910095 0.6130646467208862
vt 0.6649700999259949 0.6118819117546082
vt 0.6649700999259949 0.6118819117546082
vt 0.6780844926834106 0.6146652698516846
vt 0.6776487827301025 0.6157506704330444
vt 0.6774682998657227 0.6162002682685852
vt 0.665002167224884 0.6135545372962952
vt 0.6649927496910095 0.6130646467208862
vt 0.6649927496910095 0.6130646467208862
vt 0.6776487827301025 0.6157506704330444
vt 0.6774682998657227 0.6162002682685852
vt 0.6776487827301025 0.6157506704330444
vt 0.6649927496910095 0.6130646467208862
vt 0.665002167224884 0.6135545372962952
vt 0.665002167224884 0.6135545372962952
vt 0.6774682998657227 0.6162002682685852
vt 0.6776487827301025 0.6157506704330444
vt 0.6780844926834106 0.6146652698516846
vt 0.6649700999259949 0.6118819117546082
vt 0.6649927496910095 0.6130646467208862
vt 0.6649927496910095 0.6130646467208862
vt 0.6776487827301025 0.6157506704330444
vt 0.6780844926834106 0.6146652698516846
vt 0.6785202026367188 0.6135798692703247
vt 0.6649474501609802 0.6106992363929749
vt 0.6649700999259949 0.6118819117546082
vt 0.6649700999259949 0.6118819117546082
vt 0.6780844926834106 0.6146652698516846
vt 0.6785202026367188 0.6135798692703247
vt 0.6787006258964539 0.6131302714347839
vt 0.6649380326271057 0.6102092862129211
vt 0.6649474501609802 0.6106992363929749
vt 0.6649474501609802 0.6106992363929749
vt 0.6785202026367188 0.6135798692703247
vt 0.6787006258964539 0.6131302714347839
vt 0.6945305466651917 0.6234912872314453
vt 0.6785202026367188 0.6135798692703247
vt 0.6787006258964539 0.6131302714347839
vt 0.6787006258964539 0.6131302714347839
vt 0.6948245167732239 0.6231119632720947
vt 0.6945305466651917 0.6234912872314453
vt 0.6938209533691406 0.624407172203064
vt 0.6780844926834106 0.6146652698516846
vt 0.6785202026367188 0.6135798692703247
vt 0.6785202026367188 0.6135798692703247
vt 0.6945305466651917 0.6234912872314453
vt 0.6938209533691406 0.624407172203064
vt 0.6931113600730896 0.6253230571746826
vt 0.6776487827301025 0.6157506704330444
vt 0.6780844926834106 0.6146652698516846
vt 0.6780844926834106 0.6146652698516846
vt 0.6938209533691406 0.624407172203064
vt 0.6931113600730896 0.6253230571746826
vt 0.6928174495697021 0.6257023811340332
vt 0.6774682998657227 0.6162002682685852
vt 0.6776487827301025 0.6157506704330444
vt 0.6776487827301025 0.6157506704330444
vt 0.6931113600730896 0.6253230571746826
vt 0.6928174495697021 0.6257023811340332
vt 0.6931113600730896 0.6253230571746826
vt 0.6776487827301025 0.6157506704330444
vt 0.6774682998657227 0.6162002682685852
vt 0.6774682998657227 0.6162002682685852
vt 0.6928174495697021 0.6257023811340332
vt 0.6931113600730896 0.6253230571746826
vt 0.6938209533691406 0.624407172203064
vt 0.6780844926834106 0.6146652698516846
vt 0.6776487827301025 0.6157506704330444
vt 0.6776487827301025 0.6157506704330444
vt 0.6931113600730896 0.6253230571746826
vt 0.6938209533691406 0.624407172203064
vt 0.6945305466651917 0.6234912872314453
vt 0.6785202026367188 0.6135798692703247
vt 0.6780844926834106 0.6146652698516846
vt 0.6780844926834106 0.6146652698516846
vt 0.6938209533691406 0.624407172203064
vt 0.6945305466651917 0.6234912872314453
vt 0.6948245167732239 0.6231119632720947
vt 0.6787006258964539 0.6131302714347839
vt 0.6785202026367188 0.6135798692703247
vt 0.6785202026367188 0.6135798692703247
vt 0.6945305466651917 0.6234912872314453
vt 0.6948245167732239 0.6231119632720947
vt 0.7135009765625 0.6416672468185425
vt 0.6945305466651917 0.6234912872314453
vt 0.6948245167732239 0.6231119632720947
vt 0.6948245167732239 0.6231119632720947
vt 0.7138311862945557 0.6413226127624512
vt 0.7135009765625 0.6416672468185425
vt 0.7127038836479187 0.6424992084503174
vt 0.6938209533691406 0.624407172203064
vt 0.6945305466651917 0.6234912872314453
vt 0.6945305466651917 0.6234912872314453
vt 0.7135009765625 0.6416672468185425
vt 0.7127038836479187 0.6424992084503174
vt 0.7119066715240479 0.6433311700820923
vt 0.6931113600730896 0.6253230571746826
vt 0.6938209533691406 0.624407172203064
vt 0.6938209533691406 0.624407172203064
vt 0.7127038836479187 0.6424992084503174
vt 0.7119066715240479 0.6433311700820923
vt 0.711576521396637 0.6436758041381836
vt 0.6928174495697021 0.6257023811340332
vt 0.6931113600730896 0.6253230571746826
vt 0.6931113600730896 0.6253230571746826
vt 0.7119066715240479 0.6433311700820923
vt 0.711576521396637 0.6436758041381836
vt 0.7119066715240479 0.6433311700820923
vt 0.6931113600730896 0.6253230571746826
vt 0.6928174495697021 0.6257023811340332
vt 0.6928174495697021 0.6257023811340332
vt 0.711576521396637 0.6436758041381836
vt 0.7119066715240479 0.6433311700820923
vt 0.7127038836479187 0.6424992084503174
vt 0.6938209533691406 0.624407172203064
vt 0.6931113600730896 0.6253230571746826
vt 0.6931113600730896 0.6253230571746826
vt 0.7119066715240479 0.6433311700820923
vt 0.7127038836479187 0.6424992084503174
vt 0.7135009765625 0.6416672468185425
vt 0.6945305466651917 0.6234912872314453
vt 0.6938209533691406 0.624407172203064
vt 0.6938209533691406 0.624407172203064
vt 0.7127038836479187 0.6424992084503174
vt 0.7135009765625 0.6416672468185425
vt 0.7138311862945557 0.6413226127624512
vt 0.6948245167732239 0.6231119632720947
vt 0.6945305466651917 0.6234912872314453
vt 0.6945305466651917 0.6234912872314453
vt 0.7135009765625 0.6416672468185425
vt 0.7138311862945557 0.6413226127624512
vt 0.6282448172569275 0.6424992084503174
vt 0.6273038983345032 0.6418341398239136
vt 0.6269142031669617 0.6415585875511169
vt 0.629185676574707 0.643164336681366
vt 0.6282448172569275 0.6424992084503174
vt 0.6269142031669617 0.6415585875511169
vt 0.6295754313468933 0.6434398293495178
vt 0.629185676574707 0.643164336681366
vt 0.6269142031669617 0.6415585875511169
vt 0.629185676574707 0.643164336681366
vt 0.6295754313468933 0.6434398293495178
vt 0.6269142031669617 0.6415585875511169
vt 0.6282448172569275 0.6424992084503174
vt 0.629185676574707 0.643164336681366
vt 0.6269142031669617 0.6415585875511169
vt 0.6273038983345032 0.6418341398239136
vt 0.6282448172569275 0.6424992084503174
vt 0.6269142031669617 0.6415585875511169
vt 0.7127038836479187 0.6424992084503174
vt 0.7135009765625 0.6416672468185425
vt 0.7138311862945557 0.6413226127624512
vt 0.7138311862945557 0.6413226127624512
vt 0.7135009765625 0.6416672468185425
vt 0.7127038836479187 0.6424992084503174
vt 0.7138311862945557 0.6413226127624512
vt 0.7127038836479187 0.6424992084503174
vt 0.7119066715240479 0.6433311700820923
vt 0.7138311862945557 0.6413226127624512
vt 0.7119066715240479 0.6433311700820923
vt 0.711576521396637 0.6436758041381836
vt 0.7138311862945557 0.6413226127624512
vt 0.711576521396637 0.6436758041381836
vt 0.7119066715240479 0.6433311700820923
vt 0.7127038836479187 0.6424992084503174
vt 0.7138311862945557 0.6413226127624512
vt 0.7119066715240479 0.6433311700820923
vn -8.568264320274431e-8 4.545461085303496e-8 -0.9999999999999951
vn -8.146300700673208e-8 4.945508180753658e-8 -0.9999999999999954
vn -8.720153488184188e-8 4.417383486776653e-8 -0.9999999999999951
vn -8.720153488184188e-8 4.417383486776653e-8 -0.9999999999999951
vn -9.090288699553601e-8 4.006879161799742e-8 -0.9999999999999952
vn -8.568264320274431e-8 4.545461085303496e-8 -0.9999999999999951
vn -7.762746889738967e-8 5.174367379012761e-8 -0.9999999999999956
vn -7.28068272337621e-8 5.49949406014603e-8 -0.9999999999999958
vn -8.146300700673208e-8 4.945508180753658e-8 -0.9999999999999954
vn -8.146300700673208e-8 4.945508180753658e-8 -0.9999999999999954
vn -8.568264320274431e-8 4.545461085303496e-8 -0.9999999999999951
vn -7.762746889738967e-8 5.174367379012761e-8 -0.9999999999999956
vn -6.864684820584426e-8 5.662092261715641e-8 -0.999999999999996
vn -6.335679358926414e-8 5.9034275690095076e-8 -0.9999999999999962
vn -7.28068272337621e-8 5.49949406014603e-8 -0.9999999999999958
vn -7.28068272337621e-8 5.49949406014603e-8 -0.9999999999999958
vn -7.762746889738967e-8 5.174367379012761e-8 -0.9999999999999956
vn -6.864684820584426e-8 5.662092261715641e-8 -0.999999999999996
vn -5.898590416109061e-8 5.995328988817036e-8 -0.9999999999999964
vn -5.33707300576224e-8 6.146288056285686e-8 -0.9999999999999967
vn -6.335679358926414e-8 5.9034275690095076e-8 -0.9999999999999962
vn -6.335679358926414e-8 5.9034275690095076e-8 -0.9999999999999962
vn -6.864684820584426e-8 5.662092261715641e-8 -0.999999999999996
vn -5.898590416109061e-8 5.995328988817036e-8 -0.9999999999999964
vn -4.8908159300253756e-8 6.164982790934904e-8 -0.9999999999999969
vn -4.31210835927231e-8 6.221447490517551e-8 -0.9999999999999971
vn -5.33707300576224e-8 6.146288056285686e-8 -0.9999999999999967
vn -5.33707300576224e-8 6.146288056285686e-8 -0.9999999999999967
vn -5.898590416109061e-8 5.995328988817036e-8 -0.9999999999999964
vn -4.8908159300253756e-8 6.164982790934904e-8 -0.9999999999999969
vn -3.868866116363275e-8 6.16642483741713e-8 -0.9999999999999972
vn -3.28875735533529e-8 6.126852936105815e-8 -0.9999999999999977
vn -4.31210835927231e-8 6.221447490517551e-8 -0.9999999999999971
vn -4.31210835927231e-8 6.221447490517551e-8 -0.9999999999999971
vn -4.8908159300253756e-8 6.164982790934904e-8 -0.9999999999999969
vn -3.868866116363275e-8 6.16642483741713e-8 -0.9999999999999972
vn -2.8606160995536795e-8 5.999615693141886e-8 -0.9999999999999979
vn -2.2949345535039343e-8 5.8650881040733734e-8 -0.9999999999999979
vn -3.28875735533529e-8 6.126852936105815e-8 -0.9999999999999977
vn -3.28875735533529e-8 6.126852936105815e-8 -0.9999999999999977
vn -3.868866116363275e-8 6.16642483741713e-8 -0.9999999999999972
vn -2.8606160995536795e-8 5.999615693141886e-8 -0.9999999999999979
vn -1.893582712853003e-8 5.6691073613279695e-8 -0.9999999999999981
vn -1.3577658997121484e-8 5.443295014728729e-8 -0.9999999999999983
vn -2.2949345535039343e-8 5.8650881040733734e-8 -0.9999999999999979
vn -2.2949345535039343e-8 5.8650881040733734e-8 -0.9999999999999979
vn -2.8606160995536795e-8 5.999615693141886e-8 -0.9999999999999979
vn -1.893582712853003e-8 5.6691073613279695e-8 -0.9999999999999981
vn -9.941503620325417e-9 5.1839186721025466e-8 -0.9999999999999984
vn -5.028160110498446e-9 4.8729821955362214e-8 -0.9999999999999987
vn -1.3577658997121484e-8 5.443295014728729e-8 -0.9999999999999983
vn -1.3577658997121484e-8 5.443295014728729e-8 -0.9999999999999983
vn -1.893582712853003e-8 5.6691073613279695e-8 -0.9999999999999981
vn -9.941503620325417e-9 5.1839186721025466e-8 -0.9999999999999984
vn -1.8685875069479603e-9 4.557287069939517e-8 -0.9999999999999989
vn 2.4658703967617157e-9 4.169710421386696e-8 -0.9999999999999991
vn -5.028160110498446e-9 4.8729821955362214e-8 -0.9999999999999987
vn -5.028160110498446e-9 4.8729821955362214e-8 -0.9999999999999987
vn -9.941503620325417e-9 5.1839186721025466e-8 -0.9999999999999984
vn -1.8685875069479603e-9 4.557287069939517e-8 -0.9999999999999989
vn 5.062652075338292e-9 3.806310022724801e-8 -0.9999999999999993
vn 8.699962528169179e-9 3.3526678766548905e-8 -0.9999999999999993
vn 2.4658703967617157e-9 4.169710421386696e-8 -0.9999999999999991
vn 2.4658703967617157e-9 4.169710421386696e-8 -0.9999999999999991
vn -1.8685875069479603e-9 4.557287069939517e-8 -0.9999999999999989
vn 5.062652075338292e-9 3.806310022724801e-8 -0.9999999999999993
vn 1.0663102401053944e-8 2.951477418022818e-8 -0.9999999999999994
vn 1.3504014795273628e-8 2.4441479506975835e-8 -0.9999999999999997
vn 8.699962528169179e-9 3.3526678766548905e-8 -0.9999999999999993
vn 8.699962528169179e-9 3.3526678766548905e-8 -0.9999999999999993
vn 5.062652075338292e-9 3.806310022724801e-8 -0.9999999999999993
vn 1.0663102401053944e-8 2.951477418022818e-8 -0.9999999999999994
vn 1.4779946155840654e-8 2.016114875047492e-8 -0.9999999999999996
vn 1.6746952269386374e-8 1.4689401250933548e-8 -0.9999999999999998
vn 1.3504014795273628e-8 2.4441479506975835e-8 -0.9999999999999997
vn 1.3504014795273628e-8 2.4441479506975835e-8 -0.9999999999999997
vn 1.0663102401053944e-8 2.951477418022818e-8 -0.9999999999999994
vn 1.4779946155840654e-8 2.016114875047492e-8 -0.9999999999999996
vn 1.730084164819344e-8 1.0257419358339356e-8 -0.9999999999999998
vn 1.8340269747341134e-8 4.536516495790031e-9 -0.9999999999999998
vn 1.6746952269386374e-8 1.4689401250933548e-8 -0.9999999999999998
vn 1.6746952269386374e-8 1.4689401250933548e-8 -0.9999999999999998
vn 1.4779946155840654e-8 2.016114875047492e-8 -0.9999999999999996
vn 1.730084164819344e-8 1.0257419358339356e-8 -0.9999999999999998
vn 1.8157029657572798e-8 7.382139344261472e-11 -0.9999999999999999
vn 1.8240514876310927e-8 -5.740137698495535e-9 -0.9999999999999998
vn 1.8340269747341134e-8 4.536516495790031e-9 -0.9999999999999998
vn 1.8340269747341134e-8 4.536516495790031e-9 -0.9999999999999998
vn 1.730084164819344e-8 1.0257419358339356e-8 -0.9999999999999998
vn 1.8157029657572798e-8 7.382139344261472e-11 -0.9999999999999999
vn 1.732514398611326e-8 -1.0111790960110005e-8 -0.9999999999999998
vn 1.645041436404423e-8 -1.586018472110588e-8 -0.9999999999999996
vn 1.8240514876310927e-8 -5.740137698495535e-9 -0.9999999999999998
vn 1.8240514876310927e-8 -5.740137698495535e-9 -0.9999999999999998
vn 1.8157029657572798e-8 7.382139344261472e-11 -0.9999999999999999
vn 1.732514398611326e-8 -1.0111790960110005e-8 -0.9999999999999998
vn 1.4827873151546066e-8 -2.0021517332935356e-8 -0.9999999999999997
vn 1.3018794930985645e-8 -2.554748634864257e-8 -0.9999999999999996
vn 1.645041436404423e-8 -1.586018472110588e-8 -0.9999999999999996
vn 1.645041436404423e-8 -1.586018472110588e-8 -0.9999999999999996
vn 1.732514398611326e-8 -1.0111790960110005e-8 -0.9999999999999998
vn 1.4827873151546066e-8 -2.0021517332935356e-8 -0.9999999999999997
vn 1.0733376853977431e-8 -2.938496423965362e-8 -0.9999999999999996
vn 8.039315879670968e-9 -3.4537720683402836e-8 -0.9999999999999993
vn 1.3018794930985645e-8 -2.554748634864257e-8 -0.9999999999999996
vn 1.3018794930985645e-8 -2.554748634864257e-8 -0.9999999999999996
vn 1.4827873151546066e-8 -2.0021517332935356e-8 -0.9999999999999997
vn 1.0733376853977431e-8 -2.938496423965362e-8 -0.9999999999999996
vn 5.153369730948026e-9 -3.794662051248547e-8 -0.9999999999999994
vn 1.6478372000250312e-9 -4.2585590609433896e-8 -0.9999999999999991
vn 8.039315879670968e-9 -3.4537720683402836e-8 -0.9999999999999993
vn 8.039315879670968e-9 -3.4537720683402836e-8 -0.9999999999999993
vn 1.0733376853977431e-8 -2.938496423965362e-8 -0.9999999999999996
vn 5.153369730948026e-9 -3.794662051248547e-8 -0.9999999999999994
vn 2.604961246710492e-10 -4.363770544912858e-8 -0.9999999999999989
vn -3.854138785897005e-9 -4.819709475967188e-8 -0.999999999999999
vn 1.6478372000250312e-9 -4.2585590609433896e-8 -0.9999999999999991
vn 1.6478372000250312e-9 -4.2585590609433896e-8 -0.9999999999999991
vn 5.153369730948026e-9 -3.794662051248547e-8 -0.9999999999999994
vn 2.604961246710492e-10 -4.363770544912858e-8 -0.9999999999999989
vn -0.041222795837922786 -0.7940137650246204 0.606500471603058
vn 0.06697325617561231 -0.8059990914757279 0.5881156752693613
vn 0.020048322590646532 -0.8244061299937258 0.5656435251906181
vn 0.020048322590646532 -0.8244061299937258 0.5656435251906181
vn -0.09210556785980513 -0.8087528637404134 0.5808918744145961
vn -0.041222795837922786 -0.7940137650246204 0.606500471603058
vn -0.15678723346455162 -0.7213964248507466 0.6745405559601982
vn -0.041222795837922786 -0.7940137650246204 0.606500471603058
vn -0.09210556785980513 -0.8087528637404134 0.5808918744145961
vn -0.09210556785980513 -0.8087528637404134 0.5808918744145961
vn -0.2112923502865687 -0.7323347406268299 0.6473340485262702
vn -0.15678723346455162 -0.7213964248507466 0.6745405559601982
vn -0.23808958406016587 -0.6051245263406897 0.7596957664637952
vn -0.15678723346455162 -0.7213964248507466 0.6745405559601982
vn -0.2112923502865687 -0.7323347406268299 0.6473340485262702
vn -0.2112923502865687 -0.7323347406268299 0.6473340485262702
vn -0.29406916608444733 -0.6121893744633846 0.733994206620548
vn -0.23808958406016587 -0.6051245263406897 0.7596957664637952
vn -0.2512606355260445 -0.4262997245853163 0.8689859825414513
vn -0.23808958406016587 -0.6051245263406897 0.7596957664637952
vn -0.29406916608444733 -0.6121893744633846 0.733994206620548
vn -0.29406916608444733 -0.6121893744633846 0.733994206620548
vn -0.3028343260160956 -0.43108367804768294 0.8499754311197816
vn -0.2512606355260445 -0.4262997245853163 0.8689859825414513
vn -0.30593735484238976 -0.3569698182366723 0.8825955380467991
vn -0.2512606355260445 -0.4262997245853163 0.8689859825414513
vn -0.3028343260160956 -0.43108367804768294 0.8499754311197816
vn -0.3028343260160956 -0.43108367804768294 0.8499754311197816
vn -0.3565722752367414 -0.35435448376586554 0.8644588552195647
vn -0.30593735484238976 -0.3569698182366723 0.8825955380467991
vn -0.42227954937833556 -0.3560410016976398 0.8336154912709883
vn -0.30593735484238976 -0.3569698182366723 0.8825955380467991
vn -0.3565722752367414 -0.35435448376586554 0.8644588552195647
vn -0.3565722752367414 -0.35435448376586554 0.8644588552195647
vn -0.4758377480947061 -0.3416090443209242 0.8104823861912756
vn -0.42227954937833556 -0.3560410016976398 0.8336154912709883
vn -0.38439321313637254 -0.23333212043184082 0.8931953757546421
vn -0.42227954937833556 -0.3560410016976398 0.8336154912709883
vn -0.4758377480947061 -0.3416090443209242 0.8104823861912756
vn -0.4758377480947061 -0.3416090443209242 0.8104823861912756
vn -0.4294433126445923 -0.21533305951899415 0.877046244335513
vn -0.38439321313637254 -0.23333212043184082 0.8931953757546421
vn -0.2899417857662911 -0.11424387597570917 0.9502010827549613
vn -0.38439321313637254 -0.23333212043184082 0.8931953757546421
vn -0.4294433126445923 -0.21533305951899415 0.877046244335513
vn -0.4294433126445923 -0.21533305951899415 0.877046244335513
vn -0.32514036389799966 -0.09709391589853222 0.9406681217410129
vn -0.2899417857662911 -0.11424387597570917 0.9502010827549613
vn -0.15229269729081532 -0.03863694331539115 0.987579931429923
vn -0.2899417857662911 -0.11424387597570917 0.9502010827549613
vn -0.32514036389799966 -0.09709391589853222 0.9406681217410129
vn -0.32514036389799966 -0.09709391589853222 0.9406681217410129
vn -0.16948878974873363 -0.028286723990503113 0.98512608908474
vn -0.15229269729081532 -0.03863694331539115 0.987579931429923
vn 0 -4.37113878426487e-8 0.9999999999999989
vn -0.15229269729081532 -0.03863694331539115 0.987579931429923
vn -0.16948878974873363 -0.028286723990503113 0.98512608908474
vn -0.16948878974873363 -0.028286723990503113 0.98512608908474
vn 0 -4.37113878426487e-8 0.9999999999999989
vn 0 -4.37113878426487e-8 0.9999999999999989
vn 0.14328122510540744 -0.023912835030591845 0.9893930800511459
vn 0 -4.37113878426487e-8 0.9999999999999989
vn 0 -4.37113878426487e-8 0.9999999999999989
vn 0 -4.37113878426487e-8 0.9999999999999989
vn 0.1526335622611767 -0.03956425770178491 0.987490589921732
vn 0.14328122510540744 -0.023912835030591845 0.9893930800511459
vn 0.29777339613319354 -0.08864243165601514 0.9505122428803391
vn 0.14328122510540744 -0.023912835030591845 0.9893930800511459
vn 0.1526335622611767 -0.03956425770178491 0.987490589921732
vn 0.1526335622611767 -0.03956425770178491 0.987490589921732
vn 0.31481665349307913 -0.12374405941800949 0.9410514770415966
vn 0.29777339613319354 -0.08864243165601514 0.9505122428803391
vn 0.3951557208687951 -0.1980333387268073 0.8970143549672863
vn 0.29777339613319354 -0.08864243165601514 0.9505122428803391
vn 0.31481665349307913 -0.12374405941800949 0.9410514770415966
vn 0.31481665349307913 -0.12374405941800949 0.9410514770415966
vn 0.40428548885357335 -0.24477111574598004 0.8812720036395661
vn 0.3951557208687951 -0.1980333387268073 0.8970143549672863
vn 0.4492698029445211 -0.3219530063859323 0.8333684094332175
vn 0.3951557208687951 -0.1980333387268073 0.8970143549672863
vn 0.40428548885357335 -0.24477111574598004 0.8812720036395661
vn 0.40428548885357335 -0.24477111574598004 0.8812720036395661
vn 0.4483674092068906 -0.37745925701389355 0.8102414304734239
vn 0.4492698029445211 -0.3219530063859323 0.8333684094332175
vn 0.33722174520315135 -0.33434749865874697 0.8800529783500424
vn 0.4492698029445211 -0.3219530063859323 0.8333684094332175
vn 0.4483674092068906 -0.37745925701389355 0.8102414304734239
vn 0.4483674092068906 -0.37745925701389355 0.8102414304734239
vn 0.3303329561749475 -0.38513460552665224 0.8617142645277204
vn 0.33722174520315135 -0.33434749865874697 0.8800529783500424
vn 0.2812488983565739 -0.4001699188072107 0.8722173428997179
vn 0.33722174520315135 -0.33434749865874697 0.8800529783500424
vn 0.3303329561749475 -0.38513460552665224 0.8617142645277204
vn 0.3303329561749475 -0.38513460552665224 0.8617142645277204
vn 0.2652587357763895 -0.4487402621012795 0.8533873565173008
vn 0.2812488983565739 -0.4001699188072107 0.8722173428997179
vn 0.2804839056253527 -0.5837188781982384 0.7619718170117175
vn 0.2812488983565739 -0.4001699188072107 0.8722173428997179
vn 0.2652587357763895 -0.4487402621012795 0.8533873565173008
vn 0.2652587357763895 -0.4487402621012795 0.8533873565173008
vn 0.24879512615941865 -0.6298481655216908 0.7357936351914712
vn 0.2804839056253527 -0.5837188781982384 0.7619718170117175
vn 0.2047661268760008 -0.7085981150806885 0.6752477653338046
vn 0.2804839056253527 -0.5837188781982384 0.7619718170117175
vn 0.24879512615941865 -0.6298481655216908 0.7357936351914712
vn 0.24879512615941865 -0.6298481655216908 0.7357936351914712
vn 0.16256531736981944 -0.7444218526343637 0.6476176517891336
vn 0.2047661268760008 -0.7085981150806885 0.6752477653338046
vn 0.09018720733874365 -0.7896864124966976 0.6068456455726892
vn 0.2047661268760008 -0.7085981150806885 0.6752477653338046
vn 0.16256531736981944 -0.7444218526343637 0.6476176517891336
vn 0.16256531736981944 -0.7444218526343637 0.6476176517891336
vn 0.04300576814329759 -0.8130794408736927 0.5805620782783943
vn 0.09018720733874365 -0.7896864124966976 0.6068456455726892
vn -0.02111826303767731 -0.8383453231635467 0.5447303352082385
vn 0.09018720733874365 -0.7896864124966976 0.6068456455726892
vn 0.04300576814329759 -0.8130794408736927 0.5805620782783943
vn 0.04300576814329759 -0.8130794408736927 0.5805620782783943
vn -0.07085688462944242 -0.8527380515335226 0.5175104997653875
vn -0.02111826303767731 -0.8383453231635467 0.5447303352082385
vn 0.9908161189066895 -0.13521619176224736 -5.91048740072556e-9
vn 0.9999999761403231 0.00021844759818963856 9.548647687762385e-12
vn 0.9999999761403199 0.00021844761274155273 9.54864832384675e-12
vn 0.9999999761403199 0.00021844761274155273 9.54864832384675e-12
vn 0.9966015449255122 -0.0823733006020893 -3.600651290497017e-9
vn 0.9908161189066895 -0.13521619176224736 -5.91048740072556e-9
vn 0.9564728377196872 -0.2918213677996336 -1.275591698866203e-8
vn 0.9908161189066895 -0.13521619176224736 -5.91048740072556e-9
vn 0.9966015449255122 -0.0823733006020893 -3.600651290497017e-9
vn 0.9966015449255122 -0.0823733006020893 -3.600651290497017e-9
vn 0.9694453391270377 -0.24530742843391967 -1.0722728144957862e-8
vn 0.9564728377196872 -0.2918213677996336 -1.275591698866203e-8
vn 0.8977445534100553 -0.4405164206049304 -1.9255584112117496e-8
vn 0.9564728377196872 -0.2918213677996336 -1.275591698866203e-8
vn 0.9694453391270377 -0.24530742843391967 -1.0722728144957862e-8
vn 0.9694453391270377 -0.24530742843391967 -1.0722728144957862e-8
vn 0.915837887582429 -0.40154820839913274 -2.766687641279888e-8
vn 0.8977445534100553 -0.4405164206049304 -1.9255584112117496e-8
vn 0.8189928507482326 -0.5738037211654183 -4.6559595112679074e-8
vn 0.8977445534100553 -0.4405164206049304 -1.9255584112117496e-8
vn 0.915837887582429 -0.40154820839913274 -2.766687641279888e-8
vn 0.915837887582429 -0.40154820839913274 -2.766687641279888e-8
vn 0.8372418051918882 -0.5468328443309031 -5.220489355498479e-8
vn 0.8189928507482326 -0.5738037211654183 -4.6559595112679074e-8
vn 0.7169580760677684 -0.6971162866847971 -6.019568216231482e-8
vn 0.8189928507482326 -0.5738037211654183 -4.6559595112679074e-8
vn 0.8372418051918882 -0.5468328443309031 -5.220489355498479e-8
vn 0.8372418051918882 -0.5468328443309031 -5.220489355498479e-8
vn 0.7358015652290102 -0.6771972065850053 -6.702200492683666e-8
vn 0.7169580760677684 -0.6971162866847971 -6.019568216231482e-8
vn 0.5870608106230485 -0.8095428368101371 -7.146714282830833e-8
vn 0.7169580760677684 -0.6971162866847971 -6.019568216231482e-8
vn 0.7358015652290102 -0.6771972065850053 -6.702200492683666e-8
vn 0.7358015652290102 -0.6771972065850053 -6.702200492683666e-8
vn 0.6142851198506301 -0.7890841473062881 -7.24905067032543e-8
vn 0.5870608106230485 -0.8095428368101371 -7.146714282830833e-8
vn 0.4494865675540493 -0.893287090239456 -7.194640475088895e-8
vn 0.5870608106230485 -0.8095428368101371 -7.146714282830833e-8
vn 0.6142851198506301 -0.7890841473062881 -7.24905067032543e-8
vn 0.6142851198506301 -0.7890841473062881 -7.24905067032543e-8
vn 0.476007992747769 -0.8794409535837164 -6.043721279433646e-8
vn 0.4494865675540493 -0.893287090239456 -7.194640475088895e-8
vn 0.30656066317059794 -0.9518511227058568 -5.7642443127091186e-8
vn 0.4494865675540493 -0.893287090239456 -7.194640475088895e-8
vn 0.476007992747769 -0.8794409535837164 -6.043721279433646e-8
vn 0.476007992747769 -0.8794409535837164 -6.043721279433646e-8
vn 0.32474288512971144 -0.9458023358808274 -4.185265262627025e-8
vn 0.30656066317059794 -0.9518511227058568 -5.7642443127091186e-8
vn 0.15453130271796064 -0.9879878928814302 -4.158506437113923e-8
vn 0.30656066317059794 -0.9518511227058568 -5.7642443127091186e-8
vn 0.32474288512971144 -0.9458023358808274 -4.185265262627025e-8
vn 0.32474288512971144 -0.9458023358808274 -4.185265262627025e-8
vn 0.16461724260540064 -0.9863575231309349 -3.888218435830338e-8
vn 0.15453130271796064 -0.9879878928814302 -4.158506437113923e-8
vn -4.759448390956321e-9 -0.9999999999999991 -3.990222996463897e-8
vn 0.15453130271796064 -0.9879878928814302 -4.158506437113923e-8
vn 0.16461724260540064 -0.9863575231309349 -3.888218435830338e-8
vn 0.16461724260540064 -0.9863575231309349 -3.888218435830338e-8
vn 1.4278345616958172e-8 -0.9999999999999991 -3.994453123823403e-8
vn -4.759448390956321e-9 -0.9999999999999991 -3.990222996463897e-8
vn -0.15453134635392876 -0.9879878860563224 -3.93620367433175e-8
vn -4.759448390956321e-9 -0.9999999999999991 -3.990222996463897e-8
vn 1.4278345616958172e-8 -0.9999999999999991 -3.994453123823403e-8
vn 1.4278345616958172e-8 -0.9999999999999991 -3.994453123823403e-8
vn -0.16461725710275785 -0.9863575207114117 -3.8746050046447976e-8
vn -0.15453134635392876 -0.9879878860563224 -3.93620367433175e-8
vn -0.3065606901721142 -0.9518511140095365 -3.702036378132183e-8
vn -0.15453134635392876 -0.9879878860563224 -3.93620367433175e-8
vn -0.16461725710275785 -0.9863575207114117 -3.8746050046447976e-8
vn -0.16461725710275785 -0.9863575207114117 -3.8746050046447976e-8
vn -0.3247429384485718 -0.9458023175737018 -4.134233192594012e-8
vn -0.3065606901721142 -0.9518511140095365 -3.702036378132183e-8
vn -0.44948640078348606 -0.893287174155493 -3.904682212437447e-8
vn -0.3065606901721142 -0.9518511140095365 -3.702036378132183e-8
vn -0.3247429384485718 -0.9458023175737018 -4.134233192594012e-8
vn -0.3247429384485718 -0.9458023175737018 -4.134233192594012e-8
vn -0.47600799274776906 -0.8794409535837177 -3.612417281432844e-8
vn -0.44948640078348606 -0.893287174155493 -3.904682212437447e-8
vn -0.5870608780126839 -0.809542787940808 -3.1579168060043845e-8
vn -0.44948640078348606 -0.893287174155493 -3.904682212437447e-8
vn -0.47600799274776906 -0.8794409535837177 -3.612417281432844e-8
vn -0.47600799274776906 -0.8794409535837177 -3.612417281432844e-8
vn -0.6142851198506304 -0.78908414730629 -4.4826091564921106e-8
vn -0.5870608780126839 -0.809542787940808 -3.1579168060043845e-8
vn -0.716958223371792 -0.6971161351880778 -3.579284277688887e-8
vn -0.5870608780126839 -0.809542787940808 -3.1579168060043845e-8
vn -0.6142851198506304 -0.78908414730629 -4.4826091564921106e-8
vn -0.6142851198506304 -0.78908414730629 -4.4826091564921106e-8
vn -0.7358016222634287 -0.6771971446148477 -5.9267927528789565e-8
vn -0.716958223371792 -0.6971161351880778 -3.579284277688887e-8
vn -0.8189928507482322 -0.5738037211654177 -5.5698240481693976e-8
vn -0.716958223371792 -0.6971161351880778 -3.579284277688887e-8
vn -0.7358016222634287 -0.6771971446148477 -5.9267927528789565e-8
vn -0.7358016222634287 -0.6771971446148477 -5.9267927528789565e-8
vn -0.8372418324807606 -0.5468328025496061 -3.9759619334707876e-8
vn -0.8189928507482322 -0.5738037211654177 -5.5698240481693976e-8
vn -0.897744565196016 -0.44051639658588754 -3.4952184917731326e-8
vn -0.8189928507482322 -0.5738037211654177 -5.5698240481693976e-8
vn -0.8372418324807606 -0.5468328025496061 -3.9759619334707876e-8
vn -0.8372418324807606 -0.5468328025496061 -3.9759619334707876e-8
vn -0.9158378985423242 -0.4015481834021654 -1.7552228382203104e-8
vn -0.897744565196016 -0.44051639658588754 -3.4952184917731326e-8
vn -0.9564728677507982 -0.29182126936973546 -1.2755912686154579e-8
vn -0.897744565196016 -0.44051639658588754 -3.4952184917731326e-8
vn -0.9158378985423242 -0.4015481834021654 -1.7552228382203104e-8
vn -0.9158378985423242 -0.4015481834021654 -1.7552228382203104e-8
vn -0.9694453284960058 -0.24530747044733722 -1.0722729981422653e-8
vn -0.9564728677507982 -0.29182126936973546 -1.2755912686154579e-8
vn -0.9908161209030631 -0.1352161771335302 -5.910486761284032e-9
vn -0.9564728677507982 -0.29182126936973546 -1.2755912686154579e-8
vn -0.9694453284960058 -0.24530747044733722 -1.0722729981422653e-8
vn -0.9694453284960058 -0.24530747044733722 -1.0722729981422653e-8
vn -0.9966015443138689 -0.08237330800211519 -3.600651613962418e-9
vn -0.9908161209030631 -0.1352161771335302 -5.910486761284032e-9
vn -0.9999999761403231 0.00021844759818963856 9.548647687762385e-12
vn -0.9908161209030631 -0.1352161771335302 -5.910486761284032e-9
vn -0.9966015443138689 -0.08237330800211519 -3.600651613962418e-9
vn -0.9966015443138689 -0.08237330800211519 -3.600651613962418e-9
vn -0.9999999761403262 0.00021844758363772436 9.54864705167802e-12
vn -0.9999999761403231 0.00021844759818963856 9.548647687762385e-12
vn -0.08280798792676872 -0.9965655207438787 -4.3561261987846897e-8
vn -0.08280798792676872 -0.9965655207438787 -4.3561261987846897e-8
vn -0.08280798792676872 -0.9965655207438787 -4.3561261987846897e-8
vn -0.08280798792676872 -0.9965655207438787 -4.3561261987846897e-8
vn -0.08280798792676872 -0.9965655207438787 -4.3561261987846897e-8
vn -0.08280798792676872 -0.9965655207438787 -4.3561261987846897e-8
vn 0.9914358394336715 0.13059470236748164 5.708475685380268e-9
vn 0.9999999762116313 -0.00021812092226802514 -9.534368229853885e-12
vn 0.9999999762116251 -0.00021812095137185354 -9.534369502022617e-12
vn 0.9999999762116251 -0.00021812095137185354 -9.534369502022617e-12
vn 0.9966015247412572 0.08237354480293628 3.600661964854951e-9
vn 0.9914358394336715 0.13059470236748164 5.708475685380268e-9
vn 0.9578869260936562 0.28714567177452993 1.2551535826274394e-8
vn 0.9914358394336715 0.13059470236748164 5.708475685380268e-9
vn 0.9966015247412572 0.08237354480293628 3.600661964854951e-9
vn 0.9966015247412572 0.08237354480293628 3.600661964854951e-9
vn 0.9694453107345369 0.24530754063993693 5.509845851038965e-8
vn 0.9578869260936562 0.28714567177452993 1.2551535826274394e-8
vn 0.8999623990376562 0.4359675220912415 9.659596978311051e-8
vn 0.9578869260936562 0.28714567177452993 1.2551535826274394e-8
vn 0.9694453107345369 0.24530754063993693 5.509845851038965e-8
vn 0.9694453107345369 0.24530754063993693 5.509845851038965e-8
vn 0.9158379191129224 0.4015481364854029 1.1158046856798502e-7
vn 0.8999623990376562 0.4359675220912415 9.659596978311051e-8
vn 0.8216538849383407 0.5699867484123827 1.0582774385904272e-7
vn 0.8999623990376562 0.4359675220912415 9.659596978311051e-8
vn 0.9158379191129224 0.4015481364854029 1.1158046856798502e-7
vn 0.9158379191129224 0.4015481364854029 1.1158046856798502e-7
vn 0.8372418324807597 0.5468328025496043 6.977586496866701e-8
vn 0.8216538849383407 0.5699867484123827 1.0582774385904272e-7
vn 0.7195572240498848 0.6944331510790807 5.3009291786336107e-8
vn 0.8216538849383407 0.5699867484123827 1.0582774385904272e-7
vn 0.8372418324807597 0.5468328025496043 6.977586496866701e-8
vn 0.8372418324807597 0.5468328025496043 6.977586496866701e-8
vn 0.7358016222634292 0.6771971446148496 2.3088389341559597e-8
vn 0.7195572240498848 0.6944331510790807 5.3009291786336107e-8
vn 0.5907021555725634 0.8068896847784872 2.334002935314249e-8
vn 0.7195572240498848 0.6944331510790807 5.3009291786336107e-8
vn 0.7358016222634292 0.6771971446148496 2.3088389341559597e-8
vn 0.7358016222634292 0.6771971446148496 2.3088389341559597e-8
vn 0.6142852229684614 0.7890840670312556 2.308135581968204e-8
vn 0.5907021555725634 0.8068896847784872 2.334002935314249e-8
vn 0.4534632494974916 0.8912749751648898 2.8353635802770228e-8
vn 0.5907021555725634 0.8068896847784872 2.334002935314249e-8
vn 0.6142852229684614 0.7890840670312556 2.308135581968204e-8
vn 0.6142852229684614 0.7890840670312556 2.308135581968204e-8
vn 0.476007898647203 0.8794410045167741 3.7462425657030727e-8
vn 0.4534632494974916 0.8912749751648898 2.8353635802770228e-8
vn 0.30944573207803083 0.950917104115122 4.144250447480791e-8
vn 0.4534632494974916 0.8912749751648898 2.8353635802770228e-8
vn 0.476007898647203 0.8794410045167741 3.7462425657030727e-8
vn 0.476007898647203 0.8794410045167741 3.7462425657030727e-8
vn 0.324742911789142 0.9458023267272647 4.4944254403815404e-8
vn 0.30944573207803083 0.950917104115122 4.144250447480791e-8
vn 0.15628987237315883 0.9877112309747114 4.485780083047696e-8
vn 0.30944573207803083 0.950917104115122 4.144250447480791e-8
vn 0.324742911789142 0.9458023267272647 4.4944254403815404e-8
vn 0.324742911789142 0.9458023267272647 4.4944254403815404e-8
vn 0.16461722810804338 0.9863575255504582 4.313588469890497e-8
vn 0.15628987237315883 0.9877112309747114 4.485780083047696e-8
vn 9.518894117377382e-9 0.9999999999999989 4.3690559496656325e-8
vn 0.15628987237315883 0.9877112309747114 4.485780083047696e-8
vn 0.16461722810804338 0.9863575255504582 4.313588469890497e-8
vn 0.16461722810804338 0.9863575255504582 4.313588469890497e-8
vn 0 0.9999999999999989 4.559733701725575e-8
vn 9.518894117377382e-9 0.9999999999999989 4.3690559496656325e-8
vn -0.15628978515009304 0.987711244776395 4.512288962931547e-8
vn 9.518894117377382e-9 0.9999999999999989 4.3690559496656325e-8
vn 0 0.9999999999999989 4.559733701725575e-8
vn 0 0.9999999999999989 4.559733701725575e-8
vn -0.16461722810804338 0.9863575255504582 4.153856538834726e-8
vn -0.15628978515009304 0.987711244776395 4.512288962931547e-8
vn -0.3094457051294795 0.9509171128846707 3.905796823528085e-8
vn -0.15628978515009304 0.987711244776395 4.512288962931547e-8
vn -0.16461722810804338 0.9863575255504582 4.153856538834726e-8
vn -0.16461722810804338 0.9863575255504582 4.153856538834726e-8
vn -0.32474288512971144 0.9458023358808274 3.9487111739695755e-8
vn -0.3094457051294795 0.9509171128846707 3.905796823528085e-8
vn -0.453463297261435 0.8912749508635291 3.696466286606179e-8
vn -0.3094457051294795 0.9509171128846707 3.905796823528085e-8
vn -0.32474288512971144 0.9458023358808274 3.9487111739695755e-8
vn -0.32474288512971144 0.9458023358808274 3.9487111739695755e-8
vn -0.4760079696981641 0.8794409660595932 3.473363452715695e-8
vn -0.453463297261435 0.8912749508635291 3.696466286606179e-8
vn -0.590702077958851 0.8068897415973846 3.733606582750701e-8
vn -0.453463297261435 0.8912749508635291 3.696466286606179e-8
vn -0.4760079696981641 0.8794409660595932 3.473363452715695e-8
vn -0.4760079696981641 0.8794409660595932 3.473363452715695e-8
vn -0.6142851569636871 0.7890841184145693 2.541591912010756e-8
vn -0.590702077958851 0.8068897415973846 3.733606582750701e-8
vn -0.7195569899414448 0.694433393657309 2.1810674729010574e-8
vn -0.590702077958851 0.8068897415973846 3.733606582750701e-8
vn -0.6142851569636871 0.7890841184145693 2.541591912010756e-8
vn -0.6142851569636871 0.7890841184145693 2.541591912010756e-8
vn -0.7358016792978415 0.6771970826446879 -3.198720765886658e-9
vn -0.7195569899414448 0.694433393657309 2.1810674729010574e-8
vn -0.8216535454322879 0.5699872378207703 -7.570821334043834e-9
vn -0.7195569899414448 0.694433393657309 2.1810674729010574e-8
vn -0.7358016792978415 0.6771970826446879 -3.198720765886658e-9
vn -0.7358016792978415 0.6771970826446879 -3.198720765886658e-9
vn -0.8372417873685365 0.5468328716197796 -6.056300268999114e-8
vn -0.8216535454322879 0.5699872378207703 -7.570821334043834e-9
vn -0.8999624458099378 0.43596742553978723 -7.050775531100164e-8
vn -0.8216535454322879 0.5699872378207703 -7.570821334043834e-9
vn -0.8372417873685365 0.5468328716197796 -6.056300268999114e-8
vn -0.8372417873685365 0.5468328716197796 -6.056300268999114e-8
vn -0.9158379300728182 0.401548111488442 -3.956261655367159e-8
vn -0.8999624458099378 0.43596742553978723 -7.050775531100164e-8
vn -0.9578870965843561 0.2871451030353631 -5.669249747788572e-8
vn -0.8999624458099378 0.43596742553978723 -7.050775531100164e-8
vn -0.9158379300728182 0.401548111488442 -3.956261655367159e-8
vn -0.9158379300728182 0.401548111488442 -3.956261655367159e-8
vn -0.9694453284960058 0.24530747044733722 1.0722729981422653e-8
vn -0.9578870965843561 0.2871451030353631 -5.669249747788572e-8
vn -0.9914358394336715 0.13059470236748164 5.708475685380268e-9
vn -0.9578870965843561 0.2871451030353631 -5.669249747788572e-8
vn -0.9694453284960058 0.24530747044733722 1.0722729981422653e-8
vn -0.9694453284960058 0.24530747044733722 1.0722729981422653e-8
vn -0.9966015247412572 0.08237354480293628 3.600661964854951e-9
vn -0.9914358394336715 0.13059470236748164 5.708475685380268e-9
vn -0.9999999762116313 -0.00021812092226802514 -9.534368229853885e-12
vn -0.9914358394336715 0.13059470236748164 5.708475685380268e-9
vn -0.9966015247412572 0.08237354480293628 3.600661964854951e-9
vn -0.9966015247412572 0.08237354480293628 3.600661964854951e-9
vn -0.9999999762116281 -0.0002181209368199393 -9.53436886593825e-12
vn -0.9999999762116313 -0.00021812092226802514 -9.534368229853885e-12
vn 0.08280798792676872 -0.9965655207438787 -4.3561261987846897e-8
vn 0.08280798792676872 -0.9965655207438787 -4.3561261987846897e-8
vn 0.08280798052727796 -0.9965655213587273 -4.356126201472278e-8
vn 0.08280798052727796 -0.9965655213587273 -4.356126201472278e-8
vn 0.08280798052727796 -0.9965655213587273 -4.356126201472278e-8
vn 0.08280798792676872 -0.9965655207438787 -4.3561261987846897e-8
vn -5.363219646170591e-9 -4.311547452395812e-8 0.9999999999999989
vn -3.4588811615754805e-8 0.1630586690141249 0.9866163745140971
vn -0.06632198344435747 0.14896149981197793 0.9866163722976485
vn -5.363219646170591e-9 -4.311547452395812e-8 0.9999999999999989
vn -0.06632198344435747 0.14896149981197793 0.9866163722976485
vn -0.12117625674557948 0.10910753229831074 0.9866163698200545
vn -5.363219646170591e-9 -4.311547452395812e-8 0.9999999999999989
vn -0.12117625674557948 0.10910753229831074 0.9866163698200545
vn -0.15507806735736065 0.050387834513721544 0.9866163687866343
vn -5.363219646170591e-9 -4.311547452395812e-8 0.9999999999999989
vn -0.15507806735736065 0.050387834513721544 0.9866163687866343
vn -0.1621654618071183 -0.017044378607783274 0.9866163652376533
vn -5.363219646170591e-9 -4.311547452395812e-8 0.9999999999999989
vn -0.1621654618071183 -0.017044378607783274 0.9866163652376533
vn -0.14121301303025485 -0.08152942849128729 0.9866163576795193
vn -5.363219646170591e-9 -4.311547452395812e-8 0.9999999999999989
vn -0.14121301303025485 -0.08152942849128729 0.9866163576795193
vn -0.09584347820013374 -0.1319173547154097 0.9866163586781792
vn -5.363219646170591e-9 -4.311547452395812e-8 0.9999999999999989
vn -0.09584347820013374 -0.1319173547154097 0.9866163586781792
vn -0.03390177292737233 -0.15949558834886166 0.9866163525350831
vn -5.363219646170591e-9 -4.311547452395812e-8 0.9999999999999989
vn -0.03390177292737233 -0.15949558834886166 0.9866163525350831
vn 0.033901851471421114 -0.1594955153153862 0.986616361642705
vn -5.363219646170591e-9 -4.311547452395812e-8 0.9999999999999989
vn 0.033901851471421114 -0.1594955153153862 0.986616361642705
vn 0.0958435081054956 -0.13191732505490966 0.9866163597388748
vn -5.363219646170591e-9 -4.311547452395812e-8 0.9999999999999989
vn 0.0958435081054956 -0.13191732505490966 0.9866163597388748
vn 0.14121302823472023 -0.08152937651233658 0.9866163597986249
vn -5.363219646170591e-9 -4.311547452395812e-8 0.9999999999999989
vn 0.14121302823472023 -0.08152937651233658 0.9866163597986249
vn 0.162165520122311 -0.01704427788941915 0.9866163573926234
vn -5.363219646170591e-9 -4.311547452395812e-8 0.9999999999999989
vn 0.162165520122311 -0.01704427788941915 0.9866163573926234
vn 0.1550780666296194 0.05038792740952088 0.9866163641567031
vn -5.363219646170591e-9 -4.311547452395812e-8 0.9999999999999989
vn 0.1550780666296194 0.05038792740952088 0.9866163641567031
vn 0.12117622659281735 0.10910759158741735 0.9866163669667759
vn -5.363219646170591e-9 -4.311547452395812e-8 0.9999999999999989
vn 0.12117622659281735 0.10910759158741735 0.9866163669667759
vn 0.06632190911905841 0.14896151511856312 0.9866163749828936
vn -5.363219646170591e-9 -4.311547452395812e-8 0.9999999999999989
vn 0.06632190911905841 0.14896151511856312 0.9866163749828936
vn -3.4588811615754805e-8 0.1630586690141249 0.9866163745140971
vn -0.15659083586466765 0.3517086138510692 0.9229194770217845
vn -0.06632198344435747 0.14896149981197793 0.9866163722976485
vn -3.4588811615754805e-8 0.1630586690141249 0.9866163745140971
vn -3.4588811615754805e-8 0.1630586690141249 0.9866163745140971
vn -7.747915970802502e-8 0.3849929882827776 0.9229194975582058
vn -0.15659083586466765 0.3517086138510692 0.9229194770217845
vn -0.286105665288559 0.257610551358653 0.9229194721742963
vn -0.12117625674557948 0.10910753229831074 0.9866163698200545
vn -0.06632198344435747 0.14896149981197793 0.9866163722976485
vn -0.06632198344435747 0.14896149981197793 0.9866163722976485
vn -0.15659083586466765 0.3517086138510692 0.9229194770217845
vn -0.286105665288559 0.257610551358653 0.9229194721742963
vn -0.366150201374657 0.11896932593972474 0.922919459930684
vn -0.15507806735736065 0.050387834513721544 0.9866163687866343
vn -0.12117625674557948 0.10910753229831074 0.9866163698200545
vn -0.12117625674557948 0.10910753229831074 0.9866163698200545
vn -0.286105665288559 0.257610551358653 0.9229194721742963
vn -0.366150201374657 0.11896932593972474 0.922919459930684
vn -0.3828840038143825 -0.0402429105943831 0.9229194698184454
vn -0.1621654618071183 -0.017044378607783274 0.9866163652376533
vn -0.15507806735736065 0.050387834513721544 0.9866163687866343
vn -0.15507806735736065 0.050387834513721544 0.9866163687866343
vn -0.366150201374657 0.11896932593972474 0.922919459930684
vn -0.3828840038143825 -0.0402429105943831 0.9229194698184454
vn -0.3334137289756775 -0.19249659851200795 0.9229194682591976
vn -0.14121301303025485 -0.08152942849128729 0.9866163576795193
vn -0.1621654618071183 -0.017044378607783274 0.9866163652376533
vn -0.1621654618071183 -0.017044378607783274 0.9866163652376533
vn -0.3828840038143825 -0.0402429105943831 0.9229194698184454
vn -0.3334137289756775 -0.19249659851200795 0.9229194682591976
vn -0.2262931674569716 -0.3114659973455566 0.9229194628242644
vn -0.09584347820013374 -0.1319173547154097 0.9866163586781792
vn -0.14121301303025485 -0.08152942849128729 0.9866163576795193
vn -0.14121301303025485 -0.08152942849128729 0.9866163576795193
vn -0.3334137289756775 -0.19249659851200795 0.9229194682591976
vn -0.2262931674569716 -0.3114659973455566 0.9229194628242644
vn -0.08004441264329085 -0.3765799580121949 0.9229195128656258
vn -0.03390177292737233 -0.15949558834886166 0.9866163525350831
vn -0.09584347820013374 -0.1319173547154097 0.9866163586781792
vn -0.09584347820013374 -0.1319173547154097 0.9866163586781792
vn -0.2262931674569716 -0.3114659973455566 0.9229194628242644
vn -0.08004441264329085 -0.3765799580121949 0.9229195128656258
vn 0.08004462552908838 -0.37658000265122 0.9229194761879908
vn 0.033901851471421114 -0.1594955153153862 0.986616361642705
vn -0.03390177292737233 -0.15949558834886166 0.9866163525350831
vn -0.03390177292737233 -0.15949558834886166 0.9866163525350831
vn -0.08004441264329085 -0.3765799580121949 0.9229195128656258
vn 0.08004462552908838 -0.37658000265122 0.9229194761879908
vn 0.2262932946998118 -0.31146598789309715 0.9229194348152396
vn 0.0958435081054956 -0.13191732505490966 0.9866163597388748
vn 0.033901851471421114 -0.1594955153153862 0.986616361642705
vn 0.033901851471421114 -0.1594955153153862 0.986616361642705
vn 0.08004462552908838 -0.37658000265122 0.9229194761879908
vn 0.2262932946998118 -0.31146598789309715 0.9229194348152396
vn 0.33341381896382644 -0.19249643493477434 0.9229194698679616
vn 0.14121302823472023 -0.08152937651233658 0.9866163597986249
vn 0.0958435081054956 -0.13191732505490966 0.9866163597388748
vn 0.0958435081054956 -0.13191732505490966 0.9866163597388748
vn 0.2262932946998118 -0.31146598789309715 0.9229194348152396
vn 0.33341381896382644 -0.19249643493477434 0.9229194698679616
vn 0.38288396185315543 -0.04024261501849716 0.9229195001147741
vn 0.162165520122311 -0.01704427788941915 0.9866163573926234
vn 0.14121302823472023 -0.08152937651233658 0.9866163597986249
vn 0.14121302823472023 -0.08152937651233658 0.9866163597986249
vn 0.33341381896382644 -0.19249643493477434 0.9229194698679616
vn 0.38288396185315543 -0.04024261501849716 0.9229195001147741
vn 0.3661500470055635 0.11896944340825966 0.9229195060312423
vn 0.1550780666296194 0.05038792740952088 0.9866163641567031
vn 0.162165520122311 -0.01704427788941915 0.9866163573926234
vn 0.162165520122311 -0.01704427788941915 0.9866163573926234
vn 0.38288396185315543 -0.04024261501849716 0.9229195001147741
vn 0.3661500470055635 0.11896944340825966 0.9229195060312423
vn 0.2861055470511298 0.257610671443012 0.9229194753093328
vn 0.12117622659281735 0.10910759158741735 0.9866163669667759
vn 0.1550780666296194 0.05038792740952088 0.9866163641567031
vn 0.1550780666296194 0.05038792740952088 0.9866163641567031
vn 0.3661500470055635 0.11896944340825966 0.9229195060312423
vn 0.2861055470511298 0.257610671443012 0.9229194753093328
vn 0.15659068886557445 0.35170864817358904 0.9229194888832455
vn 0.06632190911905841 0.14896151511856312 0.9866163749828936
vn 0.12117622659281735 0.10910759158741735 0.9866163669667759
vn 0.12117622659281735 0.10910759158741735 0.9866163669667759
vn 0.2861055470511298 0.257610671443012 0.9229194753093328
vn 0.15659068886557445 0.35170864817358904 0.9229194888832455
vn -7.747915970802502e-8 0.3849929882827776 0.9229194975582058
vn -3.4588811615754805e-8 0.1630586690141249 0.9866163745140971
vn 0.06632190911905841 0.14896151511856312 0.9866163749828936
vn 0.06632190911905841 0.14896151511856312 0.9866163749828936
vn 0.15659068886557445 0.35170864817358904 0.9229194888832455
vn -7.747915970802502e-8 0.3849929882827776 0.9229194975582058
vn -0.3236352680613792 0.7268963516319997 0.6057077738075741
vn -0.15659083586466765 0.3517086138510692 0.9229194770217845
vn -7.747915970802502e-8 0.3849929882827776 0.9229194975582058
vn -7.747915970802502e-8 0.3849929882827776 0.9229194975582058
vn -1.28611700251274e-7 0.7956872171055599 0.6057077286404665
vn -0.3236352680613792 0.7268963516319997 0.6057077738075741
vn -0.5913109594083605 0.5324186251116202 0.6057076497104988
vn -0.286105665288559 0.257610551358653 0.9229194721742963
vn -0.15659083586466765 0.3517086138510692 0.9229194770217845
vn -0.15659083586466765 0.3517086138510692 0.9229194770217845
vn -0.3236352680613792 0.7268963516319997 0.6057077738075741
vn -0.5913109594083605 0.5324186251116202 0.6057076497104988
vn -0.756743517388813 0.24588069029511372 0.6057077967386634
vn -0.366150201374657 0.11896932593972474 0.922919459930684
vn -0.286105665288559 0.257610551358653 0.9229194721742963
vn -0.286105665288559 0.257610551358653 0.9229194721742963
vn -0.5913109594083605 0.5324186251116202 0.6057076497104988
vn -0.756743517388813 0.24588069029511372 0.6057077967386634
vn -0.7913284453032061 -0.08317212586844068 0.6057075937550518
vn -0.3828840038143825 -0.0402429105943831 0.9229194698184454
vn -0.366150201374657 0.11896932593972474 0.922919459930684
vn -0.366150201374657 0.11896932593972474 0.922919459930684
vn -0.756743517388813 0.24588069029511372 0.6057077967386634
vn -0.7913284453032061 -0.08317212586844068 0.6057075937550518
vn -0.6890852633701042 -0.39784378533691667 0.6057077036615496
vn -0.3334137289756775 -0.19249659851200795 0.9229194682591976
vn -0.3828840038143825 -0.0402429105943831 0.9229194698184454
vn -0.3828840038143825 -0.0402429105943831 0.9229194698184454
vn -0.7913284453032061 -0.08317212586844068 0.6057075937550518
vn -0.6890852633701042 -0.39784378533691667 0.6057077036615496
vn -0.4676932698825475 -0.6437247668946599 0.6057073796751912
vn -0.2262931674569716 -0.3114659973455566 0.9229194628242644
vn -0.3334137289756775 -0.19249659851200795 0.9229194682591976
vn -0.3334137289756775 -0.19249659851200795 0.9229194682591976
vn -0.6890852633701042 -0.39784378533691667 0.6057077036615496
vn -0.4676932698825475 -0.6437247668946599 0.6057073796751912
vn -0.16543246226333225 -0.7782995096997186 0.6057078286027583
vn -0.08004441264329085 -0.3765799580121949 0.9229195128656258
vn -0.2262931674569716 -0.3114659973455566 0.9229194628242644
vn -0.2262931674569716 -0.3114659973455566 0.9229194628242644
vn -0.4676932698825475 -0.6437247668946599 0.6057073796751912
vn -0.16543246226333225 -0.7782995096997186 0.6057078286027583
vn 0.16543283994592228 -0.7782994147360608 0.6057078474718088
vn 0.08004462552908838 -0.37658000265122 0.9229194761879908
vn -0.08004441264329085 -0.3765799580121949 0.9229195128656258
vn -0.08004441264329085 -0.3765799580121949 0.9229195128656258
vn -0.16543246226333225 -0.7782995096997186 0.6057078286027583
vn 0.16543283994592228 -0.7782994147360608 0.6057078474718088
vn 0.46769334287262787 -0.6437242488763367 0.6057078738478001
vn 0.2262932946998118 -0.31146598789309715 0.9229194348152396
vn 0.08004462552908838 -0.37658000265122 0.9229194761879908
vn 0.08004462552908838 -0.37658000265122 0.9229194761879908
vn 0.16543283994592228 -0.7782994147360608 0.6057078474718088
vn 0.46769334287262787 -0.6437242488763367 0.6057078738478001
vn 0.6890854222710149 -0.397843446014578 0.6057077457626102
vn 0.33341381896382644 -0.19249643493477434 0.9229194698679616
vn 0.2262932946998118 -0.31146598789309715 0.9229194348152396
vn 0.2262932946998118 -0.31146598789309715 0.9229194348152396
vn 0.46769334287262787 -0.6437242488763367 0.6057078738478001
vn 0.6890854222710149 -0.397843446014578 0.6057077457626102
vn 0.7913284058178814 -0.08317185349747008 0.6057076827410444
vn 0.38288396185315543 -0.04024261501849716 0.9229195001147741
vn 0.33341381896382644 -0.19249643493477434 0.9229194698679616
vn 0.33341381896382644 -0.19249643493477434 0.9229194698679616
vn 0.6890854222710149 -0.397843446014578 0.6057077457626102
vn 0.7913284058178814 -0.08317185349747008 0.6057076827410444
vn 0.7567434805330563 0.24588117005827936 0.6057076480295485
vn 0.3661500470055635 0.11896944340825966 0.9229195060312423
vn 0.38288396185315543 -0.04024261501849716 0.9229195001147741
vn 0.38288396185315543 -0.04024261501849716 0.9229195001147741
vn 0.7913284058178814 -0.08317185349747008 0.6057076827410444
vn 0.7567434805330563 0.24588117005827936 0.6057076480295485
vn 0.5913105703042439 0.5324188888571192 0.6057077977330488
vn 0.2861055470511298 0.257610671443012 0.9229194753093328
vn 0.3661500470055635 0.11896944340825966 0.9229195060312423
vn 0.3661500470055635 0.11896944340825966 0.9229195060312423
vn 0.7567434805330563 0.24588117005827936 0.6057076480295485
vn 0.5913105703042439 0.5324188888571192 0.6057077977330488
vn 0.3236350092364121 0.7268965515495365 0.6057076721834879
vn 0.15659068886557445 0.35170864817358904 0.9229194888832455
vn 0.2861055470511298 0.257610671443012 0.9229194753093328
vn 0.2861055470511298 0.257610671443012 0.9229194753093328
vn 0.5913105703042439 0.5324188888571192 0.6057077977330488
vn 0.3236350092364121 0.7268965515495365 0.6057076721834879
vn -1.28611700251274e-7 0.7956872171055599 0.6057077286404665
vn -7.747915970802502e-8 0.3849929882827776 0.9229194975582058
vn 0.15659068886557445 0.35170864817358904 0.9229194888832455
vn 0.15659068886557445 0.35170864817358904 0.9229194888832455
vn 0.3236350092364121 0.7268965515495365 0.6057076721834879
vn -1.28611700251274e-7 0.7956872171055599 0.6057077286404665
vn -0.39693307196340455 0.8915257992572059 -0.21823355754900597
vn -0.3236352680613792 0.7268963516319997 0.6057077738075741
vn -1.28611700251274e-7 0.7956872171055599 0.6057077286404665
vn -1.28611700251274e-7 0.7956872171055599 0.6057077286404665
vn -1.386261349300552e-7 0.9758965493673993 -0.21823364757246833
vn -0.39693307196340455 0.8915257992572059 -0.21823355754900597
vn -0.7252325530645146 0.6530021628031791 -0.21823363478138832
vn -0.5913109594083605 0.5324186251116202 0.6057076497104988
vn -0.3236352680613792 0.7268963516319997 0.6057077738075741
vn -0.3236352680613792 0.7268963516319997 0.6057077738075741
vn -0.39693307196340455 0.8915257992572059 -0.21823355754900597
vn -0.7252325530645146 0.6530021628031791 -0.21823363478138832
vn -0.928132852290102 0.3015684348568163 -0.2182335620335464
vn -0.756743517388813 0.24588069029511372 0.6057077967386634
vn -0.5913109594083605 0.5324186251116202 0.6057076497104988
vn -0.5913109594083605 0.5324186251116202 0.6057076497104988
vn -0.7252325530645146 0.6530021628031791 -0.21823363478138832
vn -0.928132852290102 0.3015684348568163 -0.2182335620335464
vn -0.9705504427765391 -0.10200917028327325 -0.2182337444218515
vn -0.7913284453032061 -0.08317212586844068 0.6057075937550518
vn -0.756743517388813 0.24588069029511372 0.6057077967386634
vn -0.756743517388813 0.24588069029511372 0.6057077967386634
vn -0.928132852290102 0.3015684348568163 -0.2182335620335464
vn -0.9705504427765391 -0.10200917028327325 -0.2182337444218515
vn -0.8451511093511264 -0.48794851749921175 -0.21823346817773365
vn -0.6890852633701042 -0.39784378533691667 0.6057077036615496
vn -0.7913284453032061 -0.08317212586844068 0.6057075937550518
vn -0.7913284453032061 -0.08317212586844068 0.6057075937550518
vn -0.9705504427765391 -0.10200917028327325 -0.2182337444218515
vn -0.8451511093511264 -0.48794851749921175 -0.21823346817773365
vn -0.5736175730651185 -0.7895168504910608 -0.21823387148093906
vn -0.4676932698825475 -0.6437247668946599 0.6057073796751912
vn -0.6890852633701042 -0.39784378533691667 0.6057077036615496
vn -0.6890852633701042 -0.39784378533691667 0.6057077036615496
vn -0.8451511093511264 -0.48794851749921175 -0.21823346817773365
vn -0.5736175730651185 -0.7895168504910608 -0.21823387148093906
vn -0.2029001365060372 -0.9545709161490007 -0.21823359193370978
vn -0.16543246226333225 -0.7782995096997186 0.6057078286027583
vn -0.4676932698825475 -0.6437247668946599 0.6057073796751912
vn -0.4676932698825475 -0.6437247668946599 0.6057073796751912
vn -0.5736175730651185 -0.7895168504910608 -0.21823387148093906
vn -0.2029001365060372 -0.9545709161490007 -0.21823359193370978
vn 0.202900466006437 -0.9545708048193036 -0.21823377254906634
vn 0.16543283994592228 -0.7782994147360608 0.6057078474718088
vn -0.16543246226333225 -0.7782995096997186 0.6057078286027583
vn -0.16543246226333225 -0.7782995096997186 0.6057078286027583
vn -0.2029001365060372 -0.9545709161490007 -0.21823359193370978
vn 0.202900466006437 -0.9545708048193036 -0.21823377254906634
vn 0.5736178923030323 -0.789516760481294 -0.21823335801144175
vn 0.46769334287262787 -0.6437242488763367 0.6057078738478001
vn 0.16543283994592228 -0.7782994147360608 0.6057078474718088
vn 0.16543283994592228 -0.7782994147360608 0.6057078474718088
vn 0.202900466006437 -0.9545708048193036 -0.21823377254906634
vn 0.5736178923030323 -0.789516760481294 -0.21823335801144175
vn 0.8451513521278579 -0.48794804317823953 -0.21823358851235608
vn 0.6890854222710149 -0.397843446014578 0.6057077457626102
vn 0.46769334287262787 -0.6437242488763367 0.6057078738478001
vn 0.46769334287262787 -0.6437242488763367 0.6057078738478001
vn 0.5736178923030323 -0.789516760481294 -0.21823335801144175
vn 0.8451513521278579 -0.48794804317823953 -0.21823358851235608
vn 0.9705504925014407 -0.10200867005595982 -0.21823375710147483
vn 0.7913284058178814 -0.08317185349747008 0.6057076827410444
vn 0.6890854222710149 -0.397843446014578 0.6057077457626102
vn 0.6890854222710149 -0.397843446014578 0.6057077457626102
vn 0.8451513521278579 -0.48794804317823953 -0.21823358851235608
vn 0.9705504925014407 -0.10200867005595982 -0.21823375710147483
vn 0.9281326457555877 0.3015689026870244 -0.21823379393411213
vn 0.7567434805330563 0.24588117005827936 0.6057076480295485
vn 0.7913284058178814 -0.08317185349747008 0.6057076827410444
vn 0.7913284058178814 -0.08317185349747008 0.6057076827410444
vn 0.9705504925014407 -0.10200867005595982 -0.21823375710147483
vn 0.9281326457555877 0.3015689026870244 -0.21823379393411213
vn 0.7252322424253393 0.6530025090715957 -0.21823363098503862
vn 0.5913105703042439 0.5324188888571192 0.6057077977330488
vn 0.7567434805330563 0.24588117005827936 0.6057076480295485
vn 0.7567434805330563 0.24588117005827936 0.6057076480295485
vn 0.9281326457555877 0.3015689026870244 -0.21823379393411213
vn 0.7252322424253393 0.6530025090715957 -0.21823363098503862
vn 0.39693262950191194 0.8915259883430263 -0.21823358986574024
vn 0.3236350092364121 0.7268965515495365 0.6057076721834879
vn 0.5913105703042439 0.5324188888571192 0.6057077977330488
vn 0.5913105703042439 0.5324188888571192 0.6057077977330488
vn 0.7252322424253393 0.6530025090715957 -0.21823363098503862
vn 0.39693262950191194 0.8915259883430263 -0.21823358986574024
vn -1.386261349300552e-7 0.9758965493673993 -0.21823364757246833
vn -1.28611700251274e-7 0.7956872171055599 0.6057077286404665
vn 0.3236350092364121 0.7268965515495365 0.6057076721834879
vn 0.3236350092364121 0.7268965515495365 0.6057076721834879
vn 0.39693262950191194 0.8915259883430263 -0.21823358986574024
vn -1.386261349300552e-7 0.9758965493673993 -0.21823364757246833
vn -0.22860910183382205 0.5134643123302678 -0.8270987114739924
vn -0.39693307196340455 0.8915257992572059 -0.21823355754900597
vn -1.386261349300552e-7 0.9758965493673993 -0.21823364757246833
vn -1.386261349300552e-7 0.9758965493673993 -0.21823364757246833
vn -6.842158395427441e-8 0.5620566299061505 -0.8270987515276128
vn -0.22860910183382205 0.5134643123302678 -0.8270987114739924
vn -0.41768945326524554 0.3760892312018295 -0.8270987914421091
vn -0.7252325530645146 0.6530021628031791 -0.21823363478138832
vn -0.39693307196340455 0.8915257992572059 -0.21823355754900597
vn -0.39693307196340455 0.8915257992572059 -0.21823355754900597
vn -0.22860910183382205 0.5134643123302678 -0.8270987114739924
vn -0.41768945326524554 0.3760892312018295 -0.8270987914421091
vn -0.5345475799570837 0.17368495018398586 -0.8270987987185157
vn -0.928132852290102 0.3015684348568163 -0.2182335620335464
vn -0.7252325530645146 0.6530021628031791 -0.21823363478138832
vn -0.7252325530645146 0.6530021628031791 -0.21823363478138832
vn -0.41768945326524554 0.3760892312018295 -0.8270987914421091
vn -0.5345475799570837 0.17368495018398586 -0.8270987987185157
vn -0.5589775497195392 -0.0587509849957013 -0.8270987974066791
vn -0.9705504427765391 -0.10200917028327325 -0.2182337444218515
vn -0.928132852290102 0.3015684348568163 -0.2182335620335464
vn -0.928132852290102 0.3015684348568163 -0.2182335620335464
vn -0.5345475799570837 0.17368495018398586 -0.8270987987185157
vn -0.5589775497195392 -0.0587509849957013 -0.8270987974066791
vn -0.48675529025943676 -0.2810283587265167 -0.8270987540771245
vn -0.8451511093511264 -0.48794851749921175 -0.21823346817773365
vn -0.9705504427765391 -0.10200917028327325 -0.2182337444218515
vn -0.9705504427765391 -0.10200917028327325 -0.2182337444218515
vn -0.5589775497195392 -0.0587509849957013 -0.8270987974066791
vn -0.48675529025943676 -0.2810283587265167 -0.8270987540771245
vn -0.3303685548353292 -0.454713376563594 -0.827098762633672
vn -0.5736175730651185 -0.7895168504910608 -0.21823387148093906
vn -0.8451511093511264 -0.48794851749921175 -0.21823346817773365
vn -0.8451511093511264 -0.48794851749921175 -0.21823346817773365
vn -0.48675529025943676 -0.2810283587265167 -0.8270987540771245
vn -0.3303685548353292 -0.454713376563594 -0.827098762633672
vn -0.11685802226399084 -0.5497744404439894 -0.8270987046701542
vn -0.2029001365060372 -0.9545709161490007 -0.21823359193370978
vn -0.5736175730651185 -0.7895168504910608 -0.21823387148093906
vn -0.5736175730651185 -0.7895168504910608 -0.21823387148093906
vn -0.3303685548353292 -0.454713376563594 -0.827098762633672
vn -0.11685802226399084 -0.5497744404439894 -0.8270987046701542
vn 0.116858195048668 -0.5497740298982405 -0.827098953148543
vn 0.202900466006437 -0.9545708048193036 -0.21823377254906634
vn -0.2029001365060372 -0.9545709161490007 -0.21823359193370978
vn -0.2029001365060372 -0.9545709161490007 -0.21823359193370978
vn -0.11685802226399084 -0.5497744404439894 -0.8270987046701542
vn 0.116858195048668 -0.5497740298982405 -0.827098953148543
vn 0.3303686716088596 -0.45471319439711777 -0.8270988161402277
vn 0.5736178923030323 -0.789516760481294 -0.21823335801144175
vn 0.202900466006437 -0.9545708048193036 -0.21823377254906634
vn 0.202900466006437 -0.9545708048193036 -0.21823377254906634
vn 0.116858195048668 -0.5497740298982405 -0.827098953148543
vn 0.3303686716088596 -0.45471319439711777 -0.8270988161402277
vn 0.48675537117710294 -0.28102808560431125 -0.8270987992566645
vn 0.8451513521278579 -0.48794804317823953 -0.21823358851235608
vn 0.5736178923030323 -0.789516760481294 -0.21823335801144175
vn 0.5736178923030323 -0.789516760481294 -0.21823335801144175
vn 0.3303686716088596 -0.45471319439711777 -0.8270988161402277
vn 0.48675537117710294 -0.28102808560431125 -0.8270987992566645
vn 0.5589775597514266 -0.05875068057628363 -0.8270988122504855
vn 0.9705504925014407 -0.10200867005595982 -0.21823375710147483
vn 0.8451513521278579 -0.48794804317823953 -0.21823358851235608
vn 0.8451513521278579 -0.48794804317823953 -0.21823358851235608
vn 0.48675537117710294 -0.28102808560431125 -0.8270987992566645
vn 0.5589775597514266 -0.05875068057628363 -0.8270988122504855
vn 0.5345475509042673 0.17368525366853374 -0.8270987537654416
vn 0.9281326457555877 0.3015689026870244 -0.21823379393411213
vn 0.9705504925014407 -0.10200867005595982 -0.21823375710147483
vn 0.9705504925014407 -0.10200867005595982 -0.21823375710147483
vn 0.5589775597514266 -0.05875068057628363 -0.8270988122504855
vn 0.5345475509042673 0.17368525366853374 -0.8270987537654416
vn 0.4176893220825183 0.37608942903715475 -0.8270987677325806
vn 0.7252322424253393 0.6530025090715957 -0.21823363098503862
vn 0.9281326457555877 0.3015689026870244 -0.21823379393411213
vn 0.9281326457555877 0.3015689026870244 -0.21823379393411213
vn 0.5345475509042673 0.17368525366853374 -0.8270987537654416
vn 0.4176893220825183 0.37608942903715475 -0.8270987677325806
vn 0.22860887600479454 0.5134644263475973 -0.8270987031106731
vn 0.39693262950191194 0.8915259883430263 -0.21823358986574024
vn 0.7252322424253393 0.6530025090715957 -0.21823363098503862
vn 0.7252322424253393 0.6530025090715957 -0.21823363098503862
vn 0.4176893220825183 0.37608942903715475 -0.8270987677325806
vn 0.22860887600479454 0.5134644263475973 -0.8270987031106731
vn -6.842158395427441e-8 0.5620566299061505 -0.8270987515276128
vn -1.386261349300552e-7 0.9758965493673993 -0.21823364757246833
vn 0.39693262950191194 0.8915259883430263 -0.21823358986574024
vn 0.39693262950191194 0.8915259883430263 -0.21823358986574024
vn 0.22860887600479454 0.5134644263475973 -0.8270987031106731
vn -6.842158395427441e-8 0.5620566299061505 -0.8270987515276128
vn -0.0987282673041592 0.22174731700185113 -0.9700932205915053
vn -0.22860910183382205 0.5134643123302678 -0.8270987114739924
vn -6.842158395427441e-8 0.5620566299061505 -0.8270987515276128
vn -6.842158395427441e-8 0.5620566299061505 -0.8270987515276128
vn -4.4738629443148254e-8 0.2427326803281945 -0.9700932150575472
vn -0.0987282673041592 0.22174731700185113 -0.9700932205915053
vn -0.18038556487174714 0.16241985786433447 -0.9700932108602913
vn -0.41768945326524554 0.3760892312018295 -0.8270987914421091
vn -0.22860910183382205 0.5134643123302678 -0.8270987114739924
vn -0.22860910183382205 0.5134643123302678 -0.8270987114739924
vn -0.0987282673041592 0.22174731700185113 -0.9700932205915053
vn -0.18038556487174714 0.16241985786433447 -0.9700932108602913
vn -0.2308524502537042 0.07500850773399863 -0.9700932274680509
vn -0.5345475799570837 0.17368495018398586 -0.8270987987185157
vn -0.41768945326524554 0.3760892312018295 -0.8270987914421091
vn -0.41768945326524554 0.3760892312018295 -0.8270987914421091
vn -0.18038556487174714 0.16241985786433447 -0.9700932108602913
vn -0.2308524502537042 0.07500850773399863 -0.9700932274680509
vn -0.24140295979958873 -0.025372504386008098 -0.9700932156350648
vn -0.5589775497195392 -0.0587509849957013 -0.8270987974066791
vn -0.5345475799570837 0.17368495018398586 -0.8270987987185157
vn -0.5345475799570837 0.17368495018398586 -0.8270987987185157
vn -0.2308524502537042 0.07500850773399863 -0.9700932274680509
vn -0.24140295979958873 -0.025372504386008098 -0.9700932156350648
vn -0.210212570847286 -0.12136627815738278 -0.9700932437575265
vn -0.48675529025943676 -0.2810283587265167 -0.8270987540771245
vn -0.5589775497195392 -0.0587509849957013 -0.8270987974066791
vn -0.5589775497195392 -0.0587509849957013 -0.8270987974066791
vn -0.24140295979958873 -0.025372504386008098 -0.9700932156350648
vn -0.210212570847286 -0.12136627815738278 -0.9700932437575265
vn -0.1426746376355094 -0.19637475836924534 -0.9700932439982234
vn -0.3303685548353292 -0.454713376563594 -0.827098762633672
vn -0.48675529025943676 -0.2810283587265167 -0.8270987540771245
vn -0.48675529025943676 -0.2810283587265167 -0.8270987540771245
vn -0.210212570847286 -0.12136627815738278 -0.9700932437575265
vn -0.1426746376355094 -0.19637475836924534 -0.9700932439982234
vn -0.05046696494609193 -0.2374282756179346 -0.9700932426247612
vn -0.11685802226399084 -0.5497744404439894 -0.8270987046701542
vn -0.3303685548353292 -0.454713376563594 -0.827098762633672
vn -0.3303685548353292 -0.454713376563594 -0.827098762633672
vn -0.1426746376355094 -0.19637475836924534 -0.9700932439982234
vn -0.05046696494609193 -0.2374282756179346 -0.9700932426247612
vn 0.05046712657239572 -0.23742837179401452 -0.9700932106775974
vn 0.116858195048668 -0.5497740298982405 -0.827098953148543
vn -0.11685802226399084 -0.5497744404439894 -0.8270987046701542
vn -0.11685802226399084 -0.5497744404439894 -0.8270987046701542
vn -0.05046696494609193 -0.2374282756179346 -0.9700932426247612
vn 0.05046712657239572 -0.23742837179401452 -0.9700932106775974
vn 0.14267466850115884 -0.19637470022814527 -0.9700932512281437
vn 0.3303686716088596 -0.45471319439711777 -0.8270988161402277
vn 0.116858195048668 -0.5497740298982405 -0.827098953148543
vn 0.116858195048668 -0.5497740298982405 -0.827098953148543
vn 0.05046712657239572 -0.23742837179401452 -0.9700932106775974
vn 0.14267466850115884 -0.19637470022814527 -0.9700932512281437
vn 0.2102126840316272 -0.12136623112800148 -0.9700932251149906
vn 0.48675537117710294 -0.28102808560431125 -0.8270987992566645
vn 0.3303686716088596 -0.45471319439711777 -0.8270988161402277
vn 0.3303686716088596 -0.45471319439711777 -0.8270988161402277
vn 0.14267466850115884 -0.19637470022814527 -0.9700932512281437
vn 0.2102126840316272 -0.12136623112800148 -0.9700932251149906
vn 0.24140291874533001 -0.02537234487854362 -0.9700932300230736
vn 0.5589775597514266 -0.05875068057628363 -0.8270988122504855
vn 0.48675537117710294 -0.28102808560431125 -0.8270987992566645
vn 0.48675537117710294 -0.28102808560431125 -0.8270987992566645
vn 0.2102126840316272 -0.12136623112800148 -0.9700932251149906
vn 0.24140291874533001 -0.02537234487854362 -0.9700932300230736
vn 0.23085241971738965 0.07500864160595751 -0.9700932243836441
vn 0.5345475509042673 0.17368525366853374 -0.8270987537654416
vn 0.5589775597514266 -0.05875068057628363 -0.8270988122504855
vn 0.5589775597514266 -0.05875068057628363 -0.8270988122504855
vn 0.24140291874533001 -0.02537234487854362 -0.9700932300230736
vn 0.23085241971738965 0.07500864160595751 -0.9700932243836441
vn 0.1803854225119597 0.16241992494240504 -0.9700932261009171
vn 0.4176893220825183 0.37608942903715475 -0.8270987677325806
vn 0.5345475509042673 0.17368525366853374 -0.8270987537654416
vn 0.5345475509042673 0.17368525366853374 -0.8270987537654416
vn 0.23085241971738965 0.07500864160595751 -0.9700932243836441
vn 0.1803854225119597 0.16241992494240504 -0.9700932261009171
vn 0.09872821500600176 0.22174734648053152 -0.970093219175648
vn 0.22860887600479454 0.5134644263475973 -0.8270987031106731
vn 0.4176893220825183 0.37608942903715475 -0.8270987677325806
vn 0.4176893220825183 0.37608942903715475 -0.8270987677325806
vn 0.1803854225119597 0.16241992494240504 -0.9700932261009171
vn 0.09872821500600176 0.22174734648053152 -0.970093219175648
vn -4.4738629443148254e-8 0.2427326803281945 -0.9700932150575472
vn -6.842158395427441e-8 0.5620566299061505 -0.8270987515276128
vn 0.22860887600479454 0.5134644263475973 -0.8270987031106731
vn 0.22860887600479454 0.5134644263475973 -0.8270987031106731
vn 0.09872821500600176 0.22174734648053152 -0.970093219175648
vn -4.4738629443148254e-8 0.2427326803281945 -0.9700932150575472
vn 5.999429841807567e-10 4.131161590592568e-8 -0.9999999999999991
vn -0.0987282673041592 0.22174731700185113 -0.9700932205915053
vn -4.4738629443148254e-8 0.2427326803281945 -0.9700932150575472
vn 5.999429841807567e-10 4.131161590592568e-8 -0.9999999999999991
vn -0.18038556487174714 0.16241985786433447 -0.9700932108602913
vn -0.0987282673041592 0.22174731700185113 -0.9700932205915053
vn 5.999429841807567e-10 4.131161590592568e-8 -0.9999999999999991
vn -0.2308524502537042 0.07500850773399863 -0.9700932274680509
vn -0.18038556487174714 0.16241985786433447 -0.9700932108602913
vn 5.999429841807567e-10 4.131161590592568e-8 -0.9999999999999991
vn -0.24140295979958873 -0.025372504386008098 -0.9700932156350648
vn -0.2308524502537042 0.07500850773399863 -0.9700932274680509
vn 5.999429841807567e-10 4.131161590592568e-8 -0.9999999999999991
vn -0.210212570847286 -0.12136627815738278 -0.9700932437575265
vn -0.24140295979958873 -0.025372504386008098 -0.9700932156350648
vn 5.999429841807567e-10 4.131161590592568e-8 -0.9999999999999991
vn -0.1426746376355094 -0.19637475836924534 -0.9700932439982234
vn -0.210212570847286 -0.12136627815738278 -0.9700932437575265
vn 5.999429841807567e-10 4.131161590592568e-8 -0.9999999999999991
vn -0.05046696494609193 -0.2374282756179346 -0.9700932426247612
vn -0.1426746376355094 -0.19637475836924534 -0.9700932439982234
vn 5.999429841807567e-10 4.131161590592568e-8 -0.9999999999999991
vn 0.05046712657239572 -0.23742837179401452 -0.9700932106775974
vn -0.05046696494609193 -0.2374282756179346 -0.9700932426247612
vn 5.999429841807567e-10 4.131161590592568e-8 -0.9999999999999991
vn 0.14267466850115884 -0.19637470022814527 -0.9700932512281437
vn 0.05046712657239572 -0.23742837179401452 -0.9700932106775974
vn 5.999429841807567e-10 4.131161590592568e-8 -0.9999999999999991
vn 0.2102126840316272 -0.12136623112800148 -0.9700932251149906
vn 0.14267466850115884 -0.19637470022814527 -0.9700932512281437
vn 5.999429841807567e-10 4.131161590592568e-8 -0.9999999999999991
vn 0.24140291874533001 -0.02537234487854362 -0.9700932300230736
vn 0.2102126840316272 -0.12136623112800148 -0.9700932251149906
vn 5.999429841807567e-10 4.131161590592568e-8 -0.9999999999999991
vn 0.23085241971738965 0.07500864160595751 -0.9700932243836441
vn 0.24140291874533001 -0.02537234487854362 -0.9700932300230736
vn 5.999429841807567e-10 4.131161590592568e-8 -0.9999999999999991
vn 0.1803854225119597 0.16241992494240504 -0.9700932261009171
vn 0.23085241971738965 0.07500864160595751 -0.9700932243836441
vn 5.999429841807567e-10 4.131161590592568e-8 -0.9999999999999991
vn 0.09872821500600176 0.22174734648053152 -0.970093219175648
vn 0.1803854225119597 0.16241992494240504 -0.9700932261009171
vn 5.999429841807567e-10 4.131161590592568e-8 -0.9999999999999991
vn -4.4738629443148254e-8 0.2427326803281945 -0.9700932150575472
vn 0.09872821500600176 0.22174734648053152 -0.970093219175648
vn -8.568261478103488e-8 4.5454632835450845e-8 -0.9999999999999951
vn -8.146297858502265e-8 4.945510578835391e-8 -0.9999999999999954
vn -8.72014993547051e-8 4.417384064092626e-8 -0.9999999999999951
vn -8.72014993547051e-8 4.417384064092626e-8 -0.9999999999999951
vn -9.090289410096337e-8 4.006875786721747e-8 -0.9999999999999952
vn -8.568261478103488e-8 4.5454632835450845e-8 -0.9999999999999951
vn -7.762746889738967e-8 5.1743681783733385e-8 -0.9999999999999956
vn -7.280686986632623e-8 5.499492994331927e-8 -0.9999999999999958
vn -8.146297858502265e-8 4.945510578835391e-8 -0.9999999999999954
vn -8.146297858502265e-8 4.945510578835391e-8 -0.9999999999999954
vn -8.568261478103488e-8 4.5454632835450845e-8 -0.9999999999999951
vn -7.762746889738967e-8 5.1743681783733385e-8 -0.9999999999999956
vn -6.864689083840841e-8 5.662091639990747e-8 -0.999999999999996
vn -6.33568006946915e-8 5.9034277466451915e-8 -0.9999999999999962
vn -7.280686986632623e-8 5.499492994331927e-8 -0.9999999999999958
vn -7.280686986632623e-8 5.499492994331927e-8 -0.9999999999999958
vn -7.762746889738967e-8 5.1743681783733385e-8 -0.9999999999999956
vn -6.864689083840841e-8 5.662091639990747e-8 -0.999999999999996
vn -5.898591126651797e-8 5.995327923002931e-8 -0.9999999999999964
vn -5.337071229405401e-8 6.146287345742949e-8 -0.9999999999999967
vn -6.33568006946915e-8 5.9034277466451915e-8 -0.9999999999999962
vn -6.33568006946915e-8 5.9034277466451915e-8 -0.9999999999999962
vn -6.864689083840841e-8 5.662091639990747e-8 -0.999999999999996
vn -5.898591126651797e-8 5.995327923002931e-8 -0.9999999999999964
vn -4.89081521948264e-8 6.164980659306695e-8 -0.9999999999999969
vn -4.3121065829154706e-8 6.221445003617976e-8 -0.9999999999999971
vn -5.337071229405401e-8 6.146287345742949e-8 -0.9999999999999967
vn -5.337071229405401e-8 6.146287345742949e-8 -0.9999999999999967
vn -5.898591126651797e-8 5.995327923002931e-8 -0.9999999999999964
vn -4.89081521948264e-8 6.164980659306695e-8 -0.9999999999999969
vn -3.868864695277803e-8 6.166422172881871e-8 -0.9999999999999972
vn -3.2887570000639224e-8 6.126850804477607e-8 -0.9999999999999977
vn -4.3121065829154706e-8 6.221445003617976e-8 -0.9999999999999971
vn -4.3121065829154706e-8 6.221445003617976e-8 -0.9999999999999971
vn -4.89081521948264e-8 6.164980659306695e-8 -0.9999999999999969
vn -3.868864695277803e-8 6.166422172881871e-8 -0.9999999999999972
vn -2.8606129021113682e-8 5.999615160234832e-8 -0.9999999999999979
vn -2.294932599511411e-8 5.86508792643769e-8 -0.9999999999999979
vn -3.2887570000639224e-8 6.126850804477607e-8 -0.9999999999999977
vn -3.2887570000639224e-8 6.126850804477607e-8 -0.9999999999999977
vn -3.868864695277803e-8 6.166422172881871e-8 -0.9999999999999972
vn -2.8606129021113682e-8 5.999615160234832e-8 -0.9999999999999979
vn -1.8935821799459508e-8 5.669107272510128e-8 -0.9999999999999981
vn -1.3577651891694126e-8 5.443294837093045e-8 -0.9999999999999983
vn -2.294932599511411e-8 5.86508792643769e-8 -0.9999999999999979
vn -2.294932599511411e-8 5.86508792643769e-8 -0.9999999999999979
vn -2.8606129021113682e-8 5.999615160234832e-8 -0.9999999999999979
vn -1.8935821799459508e-8 5.669107272510128e-8 -0.9999999999999981
vn -9.941508949395937e-9 5.183916718110023e-8 -0.9999999999999984
vn -5.028168104104224e-9 4.872980552406145e-8 -0.9999999999999987
vn -1.3577651891694126e-8 5.443294837093045e-8 -0.9999999999999983
vn -1.3577651891694126e-8 5.443294837093045e-8 -0.9999999999999983
vn -1.8935821799459508e-8 5.669107272510128e-8 -0.9999999999999981
vn -9.941508949395937e-9 5.183916718110023e-8 -0.9999999999999984
vn -1.868593946241503e-9 4.557286625850307e-8 -0.9999999999999989
vn 2.465866399958827e-9 4.1697095554127366e-8 -0.9999999999999991
vn -5.028168104104224e-9 4.872980552406145e-8 -0.9999999999999987
vn -5.028168104104224e-9 4.872980552406145e-8 -0.9999999999999987
vn -9.941508949395937e-9 5.183916718110023e-8 -0.9999999999999984
vn -1.868593946241503e-9 4.557286625850307e-8 -0.9999999999999989
vn 5.062664065746958e-9 3.806307313780621e-8 -0.9999999999999993
vn 8.699970521774955e-9 3.3526661891158924e-8 -0.9999999999999993
vn 2.465866399958827e-9 4.1697095554127366e-8 -0.9999999999999991
vn 2.465866399958827e-9 4.1697095554127366e-8 -0.9999999999999991
vn -1.868593946241503e-9 4.557286625850307e-8 -0.9999999999999989
vn 5.062664065746958e-9 3.806307313780621e-8 -0.9999999999999993
vn 1.0663095295626585e-8 2.9514784838369214e-8 -0.9999999999999994
vn 1.3504001472597333e-8 2.444149904690107e-8 -0.9999999999999997
vn 8.699970521774955e-9 3.3526661891158924e-8 -0.9999999999999993
vn 8.699970521774955e-9 3.3526661891158924e-8 -0.9999999999999993
vn 5.062664065746958e-9 3.806307313780621e-8 -0.9999999999999993
vn 1.0663095295626585e-8 2.9514784838369214e-8 -0.9999999999999994
vn 1.4779949708554332e-8 2.0161136315977043e-8 -0.9999999999999996
vn 1.674695937481373e-8 1.4689379934651478e-8 -0.9999999999999998
vn 1.3504001472597333e-8 2.444149904690107e-8 -0.9999999999999997
vn 1.3504001472597333e-8 2.444149904690107e-8 -0.9999999999999997
vn 1.0663095295626585e-8 2.9514784838369214e-8 -0.9999999999999994
vn 1.4779949708554332e-8 2.0161136315977043e-8 -0.9999999999999996
vn 1.7300848753620796e-8 1.0257412252911999e-8 -0.9999999999999998
vn 1.8340273300054813e-8 4.536527153931066e-9 -0.9999999999999998
vn 1.674695937481373e-8 1.4689379934651478e-8 -0.9999999999999998
vn 1.674695937481373e-8 1.4689379934651478e-8 -0.9999999999999998
vn 1.4779949708554332e-8 2.0161136315977043e-8 -0.9999999999999996
vn 1.7300848753620796e-8 1.0257412252911999e-8 -0.9999999999999998
vn 1.8157038539356998e-8 7.384270972468476e-11 -0.9999999999999999
vn 1.8240521981738285e-8 -5.740127040354495e-9 -0.9999999999999998
vn 1.8340273300054813e-8 4.536527153931066e-9 -0.9999999999999998
vn 1.8340273300054813e-8 4.536527153931066e-9 -0.9999999999999998
vn 1.7300848753620796e-8 1.0257412252911999e-8 -0.9999999999999998
vn 1.8157038539356998e-8 7.384270972468476e-11 -0.9999999999999999
vn 1.7325135104329066e-8 -1.0111798065537361e-8 -0.9999999999999998
vn 1.645040903497371e-8 -1.586019537924691e-8 -0.9999999999999996
vn 1.8240521981738285e-8 -5.740127040354495e-9 -0.9999999999999998
vn 1.8240521981738285e-8 -5.740127040354495e-9 -0.9999999999999998
vn 1.8157038539356998e-8 7.384270972468476e-11 -0.9999999999999999
vn 1.7325135104329066e-8 -1.0111798065537361e-8 -0.9999999999999998
vn 1.4827877592438166e-8 -2.0021496016653287e-8 -0.9999999999999997
vn 1.3018784272844608e-8 -2.554748634864257e-8 -0.9999999999999996
vn 1.645040903497371e-8 -1.586019537924691e-8 -0.9999999999999996
vn 1.645040903497371e-8 -1.586019537924691e-8 -0.9999999999999996
vn 1.7325135104329066e-8 -1.0111798065537361e-8 -0.9999999999999998
vn 1.4827877592438166e-8 -2.0021496016653287e-8 -0.9999999999999997
vn 1.0733328004164348e-8 -2.9384992661363056e-8 -0.9999999999999996
vn 8.039259036252107e-9 -3.45377917376764e-8 -0.9999999999999993
vn 1.3018784272844608e-8 -2.554748634864257e-8 -0.9999999999999996
vn 1.3018784272844608e-8 -2.554748634864257e-8 -0.9999999999999996
vn 1.4827877592438166e-8 -2.0021496016653287e-8 -0.9999999999999997
vn 1.0733328004164348e-8 -2.9384992661363056e-8 -0.9999999999999996
vn 5.153317772510473e-9 -3.794667735590433e-8 -0.9999999999999994
vn 1.6478139963638165e-9 -4.2585597714861253e-8 -0.9999999999999991
vn 8.039259036252107e-9 -3.45377917376764e-8 -0.9999999999999993
vn 8.039259036252107e-9 -3.45377917376764e-8 -0.9999999999999993
vn 1.0733328004164348e-8 -2.9384992661363056e-8 -0.9999999999999996
vn 5.153317772510473e-9 -3.794667735590433e-8 -0.9999999999999994
vn 2.6049692958274203e-10 -4.363782624139365e-8 -0.9999999999999989
vn -3.8541028146710075e-9 -4.8197180024800174e-8 -0.999999999999999
vn 1.6478139963638165e-9 -4.2585597714861253e-8 -0.9999999999999991
vn 1.6478139963638165e-9 -4.2585597714861253e-8 -0.9999999999999991
vn 5.153317772510473e-9 -3.794667735590433e-8 -0.9999999999999994
vn 2.6049692958274203e-10 -4.363782624139365e-8 -0.9999999999999989
vn -0.041222540259164026 -0.7940138528720637 0.6065003739667787
vn 0.0669729135931585 -0.8059995104444103 0.5881151400943646
vn 0.02004819666422626 -0.8244064411878004 0.5656430760988577
vn 0.02004819666422626 -0.8244064411878004 0.5656430760988577
vn -0.09210506846574121 -0.8087529215435816 0.5808918731206714
vn -0.041222540259164026 -0.7940138528720637 0.6065003739667787
vn -0.15678648649675617 -0.7213965948777629 0.6745405477439969
vn -0.041222540259164026 -0.7940138528720637 0.6065003739667787
vn -0.09210506846574121 -0.8087529215435816 0.5808918731206714
vn -0.09210506846574121 -0.8087529215435816 0.5808918731206714
vn -0.21129172470936725 -0.7323349203819521 0.6473340493582127
vn -0.15678648649675617 -0.7213965948777629 0.6745405477439969
vn -0.23808953988396828 -0.6051247660994145 0.7596955893323125
vn -0.15678648649675617 -0.7213965948777629 0.6745405477439969
vn -0.21129172470936725 -0.7323349203819521 0.6473340493582127
vn -0.21129172470936725 -0.7323349203819521 0.6473340493582127
vn -0.2940692018494774 -0.6121896252950414 0.7339939830848262
vn -0.23808953988396828 -0.6051247660994145 0.7596955893323125
vn -0.2512602872162697 -0.4262996211855281 0.868986133977449
vn -0.23808953988396828 -0.6051247660994145 0.7596955893323125
vn -0.2940692018494774 -0.6121896252950414 0.7339939830848262
vn -0.2940692018494774 -0.6121896252950414 0.7339939830848262
vn -0.302833831704616 -0.4310834869803166 0.8499757041398253
vn -0.2512602872162697 -0.4262996211855281 0.868986133977449
vn -0.30593750582200796 -0.35696996954456184 0.8825954245149717
vn -0.2512602872162697 -0.4262996211855281 0.868986133977449
vn -0.302833831704616 -0.4310834869803166 0.8499757041398253
vn -0.302833831704616 -0.4310834869803166 0.8499757041398253
vn -0.3565723825995138 -0.3543545912023176 0.8644587668947226
vn -0.30593750582200796 -0.35696996954456184 0.8825954245149717
vn -0.4222794370094881 -0.35604110154683544 0.8336155055469313
vn -0.30593750582200796 -0.35696996954456184 0.8825954245149717
vn -0.3565723825995138 -0.3543545912023176 0.8644587668947226
vn -0.3565723825995138 -0.3543545912023176 0.8644587668947226
vn -0.47583757224792766 -0.3416091358580535 0.8104824508498085
vn -0.4222794370094881 -0.35604110154683544 0.8336155055469313
vn -0.3843931164754589 -0.2333321160285939 0.8931954185036459
vn -0.4222794370094881 -0.35604110154683544 0.8336155055469313
vn -0.47583757224792766 -0.3416091358580535 0.8104824508498085
vn -0.47583757224792766 -0.3416091358580535 0.8104824508498085
vn -0.42944331402255215 -0.21533304530877423 0.8770462471497025
vn -0.3843931164754589 -0.2333321160285939 0.8931954185036459
vn -0.289941759703305 -0.11424384019619238 0.950201095009566
vn -0.3843931164754589 -0.2333321160285939 0.8931954185036459
vn -0.42944331402255215 -0.21533304530877423 0.8770462471497025
vn -0.42944331402255215 -0.21533304530877423 0.8770462471497025
vn -0.32514041767188095 -0.09709389925617937 0.94066810487195
vn -0.289941759703305 -0.11424384019619238 0.950201095009566
vn -0.15229271184637275 -0.038636943227710864 0.9875799291887701
vn -0.289941759703305 -0.11424384019619238 0.950201095009566
vn -0.32514041767188095 -0.09709389925617937 0.94066810487195
vn -0.32514041767188095 -0.09709389925617937 0.94066810487195
vn -0.16948877532027978 -0.028286714756169454 0.9851260918322764
vn -0.15229271184637275 -0.038636943227710864 0.9875799291887701
vn 0 -4.37113878426487e-8 0.9999999999999989
vn -0.15229271184637275 -0.038636943227710864 0.9875799291887701
vn -0.16948877532027978 -0.028286714756169454 0.9851260918322764
vn -0.16948877532027978 -0.028286714756169454 0.9851260918322764
vn 0 -4.37113878426487e-8 0.9999999999999989
vn 0 -4.37113878426487e-8 0.9999999999999989
vn 0.14328118749718158 -0.02391282441460719 0.9893930857540464
vn 0 -4.37113878426487e-8 0.9999999999999989
vn 0 -4.37113878426487e-8 0.9999999999999989
vn 0 -4.37113878426487e-8 0.9999999999999989
vn 0.15263351859915003 -0.039564257971741776 0.9874905966596282
vn 0.14328118749718158 -0.02391282441460719 0.9893930857540464
vn 0.2977733677934482 -0.08864247679488597 0.9505122475489812
vn 0.14328118749718158 -0.02391282441460719 0.9893930857540464
vn 0.15263351859915003 -0.039564257971741776 0.9874905966596282
vn 0.15263351859915003 -0.039564257971741776 0.9874905966596282
vn 0.31481670602933454 -0.12374408644198065 0.9410514559127355
vn 0.2977733677934482 -0.08864247679488597 0.9505122475489812
vn 0.39515564892077343 -0.19803330277292064 0.8970143945995802
vn 0.2977733677934482 -0.08864247679488597 0.9505122475489812
vn 0.31481670602933454 -0.12374408644198065 0.9410514559127355
vn 0.31481670602933454 -0.12374408644198065 0.9410514559127355
vn 0.40428544194027266 -0.24477109362752117 0.8812720313044922
vn 0.39515564892077343 -0.19803330277292064 0.8970143945995802
vn 0.4492696970979888 -0.3219532330236797 0.833368378938799
vn 0.39515564892077343 -0.19803330277292064 0.8970143945995802
vn 0.40428544194027266 -0.24477109362752117 0.8812720313044922
vn 0.40428544194027266 -0.24477109362752117 0.8812720313044922
vn 0.4483673241209154 -0.37745946926778373 0.810241378677202
vn 0.4492696970979888 -0.3219532330236797 0.833368378938799
vn 0.3372217418429622 -0.33434752512952015 0.8800529695809017
vn 0.4492696970979888 -0.3219532330236797 0.833368378938799
vn 0.4483673241209154 -0.37745946926778373 0.810241378677202
vn 0.4483673241209154 -0.37745946926778373 0.810241378677202
vn 0.33033293720771006 -0.38513455855461354 0.8617142927923791
vn 0.3372217418429622 -0.33434752512952015 0.8800529695809017
vn 0.2812486266680474 -0.4001700032803287 0.8722173917504505
vn 0.3372217418429622 -0.33434752512952015 0.8800529695809017
vn 0.33033293720771006 -0.38513455855461354 0.8617142927923791
vn 0.33033293720771006 -0.38513455855461354 0.8617142927923791
vn 0.26525849709340243 -0.44874029145631344 0.853387415271313
vn 0.2812486266680474 -0.4001700032803287 0.8722173917504505
vn 0.28048380455326316 -0.5837187347125097 0.76197196413579
vn 0.2812486266680474 -0.4001700032803287 0.8722173917504505
vn 0.26525849709340243 -0.44874029145631344 0.853387415271313
vn 0.26525849709340243 -0.44874029145631344 0.853387415271313
vn 0.24879497231792677 -0.6298480340851149 0.7357937997213878
vn 0.28048380455326316 -0.5837187347125097 0.76197196413579
vn 0.2047655568004596 -0.708598519054468 0.6752475142805134
vn 0.28048380455326316 -0.5837187347125097 0.76197196413579
vn 0.24879497231792677 -0.6298480340851149 0.7357937997213878
vn 0.24879497231792677 -0.6298480340851149 0.7357937997213878
vn 0.16256465169733272 -0.7444222922124056 0.6476173136009822
vn 0.2047655568004596 -0.708598519054468 0.6752475142805134
vn 0.09018672077930083 -0.7896865714193164 0.6068455110776394
vn 0.2047655568004596 -0.708598519054468 0.6752475142805134
vn 0.16256465169733272 -0.7444222922124056 0.6476173136009822
vn 0.16256465169733272 -0.7444222922124056 0.6476173136009822
vn 0.043005499822447224 -0.8130794985886528 0.5805620173244601
vn 0.09018672077930083 -0.7896865714193164 0.6068455110776394
vn -0.021118128880041664 -0.8383455597090355 0.5447299763632896
vn 0.09018672077930083 -0.7896865714193164 0.6068455110776394
vn 0.043005499822447224 -0.8130794985886528 0.5805620173244601
vn 0.043005499822447224 -0.8130794985886528 0.5805620173244601
vn -0.07085648966949179 -0.8527382293945844 0.5175102607685246
vn -0.021118128880041664 -0.8383455597090355 0.5447299763632896
vn 0.9908161428631611 -0.1352160162176362 -5.910479727426979e-9
vn 0.9999999761402912 0.0002184477437087804 9.548654048606033e-12
vn 0.9999999761402912 0.0002184477437087804 9.548654048606033e-12
vn 0.9999999761402912 0.0002184477437087804 9.548654048606033e-12
vn 0.9966015532813072 -0.08237319950861188 -3.600646871560817e-9
vn 0.9908161428631611 -0.1352160162176362 -5.910479727426979e-9
vn 0.956472702791744 -0.29182181003868746 -1.2755936319544833e-8
vn 0.9908161428631611 -0.1352160162176362 -5.910479727426979e-9
vn 0.9966015532813072 -0.08237319950861188 -3.600646871560817e-9
vn 0.9966015532813072 -0.08237319950861188 -3.600646871560817e-9
vn 0.9694452682103809 -0.2453077086935966 -1.0722740395497298e-8
vn 0.956472702791744 -0.29182181003868746 -1.2755936319544833e-8
vn 0.8977448469618866 -0.44051582236439396 -1.9255557962193384e-8
vn 0.956472702791744 -0.29182181003868746 -1.2755936319544833e-8
vn 0.9694452682103809 -0.2453077086935966 -1.0722740395497298e-8
vn 0.9694452682103809 -0.2453077086935966 -1.0722740395497298e-8
vn 0.9158379629524969 -0.4015480364975285 -1.7552221960797544e-8
vn 0.8977448469618866 -0.44051582236439396 -1.9255557962193384e-8
vn 0.8189927751020056 -0.5738038291356333 -2.508176172094462e-8
vn 0.8977448469618866 -0.44051582236439396 -1.9255557962193384e-8
vn 0.9158379629524969 -0.4015480364975285 -1.7552221960797544e-8
vn 0.9158379629524969 -0.4015480364975285 -1.7552221960797544e-8
vn 0.8372419499940478 -0.5468326226279508 -3.956742916732574e-8
vn 0.8189927751020056 -0.5738038291356333 -2.508176172094462e-8
vn 0.716958047101632 -0.6971163164753864 -5.1772284077635427e-8
vn 0.8189927751020056 -0.5738038291356333 -2.508176172094462e-8
vn 0.8372419499940478 -0.5468326226279508 -3.956742916732574e-8
vn 0.8372419499940478 -0.5468326226279508 -3.956742916732574e-8
vn 0.7358014808601248 -0.6771972982551273 -6.038612044314879e-8
vn 0.716958047101632 -0.6971163164753864 -5.1772284077635427e-8
vn 0.5870605693916389 -0.8095430117452447 -5.921225101219714e-8
vn 0.716958047101632 -0.6971163164753864 -5.1772284077635427e-8
vn 0.7358014808601248 -0.6771972982551273 -6.038612044314879e-8
vn 0.7358014808601248 -0.6771972982551273 -6.038612044314879e-8
vn 0.6142849878410638 -0.7890842500728934 -5.769980140698106e-8
vn 0.5870605693916389 -0.8095430117452447 -5.921225101219714e-8
vn 0.4494866151162803 -0.893287066306966 -5.5613265247230175e-8
vn 0.5870605693916389 -0.8095430117452447 -5.921225101219714e-8
vn 0.6142849878410638 -0.7890842500728934 -5.769980140698106e-8
vn 0.6142849878410638 -0.7890842500728934 -5.769980140698106e-8
vn 0.47600792359895144 -0.8794409910113427 -4.874237701061241e-8
vn 0.4494866151162803 -0.893287066306966 -5.5613265247230175e-8
vn 0.3065606901721142 -0.951851114009536 -4.6588628472391276e-8
vn 0.4494866151162803 -0.893287066306966 -5.5613265247230175e-8
vn 0.47600792359895144 -0.8794409910113427 -4.874237701061241e-8
vn 0.47600792359895144 -0.8794409910113427 -4.874237701061241e-8
vn 0.3247430100745591 -0.9458022929807861 -4.134233085094964e-8
vn 0.3065606901721142 -0.951851114009536 -4.6588628472391276e-8
vn 0.1545311918005618 -0.9879879102300272 -4.318632272791275e-8
vn 0.3065606901721142 -0.951851114009536 -4.6588628472391276e-8
vn 0.3247430100745591 -0.9458022929807861 -4.134233085094964e-8
vn 0.3247430100745591 -0.9458022929807861 -4.134233085094964e-8
vn 0.16461713144581042 -0.9863575416828074 -4.3136207884769946e-8
vn 0.1545311918005618 -0.9879879102300272 -4.318632272791275e-8
vn -9.518896781912641e-9 -0.9999999999999989 -4.3690237008092694e-8
vn 0.1545311918005618 -0.9879879102300272 -4.318632272791275e-8
vn 0.16461713144581042 -0.9863575416828074 -4.3136207884769946e-8
vn 0.16461713144581042 -0.9863575416828074 -4.3136207884769946e-8
vn 9.518896781912641e-9 -0.9999999999999989 -4.3732538677204704e-8
vn -9.518896781912641e-9 -0.9999999999999989 -4.3690237008092694e-8
vn -0.15453124453666842 -0.987987901981571 -4.3162565163932815e-8
vn -9.518896781912641e-9 -0.9999999999999989 -4.3690237008092694e-8
vn 9.518896781912641e-9 -0.9999999999999989 -4.3732538677204704e-8
vn 9.518896781912641e-9 -0.9999999999999989 -4.3732538677204704e-8
vn -0.16461708795373836 -0.9863575489413713 -4.3115057373300676e-8
vn -0.15453124453666842 -0.987987901981571 -4.3162565163932815e-8
vn -0.30656066317059794 -0.9518511227058575 -4.1606733593056386e-8
vn -0.15453124453666842 -0.987987901981571 -4.3162565163932815e-8
vn -0.16461708795373836 -0.9863575489413713 -4.3115057373300676e-8
vn -0.16461708795373836 -0.9863575489413713 -4.3115057373300676e-8
vn -0.3247429651080008 -0.9458023084201381 -4.134233152582514e-8
vn -0.30656066317059794 -0.9518511227058575 -4.1606733593056386e-8
vn -0.44948656755404953 -0.8932870902394578 -3.9046818456288106e-8
vn -0.30656066317059794 -0.9518511227058575 -4.1606733593056386e-8
vn -0.3247429651080008 -0.9458023084201381 -4.134233152582514e-8
vn -0.3247429651080008 -0.9458023084201381 -4.134233152582514e-8
vn -0.4760079466485584 -0.8794409785354687 -2.857301378859277e-8
vn -0.44948656755404953 -0.8932870902394578 -3.9046818456288106e-8
vn -0.5870606367812851 -0.8095429628759374 -2.6611096833066764e-8
vn -0.44948656755404953 -0.8932870902394578 -3.9046818456288106e-8
vn -0.4760079466485584 -0.8794409785354687 -2.857301378859277e-8
vn -0.4760079466485584 -0.8794409785354687 -2.857301378859277e-8
vn -0.6142850538458486 -0.7890841986895957 -3.588614322724692e-8
vn -0.5870606367812851 -0.8095429628759374 -2.6611096833066764e-8
vn -0.7169582233717918 -0.697116135188078 -2.6790160195087006e-8
vn -0.5870606367812851 -0.8095429628759374 -2.6611096833066764e-8
vn -0.6142850538458486 -0.7890841986895957 -3.588614322724692e-8
vn -0.6142850538458486 -0.7890841986895957 -3.588614322724692e-8
vn -0.7358015081945865 -0.6771972685551602 -4.6213446058006995e-8
vn -0.7169582233717918 -0.697116135188078 -2.6790160195087006e-8
vn -0.8189927751020055 -0.5738038291356322 -4.7269133160605544e-8
vn -0.7169582233717918 -0.697116135188078 -2.6790160195087006e-8
vn -0.7358015081945865 -0.6771972685551602 -4.6213446058006995e-8
vn -0.7358015081945865 -0.6771972685551602 -4.6213446058006995e-8
vn -0.8372419499940478 -0.5468326226279516 -2.3902812852703173e-8
vn -0.8189927751020055 -0.5738038291356322 -4.7269133160605544e-8
vn -0.8977448469618866 -0.44051582236439396 -1.9255557962193384e-8
vn -0.8189927751020055 -0.5738038291356322 -4.7269133160605544e-8
vn -0.8372419499940478 -0.5468326226279516 -2.3902812852703173e-8
vn -0.8372419499940478 -0.5468326226279516 -2.3902812852703173e-8
vn -0.9158379300728196 -0.40154811148844005 -1.755222523875436e-8
vn -0.8977448469618866 -0.44051582236439396 -1.9255557962193384e-8
vn -0.956472702791744 -0.29182181003868746 -1.2755936319544833e-8
vn -0.8977448469618866 -0.44051582236439396 -1.9255557962193384e-8
vn -0.9158379300728196 -0.40154811148844005 -1.755222523875436e-8
vn -0.9158379300728196 -0.40154811148844005 -1.755222523875436e-8
vn -0.969445261123019 -0.24530773670253736 -1.0722741619806972e-8
vn -0.956472702791744 -0.29182181003868746 -1.2755936319544833e-8
vn -0.9908161428631611 -0.1352160162176362 -5.910479727426979e-9
vn -0.956472702791744 -0.29182181003868746 -1.2755936319544833e-8
vn -0.969445261123019 -0.24530773670253736 -1.0722741619806972e-8
vn -0.969445261123019 -0.24530773670253736 -1.0722741619806972e-8
vn -0.9966015520580224 -0.08237321430866314 -3.6006475184915978e-9
vn -0.9908161428631611 -0.1352160162176362 -5.910479727426979e-9
vn -0.9999999761402946 0.00021844772915686624 9.54865341252167e-12
vn -0.9908161428631611 -0.1352160162176362 -5.910479727426979e-9
vn -0.9966015520580224 -0.08237321430866314 -3.6006475184915978e-9
vn -0.9966015520580224 -0.08237321430866314 -3.6006475184915978e-9
vn -0.9999999761402978 0.00021844771460495207 9.548652776437304e-12
vn -0.9999999761402946 0.00021844772915686624 9.54865341252167e-12
vn -0.08280752423955391 -0.9965655592731036 -4.356126367201279e-8
vn -0.08280750944057153 -0.9965655605027938 -4.356126372576425e-8
vn -0.08280752423955391 -0.9965655592731036 -4.356126367201279e-8
vn -0.08280752423955391 -0.9965655592731036 -4.356126367201279e-8
vn -0.08280750944057153 -0.9965655605027938 -4.356126372576425e-8
vn -0.08280752423955391 -0.9965655592731036 -4.356126367201279e-8
vn 0.9914358336456303 0.1305947463085486 5.708477606105288e-9
vn 0.9999999762115552 -0.0002181212715139657 -9.534383495878647e-12
vn 0.9999999762115552 -0.0002181212715139657 -9.534383495878647e-12
vn 0.9999999762115552 -0.0002181212715139657 -9.534383495878647e-12
vn 0.9966015265761917 0.08237352260285989 3.6006609944588016e-9
vn 0.9914358336456303 0.1305947463085486 5.708477606105288e-9
vn 0.9578869096992136 0.28714572646461267 1.2551538216853814e-8
vn 0.9914358336456303 0.1305947463085486 5.708477606105288e-9
vn 0.9966015265761917 0.08237352260285989 3.6006609944588016e-9
vn 0.9966015265761917 0.08237352260285989 3.6006609944588016e-9
vn 0.9694453071908581 0.24530755464440923 5.509846251304874e-8
vn 0.9578869096992136 0.28714572646461267 1.2551538216853814e-8
vn 0.8999624922180545 0.435967329740038 9.659596426800202e-8
vn 0.9578869096992136 0.28714572646461267 1.2551538216853814e-8
vn 0.9694453071908581 0.24530755464440923 5.509846251304874e-8
vn 0.9694453071908581 0.24530755464440923 5.509846251304874e-8
vn 0.9158379300728158 0.4015481114884342 1.1158047570600232e-7
vn 0.8999624922180545 0.435967329740038 9.659596426800202e-8
vn 0.8216540074118732 0.56998657186288 1.0582775067412178e-7
vn 0.8999624922180545 0.435967329740038 9.659596426800202e-8
vn 0.9158379300728158 0.4015481114884342 1.1158047570600232e-7
vn 0.9158379300728158 0.4015481114884342 1.1158047570600232e-7
vn 0.837241949994047 0.5468326226279491 6.977586411654402e-8
vn 0.8216540074118732 0.56998657186288 1.0582775067412178e-7
vn 0.7195569601579338 0.6944334245183414 5.300930293673769e-8
vn 0.8216540074118732 0.56998657186288 1.0582775067412178e-7
vn 0.837241949994047 0.5468326226279491 6.977586411654402e-8
vn 0.837241949994047 0.5468326226279491 6.977586411654402e-8
vn 0.7358015081945866 0.677197268555161 2.9601232451797004e-8
vn 0.7195569601579338 0.6944334245183414 5.300930293673769e-8
vn 0.5907022511983151 0.8068896147734469 3.5270264897567584e-8
vn 0.7195569601579338 0.6944334245183414 5.300930293673769e-8
vn 0.7358015081945866 0.677197268555161 2.9601232451797004e-8
vn 0.7358015081945866 0.677197268555161 2.9601232451797004e-8
vn 0.6142851858554094 0.7890840959229782 3.449196095735515e-8
vn 0.5907022511983151 0.8068896147734469 3.5270264897567584e-8
vn 0.45346315438534257 0.8912750235560813 3.895886822912577e-8
vn 0.5907022511983151 0.8068896147734469 3.5270264897567584e-8
vn 0.6142851858554094 0.7890840959229782 3.449196095735515e-8
vn 0.6142851858554094 0.7890840959229782 3.449196095735515e-8
vn 0.4760079466485583 0.8794409785354679 4.156275152194735e-8
vn 0.45346315438534257 0.8912750235560813 3.895886822912577e-8
vn 0.30944595579608536 0.9509170313131663 4.437089325597303e-8
vn 0.45346315438534257 0.8912750235560813 3.895886822912577e-8
vn 0.4760079466485583 0.8794409785354679 4.156275152194735e-8
vn 0.4760079466485583 0.8794409785354679 4.156275152194735e-8
vn 0.3247429384485718 0.9458023175737016 4.494425019408249e-8
vn 0.30944595579608536 0.9509170313131663 4.437089325597303e-8
vn 0.15629002694606053 0.987711206515952 4.485780370703811e-8
vn 0.30944595579608536 0.9509170313131663 4.437089325597303e-8
vn 0.3247429384485718 0.9458023175737016 4.494425019408249e-8
vn 0.3247429384485718 0.9458023175737016 4.494425019408249e-8
vn 0.16461740207632403 0.986357496516167 4.313588337018211e-8
vn 0.15629002694606053 0.987711206515952 4.485780370703811e-8
vn 9.518894117377382e-9 0.9999999999999989 4.3690559557371647e-8
vn 0.15629002694606053 0.987711206515952 4.485780370703811e-8
vn 0.16461740207632403 0.986357496516167 4.313588337018211e-8
vn 0.16461740207632403 0.986357496516167 4.313588337018211e-8
vn -1.1898617202632519e-8 0.9999999999999989 4.373221612792575e-8
vn 9.518894117377382e-9 0.9999999999999989 4.3690559557371647e-8
vn -0.15628952881694785 0.9877112853370538 4.315128318733402e-8
vn 9.518894117377382e-9 0.9999999999999989 4.3690559557371647e-8
vn -1.1898617202632519e-8 0.9999999999999989 4.373221612792575e-8
vn -1.1898617202632519e-8 0.9999999999999989 4.373221612792575e-8
vn -0.16461737308161134 0.9863575013552183 -1.904180870057743e-8
vn -0.15628952881694785 0.9877112853370538 4.315128318733402e-8
vn -0.30944580351423184 0.9509170808684799 -1.755343618374162e-8
vn -0.15628952881694785 0.9877112853370538 4.315128318733402e-8
vn -0.16461737308161134 0.9863575013552183 -1.904180870057743e-8
vn -0.16461737308161134 0.9863575013552183 -1.904180870057743e-8
vn -0.324743036733987 0.9458022838272213 -2.6438892854771495e-8
vn -0.30944580351423184 0.9509170808684799 -1.755343618374162e-8
vn -0.45346365362015173 0.8912747695550806 -3.298853470111693e-8
vn -0.30944580351423184 0.9509170808684799 -1.755343618374162e-8
vn -0.324743036733987 0.9458022838272213 -2.6438892854771495e-8
vn -0.324743036733987 0.9458022838272213 -2.6438892854771495e-8
vn -0.4760079466485583 0.8794409785354677 4.6616251228444524e-8
vn -0.45346365362015173 0.8912747695550806 -3.298853470111693e-8
vn -0.590702077958851 0.8068897415973841 4.7528905874548536e-8
vn -0.45346365362015173 0.8912747695550806 -3.298853470111693e-8
vn -0.4760079466485583 0.8794409785354677 4.6616251228444524e-8
vn -0.4760079466485583 0.8794409785354677 4.6616251228444524e-8
vn -0.6142851198506305 0.7890841473062904 3.449196320339104e-8
vn -0.590702077958851 0.8068897415973841 4.7528905874548536e-8
vn -0.7195567558329201 0.6944336362354594 3.0354658004469025e-8
vn -0.590702077958851 0.8068897415973841 4.7528905874548536e-8
vn -0.6142851198506305 0.7890841473062904 3.449196320339104e-8
vn -0.6142851198506305 0.7890841473062904 3.449196320339104e-8
vn -0.7358015081945863 0.6771972685551623 -3.1987165359154787e-9
vn -0.7195567558329201 0.6944336362354594 3.0354658004469025e-8
vn -0.8216537151853538 0.5699869931166024 -7.570845883017282e-9
vn -0.7195567558329201 0.6944336362354594 3.0354658004469025e-8
vn -0.7358015081945863 0.6771972685551623 -3.1987165359154787e-9
vn -0.7358015081945863 0.6771972685551623 -3.1987165359154787e-9
vn -0.8372419772829114 0.54683258084664 -6.056302362539267e-8
vn -0.8216537151853538 0.5699869931166024 -7.570845883017282e-9
vn -0.8999625152400258 0.4359672822160413 -7.050777083269704e-8
vn -0.8216537151853538 0.5699869931166024 -7.570845883017282e-9
vn -0.8372419772829114 0.54683258084664 -6.056302362539267e-8
vn -0.8372419772829114 0.54683258084664 -6.056302362539267e-8
vn -0.9158379629524955 0.40154803649753046 -3.956262543483331e-8
vn -0.8999625152400258 0.4359672822160413 -7.050777083269704e-8
vn -0.957887067078192 0.28714520146493094 -5.669248824573263e-8
vn -0.8999625152400258 0.4359672822160413 -7.050777083269704e-8
vn -0.9158379629524955 0.40154803649753046 -3.956262543483331e-8
vn -0.9158379629524955 0.40154803649753046 -3.956262543483331e-8
vn -0.9694453107345378 0.2453075406399391 1.0722733049638697e-8
vn -0.957887067078192 0.28714520146493094 -5.669248824573263e-8
vn -0.9914358355749776 0.13059473166152635 5.708476965863619e-9
vn -0.957887067078192 0.28714520146493094 -5.669248824573263e-8
vn -0.9694453107345378 0.2453075406399391 1.0722733049638697e-8
vn -0.9694453107345378 0.2453075406399391 1.0722733049638697e-8
vn -0.9966015259645471 0.08237353000288539 3.6006613179241852e-9
vn -0.9914358355749776 0.13059473166152635 5.708476965863619e-9
vn -0.9999999762115585 -0.00021812125696205154 -9.534382859794282e-12
vn -0.9914358355749776 0.13059473166152635 5.708476965863619e-9
vn -0.9966015259645471 0.08237353000288539 3.6006613179241852e-9
vn -0.9966015259645471 0.08237353000288539 3.6006613179241852e-9
vn -0.9999999762115585 -0.00021812125696205154 -9.534382859794282e-12
vn -0.9999999762115585 -0.00021812125696205154 -9.534382859794282e-12
vn 0.08280750944057153 -0.9965655605027938 -4.356126372576425e-8
vn 0.08280751684006274 -0.9965655598879487 -4.356126369888852e-8
vn 0.08280750944057153 -0.9965655605027938 -4.356126372576425e-8
vn 0.08280750944057153 -0.9965655605027938 -4.356126372576425e-8
vn 0.08280751684006274 -0.9965655598879487 -4.356126369888852e-8
vn 0.08280750944057153 -0.9965655605027938 -4.356126372576425e-8
vn 1.5344767234637395e-8 -5.711943584785213e-8 0.9999999999999981
vn 1.4312612346234638e-8 0.16305866901412497 0.9866163745140974
vn -0.0663219686087407 0.14896149995919278 0.9866163732726964
vn 1.5344767234637395e-8 -5.711943584785213e-8 0.9999999999999981
vn -0.0663219686087407 0.14896149995919278 0.9866163732726964
vn -0.12117624979842471 0.10910750294927485 0.9866163739189432
vn 1.5344767234637395e-8 -5.711943584785213e-8 0.9999999999999981
vn -0.12117624979842471 0.10910750294927485 0.9866163739189432
vn -0.15507806735736065 0.050387834513721544 0.9866163687866343
vn 1.5344767234637395e-8 -5.711943584785213e-8 0.9999999999999981
vn -0.15507806735736065 0.050387834513721544 0.9866163687866343
vn -0.16216550536074686 -0.01704436917370238 0.9866163582419278
vn 1.5344767234637395e-8 -5.711943584785213e-8 0.9999999999999981
vn -0.16216550536074686 -0.01704436917370238 0.9866163582419278
vn -0.14121304240984242 -0.08152941334606034 0.9866163547259914
vn 1.5344767234637395e-8 -5.711943584785213e-8 0.9999999999999981
vn -0.14121304240984242 -0.08152941334606034 0.9866163547259914
vn -0.09584350772869243 -0.1319173543386064 0.9866163558600489
vn 1.5344767234637395e-8 -5.711943584785213e-8 0.9999999999999981
vn -0.09584350772869243 -0.1319173543386064 0.9866163558600489
vn -0.03390167642286586 -0.1594955453063084 0.9866163628093558
vn 1.5344767234637395e-8 -5.711943584785213e-8 0.9999999999999981
vn -0.03390167642286586 -0.1594955453063084 0.9866163628093558
vn 0.033901922815174255 -0.15949539875591257 0.9866163780341002
vn 1.5344767234637395e-8 -5.711943584785213e-8 0.9999999999999981
vn 0.033901922815174255 -0.15949539875591257 0.9866163780341002
vn 0.09584349652825484 -0.1319175233449942 0.9866163343507754
vn 1.5344767234637395e-8 -5.711943584785213e-8 0.9999999999999981
vn 0.09584349652825484 -0.1319175233449942 0.9866163343507754
vn 0.14121304472586213 -0.08152921351753896 0.9866163709073873
vn 1.5344767234637395e-8 -5.711943584785213e-8 0.9999999999999981
vn 0.14121304472586213 -0.08152921351753896 0.9866163709073873
vn 0.1621654911757966 -0.017044251902336303 0.9866163625993654
vn 1.5344767234637395e-8 -5.711943584785213e-8 0.9999999999999981
vn 0.1621654911757966 -0.017044251902336303 0.9866163625993654
vn 0.15507800863307689 0.05038790558028329 0.9866163743875488
vn 1.5344767234637395e-8 -5.711943584785213e-8 0.9999999999999981
vn 0.15507800863307689 0.05038790558028329 0.9866163743875488
vn 0.1211761982131622 0.10910751836258702 0.9866163785501243
vn 1.5344767234637395e-8 -5.711943584785213e-8 0.9999999999999981
vn 0.1211761982131622 0.10910751836258702 0.9866163785501243
vn 0.06632196148536199 0.14896147089177744 0.9866163781402031
vn 1.5344767234637395e-8 -5.711943584785213e-8 0.9999999999999981
vn 0.06632196148536199 0.14896147089177744 0.9866163781402031
vn 1.4312612346234638e-8 0.16305866901412497 0.9866163745140974
vn -0.1565907433186012 0.35170854719589123 0.9229195181251091
vn -0.0663219686087407 0.14896149995919278 0.9866163732726964
vn 1.4312612346234638e-8 0.16305866901412497 0.9866163745140974
vn 1.4312612346234638e-8 0.16305866901412497 0.9866163745140974
vn -7.263670107031218e-8 0.38499294171916665 0.9229195169820699
vn -0.1565907433186012 0.35170854719589123 0.9229195181251091
vn -0.2861055696579196 0.25761051595251094 0.9229195117026177
vn -0.12117624979842471 0.10910750294927485 0.9866163739189432
vn -0.0663219686087407 0.14896149995919278 0.9866163732726964
vn -0.0663219686087407 0.14896149995919278 0.9866163732726964
vn -0.1565907433186012 0.35170854719589123 0.9229195181251091
vn -0.2861055696579196 0.25761051595251094 0.9229195117026177
vn -0.36615020397107395 0.11896926717870576 0.9229194664752189
vn -0.15507806735736065 0.050387834513721544 0.9866163687866343
vn -0.12117624979842471 0.10910750294927485 0.9866163739189432
vn -0.12117624979842471 0.10910750294927485 0.9866163739189432
vn -0.2861055696579196 0.25761051595251094 0.9229195117026177
vn -0.36615020397107395 0.11896926717870576 0.9229194664752189
vn -0.3828840038143825 -0.0402429105943831 0.9229194698184454
vn -0.16216550536074686 -0.01704436917370238 0.9866163582419278
vn -0.15507806735736065 0.050387834513721544 0.9866163687866343
vn -0.15507806735736065 0.050387834513721544 0.9866163687866343
vn -0.36615020397107395 0.11896926717870576 0.9229194664752189
vn -0.3828840038143825 -0.0402429105943831 0.9229194698184454
vn -0.3334137289756775 -0.19249659851200795 0.9229194682591976
vn -0.14121304240984242 -0.08152941334606034 0.9866163547259914
vn -0.16216550536074686 -0.01704436917370238 0.9866163582419278
vn -0.16216550536074686 -0.01704436917370238 0.9866163582419278
vn -0.3828840038143825 -0.0402429105943831 0.9229194698184454
vn -0.3334137289756775 -0.19249659851200795 0.9229194682591976
vn -0.22629324234853218 -0.31146593827185326 0.9229194643975294
vn -0.09584350772869243 -0.1319173543386064 0.9866163558600489
vn -0.14121304240984242 -0.08152941334606034 0.9866163547259914
vn -0.14121304240984242 -0.08152941334606034 0.9866163547259914
vn -0.3334137289756775 -0.19249659851200795 0.9229194682591976
vn -0.22629324234853218 -0.31146593827185326 0.9229194643975294
vn -0.0800445227876141 -0.37657998021941813 0.922919494251609
vn -0.03390167642286586 -0.1594955453063084 0.9866163628093558
vn -0.09584350772869243 -0.1319173543386064 0.9866163558600489
vn -0.09584350772869243 -0.1319173543386064 0.9866163558600489
vn -0.22629324234853218 -0.31146593827185326 0.9229194643975294
vn -0.0800445227876141 -0.37657998021941813 0.922919494251609
vn 0.08004477067480709 -0.3765798705042008 0.9229195175196249
vn 0.033901922815174255 -0.15949539875591257 0.9866163780341002
vn -0.03390167642286586 -0.1594955453063084 0.9866163628093558
vn -0.03390167642286586 -0.1594955453063084 0.9866163628093558
vn -0.0800445227876141 -0.37657998021941813 0.922919494251609
vn 0.08004477067480709 -0.3765798705042008 0.9229195175196249
vn 0.22629338388427597 -0.3114657491682734 0.9229194935124353
vn 0.09584349652825484 -0.1319175233449942 0.9866163343507754
vn 0.033901922815174255 -0.15949539875591257 0.9866163780341002
vn 0.033901922815174255 -0.15949539875591257 0.9866163780341002
vn 0.08004477067480709 -0.3765798705042008 0.9229195175196249
vn 0.22629338388427597 -0.3114657491682734 0.9229194935124353
vn 0.333413744774816 -0.19249647121797722 0.9229194891017636
vn 0.14121304472586213 -0.08152921351753896 0.9866163709073873
vn 0.09584349652825484 -0.1319175233449942 0.9866163343507754
vn 0.09584349652825484 -0.1319175233449942 0.9866163343507754
vn 0.22629338388427597 -0.3114657491682734 0.9229194935124353
vn 0.333413744774816 -0.19249647121797722 0.9229194891017636
vn 0.3828839615087544 -0.040242637334040786 0.9229194992846146
vn 0.1621654911757966 -0.017044251902336303 0.9866163625993654
vn 0.14121304472586213 -0.08152921351753896 0.9866163709073873
vn 0.14121304472586213 -0.08152921351753896 0.9866163709073873
vn 0.333413744774816 -0.19249647121797722 0.9229194891017636
vn 0.3828839615087544 -0.040242637334040786 0.9229194992846146
vn 0.36615011876128084 0.11896944735638737 0.922919477054643
vn 0.15507800863307689 0.05038790558028329 0.9866163743875488
vn 0.1621654911757966 -0.017044251902336303 0.9866163625993654
vn 0.1621654911757966 -0.017044251902336303 0.9866163625993654
vn 0.3828839615087544 -0.040242637334040786 0.9229194992846146
vn 0.36615011876128084 0.11896944735638737 0.922919477054643
vn 0.28610548793241175 0.257610731485189 0.9229194768768412
vn 0.1211761982131622 0.10910751836258702 0.9866163785501243
vn 0.15507800863307689 0.05038790558028329 0.9866163743875488
vn 0.15507800863307689 0.05038790558028329 0.9866163743875488
vn 0.36615011876128084 0.11896944735638737 0.922919477054643
vn 0.28610548793241175 0.257610731485189 0.9229194768768412
vn 0.1565906694057722 0.35170872734167413 0.9229194620153766
vn 0.06632196148536199 0.14896147089177744 0.9866163781402031
vn 0.1211761982131622 0.10910751836258702 0.9866163785501243
vn 0.1211761982131622 0.10910751836258702 0.9866163785501243
vn 0.28610548793241175 0.257610731485189 0.9229194768768412
vn 0.1565906694057722 0.35170872734167413 0.9229194620153766
vn -7.263670107031218e-8 0.38499294171916665 0.9229195169820699
vn 1.4312612346234638e-8 0.16305866901412497 0.9866163745140974
vn 0.06632196148536199 0.14896147089177744 0.9866163781402031
vn 0.06632196148536199 0.14896147089177744 0.9866163781402031
vn 0.1565906694057722 0.35170872734167413 0.9229194620153766
vn -7.263670107031218e-8 0.38499294171916665 0.9229195169820699
vn -0.3236352123619631 0.726896420007925 0.60570772151186
vn -0.1565907433186012 0.35170854719589123 0.9229195181251091
vn -7.263670107031218e-8 0.38499294171916665 0.9229195169820699
vn -7.263670107031218e-8 0.38499294171916665 0.9229195169820699
vn -2.6794098529412185e-8 0.7956870871897542 0.6057078993041809
vn -0.3236352123619631 0.726896420007925 0.60570772151186
vn -0.5913109645744741 0.5324187489725005 0.6057075357931107
vn -0.2861055696579196 0.25761051595251094 0.9229195117026177
vn -0.1565907433186012 0.35170854719589123 0.9229195181251091
vn -0.1565907433186012 0.35170854719589123 0.9229195181251091
vn -0.3236352123619631 0.726896420007925 0.60570772151186
vn -0.5913109645744741 0.5324187489725005 0.6057075357931107
vn -0.7567435067039318 0.24588059741641627 0.6057078477909813
vn -0.36615020397107395 0.11896926717870576 0.9229194664752189
vn -0.2861055696579196 0.25761051595251094 0.9229195117026177
vn -0.2861055696579196 0.25761051595251094 0.9229195117026177
vn -0.5913109645744741 0.5324187489725005 0.6057075357931107
vn -0.7567435067039318 0.24588059741641627 0.6057078477909813
vn -0.7913284423609809 -0.08317217026268404 0.6057075915029784
vn -0.3828840038143825 -0.0402429105943831 0.9229194698184454
vn -0.36615020397107395 0.11896926717870576 0.9229194664752189
vn -0.36615020397107395 0.11896926717870576 0.9229194664752189
vn -0.7567435067039318 0.24588059741641627 0.6057078477909813
vn -0.7913284423609809 -0.08317217026268404 0.6057075915029784
vn -0.6890852221515532 -0.3978438211440072 0.6057077270349782
vn -0.3334137289756775 -0.19249659851200795 0.9229194682591976
vn -0.3828840038143825 -0.0402429105943831 0.9229194698184454
vn -0.3828840038143825 -0.0402429105943831 0.9229194698184454
vn -0.7913284423609809 -0.08317217026268404 0.6057075915029784
vn -0.6890852221515532 -0.3978438211440072 0.6057077270349782
vn -0.467693569197702 -0.6437248282774808 0.6057070833251351
vn -0.22629324234853218 -0.31146593827185326 0.9229194643975294
vn -0.3334137289756775 -0.19249659851200795 0.9229194682591976
vn -0.3334137289756775 -0.19249659851200795 0.9229194682591976
vn -0.6890852221515532 -0.3978438211440072 0.6057077270349782
vn -0.467693569197702 -0.6437248282774808 0.6057070833251351
vn -0.1654326498305693 -0.7782994912761579 0.6057078010470973
vn -0.0800445227876141 -0.37657998021941813 0.922919494251609
vn -0.22629324234853218 -0.31146593827185326 0.9229194643975294
vn -0.22629324234853218 -0.31146593827185326 0.9229194643975294
vn -0.467693569197702 -0.6437248282774808 0.6057070833251351
vn -0.1654326498305693 -0.7782994912761579 0.6057078010470973
vn 0.16543300704719893 -0.7782993701321155 0.6057078591460356
vn 0.08004477067480709 -0.3765798705042008 0.9229195175196249
vn -0.0800445227876141 -0.37657998021941813 0.922919494251609
vn -0.0800445227876141 -0.37657998021941813 0.922919494251609
vn -0.1654326498305693 -0.7782994912761579 0.6057078010470973
vn 0.16543300704719893 -0.7782993701321155 0.6057078591460356
vn 0.4676935026377508 -0.6437240438439893 0.6057079683870554
vn 0.22629338388427597 -0.3114657491682734 0.9229194935124353
vn 0.08004477067480709 -0.3765798705042008 0.9229195175196249
vn 0.08004477067480709 -0.3765798705042008 0.9229195175196249
vn 0.16543300704719893 -0.7782993701321155 0.6057078591460356
vn 0.4676935026377508 -0.6437240438439893 0.6057079683870554
vn 0.6890853579206627 -0.3978434730769684 0.6057078011957644
vn 0.333413744774816 -0.19249647121797722 0.9229194891017636
vn 0.22629338388427597 -0.3114657491682734 0.9229194935124353
vn 0.22629338388427597 -0.3114657491682734 0.9229194935124353
vn 0.4676935026377508 -0.6437240438439893 0.6057079683870554
vn 0.6890853579206627 -0.3978434730769684 0.6057078011957644
vn 0.7913283835377029 -0.08317185742042431 0.6057077113103669
vn 0.3828839615087544 -0.040242637334040786 0.9229194992846146
vn 0.333413744774816 -0.19249647121797722 0.9229194891017636
vn 0.333413744774816 -0.19249647121797722 0.9229194891017636
vn 0.6890853579206627 -0.3978434730769684 0.6057078011957644
vn 0.7913283835377029 -0.08317185742042431 0.6057077113103669
vn 0.7567434888509877 0.24588112805745901 0.6057076546873306
vn 0.36615011876128084 0.11896944735638737 0.922919477054643
vn 0.3828839615087544 -0.040242637334040786 0.9229194992846146
vn 0.3828839615087544 -0.040242637334040786 0.9229194992846146
vn 0.7913283835377029 -0.08317185742042431 0.6057077113103669
vn 0.7567434888509877 0.24588112805745901 0.6057076546873306
vn 0.5913107783885089 0.5324190999625503 0.6057074090323178
vn 0.28610548793241175 0.257610731485189 0.9229194768768412
vn 0.36615011876128084 0.11896944735638737 0.922919477054643
vn 0.36615011876128084 0.11896944735638737 0.922919477054643
vn 0.7567434888509877 0.24588112805745901 0.6057076546873306
vn 0.5913107783885089 0.5324190999625503 0.6057074090323178
vn 0.323634955874734 0.7268965655714789 0.6057076838676788
vn 0.1565906694057722 0.35170872734167413 0.9229194620153766
vn 0.28610548793241175 0.257610731485189 0.9229194768768412
vn 0.28610548793241175 0.257610731485189 0.9229194768768412
vn 0.5913107783885089 0.5324190999625503 0.6057074090323178
vn 0.323634955874734 0.7268965655714789 0.6057076838676788
vn -2.6794098529412185e-8 0.7956870871897542 0.6057078993041809
vn -7.263670107031218e-8 0.38499294171916665 0.9229195169820699
vn 0.1565906694057722 0.35170872734167413 0.9229194620153766
vn 0.1565906694057722 0.35170872734167413 0.9229194620153766
vn 0.323634955874734 0.7268965655714789 0.6057076838676788
vn -2.6794098529412185e-8 0.7956870871897542 0.6057078993041809
vn -0.396933012274361 0.8915258586722787 -0.21823342339215196
vn -0.3236352123619631 0.726896420007925 0.60570772151186
vn -2.6794098529412185e-8 0.7956870871897542 0.6057078993041809
vn -2.6794098529412185e-8 0.7956870871897542 0.6057078993041809
vn 2.7122514268993535e-8 0.9758966156771282 -0.2182333510486579
vn -0.396933012274361 0.8915258586722787 -0.21823342339215196
vn -0.7252325600662984 0.6530021095029716 -0.21823377099878957
vn -0.5913109645744741 0.5324187489725005 0.6057075357931107
vn -0.3236352123619631 0.726896420007925 0.60570772151186
vn -0.3236352123619631 0.726896420007925 0.60570772151186
vn -0.396933012274361 0.8915258586722787 -0.21823342339215196
vn -0.7252325600662984 0.6530021095029716 -0.21823377099878957
vn -0.9281328749274711 0.30156839304310584 -0.2182335235390435
vn -0.7567435067039318 0.24588059741641627 0.6057078477909813
vn -0.5913109645744741 0.5324187489725005 0.6057075357931107
vn -0.5913109645744741 0.5324187489725005 0.6057075357931107
vn -0.7252325600662984 0.6530021095029716 -0.21823377099878957
vn -0.9281328749274711 0.30156839304310584 -0.2182335235390435
vn -0.9705504469968199 -0.10200909622103471 -0.2182337602719638
vn -0.7913284423609809 -0.08317217026268404 0.6057075915029784
vn -0.7567435067039318 0.24588059741641627 0.6057078477909813
vn -0.7567435067039318 0.24588059741641627 0.6057078477909813
vn -0.9281328749274711 0.30156839304310584 -0.2182335235390435
vn -0.9705504469968199 -0.10200909622103471 -0.2182337602719638
vn -0.8451510486569045 -0.48794863607943134 -0.21823343809406803
vn -0.6890852221515532 -0.3978438211440072 0.6057077270349782
vn -0.7913284423609809 -0.08317217026268404 0.6057075915029784
vn -0.7913284423609809 -0.08317217026268404 0.6057075915029784
vn -0.9705504469968199 -0.10200909622103471 -0.2182337602719638
vn -0.8451510486569045 -0.48794863607943134 -0.21823343809406803
vn -0.5736176464179469 -0.7895166309952018 -0.2182344727579076
vn -0.467693569197702 -0.6437248282774808 0.6057070833251351
vn -0.6890852221515532 -0.3978438211440072 0.6057077270349782
vn -0.6890852221515532 -0.3978438211440072 0.6057077270349782
vn -0.8451510486569045 -0.48794863607943134 -0.21823343809406803
vn -0.5736176464179469 -0.7895166309952018 -0.2182344727579076
vn -0.20290042775716863 -0.9545707159746659 -0.21823419672354583
vn -0.1654326498305693 -0.7782994912761579 0.6057078010470973
vn -0.467693569197702 -0.6437248282774808 0.6057070833251351
vn -0.467693569197702 -0.6437248282774808 0.6057070833251351
vn -0.5736176464179469 -0.7895166309952018 -0.2182344727579076
vn -0.20290042775716863 -0.9545707159746659 -0.21823419672354583
vn 0.20290056766744466 -0.9545707327609525 -0.21823399321931322
vn 0.16543300704719893 -0.7782993701321155 0.6057078591460356
vn -0.1654326498305693 -0.7782994912761579 0.6057078010470973
vn -0.1654326498305693 -0.7782994912761579 0.6057078010470973
vn -0.20290042775716863 -0.9545707159746659 -0.21823419672354583
vn 0.20290056766744466 -0.9545707327609525 -0.21823399321931322
vn 0.5736180355435424 -0.7895166519140734 -0.2182333742798268
vn 0.4676935026377508 -0.6437240438439893 0.6057079683870554
vn 0.16543300704719893 -0.7782993701321155 0.6057078591460356
vn 0.16543300704719893 -0.7782993701321155 0.6057078591460356
vn 0.20290056766744466 -0.9545707327609525 -0.21823399321931322
vn 0.5736180355435424 -0.7895166519140734 -0.2182333742798268
vn 0.8451513521278579 -0.48794804317823953 -0.21823358851235608
vn 0.6890853579206627 -0.3978434730769684 0.6057078011957644
vn 0.4676935026377508 -0.6437240438439893 0.6057079683870554
vn 0.4676935026377508 -0.6437240438439893 0.6057079683870554
vn 0.5736180355435424 -0.7895166519140734 -0.2182333742798268
vn 0.8451513521278579 -0.48794804317823953 -0.21823358851235608
vn 0.970550507847431 -0.10200867285478453 -0.21823368754502434
vn 0.7913283835377029 -0.08317185742042431 0.6057077113103669
vn 0.6890853579206627 -0.3978434730769684 0.6057078011957644
vn 0.6890853579206627 -0.3978434730769684 0.6057078011957644
vn 0.8451513521278579 -0.48794804317823953 -0.21823358851235608
vn 0.970550507847431 -0.10200867285478453 -0.21823368754502434
vn 0.9281325867337407 0.3015690518879998 -0.2182338387746232
vn 0.7567434888509877 0.24588112805745901 0.6057076546873306
vn 0.7913283835377029 -0.08317185742042431 0.6057077113103669
vn 0.7913283835377029 -0.08317185742042431 0.6057077113103669
vn 0.970550507847431 -0.10200867285478453 -0.21823368754502434
vn 0.9281325867337407 0.3015690518879998 -0.2182338387746232
vn 0.7252321763624466 0.6530024436519326 -0.21823404627416315
vn 0.5913107783885089 0.5324190999625503 0.6057074090323178
vn 0.7567434888509877 0.24588112805745901 0.6057076546873306
vn 0.7567434888509877 0.24588112805745901 0.6057076546873306
vn 0.9281325867337407 0.3015690518879998 -0.2182338387746232
vn 0.7252321763624466 0.6530024436519326 -0.21823404627416315
vn 0.39693272849655425 0.8915259502726635 -0.21823356533472354
vn 0.323634955874734 0.7268965655714789 0.6057076838676788
vn 0.5913107783885089 0.5324190999625503 0.6057074090323178
vn 0.5913107783885089 0.5324190999625503 0.6057074090323178
vn 0.7252321763624466 0.6530024436519326 -0.21823404627416315
vn 0.39693272849655425 0.8915259502726635 -0.21823356533472354
vn 2.7122514268993535e-8 0.9758966156771282 -0.2182333510486579
vn -2.6794098529412185e-8 0.7956870871897542 0.6057078993041809
vn 0.323634955874734 0.7268965655714789 0.6057076838676788
vn 0.323634955874734 0.7268965655714789 0.6057076838676788
vn 0.39693272849655425 0.8915259502726635 -0.21823356533472354
vn 2.7122514268993535e-8 0.9758966156771282 -0.2182333510486579
vn -0.22860905946663637 0.5134643175776792 -0.827098719926629
vn -0.396933012274361 0.8915258586722787 -0.21823342339215196
vn 2.7122514268993535e-8 0.9758966156771282 -0.2182333510486579
vn 2.7122514268993535e-8 0.9758966156771282 -0.2182333510486579
vn 5.598129531664027e-8 0.5620566299061509 -0.8270987515276136
vn -0.22860905946663637 0.5134643175776792 -0.827098719926629
vn -0.4176895582235802 0.3760893077771783 -0.8270987036180586
vn -0.7252325600662984 0.6530021095029716 -0.21823377099878957
vn -0.396933012274361 0.8915258586722787 -0.21823342339215196
vn -0.396933012274361 0.8915258586722787 -0.21823342339215196
vn -0.22860905946663637 0.5134643175776792 -0.827098719926629
vn -0.4176895582235802 0.3760893077771783 -0.8270987036180586
vn -0.5345475744232175 0.17368500799057024 -0.827098790156031
vn -0.9281328749274711 0.30156839304310584 -0.2182335235390435
vn -0.7252325600662984 0.6530021095029716 -0.21823377099878957
vn -0.7252325600662984 0.6530021095029716 -0.21823377099878957
vn -0.4176895582235802 0.3760893077771783 -0.8270987036180586
vn -0.5345475744232175 0.17368500799057024 -0.827098790156031
vn -0.5589775503312411 -0.05875096643354216 -0.8270987983117916
vn -0.9705504469968199 -0.10200909622103471 -0.2182337602719638
vn -0.9281328749274711 0.30156839304310584 -0.2182335235390435
vn -0.9281328749274711 0.30156839304310584 -0.2182335235390435
vn -0.5345475744232175 0.17368500799057024 -0.827098790156031
vn -0.5589775503312411 -0.05875096643354216 -0.8270987983117916
vn -0.48675529669378637 -0.28102846444429486 -0.8270987143700719
vn -0.8451510486569045 -0.48794863607943134 -0.21823343809406803
vn -0.9705504469968199 -0.10200909622103471 -0.2182337602719638
vn -0.9705504469968199 -0.10200909622103471 -0.2182337602719638
vn -0.5589775503312411 -0.05875096643354216 -0.8270987983117916
vn -0.48675529669378637 -0.28102846444429486 -0.8270987143700719
vn -0.33036858709658073 -0.45471355876196334 -0.8270986495804714
vn -0.5736176464179469 -0.7895166309952018 -0.2182344727579076
vn -0.8451510486569045 -0.48794863607943134 -0.21823343809406803
vn -0.8451510486569045 -0.48794863607943134 -0.21823343809406803
vn -0.48675529669378637 -0.28102846444429486 -0.8270987143700719
vn -0.33036858709658073 -0.45471355876196334 -0.8270986495804714
vn -0.11685822792955256 -0.5497738901202398 -0.827099041413556
vn -0.20290042775716863 -0.9545707159746659 -0.21823419672354583
vn -0.5736176464179469 -0.7895166309952018 -0.2182344727579076
vn -0.5736176464179469 -0.7895166309952018 -0.2182344727579076
vn -0.33036858709658073 -0.45471355876196334 -0.8270986495804714
vn -0.11685822792955256 -0.5497738901202398 -0.827099041413556
vn 0.11685810489701148 -0.5497737879761732 -0.8270991266917219
vn 0.20290056766744466 -0.9545707327609525 -0.21823399321931322
vn -0.20290042775716863 -0.9545707159746659 -0.21823419672354583
vn -0.20290042775716863 -0.9545707159746659 -0.21823419672354583
vn -0.11685822792955256 -0.5497738901202398 -0.827099041413556
vn 0.11685810489701148 -0.5497737879761732 -0.8270991266917219
vn 0.3303686953026126 -0.4547130965824296 -0.8270988604516799
vn 0.5736180355435424 -0.7895166519140734 -0.2182333742798268
vn 0.20290056766744466 -0.9545707327609525 -0.21823399321931322
vn 0.20290056766744466 -0.9545707327609525 -0.21823399321931322
vn 0.11685810489701148 -0.5497737879761732 -0.8270991266917219
vn 0.3303686953026126 -0.4547130965824296 -0.8270988604516799
vn 0.4867553484358678 -0.28102808968102844 -0.827098811254924
vn 0.8451513521278579 -0.48794804317823953 -0.21823358851235608
vn 0.5736180355435424 -0.7895166519140734 -0.2182333742798268
vn 0.5736180355435424 -0.7895166519140734 -0.2182333742798268
vn 0.3303686953026126 -0.4547130965824296 -0.8270988604516799
vn 0.4867553484358678 -0.28102808968102844 -0.827098811254924
vn 0.5589775598737662 -0.058750676863851596 -0.8270988124315071
vn 0.970550507847431 -0.10200867285478453 -0.21823368754502434
vn 0.8451513521278579 -0.48794804317823953 -0.21823358851235608
vn 0.8451513521278579 -0.48794804317823953 -0.21823358851235608
vn 0.4867553484358678 -0.28102808968102844 -0.827098811254924
vn 0.5589775598737662 -0.058750676863851596 -0.8270988124315071
vn 0.5345473815473133 0.1736851375320134 -0.8270988876073989
vn 0.9281325867337407 0.3015690518879998 -0.2182338387746232
vn 0.970550507847431 -0.10200867285478453 -0.21823368754502434
vn 0.970550507847431 -0.10200867285478453 -0.21823368754502434
vn 0.5589775598737662 -0.058750676863851596 -0.8270988124315071
vn 0.5345473815473133 0.1736851375320134 -0.8270988876073989
vn 0.4176892286333756 0.37608915717666963 -0.8270989385422991
vn 0.7252321763624466 0.6530024436519326 -0.21823404627416315
vn 0.9281325867337407 0.3015690518879998 -0.2182338387746232
vn 0.9281325867337407 0.3015690518879998 -0.2182338387746232
vn 0.5345473815473133 0.1736851375320134 -0.8270988876073989
vn 0.4176892286333756 0.37608915717666963 -0.8270989385422991
vn 0.22860899598050738 0.5134643684643686 -0.8270987058835673
vn 0.39693272849655425 0.8915259502726635 -0.21823356533472354
vn 0.7252321763624466 0.6530024436519326 -0.21823404627416315
vn 0.7252321763624466 0.6530024436519326 -0.21823404627416315
vn 0.4176892286333756 0.37608915717666963 -0.8270989385422991
vn 0.22860899598050738 0.5134643684643686 -0.8270987058835673
vn 5.598129531664027e-8 0.5620566299061509 -0.8270987515276136
vn 2.7122514268993535e-8 0.9758966156771282 -0.2182333510486579
vn 0.39693272849655425 0.8915259502726635 -0.21823356533472354
vn 0.39693272849655425 0.8915259502726635 -0.21823356533472354
vn 0.22860899598050738 0.5134643684643686 -0.8270987058835673
vn 5.598129531664027e-8 0.5620566299061509 -0.8270987515276136
vn -0.09872821598468227 0.22174730397520231 -0.9700932287920636
vn -0.22860905946663637 0.5134643175776792 -0.827098719926629
vn 5.598129531664027e-8 0.5620566299061509 -0.8270987515276136
vn 5.598129531664027e-8 0.5620566299061509 -0.8270987515276136
vn 9.608297129466003e-9 0.24273263825860256 -0.9700932255840252
vn -0.09872821598468227 0.22174730397520231 -0.9700932287920636
vn -0.18038556443517006 0.16241987237240038 -0.9700932085124285
vn -0.4176895582235802 0.3760893077771783 -0.8270987036180586
vn -0.22860905946663637 0.5134643175776792 -0.827098719926629
vn -0.22860905946663637 0.5134643175776792 -0.827098719926629
vn -0.09872821598468227 0.22174730397520231 -0.9700932287920636
vn -0.18038556443517006 0.16241987237240038 -0.9700932085124285
vn -0.23085245051173103 0.07500849291667572 -0.9700932285523375
vn -0.5345475744232175 0.17368500799057024 -0.827098790156031
vn -0.4176895582235802 0.3760893077771783 -0.8270987036180586
vn -0.4176895582235802 0.3760893077771783 -0.8270987036180586
vn -0.18038556443517006 0.16241987237240038 -0.9700932085124285
vn -0.23085245051173103 0.07500849291667572 -0.9700932285523375
vn -0.24140291778700115 -0.02537250124000816 -0.9700932261719738
vn -0.5589775503312411 -0.05875096643354216 -0.8270987983117916
vn -0.5345475744232175 0.17368500799057024 -0.827098790156031
vn -0.5345475744232175 0.17368500799057024 -0.827098790156031
vn -0.23085245051173103 0.07500849291667572 -0.9700932285523375
vn -0.24140291778700115 -0.02537250124000816 -0.9700932261719738
vn -0.2102126281982093 -0.12136626195503607 -0.9700932333570124
vn -0.48675529669378637 -0.28102846444429486 -0.8270987143700719
vn -0.5589775503312411 -0.05875096643354216 -0.8270987983117916
vn -0.5589775503312411 -0.05875096643354216 -0.8270987983117916
vn -0.24140291778700115 -0.02537250124000816 -0.9700932261719738
vn -0.2102126281982093 -0.12136626195503607 -0.9700932333570124
vn -0.14267471469944792 -0.19637491090182685 -0.9700932017871947
vn -0.33036858709658073 -0.45471355876196334 -0.8270986495804714
vn -0.48675529669378637 -0.28102846444429486 -0.8270987143700719
vn -0.48675529669378637 -0.28102846444429486 -0.8270987143700719
vn -0.2102126281982093 -0.12136626195503607 -0.9700932333570124
vn -0.14267471469944792 -0.19637491090182685 -0.9700932017871947
vn -0.05046700588121915 -0.2374285138339056 -0.9700931821923128
vn -0.11685822792955256 -0.5497738901202398 -0.827099041413556
vn -0.33036858709658073 -0.45471355876196334 -0.8270986495804714
vn -0.33036858709658073 -0.45471355876196334 -0.8270986495804714
vn -0.14267471469944792 -0.19637491090182685 -0.9700932017871947
vn -0.05046700588121915 -0.2374285138339056 -0.9700931821923128
vn 0.05046721025033779 -0.2374285113788344 -0.9700931721613026
vn 0.11685810489701148 -0.5497737879761732 -0.8270991266917219
vn -0.11685822792955256 -0.5497738901202398 -0.827099041413556
vn -0.11685822792955256 -0.5497738901202398 -0.827099041413556
vn -0.05046700588121915 -0.2374285138339056 -0.9700931821923128
vn 0.05046721025033779 -0.2374285113788344 -0.9700931721613026
vn 0.1426747565056465 -0.19637468339664038 -0.970093241692222
vn 0.3303686953026126 -0.4547130965824296 -0.8270988604516799
vn 0.11685810489701148 -0.5497737879761732 -0.8270991266917219
vn 0.11685810489701148 -0.5497737879761732 -0.8270991266917219
vn 0.05046721025033779 -0.2374285113788344 -0.9700931721613026
vn 0.1426747565056465 -0.19637468339664038 -0.970093241692222
vn 0.21021264472191262 -0.12136617348484512 -0.9700932408447477
vn 0.4867553484358678 -0.28102808968102844 -0.827098811254924
vn 0.3303686953026126 -0.4547130965824296 -0.8270988604516799
vn 0.3303686953026126 -0.4547130965824296 -0.8270988604516799
vn 0.1426747565056465 -0.19637468339664038 -0.970093241692222
vn 0.21021264472191262 -0.12136617348484512 -0.9700932408447477
vn 0.24140291892786822 -0.02537231509540731 -0.9700932307566137
vn 0.5589775598737662 -0.058750676863851596 -0.8270988124315071
vn 0.4867553484358678 -0.28102808968102844 -0.827098811254924
vn 0.4867553484358678 -0.28102808968102844 -0.827098811254924
vn 0.21021264472191262 -0.12136617348484512 -0.9700932408447477
vn 0.24140291892786822 -0.02537231509540731 -0.9700932307566137
vn 0.23085243408245248 0.07500862653060757 -0.9700932221308417
vn 0.5345473815473133 0.1736851375320134 -0.8270988876073989
vn 0.5589775598737662 -0.058750676863851596 -0.8270988124315071
vn 0.5589775598737662 -0.058750676863851596 -0.8270988124315071
vn 0.24140291892786822 -0.02537231509540731 -0.9700932307566137
vn 0.23085243408245248 0.07500862653060757 -0.9700932221308417
vn 0.1803854906073936 0.1624199325875493 -0.9700932121588038
vn 0.4176892286333756 0.37608915717666963 -0.8270989385422991
vn 0.5345473815473133 0.1736851375320134 -0.8270988876073989
vn 0.5345473815473133 0.1736851375320134 -0.8270988876073989
vn 0.23085243408245248 0.07500862653060757 -0.9700932221308417
vn 0.1803854906073936 0.1624199325875493 -0.9700932121588038
vn 0.09872828976425904 0.22174730234406734 -0.9700932216562248
vn 0.22860899598050738 0.5134643684643686 -0.8270987058835673
vn 0.4176892286333756 0.37608915717666963 -0.8270989385422991
vn 0.4176892286333756 0.37608915717666963 -0.8270989385422991
vn 0.1803854906073936 0.1624199325875493 -0.9700932121588038
vn 0.09872828976425904 0.22174730234406734 -0.9700932216562248
vn 9.608297129466003e-9 0.24273263825860256 -0.9700932255840252
vn 5.598129531664027e-8 0.5620566299061509 -0.8270987515276136
vn 0.22860899598050738 0.5134643684643686 -0.8270987058835673
vn 0.22860899598050738 0.5134643684643686 -0.8270987058835673
vn 0.09872828976425904 0.22174730234406734 -0.9700932216562248
vn 9.608297129466003e-9 0.24273263825860256 -0.9700932255840252
vn 1.7848304167955562e-8 1.6114011014423116e-8 -0.9999999999999998
vn -0.09872821598468227 0.22174730397520231 -0.9700932287920636
vn 9.608297129466003e-9 0.24273263825860256 -0.9700932255840252
vn 1.7848304167955562e-8 1.6114011014423116e-8 -0.9999999999999998
vn -0.18038556443517006 0.16241987237240038 -0.9700932085124285
vn -0.09872821598468227 0.22174730397520231 -0.9700932287920636
vn 1.7848304167955562e-8 1.6114011014423116e-8 -0.9999999999999998
vn -0.23085245051173103 0.07500849291667572 -0.9700932285523375
vn -0.18038556443517006 0.16241987237240038 -0.9700932085124285
vn 1.7848304167955562e-8 1.6114011014423116e-8 -0.9999999999999998
vn -0.24140291778700115 -0.02537250124000816 -0.9700932261719738
vn -0.23085245051173103 0.07500849291667572 -0.9700932285523375
vn 1.7848304167955562e-8 1.6114011014423116e-8 -0.9999999999999998
vn -0.2102126281982093 -0.12136626195503607 -0.9700932333570124
vn -0.24140291778700115 -0.02537250124000816 -0.9700932261719738
vn 1.7848304167955562e-8 1.6114011014423116e-8 -0.9999999999999998
vn -0.14267471469944792 -0.19637491090182685 -0.9700932017871947
vn -0.2102126281982093 -0.12136626195503607 -0.9700932333570124
vn 1.7848304167955562e-8 1.6114011014423116e-8 -0.9999999999999998
vn -0.05046700588121915 -0.2374285138339056 -0.9700931821923128
vn -0.14267471469944792 -0.19637491090182685 -0.9700932017871947
vn 1.7848304167955562e-8 1.6114011014423116e-8 -0.9999999999999998
vn 0.05046721025033779 -0.2374285113788344 -0.9700931721613026
vn -0.05046700588121915 -0.2374285138339056 -0.9700931821923128
vn 1.7848304167955562e-8 1.6114011014423116e-8 -0.9999999999999998
vn 0.1426747565056465 -0.19637468339664038 -0.970093241692222
vn 0.05046721025033779 -0.2374285113788344 -0.9700931721613026
vn 1.7848304167955562e-8 1.6114011014423116e-8 -0.9999999999999998
vn 0.21021264472191262 -0.12136617348484512 -0.9700932408447477
vn 0.1426747565056465 -0.19637468339664038 -0.970093241692222
vn 1.7848304167955562e-8 1.6114011014423116e-8 -0.9999999999999998
vn 0.24140291892786822 -0.02537231509540731 -0.9700932307566137
vn 0.21021264472191262 -0.12136617348484512 -0.9700932408447477
vn 1.7848304167955562e-8 1.6114011014423116e-8 -0.9999999999999998
vn 0.23085243408245248 0.07500862653060757 -0.9700932221308417
vn 0.24140291892786822 -0.02537231509540731 -0.9700932307566137
vn 1.7848304167955562e-8 1.6114011014423116e-8 -0.9999999999999998
vn 0.1803854906073936 0.1624199325875493 -0.9700932121588038
vn 0.23085243408245248 0.07500862653060757 -0.9700932221308417
vn 1.7848304167955562e-8 1.6114011014423116e-8 -0.9999999999999998
vn 0.09872828976425904 0.22174730234406734 -0.9700932216562248
vn 0.1803854906073936 0.1624199325875493 -0.9700932121588038
vn 1.7848304167955562e-8 1.6114011014423116e-8 -0.9999999999999998
vn 9.608297129466003e-9 0.24273263825860256 -0.9700932255840252
vn 0.09872828976425904 0.22174730234406734 -0.9700932216562248
vn -8.568260767560753e-8 4.545465370764371e-8 -0.9999999999999951
vn -8.146295726874057e-8 4.945513820686623e-8 -0.9999999999999954
vn -8.720152777641452e-8 4.417387272637167e-8 -0.9999999999999951
vn -8.720152777641452e-8 4.417387272637167e-8 -0.9999999999999951
vn -9.090294383895488e-8 4.0068771633982975e-8 -0.9999999999999952
vn -8.568260767560753e-8 4.545465370764371e-8 -0.9999999999999951
vn -7.762745468653495e-8 5.174364980931027e-8 -0.9999999999999956
vn -7.280684855004417e-8 5.499489885707458e-8 -0.9999999999999958
vn -8.146295726874057e-8 4.945513820686623e-8 -0.9999999999999954
vn -8.146295726874057e-8 4.945513820686623e-8 -0.9999999999999954
vn -8.568260767560753e-8 4.545465370764371e-8 -0.9999999999999951
vn -7.762745468653495e-8 5.174364980931027e-8 -0.9999999999999956
vn -6.864684820584426e-8 5.66208817609491e-8 -0.999999999999996
vn -6.335675095669998e-8 5.903425082109932e-8 -0.9999999999999962
vn -7.280684855004417e-8 5.499489885707458e-8 -0.9999999999999958
vn -7.280684855004417e-8 5.499489885707458e-8 -0.9999999999999958
vn -7.762745468653495e-8 5.174364980931027e-8 -0.9999999999999956
vn -6.864684820584426e-8 5.66208817609491e-8 -0.999999999999996
vn -5.8985808237821276e-8 5.995329876995455e-8 -0.9999999999999964
vn -5.3370666108776184e-8 6.146288766828422e-8 -0.9999999999999967
vn -6.335675095669998e-8 5.903425082109932e-8 -0.9999999999999962
vn -6.335675095669998e-8 5.903425082109932e-8 -0.9999999999999962
vn -6.864684820584426e-8 5.66208817609491e-8 -0.999999999999996
vn -5.8985808237821276e-8 5.995329876995455e-8 -0.9999999999999964
vn -4.89082019328179e-8 6.164982968570586e-8 -0.9999999999999969
vn -4.312113688342828e-8 6.221446424703448e-8 -0.9999999999999971
vn -5.3370666108776184e-8 6.146288766828422e-8 -0.9999999999999967
vn -5.3370666108776184e-8 6.146288766828422e-8 -0.9999999999999967
vn -5.8985808237821276e-8 5.995329876995455e-8 -0.9999999999999964
vn -4.89082019328179e-8 6.164982968570586e-8 -0.9999999999999969
vn -3.8688618531068595e-8 6.166424482145762e-8 -0.9999999999999972
vn -3.288753092078876e-8 6.126853824284233e-8 -0.9999999999999977
vn -4.312113688342828e-8 6.221446424703448e-8 -0.9999999999999971
vn -4.312113688342828e-8 6.221446424703448e-8 -0.9999999999999971
vn -4.89082019328179e-8 6.164982968570586e-8 -0.9999999999999969
vn -3.8688618531068595e-8 6.166424482145762e-8 -0.9999999999999972
vn -2.860619474631674e-8 5.999617469498724e-8 -0.9999999999999979
vn -2.294937928581929e-8 5.865089169887478e-8 -0.9999999999999979
vn -3.288753092078876e-8 6.126853824284233e-8 -0.9999999999999977
vn -3.288753092078876e-8 6.126853824284233e-8 -0.9999999999999977
vn -3.8688618531068595e-8 6.166424482145762e-8 -0.9999999999999972
vn -2.860619474631674e-8 5.999617469498724e-8 -0.9999999999999979
vn -1.893579160139324e-8 5.669104696792711e-8 -0.9999999999999981
vn -1.3577592383740006e-8 5.443291817286418e-8 -0.9999999999999983
vn -2.294937928581929e-8 5.865089169887478e-8 -0.9999999999999979
vn -2.294937928581929e-8 5.865089169887478e-8 -0.9999999999999979
vn -2.860619474631674e-8 5.999617469498724e-8 -0.9999999999999979
vn -1.893579160139324e-8 5.669104696792711e-8 -0.9999999999999981
vn -9.94149917943332e-9 5.183917251017076e-8 -0.9999999999999984
vn -5.02817742997763e-9 4.8729822399451424e-8 -0.9999999999999987
vn -1.3577592383740006e-8 5.443291817286418e-8 -0.9999999999999983
vn -1.3577592383740006e-8 5.443291817286418e-8 -0.9999999999999983
vn -1.893579160139324e-8 5.669104696792711e-8 -0.9999999999999981
vn -9.94149917943332e-9 5.183917251017076e-8 -0.9999999999999984
vn -1.868619481371069e-9 4.5572870588372874e-8 -0.9999999999999989
vn 2.465832205089668e-9 4.1697113539740365e-8 -0.9999999999999991
vn -5.02817742997763e-9 4.8729822399451424e-8 -0.9999999999999987
vn -5.02817742997763e-9 4.8729822399451424e-8 -0.9999999999999987
vn -9.94149917943332e-9 5.183917251017076e-8 -0.9999999999999984
vn -1.868619481371069e-9 4.5572870588372874e-8 -0.9999999999999989
vn 5.0626569603196e-9 3.806312109944087e-8 -0.9999999999999993
vn 8.699970521774955e-9 3.3526692089225194e-8 -0.9999999999999993
vn 2.465832205089668e-9 4.1697113539740365e-8 -0.9999999999999991
vn 2.465832205089668e-9 4.1697113539740365e-8 -0.9999999999999991
vn -1.868619481371069e-9 4.5572870588372874e-8 -0.9999999999999989
vn 5.0626569603196e-9 3.806312109944087e-8 -0.9999999999999993
vn 1.066311039465972e-8 2.9514770627514502e-8 -0.9999999999999994
vn 1.3504034335198862e-8 2.4441470625191638e-8 -0.9999999999999997
vn 8.699970521774955e-9 3.3526692089225194e-8 -0.9999999999999993
vn 8.699970521774955e-9 3.3526692089225194e-8 -0.9999999999999993
vn 5.0626569603196e-9 3.806312109944087e-8 -0.9999999999999993
vn 1.066311039465972e-8 2.9514770627514502e-8 -0.9999999999999994
vn 1.4779954149446431e-8 2.0161146974118083e-8 -0.9999999999999996
vn 1.6746952269386374e-8 1.4689429672642981e-8 -0.9999999999999998
vn 1.3504034335198862e-8 2.4441470625191638e-8 -0.9999999999999997
vn 1.3504034335198862e-8 2.4441470625191638e-8 -0.9999999999999997
vn 1.066311039465972e-8 2.9514770627514502e-8 -0.9999999999999994
vn 1.4779954149446431e-8 2.0161146974118083e-8 -0.9999999999999996
vn 1.7300887833471266e-8 1.0257458438189823e-8 -0.9999999999999998
vn 1.8340315932618958e-8 4.536552022926814e-9 -0.9999999999999998
vn 1.6746952269386374e-8 1.4689429672642981e-8 -0.9999999999999998
vn 1.6746952269386374e-8 1.4689429672642981e-8 -0.9999999999999998
vn 1.4779954149446431e-8 2.0161146974118083e-8 -0.9999999999999996
vn 1.7300887833471266e-8 1.0257458438189823e-8 -0.9999999999999998
vn 1.8157068737423264e-8 7.383205158364974e-11 -0.9999999999999999
vn 1.824056106158875e-8 -5.740134145781857e-9 -0.9999999999999998
vn 1.8340315932618958e-8 4.536552022926814e-9 -0.9999999999999998
vn 1.8340315932618958e-8 4.536552022926814e-9 -0.9999999999999998
vn 1.7300887833471266e-8 1.0257458438189823e-8 -0.9999999999999998
vn 1.8157068737423264e-8 7.383205158364974e-11 -0.9999999999999999
vn 1.7325206158602642e-8 -1.0111758985686893e-8 -0.9999999999999998
vn 1.6450478312890446e-8 -1.5860120772259658e-8 -0.9999999999999996
vn 1.824056106158875e-8 -5.740134145781857e-9 -0.9999999999999998
vn 1.824056106158875e-8 -5.740134145781857e-9 -0.9999999999999998
vn 1.8157068737423264e-8 7.383205158364974e-11 -0.9999999999999999
vn 1.7325206158602642e-8 -1.0111758985686893e-8 -0.9999999999999998
vn 1.482795219942542e-8 -2.002148180579857e-8 -0.9999999999999997
vn 1.301886776161606e-8 -2.55474650323605e-8 -0.9999999999999996
vn 1.6450478312890446e-8 -1.5860120772259658e-8 -0.9999999999999996
vn 1.6450478312890446e-8 -1.5860120772259658e-8 -0.9999999999999996
vn 1.7325206158602642e-8 -1.0111758985686893e-8 -0.9999999999999998
vn 1.482795219942542e-8 -2.002148180579857e-8 -0.9999999999999997
vn 1.0733447908251007e-8 -2.9384971345080973e-8 -0.9999999999999996
vn 8.039405585691357e-9 -3.453770647254811e-8 -0.9999999999999993
vn 1.301886776161606e-8 -2.55474650323605e-8 -0.9999999999999996
vn 1.301886776161606e-8 -2.55474650323605e-8 -0.9999999999999996
vn 1.482795219942542e-8 -2.002148180579857e-8 -0.9999999999999997
vn 1.0733447908251007e-8 -2.9384971345080973e-8 -0.9999999999999996
vn 5.1535038458894004e-9 -3.794648550936567e-8 -0.9999999999999994
vn 1.6479257958223963e-9 -4.258549113345089e-8 -0.9999999999999991
vn 8.039405585691357e-9 -3.453770647254811e-8 -0.9999999999999993
vn 8.039405585691357e-9 -3.453770647254811e-8 -0.9999999999999993
vn 1.0733447908251007e-8 -2.9384971345080973e-8 -0.9999999999999996
vn 5.1535038458894004e-9 -3.794648550936567e-8 -0.9999999999999994
vn 2.605247129139333e-10 -4.363760597314557e-8 -0.9999999999999989
vn -3.854278229908898e-9 -4.819717291937282e-8 -0.999999999999999
vn 1.6479257958223963e-9 -4.258549113345089e-8 -0.9999999999999991
vn 1.6479257958223963e-9 -4.258549113345089e-8 -0.9999999999999991
vn 5.1535038458894004e-9 -3.794648550936567e-8 -0.9999999999999994
vn 2.605247129139333e-10 -4.363760597314557e-8 -0.9999999999999989
vn -0.041223519159062395 -0.7940135384482441 0.6065007190672088
vn 0.06697434989243813 -0.8059983579450445 0.5881165560043153
vn 0.02004866246925853 -0.8244057318436221 0.5656440934338267
vn 0.02004866246925853 -0.8244057318436221 0.5656440934338267
vn -0.09210659813549403 -0.808752822536092 0.5808917684214598
vn -0.041223519159062395 -0.7940135384482441 0.6065007190672088
vn -0.15678783701103402 -0.7213962119834723 0.6745406433279604
vn -0.041223519159062395 -0.7940135384482441 0.6065007190672088
vn -0.09210659813549403 -0.808752822536092 0.5808917684214598
vn -0.09210659813549403 -0.808752822536092 0.5808917684214598
vn -0.21129273993667583 -0.7323345695071066 0.6473341149320752
vn -0.15678783701103402 -0.7213962119834723 0.6745406433279604
vn -0.23808979710068023 -0.605124559317414 0.7596956734294742
vn -0.15678783701103402 -0.7213962119834723 0.6745406433279604
vn -0.21129273993667583 -0.7323345695071066 0.6473341149320752
vn -0.21129273993667583 -0.7323345695071066 0.6473341149320752
vn -0.2940692899852605 -0.6121894438347772 0.7339940991212602
vn -0.23808979710068023 -0.605124559317414 0.7596956734294742
vn -0.2512606387182406 -0.4262997001990127 0.8689859935816766
vn -0.23808979710068023 -0.605124559317414 0.7596956734294742
vn -0.2940692899852605 -0.6121894438347772 0.7339940991212602
vn -0.2940692899852605 -0.6121894438347772 0.7339940991212602
vn -0.3028344150048719 -0.4310836178477486 0.8499754299460387
vn -0.2512606387182406 -0.4262997001990127 0.8689859935816766
vn -0.3059376715125424 -0.3569696264065589 0.8825955058647452
vn -0.2512606387182406 -0.4262997001990127 0.8689859935816766
vn -0.3028344150048719 -0.4310836178477486 0.8499754299460387
vn -0.3028344150048719 -0.4310836178477486 0.8499754299460387
vn -0.3565726581394985 -0.3543542706503312 0.8644587846388074
vn -0.3059376715125424 -0.3569696264065589 0.8825955058647452
vn -0.42227970811114557 -0.3560406271385756 0.8336155708384624
vn -0.3059376715125424 -0.3569696264065589 0.8825955058647452
vn -0.3565726581394985 -0.3543542706503312 0.8644587846388074
vn -0.3565726581394985 -0.3543542706503312 0.8644587846388074
vn -0.475837875525379 -0.3416086711998828 0.8104824686423169
vn -0.42227970811114557 -0.3560406271385756 0.8336155708384624
vn -0.3843933321060609 -0.23333192657130558 0.8931953751979028
vn -0.42227970811114557 -0.3560406271385756 0.8336155708384624
vn -0.475837875525379 -0.3416086711998828 0.8104824686423169
vn -0.475837875525379 -0.3416086711998828 0.8104824686423169
vn -0.42944342502667093 -0.21533289218289242 0.8770462303923966
vn -0.3843933321060609 -0.23333192657130558 0.8931953751979028
vn -0.289941786753465 -0.11424384656235659 0.950201085990142
vn -0.3843933321060609 -0.23333192657130558 0.8931953751979028
vn -0.42944342502667093 -0.21533289218289242 0.8770462303923966
vn -0.42944342502667093 -0.21533289218289242 0.8770462303923966
vn -0.3251403912553575 -0.09709389281667093 0.9406681146674516
vn -0.289941786753465 -0.11424384656235659 0.950201085990142
vn -0.152292639287785 -0.038636906468820724 0.987579941815993
vn -0.289941786753465 -0.11424384656235659 0.950201085990142
vn -0.3251403912553575 -0.09709389281667093 0.9406681146674516
vn -0.3251403912553575 -0.09709389281667093 0.9406681146674516
vn -0.1694888622392723 -0.028286697577134246 0.9851260773713264
vn -0.152292639287785 -0.038636906468820724 0.987579941815993
vn 0 -4.37113878426487e-8 0.9999999999999989
vn -0.152292639287785 -0.038636906468820724 0.987579941815993
vn -0.1694888622392723 -0.028286697577134246 0.9851260773713264
vn -0.1694888622392723 -0.028286697577134246 0.9851260773713264
vn 0 -4.37113878426487e-8 0.9999999999999989
vn 0 -4.37113878426487e-8 0.9999999999999989
vn 0.143281187586528 -0.023912798352487247 0.9893930863710072
vn 0 -4.37113878426487e-8 0.9999999999999989
vn 0 -4.37113878426487e-8 0.9999999999999989
vn 0 -4.37113878426487e-8 0.9999999999999989
vn 0.1526336205222036 -0.0395642499029244 0.9874905812289567
vn 0.143281187586528 -0.023912798352487247 0.9893930863710072
vn 0.2977733536763632 -0.08864236828432732 0.9505122620909617
vn 0.143281187586528 -0.023912798352487247 0.9893930863710072
vn 0.1526336205222036 -0.0395642499029244 0.9874905812289567
vn 0.1526336205222036 -0.0395642499029244 0.9874905812289567
vn 0.3148166803417071 -0.12374405825700963 0.9410514682123999
vn 0.2977733536763632 -0.08864236828432732 0.9505122620909617
vn 0.39515577830086174 -0.19803351645194225 0.8970142904308261
vn 0.2977733536763632 -0.08864236828432732 0.9505122620909617
vn 0.3148166803417071 -0.12374405825700963 0.9410514682123999
vn 0.3148166803417071 -0.12374405825700963 0.9410514682123999
vn 0.40428552912275173 -0.24477118168768958 0.8812719668508404
vn 0.39515577830086174 -0.19803351645194225 0.8970142904308261
vn 0.44926987785317973 -0.3219528171823175 0.8333684421443845
vn 0.39515577830086174 -0.19803351645194225 0.8970142904308261
vn 0.40428552912275173 -0.24477118168768958 0.8812719668508404
vn 0.40428552912275173 -0.24477118168768958 0.8812719668508404
vn 0.4483675368003997 -0.37745881703733875 0.8102415648337941
vn 0.44926987785317973 -0.3219528171823175 0.8333684421443845
vn 0.33722197578212443 -0.33434716306042384 0.8800530174955635
vn 0.44926987785317973 -0.3219528171823175 0.8333684421443845
vn 0.4483675368003997 -0.37745881703733875 0.8102415648337941
vn 0.4483675368003997 -0.37745881703733875 0.8102415648337941
vn 0.3303331799423116 -0.38513432516806645 0.8617143040512548
vn 0.33722197578212443 -0.33434716306042384 0.8800530174955635
vn 0.2812489953129927 -0.4001699295488052 0.8722173067076439
vn 0.33722197578212443 -0.33434716306042384 0.8800530174955635
vn 0.3303331799423116 -0.38513432516806645 0.8617143040512548
vn 0.3303331799423116 -0.38513432516806645 0.8617143040512548
vn 0.265258845900706 -0.4487403659414479 0.8533872676845846
vn 0.2812489953129927 -0.4001699295488052 0.8722173067076439
vn 0.2804840458940921 -0.5837189196079735 0.7619717336559021
vn 0.2812489953129927 -0.4001699295488052 0.8722173067076439
vn 0.265258845900706 -0.4487403659414479 0.8533872676845846
vn 0.265258845900706 -0.4487403659414479 0.8533872676845846
vn 0.24879533741241783 -0.6298481940778244 0.7357935393157136
vn 0.2804840458940921 -0.5837189196079735 0.7619717336559021
vn 0.20476655818754985 -0.7085979930264014 0.6752477626227137
vn 0.2804840458940921 -0.5837189196079735 0.7619717336559021
vn 0.24879533741241783 -0.6298481940778244 0.7357935393157136
vn 0.24879533741241783 -0.6298481940778244 0.7357935393157136
vn 0.16256592024179375 -0.7444216454712907 0.6476177385848497
vn 0.20476655818754985 -0.7085979930264014 0.6752477626227137
vn 0.09018818199257563 -0.7896858044350469 0.6068462919905228
vn 0.20476655818754985 -0.7085979930264014 0.6752477626227137
vn 0.16256592024179375 -0.7444216454712907 0.6476177385848497
vn 0.16256592024179375 -0.7444216454712907 0.6476177385848497
vn 0.043006464679939085 -0.8130790218896928 0.580562613469584
vn 0.09018818199257563 -0.7896858044350469 0.6068462919905228
vn -0.02111863731587734 -0.8383451994494755 0.5447305110951098
vn 0.09018818199257563 -0.7896858044350469 0.6068462919905228
vn 0.043006464679939085 -0.8130790218896928 0.580562613469584
vn 0.043006464679939085 -0.8130790218896928 0.580562613469584
vn -0.07085811152833801 -0.8527381412955722 0.5175101838712067
vn -0.02111863731587734 -0.8383451994494755 0.5447305110951098
vn 0.9908161428631611 -0.1352160162176362 -5.910479727426979e-9
vn 0.9999999761402912 0.0002184477437087804 9.548654048606033e-12
vn 0.9999999761402912 0.0002184477437087804 9.548654048606033e-12
vn 0.9999999761402912 0.0002184477437087804 9.548654048606033e-12
vn 0.9966015532813072 -0.08237319950861188 -3.600646871560817e-9
vn 0.9908161428631611 -0.1352160162176362 -5.910479727426979e-9
vn 0.9564728760691961 -0.29182124210536836 -1.2755911494391254e-8
vn 0.9908161428631611 -0.1352160162176362 -5.910479727426979e-9
vn 0.9966015532813072 -0.08237319950861188 -3.600646871560817e-9
vn 0.9966015532813072 -0.08237319950861188 -3.600646871560817e-9
vn 0.9694453603890967 -0.24530734440708035 -1.0722724472028101e-8
vn 0.9564728760691961 -0.29182124210536836 -1.2755911494391254e-8
vn 0.8977445534100553 -0.4405164206049304 -1.9255584112117496e-8
vn 0.9564728760691961 -0.29182124210536836 -1.2755911494391254e-8
vn 0.9694453603890967 -0.24530734440708035 -1.0722724472028101e-8
vn 0.9694453603890967 -0.24530734440708035 -1.0722724472028101e-8
vn 0.915837887582429 -0.4015482083991332 -1.7552229474855254e-8
vn 0.8977445534100553 -0.4405164206049304 -1.9255584112117496e-8
vn 0.818992556549041 -0.5738041410771317 -2.508177535634044e-8
vn 0.8977445534100553 -0.4405164206049304 -1.9255584112117496e-8
vn 0.915837887582429 -0.4015482083991332 -1.7552229474855254e-8
vn 0.915837887582429 -0.4015482083991332 -1.7552229474855254e-8
vn 0.8372416425663165 -0.5468330933226837 -3.956744956608942e-8
vn 0.818992556549041 -0.5738041410771317 -2.508177535634044e-8
vn 0.716958047101632 -0.6971163164753864 -5.1772284077635427e-8
vn 0.818992556549041 -0.5738041410771317 -2.508177535634044e-8
vn 0.8372416425663165 -0.5468330933226837 -3.956744956608942e-8
vn 0.8372416425663165 -0.5468330933226837 -3.956744956608942e-8
vn 0.7358014808601248 -0.6771972982551273 -6.038612044314879e-8
vn 0.716958047101632 -0.6971163164753864 -5.1772284077635427e-8
vn 0.5870611866336545 -0.8095425641362425 -5.921225362309593e-8
vn 0.716958047101632 -0.6971163164753864 -5.1772284077635427e-8
vn 0.7358014808601248 -0.6771972982551273 -6.038612044314879e-8
vn 0.7358014808601248 -0.6771972982551273 -6.038612044314879e-8
vn 0.6142853920910405 -0.7890839353728811 -5.769980137137819e-8
vn 0.5870611866336545 -0.8095425641362425 -5.921225362309593e-8
vn 0.44948630550764235 -0.893287222096615 -5.5613257419160927e-8
vn 0.5870611866336545 -0.8095425641362425 -5.921225362309593e-8
vn 0.6142853920910405 -0.7890839353728811 -5.769980137137819e-8
vn 0.6142853920910405 -0.7890839353728811 -5.769980137137819e-8
vn 0.47600789864720294 -0.8794410045167737 -4.874239393638841e-8
vn 0.44948630550764235 -0.893287222096615 -5.5613257419160927e-8
vn 0.30656027736557095 -0.9518512469611742 -4.658862147723093e-8
vn 0.44948630550764235 -0.893287222096615 -5.5613257419160927e-8
vn 0.47600789864720294 -0.8794410045167737 -4.874239393638841e-8
vn 0.47600789864720294 -0.8794410045167737 -4.874239393638841e-8
vn 0.32474250194282844 -0.9458024674486266 -4.134233847718108e-8
vn 0.30656027736557095 -0.9518512469611742 -4.658862147723093e-8
vn 0.15453183544969074 -0.9879878095566502 -4.318631832733972e-8
vn 0.30656027736557095 -0.9518512469611742 -4.658862147723093e-8
vn 0.32474250194282844 -0.9458024674486266 -4.134233847718108e-8
vn 0.32474250194282844 -0.9458024674486266 -4.134233847718108e-8
vn 0.16461768720418807 -0.9863574489299214 -4.31362041276176e-8
vn 0.15453183544969074 -0.9879878095566502 -4.318631832733972e-8
vn -9.518896781912641e-9 -0.9999999999999989 -4.369023670798553e-8
vn 0.15453183544969074 -0.9879878095566502 -4.318631832733972e-8
vn 0.16461768720418807 -0.9863574489299214 -4.31362041276176e-8
vn 0.16461768720418807 -0.9863574489299214 -4.31362041276176e-8
vn 7.139172808479086e-9 -0.9999999999999989 -4.3732538977311866e-8
vn -9.518896781912641e-9 -0.9999999999999989 -4.369023670798553e-8
vn -0.15453186454033066 -0.9879878050065635 -4.3162560592852355e-8
vn -9.518896781912641e-9 -0.9999999999999989 -4.369023670798553e-8
vn 7.139172808479086e-9 -0.9999999999999989 -4.3732538977311866e-8
vn 7.139172808479086e-9 -0.9999999999999989 -4.3732538977311866e-8
vn -0.16461767270683314 -0.9863574513494507 -4.3115053107422386e-8
vn -0.15453186454033066 -0.9879878050065635 -4.3162560592852355e-8
vn -0.30656027736557095 -0.9518512469611744 -4.160673902442873e-8
vn -0.15453186454033066 -0.9879878050065635 -4.3162560592852355e-8
vn -0.16461767270683314 -0.9863574513494507 -4.3115053107422386e-8
vn -0.16461767270683314 -0.9863574513494507 -4.3115053107422386e-8
vn -0.3247425286022668 -0.9458024582950736 -4.134233807706658e-8
vn -0.30656027736557095 -0.9518512469611744 -4.160673902442873e-8
vn -0.4494861626695455 -0.8932872939702015 -3.904682736164166e-8
vn -0.30656027736557095 -0.9518512469611744 -4.160673902442873e-8
vn -0.3247425286022668 -0.9458024582950736 -4.134233807706658e-8
vn -0.3247425286022668 -0.9458024582950736 -4.134233807706658e-8
vn -0.4760079466485584 -0.8794409785354687 -2.857300135409468e-8
vn -0.4494861626695455 -0.8932872939702015 -3.904682736164166e-8
vn -0.5870612256961039 -0.809542535809075 -2.6611071166554913e-8
vn -0.4494861626695455 -0.8932872939702015 -3.904682736164166e-8
vn -0.4760079466485584 -0.8794409785354687 -2.857300135409468e-8
vn -0.4760079466485584 -0.8794409785354687 -2.857300135409468e-8
vn -0.6142854580958018 -0.7890838839895473 -3.5886113343572353e-8
vn -0.5870612256961039 -0.809542535809075 -2.6611071166554913e-8
vn -0.7169582233717918 -0.697116135188078 -2.6790160195087006e-8
vn -0.5870612256961039 -0.809542535809075 -2.6611071166554913e-8
vn -0.6142854580958018 -0.7890838839895473 -3.5886113343572353e-8
vn -0.6142854580958018 -0.7890838839895473 -3.5886113343572353e-8
vn -0.7358015081945865 -0.6771972685551602 -4.6213446058006995e-8
vn -0.7169582233717918 -0.697116135188078 -2.6790160195087006e-8
vn -0.8189925565490409 -0.5738041410771307 -4.7269150886895356e-8
vn -0.7169582233717918 -0.697116135188078 -2.6790160195087006e-8
vn -0.7358015081945865 -0.6771972685551602 -4.6213446058006995e-8
vn -0.7358015081945865 -0.6771972685551602 -4.6213446058006995e-8
vn -0.8372415974540687 -0.5468331623928439 -2.390283644657572e-8
vn -0.8189925565490409 -0.5738041410771307 -4.7269150886895356e-8
vn -0.8977445651960162 -0.4405163965858883 -1.9255583062211834e-8
vn -0.8189925565490409 -0.5738041410771307 -4.7269150886895356e-8
vn -0.8372415974540687 -0.5468331623928439 -2.390283644657572e-8
vn -0.8372415974540687 -0.5468331623928439 -2.390283644657572e-8
vn -0.9158378766225335 -0.4015482333961001 -1.755223056750737e-8
vn -0.8977445651960162 -0.4405163965858883 -1.9255583062211834e-8
vn -0.9564728843875931 -0.2918212148410005 -1.2755910302627896e-8
vn -0.8977445651960162 -0.4405163965858883 -1.9255583062211834e-8
vn -0.9158378766225335 -0.4015482333961001 -1.755223056750737e-8
vn -0.9158378766225335 -0.4015482333961001 -1.755223056750737e-8
vn -0.9694453497580681 -0.2453073864205007 -1.0722726308493014e-8
vn -0.9564728843875931 -0.2918212148410005 -1.2755910302627896e-8
vn -0.9908161428631611 -0.1352160162176362 -5.910479727426979e-9
vn -0.9564728843875931 -0.2918212148410005 -1.2755910302627896e-8
vn -0.9694453497580681 -0.2453073864205007 -1.0722726308493014e-8
vn -0.9694453497580681 -0.2453073864205007 -1.0722726308493014e-8
vn -0.9966015520580224 -0.08237321430866314 -3.6006475184915978e-9
vn -0.9908161428631611 -0.1352160162176362 -5.910479727426979e-9
vn -0.9999999761402946 0.00021844772915686624 9.54865341252167e-12
vn -0.9908161428631611 -0.1352160162176362 -5.910479727426979e-9
vn -0.9966015520580224 -0.08237321430866314 -3.6006475184915978e-9
vn -0.9966015520580224 -0.08237321430866314 -3.6006475184915978e-9
vn -0.9999999761402978 0.00021844771460495207 9.548652776437304e-12
vn -0.9999999761402946 0.00021844772915686624 9.54865341252167e-12
vn -0.08280941106699732 -0.9965654024893376 -4.356125681877678e-8
vn -0.08280941106699732 -0.9965654024893376 -4.356125681877678e-8
vn -0.08280941106699732 -0.9965654024893376 -4.356125681877678e-8
vn -0.08280941106699732 -0.9965654024893376 -4.356125681877678e-8
vn -0.08280941106699732 -0.9965654024893376 -4.356125681877678e-8
vn -0.08280941106699732 -0.9965654024893376 -4.356125681877678e-8
vn 0.991435845221711 0.13059465842641393 5.708473764655215e-9
vn 0.9999999762117455 -0.00021812039839911432 -9.534345330816746e-12
vn 0.9999999762117361 -0.0002181204420548569 -9.534347239069841e-12
vn 0.9999999762117361 -0.0002181204420548569 -9.534347239069841e-12
vn 0.9966015265761917 0.08237352260285989 3.6006609944588016e-9
vn 0.991435845221711 0.13059465842641393 5.708473764655215e-9
vn 0.9578869096992136 0.28714572646461267 1.2551538216853814e-8
vn 0.991435845221711 0.13059465842641393 5.708473764655215e-9
vn 0.9966015265761917 0.08237352260285989 3.6006609944588016e-9
vn 0.9966015265761917 0.08237352260285989 3.6006609944588016e-9
vn 0.9694453071908581 0.24530755464440923 5.509846251304874e-8
vn 0.9578869096992136 0.28714572646461267 1.2551538216853814e-8
vn 0.8999623179144483 0.43596768955284326 9.659598038452148e-8
vn 0.9578869096992136 0.28714572646461267 1.2551538216853814e-8
vn 0.9694453071908581 0.24530755464440923 5.509846251304874e-8
vn 0.9694453071908581 0.24530755464440923 5.509846251304874e-8
vn 0.9158378341321246 0.40154833030678455 1.1158048055439472e-7
vn 0.8999623179144483 0.43596768955284326 9.659598038452148e-8
vn 0.8216539128530921 0.5699867081723855 1.0582774484901756e-7
vn 0.8999623179144483 0.43596768955284326 9.659598038452148e-8
vn 0.9158378341321246 0.40154833030678455 1.1158048055439472e-7
vn 0.9158378341321246 0.40154833030678455 1.1158048055439472e-7
vn 0.8372418324807597 0.5468328025496043 6.977586496866701e-8
vn 0.8216539128530921 0.5699867081723855 1.0582774484901756e-7
vn 0.7195572825769815 0.6944330904345121 5.300928910155217e-8
vn 0.8216539128530921 0.5699867081723855 1.0582774484901756e-7
vn 0.8372418324807597 0.5468328025496043 6.977586496866701e-8
vn 0.8372418324807597 0.5468328025496043 6.977586496866701e-8
vn 0.7358017660322148 0.6771969884043144 2.960122020601469e-8
vn 0.7195572825769815 0.6944330904345121 5.300928910155217e-8
vn 0.5907015970471722 0.8068900936595512 3.527028583034381e-8
vn 0.7195572825769815 0.6944330904345121 5.300928910155217e-8
vn 0.7358017660322148 0.6771969884043144 2.960122020601469e-8
vn 0.7358017660322148 0.6771969884043144 2.960122020601469e-8
vn 0.6142847527136094 0.7890844331144662 3.449197569646306e-8
vn 0.5907015970471722 0.8068900936595512 3.527028583034381e-8
vn 0.4534631307112371 0.891275035600999 3.895886875562583e-8
vn 0.5907015970471722 0.8068900936595512 3.527028583034381e-8
vn 0.6142847527136094 0.7890844331144662 3.449197569646306e-8
vn 0.6142847527136094 0.7890844331144662 3.449197569646306e-8
vn 0.476007570246253 0.8794411822676128 4.1562766299463044e-8
vn 0.4534631307112371 0.891275035600999 3.895886875562583e-8
vn 0.3094462967177344 0.9509169203709008 4.437088936532126e-8
vn 0.4534631307112371 0.891275035600999 3.895886875562583e-8
vn 0.476007570246253 0.8794411822676128 4.1562766299463044e-8
vn 0.476007570246253 0.8794411822676128 4.1562766299463044e-8
vn 0.3247433666019449 0.9458021705663573 4.494425099474464e-8
vn 0.3094462967177344 0.9509169203709008 4.437088936532126e-8
vn 0.15629002694606053 0.987711206515952 4.485780370703811e-8
vn 0.3094462967177344 0.9509169203709008 4.437088936532126e-8
vn 0.3247433666019449 0.9458021705663573 4.494425099474464e-8
vn 0.3247433666019449 0.9458021705663573 4.494425099474464e-8
vn 0.16461740207632403 0.986357496516167 4.313588337018211e-8
vn 0.15629002694606053 0.987711206515952 4.485780370703811e-8
vn 9.518894117377382e-9 0.9999999999999989 4.3690559557371647e-8
vn 0.15629002694606053 0.987711206515952 4.485780370703811e-8
vn 0.16461740207632403 0.986357496516167 4.313588337018211e-8
vn 0.16461740207632403 0.986357496516167 4.313588337018211e-8
vn -1.1898617202632519e-8 0.9999999999999989 4.373221612792575e-8
vn 9.518894117377382e-9 0.9999999999999989 4.3690559557371647e-8
vn -0.1562899978717061 0.9877112111165187 4.3151279942006186e-8
vn 9.518894117377382e-9 0.9999999999999989 4.3690559557371647e-8
vn -1.1898617202632519e-8 0.9999999999999989 4.373221612792575e-8
vn -1.1898617202632519e-8 0.9999999999999989 4.373221612792575e-8
vn -0.16461743107103596 0.9863574916771155 4.1207620251138677e-8
vn -0.1562899978717061 0.9877112111165187 4.3151279942006186e-8
vn -0.30944562428382116 0.950917139193313 3.8621995607674594e-8
vn -0.1562899978717061 0.9877112111165187 4.3151279942006186e-8
vn -0.16461743107103596 0.9863574916771155 4.1207620251138677e-8
vn -0.16461743107103596 0.9863574916771155 4.1207620251138677e-8
vn -0.3247433216353738 0.9458021860057308 -7.329819888478194e-8
vn -0.30944562428382116 0.950917139193313 3.8621995607674594e-8
vn -0.453462727004189 0.8912752409990539 -5.3714043719057026e-8
vn -0.30944562428382116 0.950917139193313 3.8621995607674594e-8
vn -0.3247433216353738 0.9458021860057308 -7.329819888478194e-8
vn -0.3247433216353738 0.9458021860057308 -7.329819888478194e-8
vn -0.47600766434683045 0.8794411313345912 -9.647073261833945e-8
vn -0.453462727004189 0.8912752409990539 -5.3714043719057026e-8
vn -0.5907021555725579 0.8068896847784852 -1.0255060374345915e-7
vn -0.453462727004189 0.8912752409990539 -5.3714043719057026e-8
vn -0.47600766434683045 0.8794411313345912 -9.647073261833945e-8
vn -0.47600766434683045 0.8794411313345912 -9.647073261833945e-8
vn -0.6142847156005224 0.7890844620061809 3.449197695936e-8
vn -0.5907021555725579 0.8068896847784852 -1.0255060374345915e-7
vn -0.7195571069956753 0.6944332723682046 3.035464209932633e-8
vn -0.5907021555725579 0.8068896847784852 -1.0255060374345915e-7
vn -0.6142847156005224 0.7890844620061809 3.449197695936e-8
vn -0.6142847156005224 0.7890844620061809 3.449197695936e-8
vn -0.7358017363322488 0.6771970206745213 -3.1987269128284393e-9
vn -0.7195571069956753 0.6944332723682046 3.035464209932633e-8
vn -0.8216536206264933 0.569987129426073 -7.570823135777881e-9
vn -0.7195571069956753 0.6944332723682046 3.035464209932633e-8
vn -0.7358017363322488 0.6771970206745213 -3.1987269128284393e-9
vn -0.7358017363322488 0.6771970206745213 -3.1987269128284393e-9
vn -0.8372418324807576 0.5468328025496086 -6.056301135249145e-8
vn -0.8216536206264933 0.569987129426073 -7.570823135777881e-9
vn -0.8999623643225927 0.43596759375311844 -7.050773867496411e-8
vn -0.8216536206264933 0.569987129426073 -7.570823135777881e-9
vn -0.8372418324807576 0.5468328025496086 -6.056301135249145e-8
vn -0.8372418324807576 0.5468328025496086 -6.056301135249145e-8
vn -0.9158378656626359 0.40154825839306785 -3.956260983257638e-8
vn -0.8999623643225927 0.43596759375311844 -7.050773867496411e-8
vn -0.957887067078192 0.28714520146493094 -5.669248824573263e-8
vn -0.8999623643225927 0.43596759375311844 -7.050773867496411e-8
vn -0.9158378656626359 0.40154825839306785 -3.956260983257638e-8
vn -0.9158378656626359 0.40154825839306785 -3.956260983257638e-8
vn -0.9694453107345378 0.2453075406399391 1.0722733049638697e-8
vn -0.957887067078192 0.28714520146493094 -5.669248824573263e-8
vn -0.9914358471510569 0.1305946437793912 5.708473124413523e-9
vn -0.957887067078192 0.28714520146493094 -5.669248824573263e-8
vn -0.9694453107345378 0.2453075406399391 1.0722733049638697e-8
vn -0.9694453107345378 0.2453075406399391 1.0722733049638697e-8
vn -0.9966015259645471 0.08237353000288539 3.6006613179241852e-9
vn -0.9914358471510569 0.1305946437793912 5.708473124413523e-9
vn -0.9999999762117393 -0.00021812042750294272 -9.534346602985478e-12
vn -0.9914358471510569 0.1305946437793912 5.708473124413523e-9
vn -0.9966015259645471 0.08237353000288539 3.6006613179241852e-9
vn -0.9966015259645471 0.08237353000288539 3.6006613179241852e-9
vn -0.9999999762117455 -0.00021812039839911432 -9.534345330816746e-12
vn -0.9999999762117393 -0.00021812042750294272 -9.534346602985478e-12
vn 0.08280941846648632 -0.9965654018744784 -4.356125679190043e-8
vn 0.08280941106699732 -0.9965654024893376 -4.356125681877678e-8
vn 0.08280941846648632 -0.9965654018744784 -4.356125679190043e-8
vn 0.08280941846648632 -0.9965654018744784 -4.356125679190043e-8
vn 0.08280941106699732 -0.9965654024893376 -4.356125681877678e-8
vn 0.08280941846648632 -0.9965654018744784 -4.356125679190043e-8
vn -7.448916483632211e-11 -8.572327514499977e-8 0.9999999999999964
vn -2.0276198676939966e-8 0.16305858198432102 0.9866163888975604
vn -0.0663218487460876 0.14896161770099828 0.9866163635531305
vn -7.448916483632211e-11 -8.572327514499977e-8 0.9999999999999964
vn -0.0663218487460876 0.14896161770099828 0.9866163635531305
vn -0.12117627073839453 0.1091075836344962 0.9866163624243097
vn -7.448916483632211e-11 -8.572327514499977e-8 0.9999999999999964
vn -0.12117627073839453 0.1091075836344962 0.9866163624243097
vn -0.15507808187105096 0.05038783811311514 0.9866163663215213
vn -7.448916483632211e-11 -8.572327514499977e-8 0.9999999999999964
vn -0.15507808187105096 0.05038783811311514 0.9866163663215213
vn -0.16216546171444782 -0.017044412125655585 0.9866163646738437
vn -7.448916483632211e-11 -8.572327514499977e-8 0.9999999999999964
vn -0.16216546171444782 -0.017044412125655585 0.9866163646738437
vn -0.1412130269480409 -0.08152948752817879 0.9866163508089476
vn -7.448916483632211e-11 -8.572327514499977e-8 0.9999999999999964
vn -0.1412130269480409 -0.08152948752817879 0.9866163508089476
vn -0.09584340494394003 -0.1319173117318717 0.9866163715417398
vn -7.448916483632211e-11 -8.572327514499977e-8 0.9999999999999964
vn -0.09584340494394003 -0.1319173117318717 0.9866163715417398
vn -0.03390178171846217 -0.15949571386476227 0.9866163319422012
vn -7.448916483632211e-11 -8.572327514499977e-8 0.9999999999999964
vn -0.03390178171846217 -0.15949571386476227 0.9866163319422012
vn 0.03390202020599042 -0.15949528205542804 0.9866163935532452
vn -7.448916483632211e-11 -8.572327514499977e-8 0.9999999999999964
vn 0.03390202020599042 -0.15949528205542804 0.9866163935532452
vn 0.09584332204478858 -0.13191744454471474 0.9866163618368647
vn -7.448916483632211e-11 -8.572327514499977e-8 0.9999999999999964
vn 0.09584332204478858 -0.13191744454471474 0.9866163618368647
vn 0.14121304163783463 -0.08152947995556528 0.986616349332184
vn -7.448916483632211e-11 -8.572327514499977e-8 0.9999999999999964
vn 0.14121304163783463 -0.08152947995556528 0.986616349332184
vn 0.16216547710410595 -0.017044093664680085 0.9866163676458785
vn -7.448916483632211e-11 -8.572327514499977e-8 0.9999999999999964
vn 0.16216547710410595 -0.017044093664680085 0.9866163676458785
vn 0.15507805191216137 0.0503879498209512 0.9866163653254341
vn -7.448916483632211e-11 -8.572327514499977e-8 0.9999999999999964
vn 0.15507805191216137 0.0503879498209512 0.9866163653254341
vn 0.12117624910888299 0.10910755448247283 0.9866163683047002
vn -7.448916483632211e-11 -8.572327514499977e-8 0.9999999999999964
vn 0.12117624910888299 0.10910755448247283 0.9866163683047002
vn 0.06632184918773168 0.14896157398946602 0.9866163701231094
vn -7.448916483632211e-11 -8.572327514499977e-8 0.9999999999999964
vn 0.06632184918773168 0.14896157398946602 0.9866163701231094
vn -2.0276198676939966e-8 0.16305858198432102 0.9866163888975604
vn -0.15659073000497958 0.3517089977964072 0.9229193486678857
vn -0.0663218487460876 0.14896161770099828 0.9866163635531305
vn -2.0276198676939966e-8 0.16305858198432102 0.9866163888975604
vn -2.0276198676939966e-8 0.16305858198432102 0.9866163888975604
vn -1.0169139328547206e-7 0.3849930136678108 0.9229194869689157
vn -0.15659073000497958 0.3517089977964072 0.9229193486678857
vn -0.2861057266038161 0.257610463491925 0.9229194776923815
vn -0.12117627073839453 0.1091075836344962 0.9866163624243097
vn -0.0663218487460876 0.14896161770099828 0.9866163635531305
vn -0.0663218487460876 0.14896161770099828 0.9866163635531305
vn -0.15659073000497958 0.3517089977964072 0.9229193486678857
vn -0.2861057266038161 0.257610463491925 0.9229194776923815
vn -0.36615026599022144 0.11896949148064817 0.9229194129565844
vn -0.15507808187105096 0.05038783811311514 0.9866163663215213
vn -0.12117627073839453 0.1091075836344962 0.9866163624243097
vn -0.12117627073839453 0.1091075836344962 0.9866163624243097
vn -0.2861057266038161 0.257610463491925 0.9229194776923815
vn -0.36615026599022144 0.11896949148064817 0.9229194129565844
vn -0.3828839580647338 -0.04024286048947372 0.9229194909829935
vn -0.16216546171444782 -0.017044412125655585 0.9866163646738437
vn -0.15507808187105096 0.05038783811311514 0.9866163663215213
vn -0.15507808187105096 0.05038783811311514 0.9866163663215213
vn -0.36615026599022144 0.11896949148064817 0.9229194129565844
vn -0.3828839580647338 -0.04024286048947372 0.9229194909829935
vn -0.33341383780221157 -0.1924965478140353 0.9229194395187911
vn -0.1412130269480409 -0.08152948752817879 0.9866163508089476
vn -0.16216546171444782 -0.017044412125655585 0.9866163646738437
vn -0.16216546171444782 -0.017044412125655585 0.9866163646738437
vn -0.3828839580647338 -0.04024286048947372 0.9229194909829935
vn -0.33341383780221157 -0.1924965478140353 0.9229194395187911
vn -0.22629340596009448 -0.31146617627584633 0.9229193439597433
vn -0.09584340494394003 -0.1319173117318717 0.9866163715417398
vn -0.1412130269480409 -0.08152948752817879 0.9866163508089476
vn -0.1412130269480409 -0.08152948752817879 0.9866163508089476
vn -0.33341383780221157 -0.1924965478140353 0.9229194395187911
vn -0.22629340596009448 -0.31146617627584633 0.9229193439597433
vn -0.08004433681818122 -0.37658001140999503 0.9229194976539317
vn -0.03390178171846217 -0.15949571386476227 0.9866163319422012
vn -0.09584340494394003 -0.1319173117318717 0.9866163715417398
vn -0.09584340494394003 -0.1319173117318717 0.9866163715417398
vn -0.22629340596009448 -0.31146617627584633 0.9229193439597433
vn -0.08004433681818122 -0.37658001140999503 0.9229194976539317
vn 0.08004450147741865 -0.3765799553171883 0.9229195062607226
vn 0.03390202020599042 -0.15949528205542804 0.9866163935532452
vn -0.03390178171846217 -0.15949571386476227 0.9866163319422012
vn -0.03390178171846217 -0.15949571386476227 0.9866163319422012
vn -0.08004433681818122 -0.37658001140999503 0.9229194976539317
vn 0.08004450147741865 -0.3765799553171883 0.9229195062607226
vn 0.22629317933969234 -0.311466201807284 0.9229193909091293
vn 0.09584332204478858 -0.13191744454471474 0.9866163618368647
vn 0.03390202020599042 -0.15949528205542804 0.9866163935532452
vn 0.03390202020599042 -0.15949528205542804 0.9866163935532452
vn 0.08004450147741865 -0.3765799553171883 0.9229195062607226
vn 0.22629317933969234 -0.311466201807284 0.9229193909091293
vn 0.3334138082736 -0.19249630955348665 0.922919499881102
vn 0.14121304163783463 -0.08152947995556528 0.986616349332184
vn 0.09584332204478858 -0.13191744454471474 0.9866163618368647
vn 0.09584332204478858 -0.13191744454471474 0.9866163618368647
vn 0.22629317933969234 -0.311466201807284 0.9229193909091293
vn 0.3334138082736 -0.19249630955348665 0.922919499881102
vn 0.38288396018854876 -0.04024272287695745 0.9229194961023318
vn 0.16216547710410595 -0.017044093664680085 0.9866163676458785
vn 0.14121304163783463 -0.08152947995556528 0.986616349332184
vn 0.14121304163783463 -0.08152947995556528 0.986616349332184
vn 0.3334138082736 -0.19249630955348665 0.922919499881102
vn 0.38288396018854876 -0.04024272287695745 0.9229194961023318
vn 0.36615004960198183 0.11896938464724323 0.9229195125757839
vn 0.15507805191216137 0.0503879498209512 0.9866163653254341
vn 0.16216547710410595 -0.017044093664680085 0.9866163676458785
vn 0.16216547710410595 -0.017044093664680085 0.9866163676458785
vn 0.38288396018854876 -0.04024272287695745 0.9229194961023318
vn 0.36615004960198183 0.11896938464724323 0.9229195125757839
vn 0.28610560836639143 0.25761058357628897 0.9229194808274345
vn 0.12117624910888299 0.10910755448247283 0.9866163683047002
vn 0.15507805191216137 0.0503879498209512 0.9866163653254341
vn 0.15507805191216137 0.0503879498209512 0.9866163653254341
vn 0.36615004960198183 0.11896938464724323 0.9229195125757839
vn 0.28610560836639143 0.25761058357628897 0.9229194808274345
vn 0.1565905983682369 0.3517087053292246 0.9229194824567949
vn 0.06632184918773168 0.14896157398946602 0.9866163701231094
vn 0.12117624910888299 0.10910755448247283 0.9866163683047002
vn 0.12117624910888299 0.10910755448247283 0.9866163683047002
vn 0.28610560836639143 0.25761058357628897 0.9229194808274345
vn 0.1565905983682369 0.3517087053292246 0.9229194824567949
vn -1.0169139328547206e-7 0.3849930136678108 0.9229194869689157
vn -2.0276198676939966e-8 0.16305858198432102 0.9866163888975604
vn 0.06632184918773168 0.14896157398946602 0.9866163701231094
vn 0.06632184918773168 0.14896157398946602 0.9866163701231094
vn 0.1565905983682369 0.3517087053292246 0.9229194824567949
vn -1.0169139328547206e-7 0.3849930136678108 0.9229194869689157
vn -0.3236351126473101 0.7268965830028964 0.6057075791836158
vn -0.15659073000497958 0.3517089977964072 0.9229193486678857
vn -1.0169139328547206e-7 0.3849930136678108 0.9229194869689157
vn -1.0169139328547206e-7 0.3849930136678108 0.9229194869689157
vn -3.8047619103662145e-7 0.7956869860005492 0.6057080322310552
vn -0.3236351126473101 0.7268965830028964 0.6057075791836158
vn -0.5913109368263637 0.5324185392376584 0.6057077472391833
vn -0.2861057266038161 0.257610463491925 0.9229194776923815
vn -0.15659073000497958 0.3517089977964072 0.9229193486678857
vn -0.15659073000497958 0.3517089977964072 0.9229193486678857
vn -0.3236351126473101 0.7268965830028964 0.6057075791836158
vn -0.5913109368263637 0.5324185392376584 0.6057077472391833
vn -0.7567435266300602 0.2458806143264212 0.6057078160317573
vn -0.36615026599022144 0.11896949148064817 0.9229194129565844
vn -0.2861057266038161 0.257610463491925 0.9229194776923815
vn -0.2861057266038161 0.257610463491925 0.9229194776923815
vn -0.5913109368263637 0.5324185392376584 0.6057077472391833
vn -0.7567435266300602 0.2458806143264212 0.6057078160317573
vn -0.7913283565673351 -0.08317226436765367 0.6057076906663786
vn -0.3828839580647338 -0.04024286048947372 0.9229194909829935
vn -0.36615026599022144 0.11896949148064817 0.9229194129565844
vn -0.36615026599022144 0.11896949148064817 0.9229194129565844
vn -0.7567435266300602 0.2458806143264212 0.6057078160317573
vn -0.7913283565673351 -0.08317226436765367 0.6057076906663786
vn -0.6890848285233799 -0.3978437453650428 0.6057082246204184
vn -0.33341383780221157 -0.1924965478140353 0.9229194395187911
vn -0.3828839580647338 -0.04024286048947372 0.9229194909829935
vn -0.3828839580647338 -0.04024286048947372 0.9229194909829935
vn -0.7913283565673351 -0.08317226436765367 0.6057076906663786
vn -0.6890848285233799 -0.3978437453650428 0.6057082246204184
vn -0.46769375849390193 -0.6437249023097077 0.6057068584820591
vn -0.22629340596009448 -0.31146617627584633 0.9229193439597433
vn -0.33341383780221157 -0.1924965478140353 0.9229194395187911
vn -0.33341383780221157 -0.1924965478140353 0.9229194395187911
vn -0.6890848285233799 -0.3978437453650428 0.6057082246204184
vn -0.46769375849390193 -0.6437249023097077 0.6057068584820591
vn -0.16543260464867837 -0.7782995486300742 0.6057077396908319
vn -0.08004433681818122 -0.37658001140999503 0.9229194976539317
vn -0.22629340596009448 -0.31146617627584633 0.9229193439597433
vn -0.22629340596009448 -0.31146617627584633 0.9229193439597433
vn -0.46769375849390193 -0.6437249023097077 0.6057068584820591
vn -0.16543260464867837 -0.7782995486300742 0.6057077396908319
vn 0.1654328817241083 -0.7782994605782794 0.6057077771566224
vn 0.08004450147741865 -0.3765799553171883 0.9229195062607226
vn -0.08004433681818122 -0.37658001140999503 0.9229194976539317
vn -0.08004433681818122 -0.37658001140999503 0.9229194976539317
vn -0.16543260464867837 -0.7782995486300742 0.6057077396908319
vn 0.1654328817241083 -0.7782994605782794 0.6057077771566224
vn 0.46769350150644085 -0.6437250555657776 0.6057068940382643
vn 0.22629317933969234 -0.311466201807284 0.9229193909091293
vn 0.08004450147741865 -0.3765799553171883 0.9229195062607226
vn 0.08004450147741865 -0.3765799553171883 0.9229195062607226
vn 0.1654328817241083 -0.7782994605782794 0.6057077771566224
vn 0.46769350150644085 -0.6437250555657776 0.6057068940382643
vn 0.6890856815087565 -0.39784378586004887 0.6057072276208663
vn 0.3334138082736 -0.19249630955348665 0.922919499881102
vn 0.22629317933969234 -0.311466201807284 0.9229193909091293
vn 0.22629317933969234 -0.311466201807284 0.9229193909091293
vn 0.46769350150644085 -0.6437250555657776 0.6057068940382643
vn 0.6890856815087565 -0.39784378586004887 0.6057072276208663
vn 0.7913284166059914 -0.08317169071857426 0.6057076909986105
vn 0.38288396018854876 -0.04024272287695745 0.9229194961023318
vn 0.3334138082736 -0.19249630955348665 0.922919499881102
vn 0.3334138082736 -0.19249630955348665 0.922919499881102
vn 0.6890856815087565 -0.39784378586004887 0.6057072276208663
vn 0.7913284166059914 -0.08317169071857426 0.6057076909986105
vn 0.7567435153601767 0.24588143469406734 0.6057074970917143
vn 0.36615004960198183 0.11896938464724323 0.9229195125757839
vn 0.38288396018854876 -0.04024272287695745 0.9229194961023318
vn 0.38288396018854876 -0.04024272287695745 0.9229194961023318
vn 0.7913284166059914 -0.08317169071857426 0.6057076909986105
vn 0.7567435153601767 0.24588143469406734 0.6057074970917143
vn 0.5913106278332596 0.5324188273835664 0.6057077956068788
vn 0.28610560836639143 0.25761058357628897 0.9229194808274345
vn 0.36615004960198183 0.11896938464724323 0.9229195125757839
vn 0.36615004960198183 0.11896938464724323 0.9229195125757839
vn 0.7567435153601767 0.24588143469406734 0.6057074970917143
vn 0.5913106278332596 0.5324188273835664 0.6057077956068788
vn 0.3236349025130528 0.7268965795934194 0.6057076955518681
vn 0.1565905983682369 0.3517087053292246 0.9229194824567949
vn 0.28610560836639143 0.25761058357628897 0.9229194808274345
vn 0.28610560836639143 0.25761058357628897 0.9229194808274345
vn 0.5913106278332596 0.5324188273835664 0.6057077956068788
vn 0.3236349025130528 0.7268965795934194 0.6057076955518681
vn -3.8047619103662145e-7 0.7956869860005492 0.6057080322310552
vn -1.0169139328547206e-7 0.3849930136678108 0.9229194869689157
vn 0.1565905983682369 0.3517087053292246 0.9229194824567949
vn 0.1565905983682369 0.3517087053292246 0.9229194824567949
vn 0.3236349025130528 0.7268965795934194 0.6057076955518681
vn -3.8047619103662145e-7 0.7956869860005492 0.6057080322310552
vn -0.3969329304999829 0.8915258758153526 -0.21823350209434897
vn -0.3236351126473101 0.7268965830028964 0.6057075791836158
vn -3.8047619103662145e-7 0.7956869860005492 0.6057080322310552
vn -3.8047619103662145e-7 0.7956869860005492 0.6057080322310552
vn -3.887559499820306e-7 0.9758966061564107 -0.21823339362308547
vn -0.3969329304999829 0.8915258758153526 -0.21823350209434897
vn -0.7252325224786321 0.6530021948681773 -0.21823364047878382
vn -0.5913109368263637 0.5324185392376584 0.6057077472391833
vn -0.3236351126473101 0.7268965830028964 0.6057075791836158
vn -0.3236351126473101 0.7268965830028964 0.6057075791836158
vn -0.3969329304999829 0.8915258758153526 -0.21823350209434897
vn -0.7252325224786321 0.6530021948681773 -0.21823364047878382
vn -0.9281328976469951 0.30156834082047396 -0.21823349907880535
vn -0.7567435266300602 0.2458806143264212 0.6057078160317573
vn -0.5913109368263637 0.5324185392376584 0.6057077472391833
vn -0.5913109368263637 0.5324185392376584 0.6057077472391833
vn -0.7252325224786321 0.6530021948681773 -0.21823364047878382
vn -0.9281328976469951 0.30156834082047396 -0.21823349907880535
vn -0.97055043384009 -0.1020091320911065 -0.2182338020170846
vn -0.7913283565673351 -0.08317226436765367 0.6057076906663786
vn -0.7567435266300602 0.2458806143264212 0.6057078160317573
vn -0.7567435266300602 0.2458806143264212 0.6057078160317573
vn -0.9281328976469951 0.30156834082047396 -0.21823349907880535
vn -0.97055043384009 -0.1020091320911065 -0.2182338020170846
vn -0.8451509440685095 -0.4879490021487017 -0.2182330246369539
vn -0.6890848285233799 -0.3978437453650428 0.6057082246204184
vn -0.7913283565673351 -0.08317226436765367 0.6057076906663786
vn -0.7913283565673351 -0.08317226436765367 0.6057076906663786
vn -0.97055043384009 -0.1020091320911065 -0.2182338020170846
vn -0.8451509440685095 -0.4879490021487017 -0.2182330246369539
vn -0.5736175619809658 -0.7895169544443348 -0.21823352453725964
vn -0.46769375849390193 -0.6437249023097077 0.6057068584820591
vn -0.6890848285233799 -0.3978437453650428 0.6057082246204184
vn -0.6890848285233799 -0.3978437453650428 0.6057082246204184
vn -0.8451509440685095 -0.4879490021487017 -0.2182330246369539
vn -0.5736175619809658 -0.7895169544443348 -0.21823352453725964
vn -0.20290042775716863 -0.9545707159746659 -0.21823419672354583
vn -0.16543260464867837 -0.7782995486300742 0.6057077396908319
vn -0.46769375849390193 -0.6437249023097077 0.6057068584820591
vn -0.46769375849390193 -0.6437249023097077 0.6057068584820591
vn -0.5736175619809658 -0.7895169544443348 -0.21823352453725964
vn -0.20290042775716863 -0.9545707159746659 -0.21823419672354583
vn 0.20290056766744466 -0.9545707327609525 -0.21823399321931322
vn 0.1654328817241083 -0.7782994605782794 0.6057077771566224
vn -0.16543260464867837 -0.7782995486300742 0.6057077396908319
vn -0.16543260464867837 -0.7782995486300742 0.6057077396908319
vn -0.20290042775716863 -0.9545707159746659 -0.21823419672354583
vn 0.20290056766744466 -0.9545707327609525 -0.21823399321931322
vn 0.5736178669584248 -0.7895165467834895 -0.21823419773523423
vn 0.46769350150644085 -0.6437250555657776 0.6057068940382643
vn 0.1654328817241083 -0.7782994605782794 0.6057077771566224
vn 0.1654328817241083 -0.7782994605782794 0.6057077771566224
vn 0.20290056766744466 -0.9545707327609525 -0.21823399321931322
vn 0.5736178669584248 -0.7895165467834895 -0.21823419773523423
vn 0.8451514248020645 -0.48794778250303505 -0.2182338899103691
vn 0.6890856815087565 -0.39784378586004887 0.6057072276208663
vn 0.46769350150644085 -0.6437250555657776 0.6057068940382643
vn 0.46769350150644085 -0.6437250555657776 0.6057068940382643
vn 0.5736178669584248 -0.7895165467834895 -0.21823419773523423
vn 0.8451514248020645 -0.48794778250303505 -0.2182338899103691
vn 0.9705505030340221 -0.10200859665716824 -0.2182337445686204
vn 0.7913284166059914 -0.08317169071857426 0.6057076909986105
vn 0.6890856815087565 -0.39784378586004887 0.6057072276208663
vn 0.6890856815087565 -0.39784378586004887 0.6057072276208663
vn 0.8451514248020645 -0.48794778250303505 -0.2182338899103691
vn 0.9705505030340221 -0.10200859665716824 -0.2182337445686204
vn 0.9281326505314077 0.3015687254248601 -0.21823401857448582
vn 0.7567435153601767 0.24588143469406734 0.6057074970917143
vn 0.7913284166059914 -0.08317169071857426 0.6057076909986105
vn 0.7913284166059914 -0.08317169071857426 0.6057076909986105
vn 0.9705505030340221 -0.10200859665716824 -0.2182337445686204
vn 0.9281326505314077 0.3015687254248601 -0.21823401857448582
vn 0.7252322848306608 0.6530024935852421 -0.21823353640253101
vn 0.5913106278332596 0.5324188273835664 0.6057077956068788
vn 0.7567435153601767 0.24588143469406734 0.6057074970917143
vn 0.7567435153601767 0.24588143469406734 0.6057074970917143
vn 0.9281326505314077 0.3015687254248601 -0.21823401857448582
vn 0.7252322848306608 0.6530024935852421 -0.21823353640253101
vn 0.3969325317980683 0.8915260293125605 -0.21823360020527383
vn 0.3236349025130528 0.7268965795934194 0.6057076955518681
vn 0.5913106278332596 0.5324188273835664 0.6057077956068788
vn 0.5913106278332596 0.5324188273835664 0.6057077956068788
vn 0.7252322848306608 0.6530024935852421 -0.21823353640253101
vn 0.3969325317980683 0.8915260293125605 -0.21823360020527383
vn -3.887559499820306e-7 0.9758966061564107 -0.21823339362308547
vn -3.8047619103662145e-7 0.7956869860005492 0.6057080322310552
vn 0.3236349025130528 0.7268965795934194 0.6057076955518681
vn 0.3236349025130528 0.7268965795934194 0.6057076955518681
vn 0.3969325317980683 0.8915260293125605 -0.21823360020527383
vn -3.887559499820306e-7 0.9758966061564107 -0.21823339362308547
vn -0.22860905946663637 0.5134643175776792 -0.827098719926629
vn -0.3969329304999829 0.8915258758153526 -0.21823350209434897
vn -3.887559499820306e-7 0.9758966061564107 -0.21823339362308547
vn -3.887559499820306e-7 0.9758966061564107 -0.21823339362308547
vn -2.3014530842651688e-7 0.562056589131053 -0.8270987792363823
vn -0.22860905946663637 0.5134643175776792 -0.827098719926629
vn -0.41768945326524554 0.3760892312018295 -0.8270987914421091
vn -0.7252325224786321 0.6530021948681773 -0.21823364047878382
vn -0.3969329304999829 0.8915258758153526 -0.21823350209434897
vn -0.3969329304999829 0.8915258758153526 -0.21823350209434897
vn -0.22860905946663637 0.5134643175776792 -0.827098719926629
vn -0.41768945326524554 0.3760892312018295 -0.8270987914421091
vn -0.5345475110313104 0.17368494715537186 -0.8270988439006954
vn -0.9281328976469951 0.30156834082047396 -0.21823349907880535
vn -0.7252325224786321 0.6530021948681773 -0.21823364047878382
vn -0.7252325224786321 0.6530021948681773 -0.21823364047878382
vn -0.41768945326524554 0.3760892312018295 -0.8270987914421091
vn -0.5345475110313104 0.17368494715537186 -0.8270988439006954
vn -0.5589775477620917 -0.05875104439461017 -0.827098794510318
vn -0.97055043384009 -0.1020091320911065 -0.2182338020170846
vn -0.9281328976469951 0.30156834082047396 -0.21823349907880535
vn -0.9281328976469951 0.30156834082047396 -0.21823349907880535
vn -0.5345475110313104 0.17368494715537186 -0.8270988439006954
vn -0.5589775477620917 -0.05875104439461017 -0.827098794510318
vn -0.4867551685358978 -0.28102788043774013 -0.8270989882234541
vn -0.8451509440685095 -0.4879490021487017 -0.2182330246369539
vn -0.97055043384009 -0.1020091320911065 -0.2182338020170846
vn -0.97055043384009 -0.1020091320911065 -0.2182338020170846
vn -0.5589775477620917 -0.05875104439461017 -0.827098794510318
vn -0.4867551685358978 -0.28102788043774013 -0.8270989882234541
vn -0.3303685725057864 -0.4547146115630588 -0.8270980766097485
vn -0.5736175619809658 -0.7895169544443348 -0.21823352453725964
vn -0.8451509440685095 -0.4879490021487017 -0.2182330246369539
vn -0.8451509440685095 -0.4879490021487017 -0.2182330246369539
vn -0.4867551685358978 -0.28102788043774013 -0.8270989882234541
vn -0.3303685725057864 -0.4547146115630588 -0.8270980766097485
vn -0.11685801643510726 -0.5497740553933453 -0.8270989614376306
vn -0.20290042775716863 -0.9545707159746659 -0.21823419672354583
vn -0.5736175619809658 -0.7895169544443348 -0.21823352453725964
vn -0.5736175619809658 -0.7895169544443348 -0.21823352453725964
vn -0.3303685725057864 -0.4547146115630588 -0.8270980766097485
vn -0.11685801643510726 -0.5497740553933453 -0.8270989614376306
vn 0.11685808830165464 -0.5497738992149082 -0.8270990550958927
vn 0.20290056766744466 -0.9545707327609525 -0.21823399321931322
vn -0.20290042775716863 -0.9545707159746659 -0.21823419672354583
vn -0.20290042775716863 -0.9545707159746659 -0.21823419672354583
vn -0.11685801643510726 -0.5497740553933453 -0.8270989614376306
vn 0.11685808830165464 -0.5497738992149082 -0.8270990550958927
vn 0.3303686095556816 -0.4547132506316483 -0.8270988100101736
vn 0.5736178669584248 -0.7895165467834895 -0.21823419773523423
vn 0.20290056766744466 -0.9545707327609525 -0.21823399321931322
vn 0.20290056766744466 -0.9545707327609525 -0.21823399321931322
vn 0.11685808830165464 -0.5497738992149082 -0.8270990550958927
vn 0.3303686095556816 -0.4547132506316483 -0.8270988100101736
vn 0.4867554974411108 -0.28102835789826336 -0.8270986324301729
vn 0.8451514248020645 -0.48794778250303505 -0.2182338899103691
vn 0.5736178669584248 -0.7895165467834895 -0.21823419773523423
vn 0.5736178669584248 -0.7895165467834895 -0.21823419773523423
vn 0.3303686095556816 -0.4547132506316483 -0.8270988100101736
vn 0.4867554974411108 -0.28102835789826336 -0.8270986324301729
vn 0.558977601955644 -0.05875064149452931 -0.8270987865037035
vn 0.9705505030340221 -0.10200859665716824 -0.2182337445686204
vn 0.8451514248020645 -0.48794778250303505 -0.2182338899103691
vn 0.8451514248020645 -0.48794778250303505 -0.2182338899103691
vn 0.4867554974411108 -0.28102835789826336 -0.8270986324301729
vn 0.558977601955644 -0.05875064149452931 -0.8270987865037035
vn 0.5345475717230126 0.1736853200376056 -0.8270987263733787
vn 0.9281326505314077 0.3015687254248601 -0.21823401857448582
vn 0.9705505030340221 -0.10200859665716824 -0.2182337445686204
vn 0.9705505030340221 -0.10200859665716824 -0.2182337445686204
vn 0.558977601955644 -0.05875064149452931 -0.8270987865037035
vn 0.5345475717230126 0.1736853200376056 -0.8270987263733787
vn 0.41768942985723306 0.37608935913677016 -0.8270987450901089
vn 0.7252322848306608 0.6530024935852421 -0.21823353640253101
vn 0.9281326505314077 0.3015687254248601 -0.21823401857448582
vn 0.9281326505314077 0.3015687254248601 -0.21823401857448582
vn 0.5345475717230126 0.1736853200376056 -0.8270987263733787
vn 0.41768942985723306 0.37608935913677016 -0.8270987450901089
vn 0.22860878427387246 0.5134644807325458 -0.8270986947026814
vn 0.3969325317980683 0.8915260293125605 -0.21823360020527383
vn 0.7252322848306608 0.6530024935852421 -0.21823353640253101
vn 0.7252322848306608 0.6530024935852421 -0.21823353640253101
vn 0.41768942985723306 0.37608935913677016 -0.8270987450901089
vn 0.22860878427387246 0.5134644807325458 -0.8270986947026814
vn -2.3014530842651688e-7 0.562056589131053 -0.8270987792363823
vn -3.887559499820306e-7 0.9758966061564107 -0.21823339362308547
vn 0.3969325317980683 0.8915260293125605 -0.21823360020527383
vn 0.3969325317980683 0.8915260293125605 -0.21823360020527383
vn 0.22860878427387246 0.5134644807325458 -0.8270986947026814
vn -2.3014530842651688e-7 0.562056589131053 -0.8270987792363823
vn -0.09872821598468227 0.22174730397520231 -0.9700932287920636
vn -0.22860905946663637 0.5134643175776792 -0.827098719926629
vn -2.3014530842651688e-7 0.562056589131053 -0.8270987792363823
vn -2.3014530842651688e-7 0.562056589131053 -0.8270987792363823
vn -1.6093897891695486e-7 0.24273263825859942 -0.9700932255840126
vn -0.09872821598468227 0.22174730397520231 -0.9700932287920636
vn -0.18038556443517006 0.16241987237240038 -0.9700932085124285
vn -0.41768945326524554 0.3760892312018295 -0.8270987914421091
vn -0.22860905946663637 0.5134643175776792 -0.827098719926629
vn -0.22860905946663637 0.5134643175776792 -0.827098719926629
vn -0.09872821598468227 0.22174730397520231 -0.9700932287920636
vn -0.18038556443517006 0.16241987237240038 -0.9700932085124285
vn -0.23085245051173103 0.07500849291667572 -0.9700932285523375
vn -0.5345475110313104 0.17368494715537186 -0.8270988439006954
vn -0.41768945326524554 0.3760892312018295 -0.8270987914421091
vn -0.41768945326524554 0.3760892312018295 -0.8270987914421091
vn -0.18038556443517006 0.16241987237240038 -0.9700932085124285
vn -0.23085245051173103 0.07500849291667572 -0.9700932285523375
vn -0.24140291778700115 -0.02537250124000816 -0.9700932261719738
vn -0.5589775477620917 -0.05875104439461017 -0.827098794510318
vn -0.5345475110313104 0.17368494715537186 -0.8270988439006954
vn -0.5345475110313104 0.17368494715537186 -0.8270988439006954
vn -0.23085245051173103 0.07500849291667572 -0.9700932285523375
vn -0.24140291778700115 -0.02537250124000816 -0.9700932261719738
vn -0.2102126485131105 -0.12136650349924125 -0.9700931987358079
vn -0.4867551685358978 -0.28102788043774013 -0.8270989882234541
vn -0.5589775477620917 -0.05875104439461017 -0.827098794510318
vn -0.5589775477620917 -0.05875104439461017 -0.827098794510318
vn -0.24140291778700115 -0.02537250124000816 -0.9700932261719738
vn -0.2102126485131105 -0.12136650349924125 -0.9700931987358079
vn -0.1426746121973098 -0.1963746302654919 -0.9700932736713717
vn -0.3303685725057864 -0.4547146115630588 -0.8270980766097485
vn -0.4867551685358978 -0.28102788043774013 -0.8270989882234541
vn -0.4867551685358978 -0.28102788043774013 -0.8270989882234541
vn -0.2102126485131105 -0.12136650349924125 -0.9700931987358079
vn -0.1426746121973098 -0.1963746302654919 -0.9700932736713717
vn -0.05046686150058053 -0.23742847339132325 -0.9700931996016399
vn -0.11685801643510726 -0.5497740553933453 -0.8270989614376306
vn -0.3303685725057864 -0.4547146115630588 -0.8270980766097485
vn -0.3303685725057864 -0.4547146115630588 -0.8270980766097485
vn -0.1426746121973098 -0.1963746302654919 -0.9700932736713717
vn -0.05046686150058053 -0.23742847339132325 -0.9700931996016399
vn 0.050467016850075444 -0.2374285277611409 -0.9700931782130165
vn 0.11685808830165464 -0.5497738992149082 -0.8270990550958927
vn -0.11685801643510726 -0.5497740553933453 -0.8270989614376306
vn -0.11685801643510726 -0.5497740553933453 -0.8270989614376306
vn -0.05046686150058053 -0.23742847339132325 -0.9700931996016399
vn 0.050467016850075444 -0.2374285277611409 -0.9700931782130165
vn 0.14267490530625193 -0.19637487682131363 -0.9700931806529031
vn 0.3303686095556816 -0.4547132506316483 -0.8270988100101736
vn 0.11685808830165464 -0.5497738992149082 -0.8270990550958927
vn 0.11685808830165464 -0.5497738992149082 -0.8270990550958927
vn 0.050467016850075444 -0.2374285277611409 -0.9700931782130165
vn 0.14267490530625193 -0.19637487682131363 -0.9700931806529031
vn 0.2102126319999 -0.12136611513833102 -0.9700932509011203
vn 0.4867554974411108 -0.28102835789826336 -0.8270986324301729
vn 0.3303686095556816 -0.4547132506316483 -0.8270988100101736
vn 0.3303686095556816 -0.4547132506316483 -0.8270988100101736
vn 0.14267490530625193 -0.19637487682131363 -0.9700931806529031
vn 0.2102126319999 -0.12136611513833102 -0.9700932509011203
vn 0.24140291906477165 -0.025372292758055026 -0.9700932313067682
vn 0.558977601955644 -0.05875064149452931 -0.8270987865037035
vn 0.4867554974411108 -0.28102835789826336 -0.8270986324301729
vn 0.4867554974411108 -0.28102835789826336 -0.8270986324301729
vn 0.2102126319999 -0.12136611513833102 -0.9700932509011203
vn 0.24140291906477165 -0.025372292758055026 -0.9700932313067682
vn 0.23085243408245248 0.07500862653060757 -0.9700932221308417
vn 0.5345475717230126 0.1736853200376056 -0.8270987263733787
vn 0.558977601955644 -0.05875064149452931 -0.8270987865037035
vn 0.558977601955644 -0.05875064149452931 -0.8270987865037035
vn 0.24140291906477165 -0.025372292758055026 -0.9700932313067682
vn 0.23085243408245248 0.07500862653060757 -0.9700932221308417
vn 0.18038546619741674 0.16241990912460905 -0.9700932206260873
vn 0.41768942985723306 0.37608935913677016 -0.8270987450901089
vn 0.5345475717230126 0.1736853200376056 -0.8270987263733787
vn 0.5345475717230126 0.1736853200376056 -0.8270987263733787
vn 0.23085243408245248 0.07500862653060757 -0.9700932221308417
vn 0.18038546619741674 0.16241990912460905 -0.9700932206260873
vn 0.09872809532754401 0.22174741993255856 -0.9700932145656153
vn 0.22860878427387246 0.5134644807325458 -0.8270986947026814
vn 0.41768942985723306 0.37608935913677016 -0.8270987450901089
vn 0.41768942985723306 0.37608935913677016 -0.8270987450901089
vn 0.18038546619741674 0.16241990912460905 -0.9700932206260873
vn 0.09872809532754401 0.22174741993255856 -0.9700932145656153
vn -1.6093897891695486e-7 0.24273263825859942 -0.9700932255840126
vn -2.3014530842651688e-7 0.562056589131053 -0.8270987792363823
vn 0.22860878427387246 0.5134644807325458 -0.8270986947026814
vn 0.22860878427387246 0.5134644807325458 -0.8270986947026814
vn 0.09872809532754401 0.22174741993255856 -0.9700932145656153
vn -1.6093897891695486e-7 0.24273263825859942 -0.9700932255840126
vn -9.149134783115174e-9 -1.088344747657283e-8 -1
vn -0.09872821598468227 0.22174730397520231 -0.9700932287920636
vn -1.6093897891695486e-7 0.24273263825859942 -0.9700932255840126
vn -9.149134783115174e-9 -1.088344747657283e-8 -1
vn -0.18038556443517006 0.16241987237240038 -0.9700932085124285
vn -0.09872821598468227 0.22174730397520231 -0.9700932287920636
vn -9.149134783115174e-9 -1.088344747657283e-8 -1
vn -0.23085245051173103 0.07500849291667572 -0.9700932285523375
vn -0.18038556443517006 0.16241987237240038 -0.9700932085124285
vn -9.149134783115174e-9 -1.088344747657283e-8 -1
vn -0.24140291778700115 -0.02537250124000816 -0.9700932261719738
vn -0.23085245051173103 0.07500849291667572 -0.9700932285523375
vn -9.149134783115174e-9 -1.088344747657283e-8 -1
vn -0.2102126485131105 -0.12136650349924125 -0.9700931987358079
vn -0.24140291778700115 -0.02537250124000816 -0.9700932261719738
vn -9.149134783115174e-9 -1.088344747657283e-8 -1
vn -0.1426746121973098 -0.1963746302654919 -0.9700932736713717
vn -0.2102126485131105 -0.12136650349924125 -0.9700931987358079
vn -9.149134783115174e-9 -1.088344747657283e-8 -1
vn -0.05046686150058053 -0.23742847339132325 -0.9700931996016399
vn -0.1426746121973098 -0.1963746302654919 -0.9700932736713717
vn -9.149134783115174e-9 -1.088344747657283e-8 -1
vn 0.050467016850075444 -0.2374285277611409 -0.9700931782130165
vn -0.05046686150058053 -0.23742847339132325 -0.9700931996016399
vn -9.149134783115174e-9 -1.088344747657283e-8 -1
vn 0.14267490530625193 -0.19637487682131363 -0.9700931806529031
vn 0.050467016850075444 -0.2374285277611409 -0.9700931782130165
vn -9.149134783115174e-9 -1.088344747657283e-8 -1
vn 0.2102126319999 -0.12136611513833102 -0.9700932509011203
vn 0.14267490530625193 -0.19637487682131363 -0.9700931806529031
vn -9.149134783115174e-9 -1.088344747657283e-8 -1
vn 0.24140291906477165 -0.025372292758055026 -0.9700932313067682
vn 0.2102126319999 -0.12136611513833102 -0.9700932509011203
vn -9.149134783115174e-9 -1.088344747657283e-8 -1
vn 0.23085243408245248 0.07500862653060757 -0.9700932221308417
vn 0.24140291906477165 -0.025372292758055026 -0.9700932313067682
vn -9.149134783115174e-9 -1.088344747657283e-8 -1
vn 0.18038546619741674 0.16241990912460905 -0.9700932206260873
vn 0.23085243408245248 0.07500862653060757 -0.9700932221308417
vn -9.149134783115174e-9 -1.088344747657283e-8 -1
vn 0.09872809532754401 0.22174741993255856 -0.9700932145656153
vn 0.18038546619741674 0.16241990912460905 -0.9700932206260873
vn -9.149134783115174e-9 -1.088344747657283e-8 -1
vn -1.6093897891695486e-7 0.24273263825859942 -0.9700932255840126
vn 0.09872809532754401 0.22174741993255856 -0.9700932145656153
vn 0 -4.37113878426487e-8 0.9999999999999989
vn 0 -4.37113878426487e-8 0.9999999999999989
vn 0 -4.37113878426487e-8 0.9999999999999989
vn 0 -4.37113878426487e-8 0.9999999999999989
vn 0 -4.37113878426487e-8 0.9999999999999989
vn 0 -4.37113878426487e-8 0.9999999999999989
vn 0 4.37113878426487e-8 -0.9999999999999989
vn 0 4.37113878426487e-8 -0.9999999999999989
vn 0 4.37113878426487e-8 -0.9999999999999989
vn 0 4.37113878426487e-8 -0.9999999999999989
vn 0 4.37113878426487e-8 -0.9999999999999989
vn 0 4.37113878426487e-8 -0.9999999999999989
vn 0 -0.9999999999999989 -4.37113878426487e-8
vn 0 -0.9999999999999989 -4.37113878426487e-8
vn 0 -0.9999999999999989 -4.37113878426487e-8
vn 0 -0.9999999999999989 -4.37113878426487e-8
vn 0 -0.9999999999999989 -4.37113878426487e-8
vn 0 -0.9999999999999989 -4.37113878426487e-8
vn 1 0 0
vn 1 0 0
vn 1 0 0
vn 1 0 0
vn 1 0 0
vn 1 0 0
vn 0 0.9999999999999989 4.37113878426487e-8
vn 0 0.9999999999999989 4.37113878426487e-8
vn 0 0.9999999999999989 4.37113878426487e-8
vn 0 0.9999999999999989 4.37113878426487e-8
vn 0 0.9999999999999989 4.37113878426487e-8
vn 0 0.9999999999999989 4.37113878426487e-8
vn -1 0 0
vn -1 0 0
vn -1 0 0
vn -1 0 0
vn -1 0 0
vn -1 0 0
vn 0 0.9999999999999989 4.37113878426487e-8
vn 0 0.9999999999999989 4.37113878426487e-8
vn 0 0.9999999999999989 4.37113878426487e-8
vn 0 0.9999999999999989 4.37113878426487e-8
vn 0 0.9999999999999989 4.37113878426487e-8
vn 0 0.9999999999999989 4.37113878426487e-8
vn 3.1809253896778234e-8 -0.999999999975623 0.000006982323448584136
vn 6.09287781116905e-7 -0.9999999999998134 -4.3711387842640586e-8
vn 5.774786018263024e-7 -0.9999999999997742 3.4330364728765705e-7
vn 5.774786018263024e-7 -0.9999999999997742 3.4330364728765705e-7
vn 0 -0.9999999999728464 0.000007369337545767977
vn 3.1809253896778234e-8 -0.999999999975623 0.000006982323448584136
vn 0 -4.37113878426487e-8 0.9999999999999989
vn 0 -4.37113878426487e-8 0.9999999999999989
vn 0 -4.37113878426487e-8 0.9999999999999989
vn 0 -4.37113878426487e-8 0.9999999999999989
vn 0 -4.37113878426487e-8 0.9999999999999989
vn 0 -4.37113878426487e-8 0.9999999999999989
vn -0.9999999999999887 -1.5059946179007783e-7 -6.5829114832002525e-15
vn -0.9999999999999887 -1.5059944757922312e-7 -6.58291086202407e-15
vn -0.9999999999999887 -1.5059946179007783e-7 -6.5829114832002525e-15
vn -0.9999999999999887 -1.5059946179007783e-7 -6.5829114832002525e-15
vn -0.9999999999999887 -1.5059944757922312e-7 -6.58291086202407e-15
vn -0.9999999999999887 -1.5059946179007783e-7 -6.5829114832002525e-15
vn 0 4.37113878426487e-8 -0.9999999999999989
vn 0 4.37113878426487e-8 -0.9999999999999989
vn 0 4.37113878426487e-8 -0.9999999999999989
vn 0 4.37113878426487e-8 -0.9999999999999989
vn 0 4.37113878426487e-8 -0.9999999999999989
vn 0 4.37113878426487e-8 -0.9999999999999989
vn 0.9999999999999887 1.5059950442264365e-7 -3.18814423230198e-14
vn 0.9999999999999887 1.5059950442264198e-7 6.582913346728799e-15
vn 0.9999999999999887 1.5059944757927023e-7 -1.0713540909495425e-12
vn 0.9999999999999887 1.5059944757927023e-7 -1.0713540909495425e-12
vn 0.9999999999999887 1.5059944757927193e-7 -1.1098182230025929e-12
vn 0.9999999999999887 1.5059950442264365e-7 -3.18814423230198e-14
vn 0 -4.37113878426487e-8 0.9999999999999989
vn 0 -4.37113878426487e-8 0.9999999999999989
vn 0 -4.37113878426487e-8 0.9999999999999989
vn 0 -4.37113878426487e-8 0.9999999999999989
vn 0 -4.37113878426487e-8 0.9999999999999989
vn 0 -4.37113878426487e-8 0.9999999999999989
vn 3.238591261833603e-7 5.668829361482274e-8 0.9999999999999459
vn 3.238591546050697e-7 5.668828650939538e-8 0.9999999999999459
vn 3.238591261833603e-7 5.668828650939538e-8 0.9999999999999459
vn 0 -4.37113878426487e-8 0.9999999999999989
vn 0 -4.37113878426487e-8 0.9999999999999989
vn 0 -4.37113878426487e-8 0.9999999999999989
vn -2.584959969600025e-13 3.805478248075297e-7 0.9999999999999275
vn -2.584959969600025e-13 3.8054785322923914e-7 0.9999999999999275
vn -2.584960240650569e-13 3.8054788165094857e-7 0.9999999999999275
vn 0 3.8054739848188825e-7 0.9999999999999275
vn 0 3.8054739848188825e-7 0.9999999999999275
vn 0 3.805474269035977e-7 0.9999999999999275
vn -1.0039966724661905e-7 5.668827940397071e-8 0.9999999999999933
vn -1.0039966724661905e-7 5.668827940397071e-8 0.9999999999999933
vn -1.003996601411917e-7 5.668827229854335e-8 0.9999999999999933
vn -4.242587294811146e-7 -4.371144849618724e-8 0.9999999999999091
vn -4.2425875790282405e-7 -4.371144849618724e-8 0.9999999999999091
vn -4.242587294811146e-7 -4.371144849618724e-8 0.9999999999999091
vn 0 0.9999999999999989 4.37113878426487e-8
vn 0 0.9999999999999989 4.37113878426487e-8
vn 0 0.9999999999999989 4.37113878426487e-8
vn 0 0.9999999999999989 4.37113878426487e-8
vn 0 0.9999999999999989 4.37113878426487e-8
vn 0 0.9999999999999989 4.37113878426487e-8
vn -0.9999999999999898 -1.429635574368133e-7 -6.249135506485336e-15
vn -0.9999999999999898 -1.429635574368133e-7 -6.249135506485336e-15
vn -0.9999999999999898 -1.429635574368133e-7 -6.249135506485336e-15
vn -0.9999999999999898 -1.429635574368133e-7 -6.249135506485336e-15
vn -0.9999999999999898 -1.429635574368133e-7 -6.249135506485336e-15
vn -0.9999999999999898 -1.42963571647668e-7 -6.2491361276615184e-15
vn 0 -0.9999999999999989 -4.37113878426487e-8
vn 0 -0.9999999999999989 -4.37113878426487e-8
vn 0 -0.9999999999999989 -4.37113878426487e-8
vn 0 -0.9999999999999989 -4.37113878426487e-8
vn 0 -0.9999999999999989 -4.37113878426487e-8
vn 0 -0.9999999999999989 -4.37113878426487e-8
vn 0.9999999999999898 1.429635574368133e-7 6.249135506485336e-15
vn 0.9999999999999898 1.429635574368133e-7 6.249135506485336e-15
vn 0.9999999999999898 1.42963571647668e-7 6.2491361276615184e-15
vn 0.9999999999999898 1.429635574368133e-7 6.249135506485336e-15
vn 0.9999999999999898 1.429635574368133e-7 6.249135506485336e-15
vn 0.9999999999999898 1.429635574368133e-7 6.249135506485336e-15
vn 0 0.9999999999999989 4.37113878426487e-8
vn 0 0.9999999999999989 4.37113878426487e-8
vn 0 0.9999999999999989 4.37113878426487e-8
vn 0 0.9999999999999989 4.37113878426487e-8
vn 0 0.9999999999999989 4.37113878426487e-8
vn 0 0.9999999999999989 4.37113878426487e-8
vn -0.9999999999999898 -1.429635574368133e-7 -6.249135506485336e-15
vn -0.9999999999999898 -1.429635574368133e-7 -6.249135506485336e-15
vn -0.9999999999999898 -1.429635432259586e-7 -6.249134885309154e-15
vn -0.9999999999999898 -1.429635574368133e-7 -6.249135506485336e-15
vn -0.9999999999999898 -1.429635574368133e-7 -6.249135506485336e-15
vn -0.9999999999999898 -1.429635432259586e-7 -6.249134885309154e-15
vn 0 -0.9999999999999989 -4.37113878426487e-8
vn 0 -0.9999999999999989 -4.37113878426487e-8
vn 0 -0.9999999999999989 -4.37113878426487e-8
vn 0 -0.9999999999999989 -4.37113878426487e-8
vn 0 -0.9999999999999989 -4.37113878426487e-8
vn 0 -0.9999999999999989 -4.37113878426487e-8
vn 0.9999999999999898 1.429635574368133e-7 6.249135506485336e-15
vn 0.9999999999999898 1.429635574368133e-7 6.249135506485336e-15
vn 0.9999999999999898 1.429635432259586e-7 6.249134885309154e-15
vn 0.9999999999999898 1.429635574368133e-7 6.249135506485336e-15
vn 0.9999999999999898 1.429635574368133e-7 6.249135506485336e-15
vn 0.9999999999999898 1.429635432259586e-7 6.249134885309154e-15
vn 0 -4.37113878426487e-8 0.9999999999999989
vn 0 -4.37113878426487e-8 0.9999999999999989
vn 0 -4.37113878426487e-8 0.9999999999999989
vn 0 -4.37113878426487e-8 0.9999999999999989
vn 0 -4.37113878426487e-8 0.9999999999999989
vn 0 -4.37113878426487e-8 0.9999999999999989
vn 0 -4.37113878426487e-8 0.9999999999999989
vn 0 -4.37113878426487e-8 0.9999999999999989
vn 0 -4.37113878426487e-8 0.9999999999999989
vn 0 -4.37113878426487e-8 0.9999999999999989
vn 0 -4.37113878426487e-8 0.9999999999999989
vn 0 -4.37113878426487e-8 0.9999999999999989
vn 0.9999999999999885 1.5126559560485287e-7 6.6120291167329874e-15
vn 0.9999999999999885 1.5126559560485287e-7 6.6120291167329874e-15
vn 0.9999999999999885 1.5126559560485287e-7 6.6120291167329874e-15
vn 0.9999999999999885 1.5126559560485287e-7 6.6120291167329874e-15
vn 0.9999999999999885 1.5126559560485287e-7 6.6120291167329874e-15
vn 0.9999999999999885 1.5126559560485287e-7 6.6120291167329874e-15
vn 0.9999999999998981 4.5160788886273526e-7 1.9740407582878833e-14
vn 0.9999999999998981 4.5160788886273526e-7 1.9740407582878833e-14
vn 0.9999999999998981 4.5160791728444475e-7 1.9740408825231197e-14
vn 0.9999999999998981 4.5160791728444475e-7 1.9740408825231197e-14
vn 0.9999999999998981 4.5160788886273526e-7 1.9740407582878833e-14
vn 0.9999999999998981 4.5160788886273526e-7 1.9740407582878833e-14
vn 0 -1.1294283286389316e-8 -1
vn 0 -1.1294283286389316e-8 -1
vn 0 -1.1294286839103002e-8 -1
vn 0 -1.1294283286389316e-8 -1
vn 0 -1.1294286839103002e-8 -1
vn 0 -1.1294283286389316e-8 -1
vn 0 4.37113878426487e-8 -0.9999999999999989
vn 0 4.37113878426487e-8 -0.9999999999999989
vn 0 4.37113878426487e-8 -0.9999999999999989
vn 0 4.37113878426487e-8 -0.9999999999999989
vn 0 4.37113878426487e-8 -0.9999999999999989
vn 0 4.37113878426487e-8 -0.9999999999999989
vn -0.9999999999999885 -1.5126559560485287e-7 -6.6120291167329874e-15
vn -0.9999999999999885 -1.5126559560485287e-7 -6.6120291167329874e-15
vn -0.9999999999999885 -1.5126559560485287e-7 -6.6120291167329874e-15
vn -0.9999999999999885 -1.5126559560485287e-7 -6.6120291167329874e-15
vn -0.9999999999999885 -1.5126559560485287e-7 -6.6120291167329874e-15
vn -0.9999999999999885 -1.5126559560485287e-7 -6.6120291167329874e-15
vn -0.9999999999998981 -4.5160788886273526e-7 -1.9740407582878833e-14
vn -0.9999999999998981 -4.5160788886273526e-7 -1.9740407582878833e-14
vn -0.9999999999998981 -4.5160791728444475e-7 -1.9740408825231197e-14
vn -0.9999999999998981 -4.5160791728444475e-7 -1.9740408825231197e-14
vn -0.9999999999998981 -4.5160788886273526e-7 -1.9740407582878833e-14
vn -0.9999999999998981 -4.5160788886273526e-7 -1.9740407582878833e-14
vn 0 -0.9999999999999989 -4.37113878426487e-8
vn 0 -0.9999999999999989 -4.37113878426487e-8
vn 0 -0.9999999999999989 -4.37113878426487e-8
vn 0 -0.9999999999999989 -4.37113878426487e-8
vn 0 -0.9999999999999989 -4.37113878426487e-8
vn 0 -0.9999999999999989 -4.37113878426487e-8
vn 0 0.9999999999999989 4.37113878426487e-8
vn 0 0.9999999999999989 4.37113878426487e-8
vn 0 0.9999999999999989 4.37113878426487e-8
vn 0 0.9999999999999989 4.37113878426487e-8
vn 0 0.9999999999999989 4.37113878426487e-8
vn 0 0.9999999999999989 4.37113878426487e-8
vn 0 -4.37113878426487e-8 0.9999999999999989
vn 0 -4.37113878426487e-8 0.9999999999999989
vn 0 -4.37113878426487e-8 0.9999999999999989
vn 0 -4.37113878426487e-8 0.9999999999999989
vn 0 -4.37113878426487e-8 0.9999999999999989
vn 0 -4.37113878426487e-8 0.9999999999999989
vn 1 0 0
vn 1 0 0
vn 1 0 0
vn 1 0 0
vn 1 0 0
vn 1 0 0
vn 0 -5.668825808768892e-8 -0.9999999999999983
vn 0 -5.6688250982261563e-8 -0.9999999999999983
vn 0 -5.668825808768892e-8 -0.9999999999999983
vn 0 -5.668825808768892e-8 -0.9999999999999983
vn 0 -5.6688250982261563e-8 -0.9999999999999983
vn 0 -5.668825808768892e-8 -0.9999999999999983
vn -1 0 0
vn -1 0 0
vn -1 0 0
vn -1 0 0
vn -1 0 0
vn -1 0 0
vn 0 -4.37113878426487e-8 0.9999999999999989
vn 0 -4.37113878426487e-8 0.9999999999999989
vn 0 -4.37113878426487e-8 0.9999999999999989
vn 0 -4.37113878426487e-8 0.9999999999999989
vn 0 -4.37113878426487e-8 0.9999999999999989
vn 0 -4.37113878426487e-8 0.9999999999999989
vn 0 -4.37113878426487e-8 0.9999999999999989
vn 0 -4.37113878426487e-8 0.9999999999999989
vn 0 -4.37113878426487e-8 0.9999999999999989
vn 0 -4.37113878426487e-8 0.9999999999999989
vn 0 -4.37113878426487e-8 0.9999999999999989
vn 0 -4.37113878426487e-8 0.9999999999999989
vn 0 -4.37113878426487e-8 0.9999999999999989
vn 0 -4.37113878426487e-8 0.9999999999999989
vn 0 -4.37113878426487e-8 0.9999999999999989
vn 0 -4.37113878426487e-8 0.9999999999999989
vn 0 -4.37113878426487e-8 0.9999999999999989
vn 0 -4.37113878426487e-8 0.9999999999999989
vn 0 -4.37113878426487e-8 0.9999999999999989
vn 0 -4.37113878426487e-8 0.9999999999999989
vn 0 -4.37113878426487e-8 0.9999999999999989
vn 0 -4.37113878426487e-8 0.9999999999999989
vn 0 -4.37113878426487e-8 0.9999999999999989
vn 0 -4.37113878426487e-8 0.9999999999999989
vn 0 -0.9999999999999989 -4.37113878426487e-8
vn 0 -0.9999999999999989 -4.37113878426487e-8
vn 0 -0.9999999999999989 -4.37113878426487e-8
vn 0 -0.9999999999999989 -4.37113878426487e-8
vn 0 -0.9999999999999989 -4.37113878426487e-8
vn 0 -0.9999999999999989 -4.37113878426487e-8
vn 1 0 0
vn 1 0 0
vn 1 0 0
vn 1 0 0
vn 1 0 0
vn 1 0 0
vn 0 0.9999999999999484 -3.211173766892511e-7
vn 0 0.9999999999999484 -3.211173766892511e-7
vn 0 0.9999999999999484 -3.2111740511096054e-7
vn 0 0.9999999999999484 -3.211173766892511e-7
vn 0 0.9999999999999484 -3.211173766892511e-7
vn 0 0.9999999999999484 -3.2111740511096054e-7
vn -1 0 0
vn -1 0 0
vn -1 0 0
vn -1 0 0
vn -1 0 0
vn -1 0 0
vn 0 -0.9999999999999989 -4.37113878426487e-8
vn 0 -0.9999999999999989 -4.37113878426487e-8
vn 0 -0.9999999999999989 -4.37113878426487e-8
vn 0 -0.9999999999999989 -4.37113878426487e-8
vn 0 -0.9999999999999989 -4.37113878426487e-8
vn 0 -0.9999999999999989 -4.37113878426487e-8
vn 1 0 0
vn 1 0 0
vn 1 0 0
vn 1 0 0
vn 1 0 0
vn 1 0 0
vn 0 0.9999999999999989 4.37113878426487e-8
vn 0 0.9999999999999989 4.37113878426487e-8
vn 0 0.9999999999999989 4.37113878426487e-8
vn 0 0.9999999999999989 4.37113878426487e-8
vn 0 0.9999999999999989 4.37113878426487e-8
vn 0 0.9999999999999989 4.37113878426487e-8
vn -1 0 0
vn -1 0 0
vn -1 0 0
vn -1 0 0
vn -1 0 0
vn -1 0 0
vn 0 -4.37113878426487e-8 0.9999999999999989
vn 0 -4.37113878426487e-8 0.9999999999999989
vn 0 -4.37113878426487e-8 0.9999999999999989
vn 0 -4.37113878426487e-8 0.9999999999999989
vn 0 -4.37113878426487e-8 0.9999999999999989
vn 0 -4.37113878426487e-8 0.9999999999999989
vn 0 -4.37113878426487e-8 0.9999999999999989
vn 0 -4.37113878426487e-8 0.9999999999999989
vn 0 -4.37113878426487e-8 0.9999999999999989
vn 0 -4.37113878426487e-8 0.9999999999999989
vn 0 -4.37113878426487e-8 0.9999999999999989
vn 0 -4.37113878426487e-8 0.9999999999999989
vn -1 0 0
vn -1 0 0
vn -1 0 0
vn -1 0 0
vn -1 0 0
vn -1 0 0
vn -1 0 0
vn -1 0 0
vn -1 0 0
vn -1 0 0
vn -1 0 0
vn -1 0 0
vn 0 -1.1294283286389316e-8 -1
vn 0 -1.1294283286389316e-8 -1
vn 0 -1.1294283286389316e-8 -1
vn 0 -1.1294283286389316e-8 -1
vn 0 -1.1294283286389316e-8 -1
vn 0 -1.1294283286389316e-8 -1
vn 0 4.37113878426487e-8 -0.9999999999999989
vn 0 4.37113878426487e-8 -0.9999999999999989
vn 0 4.37113878426487e-8 -0.9999999999999989
vn 0 4.37113878426487e-8 -0.9999999999999989
vn 0 4.37113878426487e-8 -0.9999999999999989
vn 0 4.37113878426487e-8 -0.9999999999999989
vn 1 0 0
vn 1 0 0
vn 1 0 0
vn 1 0 0
vn 1 0 0
vn 1 0 0
vn 1 0 0
vn 1 0 0
vn 1 0 0
vn 1 0 0
vn 1 0 0
vn 1 0 0
vn 0 -0.9999999999999989 -4.37113878426487e-8
vn 0 -0.9999999999999989 -4.37113878426487e-8
vn 0 -0.9999999999999989 -4.37113878426487e-8
vn 0 -0.9999999999999989 -4.37113878426487e-8
vn 0 -0.9999999999999989 -4.37113878426487e-8
vn 0 -0.9999999999999989 -4.37113878426487e-8
vn 0 -0.9999999999999989 -4.37113878426487e-8
vn 0 -0.9999999999999989 -4.37113878426487e-8
vn 0 -0.9999999999999989 -4.37113878426487e-8
vn 0 -0.9999999999999989 -4.37113878426487e-8
vn 0 -0.9999999999999989 -4.37113878426487e-8
vn 0 -0.9999999999999989 -4.37113878426487e-8
vn 0 -0.9999999999999989 -4.37113878426487e-8
vn 0 -0.9999999999999989 -4.37113878426487e-8
vn 0 -0.9999999999999989 -4.37113878426487e-8
vn 0 -0.9999999999999989 -4.37113878426487e-8
vn 0 -0.9999999999999989 -4.37113878426487e-8
vn 0 -0.9999999999999989 -4.37113878426487e-8
vn 0 -0.9999999999999989 -4.37113878426487e-8
vn 0 -0.9999999999999989 -4.37113878426487e-8
vn 0 -0.9999999999999989 -4.37113878426487e-8
vn 0 -0.9999999999999989 -4.37113878426487e-8
vn 0 -0.9999999999999989 -4.37113878426487e-8
vn 0 -0.9999999999999989 -4.37113878426487e-8
vn 0 -0.9999999999999989 -4.37113878426487e-8
vn 0 -0.9999999999999989 -4.37113878426487e-8
vn 0 -0.9999999999999989 -4.37113878426487e-8
vn 0 -0.9999999999999989 -4.37113878426487e-8
vn 0 -0.9999999999999989 -4.37113878426487e-8
vn 0 -0.9999999999999989 -4.37113878426487e-8
vn 0.9999999999999374 -1.405374105125648e-15 3.5355697036718626e-7
vn 0.8660254942247598 1.7767444279364266e-9 -0.49999984335273573
vn 0.866025241048328 1.7767426218901607e-9 -0.500000281867106
vn 0.866025241048328 1.7767426218901607e-9 -0.500000281867106
vn 0.999999999999993 6.6509852075618e-10 -1.1785232342666296e-7
vn 0.9999999999999374 -1.405374105125648e-15 3.5355697036718626e-7
vn 0.8660254942247598 1.7767444279364266e-9 -0.49999984335273573
vn 0.5000002371636381 3.0774106221389992e-9 -0.8660252668579052
vn 0.4999997986492409 3.0774104380467254e-9 -0.8660255200343224
vn 0.4999997986492409 3.0774104380467254e-9 -0.8660255200343224
vn 0.866025241048328 1.7767426218901607e-9 -0.500000281867106
vn 0.8660254942247598 1.7767444279364266e-9 -0.49999984335273573
vn 0.5000002371636381 3.0774106221389992e-9 -0.8660252668579052
vn 2.789785185086546e-7 3.553491279006832e-9 -0.999999999999961
vn -2.3570464691146536e-7 3.553484173579516e-9 -0.9999999999999724
vn -2.3570464691146536e-7 3.553484173579516e-9 -0.9999999999999724
vn 0.4999997986492409 3.0774104380467254e-9 -0.8660255200343224
vn 0.5000002371636381 3.0774106221389992e-9 -0.8660252668579052
vn 2.789785185086546e-7 3.553491279006832e-9 -0.999999999999961
vn -0.49999995856927676 3.0774112690700597e-9 -0.8660254277044767
vn -0.5000004228931898 3.0774090066135225e-9 -0.8660251596268039
vn -0.5000004228931898 3.0774090066135225e-9 -0.8660251596268039
vn -2.3570464691146536e-7 3.553484173579516e-9 -0.9999999999999724
vn 2.789785185086546e-7 3.553491279006832e-9 -0.999999999999961
vn -0.49999995856927676 3.0774112690700597e-9 -0.8660254277044767
vn -0.8660252926674807 1.7767446224162458e-9 -0.5000001924601674
vn -0.866025520034322 1.7767418754857347e-9 -0.49999979864924154
vn -0.866025520034322 1.7767418754857347e-9 -0.49999979864924154
vn -0.5000004228931898 3.0774090066135225e-9 -0.8660251596268039
vn -0.49999995856927676 3.0774112690700597e-9 -0.8660254277044767
vn -0.8660252926674807 1.7767446224162458e-9 -0.5000001924601674
vn -0.9999999999999 6.65098100639767e-10 -4.47317063360957e-7
vn -0.9999999999999988 1.9506173364990846e-16 4.9105132404747565e-8
vn -0.9999999999999988 1.9506173364990846e-16 4.9105132404747565e-8
vn -0.866025520034322 1.7767418754857347e-9 -0.49999979864924154
vn -0.8660252926674807 1.7767446224162458e-9 -0.5000001924601674
vn -0.9999999999999 6.65098100639767e-10 -4.47317063360957e-7
vn -0.866025653074839 -1.0839540701143405e-9 0.49999956821611186
vn -0.8660254664188246 6.80310194719528e-11 0.4999998915140455
vn -0.8660254664188246 6.80310194719528e-11 0.4999998915140455
vn -0.9999999999999988 1.9506173364990846e-16 4.9105132404747565e-8
vn -0.9999999999999 6.65098100639767e-10 -4.47317063360957e-7
vn -0.866025653074839 -1.0839540701143405e-9 0.49999956821611186
vn -0.5000005381096854 -5.952319023893844e-10 0.866025093106444
vn -0.5000001219471175 -1.2603245404380835e-9 0.8660253333782261
vn -0.5000001219471175 -1.2603245404380835e-9 0.8660253333782261
vn -0.8660254664188246 6.80310194719528e-11 0.4999998915140455
vn -0.866025653074839 -1.0839540701143405e-9 0.49999956821611186
vn -0.5000005381096854 -5.952319023893844e-10 0.866025093106444
vn -7.138658020265203e-7 1.4662480118939183e-9 0.9999999999997451
vn -3.928410308162703e-8 -1.0159229013595659e-9 0.9999999999999991
vn -3.928410308162703e-8 -1.0159229013595659e-9 0.9999999999999991
vn -0.5000001219471175 -1.2603245404380835e-9 0.8660253333782261
vn -0.5000005381096854 -5.952319023893844e-10 0.866025093106444
vn -7.138658020265203e-7 1.4662480118939183e-9 0.9999999999997451
vn 0.49999926726986665 1.269808518757065e-9 0.866025826825965
vn 0.4999997281361828 1.26981179437679e-9 0.8660255607450299
vn 0.4999997281361828 1.26981179437679e-9 0.8660255607450299
vn -3.928410308162703e-8 -1.0159229013595659e-9 0.9999999999999991
vn -7.138658020265203e-7 1.4662480118939183e-9 0.9999999999997451
vn 0.49999926726986665 1.269808518757065e-9 0.866025826825965
vn 0.8660250265860694 6.802734554018122e-11 0.5000006533261709
vn 0.8660252261471492 7.331234275906458e-10 0.5000003076766842
vn 0.8660252261471492 7.331234275906458e-10 0.5000003076766842
vn 0.4999997281361828 1.26981179437679e-9 0.8660255607450299
vn 0.49999926726986665 1.269808518757065e-9 0.866025826825965
vn 0.8660250265860694 6.802734554018122e-11 0.5000006533261709
vn 0.9999999999999374 -1.405374105125648e-15 3.5355697036718626e-7
vn 0.999999999999993 6.6509852075618e-10 -1.1785232342666296e-7
vn 0.999999999999993 6.6509852075618e-10 -1.1785232342666296e-7
vn 0.8660252261471492 7.331234275906458e-10 0.5000003076766842
vn 0.8660250265860694 6.802734554018122e-11 0.5000006533261709
vn 0 0.9999999999999989 4.37113878426487e-8
vn 0 0.9999999999999989 4.37113878426487e-8
vn 0 0.9999999999999989 4.37113878426487e-8
vn 0 0.9999999999999989 4.37113878426487e-8
vn 0 0.9999999999999989 4.37113878426487e-8
vn 0 0.9999999999999989 4.37113878426487e-8
vn 0 0.9999999999999989 4.37113878426487e-8
vn 0 0.9999999999999989 4.37113878426487e-8
vn 0 0.9999999999999989 4.37113878426487e-8
vn 0 0.9999999999999989 4.37113878426487e-8
vn 0 0.9999999999999989 4.37113878426487e-8
vn 0 0.9999999999999989 4.37113878426487e-8
vn 0 0.9999999999999989 4.37113878426487e-8
vn 0 0.9999999999999989 4.37113878426487e-8
vn 0 0.9999999999999989 4.37113878426487e-8
vn 0 0.9999999999999989 4.37113878426487e-8
vn 0 0.9999999999999989 4.37113878426487e-8
vn 0 0.9999999999999989 4.37113878426487e-8
vn 0 0.9999999999999989 4.37113878426487e-8
vn 0 0.9999999999999989 4.37113878426487e-8
vn 0 0.9999999999999989 4.37113878426487e-8
vn 0 0.9999999999999989 4.37113878426487e-8
vn 0 0.9999999999999989 4.37113878426487e-8
vn 0 0.9999999999999989 4.37113878426487e-8
vn 0 0.9999999999999989 4.37113878426487e-8
vn 0 0.9999999999999989 4.37113878426487e-8
vn 0 0.9999999999999989 4.37113878426487e-8
vn 0 0.9999999999999989 4.37113878426487e-8
vn 0 0.9999999999999989 4.37113878426487e-8
vn 0 0.9999999999999989 4.37113878426487e-8
vn 0.9999999999999021 -4.029503122233664e-7 -1.8298335986969293e-7
vn 0.9999999999999858 -6.895476227104879e-8 -1.5407343613700956e-7
vn 0.9999999999999959 1.8188428478522818e-17 -9.149166402266899e-8
vn 0.9999999999999959 1.8188428478522818e-17 -9.149166402266899e-8
vn 0.9999999999999832 7.998455220928279e-15 -1.8298332804533534e-7
vn 0.9999999999999021 -4.029503122233664e-7 -1.8298335986969293e-7
vn -1 0 0
vn -0.999999999999957 4.615777071999724e-8 2.8947255461242415e-7
vn -1 0 0
vn -1 0 0
vn -1 0 0
vn -1 0 0
vn 0 0.9999999999999989 4.37113878426487e-8
vn 0 0.9999999999999989 4.37113878426487e-8
vn 0 0.9999999999999989 4.37113878426487e-8
vn 0 0.9999999999999989 4.37113878426487e-8
vn 0 0.9999999999999989 4.37113878426487e-8
vn 0 0.9999999999999989 4.37113878426487e-8
vn 0 4.37113878426487e-8 -0.9999999999999989
vn 0 4.37113878426487e-8 -0.9999999999999989
vn 0 4.37113878426487e-8 -0.9999999999999989
vn 0 4.37113878426487e-8 -0.9999999999999989
vn 0 4.37113878426487e-8 -0.9999999999999989
vn 0 4.37113878426487e-8 -0.9999999999999989
vn 4.727333760001255e-7 -0.9999999999998873 -4.371154181974887e-8
vn 0 -0.9999999999999989 -4.37113878426487e-8
vn 0 -0.9999999999999989 -4.37113878426487e-8
vn 0 -0.9999999999999989 -4.37113878426487e-8
vn 0 -0.9999999999999989 -4.37113878426487e-8
vn 4.727333760001255e-7 -0.9999999999998873 -4.371154181974887e-8
vn 0 -4.37113878426487e-8 0.9999999999999989
vn 0 -4.37113878426487e-8 0.9999999999999989
vn 0 -4.37113878426487e-8 0.9999999999999989
vn 0 -4.37113878426487e-8 0.9999999999999989
vn 0 -4.37113878426487e-8 0.9999999999999989
vn 0 -4.37113878426487e-8 0.9999999999999989
vn 0.9999999999999223 3.382486770451724e-7 -2.0268009790775308e-7
vn 0.9999999999996751 8.05908314305008e-7 3.522737089220147e-14
vn 0.9999999999989689 0.000001414757445513671 -2.460729099355469e-7
vn 0.9999999999989689 0.000001414757445513671 -2.460729099355469e-7
vn 0.9999999999997405 6.426730721197041e-7 -3.2571654206756807e-7
vn 0.9999999999999223 3.382486770451724e-7 -2.0268009790775308e-7
vn -0.9999999999999454 1.4516752012157167e-7 2.9703634320585906e-7
vn -0.9999999999999319 7.77559334775941e-8 3.604843391140232e-7
vn -0.999999999999957 4.615777071999724e-8 2.8947255461242415e-7
vn -0.999999999999957 4.615777071999724e-8 2.8947255461242415e-7
vn -1 0 0
vn -0.9999999999999454 1.4516752012157167e-7 2.9703634320585906e-7
vn 0 0.999999999999918 -4.053846756057609e-7
vn 0 0.999999999999918 -4.053847608708892e-7
vn 0 0.9999999999999989 4.37113878426487e-8
vn 0 0.9999999999999989 4.37113878426487e-8
vn 0 0.9999999999999989 4.37113878426487e-8
vn 0 0.999999999999918 -4.053846756057609e-7
vn 0 -0.9999999999999989 -4.37113878426487e-8
vn 0 -0.9999999999999989 -4.37113878426487e-8
vn 0 -0.9999999999999989 -4.37113878426487e-8
vn 0 -0.9999999999999989 -4.37113878426487e-8
vn 4.727334896869632e-7 -0.9999999999998873 -4.3711541819775973e-8
vn 0 -0.9999999999999989 -4.37113878426487e-8
vn 4.727334896869632e-7 -0.9999999999998873 -4.3711541819775973e-8
vn 0 -0.9999999999999989 -4.37113878426487e-8
vn 0 -0.9999999999999989 -4.37113878426487e-8
vn 0 -0.9999999999999989 -4.37113878426487e-8
vn 4.727333760001255e-7 -0.9999999999998873 -4.371154181974887e-8
vn 4.727334896869632e-7 -0.9999999999998873 -4.3711541819775973e-8
vn 0.9999999999997772 -6.664847643450052e-7 -3.884542891867951e-8
vn 0.9999999999999187 -4.0295023495670073e-7 -1.7613514001478785e-14
vn 0.9999999999999764 -9.83091567881116e-8 -1.936514067664113e-7
vn 0.9999999999999764 -9.83091567881116e-8 -1.936514067664113e-7
vn 0.9999999999999749 9.815306104000759e-15 -2.2454803172421962e-7
vn 0.9999999999997772 -6.664847643450052e-7 -3.884542891867951e-8
vn -0.9999999999999384 1.639425171104248e-7 3.100259178875149e-7
vn -1 0 0
vn -0.9999999999999319 7.77559334775941e-8 3.604843391140232e-7
vn -0.9999999999999319 7.77559334775941e-8 3.604843391140232e-7
vn -0.9999999999999454 1.4516752012157167e-7 2.9703634320585906e-7
vn -0.9999999999999384 1.639425171104248e-7 3.100259178875149e-7
vn 0 0.999999999999635 -8.544807958973265e-7
vn 0 0.999999999999635 -8.544808527407454e-7
vn 0 0.999999999999918 -4.053847608708892e-7
vn 0 0.999999999999918 -4.053847608708892e-7
vn 0 0.999999999999918 -4.053846756057609e-7
vn 0 0.999999999999635 -8.544807958973265e-7
vn 0.9999999999997486 -6.913517654133342e-7 -1.5697458091120816e-7
vn 1 0 0
vn 0.9999999999999858 -6.895476227104879e-8 -1.5407343613700956e-7
vn 0.9999999999999858 -6.895476227104879e-8 -1.5407343613700956e-7
vn 0.9999999999999021 -4.029503122233664e-7 -1.8298335986969293e-7
vn 0.9999999999997486 -6.913517654133342e-7 -1.5697458091120816e-7
vn -0.999999999999947 -1.423753202149742e-14 3.2571676911173266e-7
vn -1 0 0
vn -1 0 0
vn -1 0 0
vn -0.999999999999957 4.615777071999724e-8 2.8947255461242415e-7
vn -0.999999999999947 -1.423753202149742e-14 3.2571676911173266e-7
vn 0 4.37113878426487e-8 -0.9999999999999989
vn 0 4.37113878426487e-8 -0.9999999999999989
vn 0 4.37113878426487e-8 -0.9999999999999989
vn 0 4.37113878426487e-8 -0.9999999999999989
vn 0 4.37113878426487e-8 -0.9999999999999989
vn 0 4.37113878426487e-8 -0.9999999999999989
vn 0 -4.37113878426487e-8 0.9999999999999989
vn 0 -4.37113878426487e-8 0.9999999999999989
vn 0 -4.37113878426487e-8 0.9999999999999989
vn 0 -4.37113878426487e-8 0.9999999999999989
vn 0 -4.37113878426487e-8 0.9999999999999989
vn 0 -4.37113878426487e-8 0.9999999999999989
vn 0.9999999999999862 -7.258371742822591e-8 -1.4851814318122428e-7
vn 0.9999999999999959 1.8188428478522818e-17 -9.149166402266899e-8
vn 0.9999999999999858 -6.895476227104879e-8 -1.5407343613700956e-7
vn 0.9999999999999858 -6.895476227104879e-8 -1.5407343613700956e-7
vn 0.9999999999999764 -9.83091567881116e-8 -1.936514067664113e-7
vn 0.9999999999999862 -7.258371742822591e-8 -1.4851814318122428e-7
vn -0.999999999999947 -1.4237533263849783e-14 3.257167975334421e-7
vn -0.999999999999947 -1.423753202149742e-14 3.2571676911173266e-7
vn -0.999999999999957 4.615777071999724e-8 2.8947255461242415e-7
vn -0.999999999999957 4.615777071999724e-8 2.8947255461242415e-7
vn -0.9999999999999319 7.77559334775941e-8 3.604843391140232e-7
vn -0.999999999999947 -1.4237533263849783e-14 3.257167975334421e-7
vn 0.9999999999999846 -8.197124434436021e-8 -1.5501298736547343e-7
vn 0.9999999999999862 -7.258371742822591e-8 -1.4851814318122428e-7
vn 0.9999999999999764 -9.83091567881116e-8 -1.936514067664113e-7
vn 0.9999999999999764 -9.83091567881116e-8 -1.936514067664113e-7
vn 0.9999999999999187 -4.0295023495670073e-7 -1.7613514001478785e-14
vn 0.9999999999999846 -8.197124434436021e-8 -1.5501298736547343e-7
vn -1 0 0
vn -0.999999999999947 -1.4237533263849783e-14 3.257167975334421e-7
vn -0.9999999999999319 7.77559334775941e-8 3.604843391140232e-7
vn -0.9999999999999319 7.77559334775941e-8 3.604843391140232e-7
vn -1 0 0
vn -1 0 0
vn 4.727333760001255e-7 -0.9999999999998873 -4.371154181974887e-8
vn 0.0000014182004406379125 -0.9999999999989934 -4.37118497742587e-8
vn 0.0000014182003269510748 -0.9999999999989934 -4.371184977420449e-8
vn 0.0000014182003269510748 -0.9999999999989934 -4.371184977420449e-8
vn 4.727334896869632e-7 -0.9999999999998873 -4.3711541819775973e-8
vn 4.727333760001255e-7 -0.9999999999998873 -4.371154181974887e-8
vn -2.3636670221063025e-7 -0.0000015681050133921343 -0.9999999999987425
vn -2.3636670221063025e-7 -0.000001568105127078972 -0.9999999999987425
vn -2.3636671642148493e-7 -0.0000015681050133921343 -0.9999999999987425
vn 0 4.37113878426487e-8 -0.9999999999999989
vn 0 4.37113878426487e-8 -0.9999999999999989
vn 0 4.37113878426487e-8 -0.9999999999999989
vn 0 0.9999999999999989 4.37113878426487e-8
vn 0 0.9999999999999989 4.37113878426487e-8
vn 0 0.9999999999999989 4.37113878426487e-8
vn 0 0.9999999999999989 4.37113878426487e-8
vn 0 0.9999999999999989 4.37113878426487e-8
vn 0 0.9999999999999989 4.37113878426487e-8
vn 2.3636671642179198e-7 -4.371138784264748e-8 0.9999999999999711
vn 2.3636673063264673e-7 -4.371138784264748e-8 0.9999999999999711
vn 2.3636671642179198e-7 -4.371138784264748e-8 0.9999999999999711
vn 2.363667022109373e-7 -4.371138784264748e-8 0.9999999999999711
vn 2.3636671642179198e-7 -4.371138784264748e-8 0.9999999999999711
vn 2.3636671642179198e-7 -4.371138784264748e-8 0.9999999999999711
vn 0 -0.9999999999999989 -4.37113878426487e-8
vn 0 -0.9999999999999989 -4.37113878426487e-8
vn 0 -0.9999999999999989 -4.37113878426487e-8
vn 0 -0.9999999999999989 -4.37113878426487e-8
vn 0 -0.9999999999999989 -4.37113878426487e-8
vn 0 -0.9999999999999989 -4.37113878426487e-8
vn -0.0000031447084438540544 4.370885349556827e-8 -0.9999999999950545
vn -0.0000031447084438540544 4.370885349556827e-8 -0.9999999999950545
vn -0.0000031447084438540544 4.370885349578511e-8 -0.9999999999950545
vn 0 -0.0000015681052407658538 -0.9999999999987705
vn 0 -0.000001568105127079016 -0.9999999999987705
vn 0 -0.0000015681052407658538 -0.9999999999987705
vn 0 0.9999999999999989 4.37113878426487e-8
vn 0 0.9999999999999989 4.37113878426487e-8
vn 0 0.9999999999999989 4.37113878426487e-8
vn 0 0.9999999999999989 4.37113878426487e-8
vn 0 0.9999999999999989 4.37113878426487e-8
vn 0 0.9999999999999989 4.37113878426487e-8
vn 0 -4.37113878426487e-8 0.9999999999999989
vn 0 -4.37113878426487e-8 0.9999999999999989
vn 0 -4.37113878426487e-8 0.9999999999999989
vn 0 -4.37113878426487e-8 0.9999999999999989
vn 0 -4.37113878426487e-8 0.9999999999999989
vn 0 -4.37113878426487e-8 0.9999999999999989
vn 0.9999999999999223 3.382486770451724e-7 -2.0268009790775308e-7
vn 0.9999999999997405 6.426730721197041e-7 -3.2571654206756807e-7
vn 0.9999999999998935 -3.264705838734107e-7 -3.2571666969536044e-7
vn 0.9999999999998935 -3.264705838734107e-7 -3.2571666969536044e-7
vn 0.9999999999998935 -3.2647069756024345e-7 -3.2571678338220314e-7
vn 0.9999999999999223 3.382486770451724e-7 -2.0268009790775308e-7
vn 0 -4.37113878426487e-8 0.9999999999999989
vn 0 -4.37113878426487e-8 0.9999999999999989
vn 0 -4.37113878426487e-8 0.9999999999999989
vn 0 -4.37113878426487e-8 0.9999999999999989
vn 0 -4.37113878426487e-8 0.9999999999999989
vn 0 -4.37113878426487e-8 0.9999999999999989
vn -0.9999999999998935 -3.264704986616333e-7 3.2571678326294667e-7
vn -0.9999999999998935 -3.264704986616321e-7 3.2571675484123724e-7
vn -0.9999999999998935 -3.264704986616308e-7 3.257167264195278e-7
vn -0.9999999999998935 -3.264704986616333e-7 3.2571678326294667e-7
vn -0.9999999999998935 -3.264704986616321e-7 3.2571675484123724e-7
vn -0.9999999999998935 -3.264704986616308e-7 3.257167264195278e-7
vn -0.000003144708443853384 -6.09228557820939e-7 -0.9999999999948698
vn -0.000003144708443853384 -6.09228557820939e-7 -0.9999999999948698
vn -0.000003144708443853384 -6.09228557820939e-7 -0.9999999999948698
vn 0 4.37113878426487e-8 -0.9999999999999989
vn 0 4.37113878426487e-8 -0.9999999999999989
vn 0 4.37113878426487e-8 -0.9999999999999989
vn -0.7278633120471852 -0.5687546899666148 0.38305756958541076
vn -0.7544194461788402 -0.5332977940358413 0.3826810187397821
vn -0.7544194032901167 -0.5332978058523005 0.38268108682361884
vn -0.7544194032901167 -0.5332978058523005 0.38268108682361884
vn -0.7278635480355002 -0.5687545092536578 0.38305738949249357
vn -0.7278633120471852 -0.5687546899666148 0.38305756958541076
vn -0.3012395137335933 -0.2353896106133097 0.9240381413020041
vn -0.3124832572457572 -0.22089371088048737 0.9238832082219751
vn -0.3124833069160133 -0.22089376346253498 0.9238831788501134
vn -0.3124833069160133 -0.22089376346253498 0.9238831788501134
vn -0.3012394282133981 -0.23538967325509053 0.9240381532244905
vn -0.3012395137335933 -0.2353896106133097 0.9240381413020041
vn 0.3012385046808712 0.23538843044777463 0.9240387708905756
vn 0.31249016169599764 0.22089968803599463 0.9238794437960017
vn 0.31248974106071115 0.22089932800269238 0.9238796721542091
vn 0.31248974106071115 0.22089932800269238 0.9238796721542091
vn 0.30123838392432034 0.23538836963409338 0.9240388257490413
vn 0.3012385046808712 0.23538843044777463 0.9240387708905756
vn 0.7278643014381713 0.5687560683241457 0.38305364302716516
vn 0.7544160125071931 0.5332961081902047 0.3826901371369896
vn 0.7544162172044727 0.5332963227712516 0.38268943457790283
vn 0.7544162172044727 0.5332963227712516 0.38268943457790283
vn 0.7278644937913132 0.5687561385084032 0.38305317331530553
vn 0.7278643014381713 0.5687560683241457 0.38305364302716516
vn 0.7278661792152015 0.5687569597445058 -0.38304875133179994
vn 0.754420457580043 0.5332997000568841 -0.3826763686249205
vn 0.7544205109031941 0.533299755221134 -0.3826761866247266
vn 0.7544205109031941 0.533299755221134 -0.3826761866247266
vn 0.7278662490399277 0.5687570273351448 -0.3830485182916588
vn 0.7278661792152015 0.5687569597445058 -0.38304875133179994
vn 0.3012380833599176 0.23538886566294728 -0.924038797375713
vn 0.31248760728365516 0.2208967946423432 -0.9238809995940358
vn 0.3124873259733613 0.22089660657555407 -0.9238811397086873
vn 0.3124873259733613 0.22089660657555407 -0.9238811397086873
vn 0.3012380594318264 0.23538882554961585 -0.9240388153947431
vn 0.3012380833599176 0.23538886566294728 -0.924038797375713
vn -0.30123955034108363 -0.23538940103845904 -0.924038182754943
vn -0.31248182033164 -0.22089299973724102 -0.923883864254219
vn -0.31248196788648697 -0.22089305831210332 -0.9238838003425076
vn -0.31248196788648697 -0.22089305831210332 -0.9238838003425076
vn -0.3012396358612714 -0.23538933839667592 -0.9240381708324306
vn -0.30123955034108363 -0.23538940103845904 -0.924038182754943
vn -0.7278646493029347 -0.5687561072705477 -0.38305292419921405
vn -0.7544223548413386 -0.5332996594716991 -0.3826726848404771
vn -0.7544222414229184 -0.5332996039605951 -0.38267298580105213
vn -0.7544222414229184 -0.5332996039605951 -0.38267298580105213
vn -0.7278645194768335 -0.5687563373931225 -0.3830528292049532
vn -0.7278646493029347 -0.5687561072705477 -0.38305292419921405
vn -0.6273341066327627 -0.6770723508788794 0.38474010751495796
vn -0.7278633120471852 -0.5687546899666148 0.38305756958541076
vn -0.7278635480355002 -0.5687545092536578 0.38305738949249357
vn -0.7278635480355002 -0.5687545092536578 0.38305738949249357
vn -0.6273343522080903 -0.6770722393937552 0.38473990328789814
vn -0.6273341066327627 -0.6770723508788794 0.38474010751495796
vn -0.25868380878157665 -0.2791945233669247 0.9247340726912642
vn -0.3012395137335933 -0.2353896106133097 0.9240381413020041
vn -0.3012394282133981 -0.23538967325509053 0.9240381532244905
vn -0.3012394282133981 -0.23538967325509053 0.9240381532244905
vn -0.2586834179519795 -0.2791947283142547 0.9247341201438448
vn -0.25868380878157665 -0.2791945233669247 0.9247340726912642
vn 0.2586896368314451 0.2791978853413235 0.924731427289539
vn 0.3012385046808712 0.23538843044777463 0.9240387708905756
vn 0.30123838392432034 0.23538836963409338 0.9240388257490413
vn 0.30123838392432034 0.23538836963409338 0.9240388257490413
vn 0.2586901831113372 0.2791976575407622 0.9247313432481751
vn 0.2586896368314451 0.2791978853413235 0.924731427289539
vn 0.6273351368592969 0.6770714414654074 0.3847400280886855
vn 0.7278643014381713 0.5687560683241457 0.38305364302716516
vn 0.7278644937913132 0.5687561385084032 0.38305317331530553
vn 0.7278644937913132 0.5687561385084032 0.38305317331530553
vn 0.6273356863008888 0.6770709786586583 0.38473994665436
vn 0.6273351368592969 0.6770714414654074 0.3847400280886855
vn 0.6273362622134752 0.6770730767259755 -0.3847353153595952
vn 0.7278661792152015 0.5687569597445058 -0.38304875133179994
vn 0.7278662490399277 0.5687570273351448 -0.3830485182916588
vn 0.7278662490399277 0.5687570273351448 -0.3830485182916588
vn 0.6273358431767927 0.6770733131973545 -0.38473558247401546
vn 0.6273362622134752 0.6770730767259755 -0.3847353153595952
vn 0.2586882494066185 0.27919929182365905 -0.9247313907638836
vn 0.3012380833599176 0.23538886566294728 -0.924038797375713
vn 0.3012380594318264 0.23538882554961585 -0.9240388153947431
vn 0.3012380594318264 0.23538882554961585 -0.9240388153947431
vn 0.25868803672195445 0.279199734467517 -0.9247313166159177
vn 0.2586882494066185 0.27919929182365905 -0.9247313907638836
vn -0.2586852682333452 -0.279193100489138 -0.9247340940174664
vn -0.30123955034108363 -0.23538940103845904 -0.924038182754943
vn -0.3012396358612714 -0.23538933839667592 -0.9240381708324306
vn -0.3012396358612714 -0.23538933839667592 -0.9240381708324306
vn -0.2586854744600683 -0.27919274028228674 -0.9247341450801071
vn -0.2586852682333452 -0.279193100489138 -0.9247340940174664
vn -0.6273372639495334 -0.6770720173543654 -0.38473554628602147
vn -0.7278646493029347 -0.5687561072705477 -0.38305292419921405
vn -0.7278645194768335 -0.5687563373931225 -0.3830528292049532
vn -0.7278645194768335 -0.5687563373931225 -0.3830528292049532
vn -0.6273367036784648 -0.6770724731985334 -0.38473565763347045
vn -0.6273372639495334 -0.6770720173543654 -0.38473554628602147
vn -0.3934560355574289 -0.8330465592730669 0.38887758763746716
vn -0.6273341066327627 -0.6770723508788794 0.38474010751495796
vn -0.6273343522080903 -0.6770722393937552 0.38473990328789814
vn -0.6273343522080903 -0.6770722393937552 0.38473990328789814
vn -0.39345705997760805 -0.8330459868153868 0.38887777746299057
vn -0.3934560355574289 -0.8330465592730669 0.38887758763746716
vn -0.16080722599293537 -0.34046729306421813 0.9264032914567936
vn -0.25868380878157665 -0.2791945233669247 0.9247340726912642
vn -0.2586834179519795 -0.2791947283142547 0.9247341201438448
vn -0.2586834179519795 -0.2791947283142547 0.9247341201438448
vn -0.16080709825516942 -0.34046781144917215 0.9264031231152902
vn -0.16080722599293537 -0.34046729306421813 0.9264032914567936
vn 0.1608106655542357 0.34047552140407933 0.9263996703197944
vn 0.2586896368314451 0.2791978853413235 0.924731427289539
vn 0.2586901831113372 0.2791976575407622 0.9247313432481751
vn 0.2586901831113372 0.2791976575407622 0.9247313432481751
vn 0.16081084463924702 0.340475432571044 0.9263996718814037
vn 0.1608106655542357 0.34047552140407933 0.9263996703197944
vn 0.3934559198261413 0.8330465922447644 0.3888776340999186
vn 0.6273351368592969 0.6770714414654074 0.3847400280886855
vn 0.6273356863008888 0.6770709786586583 0.38473994665436
vn 0.6273356863008888 0.6770709786586583 0.38473994665436
vn 0.39345693378639757 0.8330456400128957 0.38887864805220546
vn 0.3934559198261413 0.8330465922447644 0.3888776340999186
vn 0.393456118726692 0.8330445195085955 -0.388881873006727
vn 0.6273362622134752 0.6770730767259755 -0.3847353153595952
vn 0.6273358431767927 0.6770733131973545 -0.38473558247401546
vn 0.6273358431767927 0.6770733131973545 -0.38473558247401546
vn 0.39345486041058053 0.8330448666176943 -0.38888240256046414
vn 0.393456118726692 0.8330445195085955 -0.388881873006727
vn 0.16081096076576687 0.3404755070325056 -0.9263996243568696
vn 0.2586882494066185 0.27919929182365905 -0.9247313907638836
vn 0.25868803672195445 0.279199734467517 -0.9247313166159177
vn 0.25868803672195445 0.279199734467517 -0.9247313166159177
vn 0.16081062291762352 0.34047542795464864 -0.9263997120659877
vn 0.16081096076576687 0.3404755070325056 -0.9263996243568696
vn -0.16080632821514562 -0.34046753205004593 -0.9264033594637454
vn -0.2586852682333452 -0.279193100489138 -0.9247340940174664
vn -0.2586854744600683 -0.27919274028228674 -0.9247341450801071
vn -0.2586854744600683 -0.27919274028228674 -0.9247341450801071
vn -0.16080664101655331 -0.3404677106036113 -0.926403239545992
vn -0.16080632821514562 -0.34046753205004593 -0.9264033594637454
vn -0.3934566057477496 -0.8330442090500879 -0.38888204530625126
vn -0.6273372639495334 -0.6770720173543654 -0.38473554628602147
vn -0.6273367036784648 -0.6770724731985334 -0.38473565763347045
vn -0.6273367036784648 -0.6770724731985334 -0.38473565763347045
vn -0.39345528773043875 -0.8330446120649377 -0.3888825155063353
vn -0.3934566057477496 -0.8330442090500879 -0.38888204530625126
vn -0.01763855335361623 -0.9200824889105721 0.3913273502270429
vn -0.3934560355574289 -0.8330465592730669 0.38887758763746716
vn -0.39345705997760805 -0.8330459868153868 0.38887777746299057
vn -0.39345705997760805 -0.8330459868153868 0.38887777746299057
vn -0.017638647701835774 -0.9200824551776144 0.39132742528678394
vn -0.01763855335361623 -0.9200824889105721 0.3913273502270429
vn -0.007172228832760322 -0.3740884504525873 0.9273652950006015
vn -0.16080722599293537 -0.34046729306421813 0.9264032914567936
vn -0.16080709825516942 -0.34046781144917215 0.9264031231152902
vn -0.16080709825516942 -0.34046781144917215 0.9264031231152902
vn -0.007172127014744847 -0.37408854829920807 0.927365256317852
vn -0.007172228832760322 -0.3740884504525873 0.9273652950006015
vn 0.0071694973174134275 0.37408870001188144 0.927365215452702
vn 0.1608106655542357 0.34047552140407933 0.9263996703197944
vn 0.16081084463924702 0.340475432571044 0.9263996718814037
vn 0.16081084463924702 0.340475432571044 0.9263996718814037
vn 0.007169899860636938 0.37408847815381324 0.9273653018355564
vn 0.0071694973174134275 0.37408870001188144 0.927365215452702
vn 0.017639652329656034 0.9200733955944774 0.39134868006029766
vn 0.3934559198261413 0.8330465922447644 0.3888776340999186
vn 0.39345693378639757 0.8330456400128957 0.38887864805220546
vn 0.39345693378639757 0.8330456400128957 0.38887864805220546
vn 0.017638681471289278 0.9200736716981017 0.3913480746904577
vn 0.017639652329656034 0.9200733955944774 0.39134868006029766
vn 0.01763788187338615 0.9200805331550203 -0.39133197880085635
vn 0.393456118726692 0.8330445195085955 -0.388881873006727
vn 0.39345486041058053 0.8330448666176943 -0.38888240256046414
vn 0.39345486041058053 0.8330448666176943 -0.38888240256046414
vn 0.017637638537895843 0.9200807469730474 -0.3913314870494394
vn 0.01763788187338615 0.9200805331550203 -0.39133197880085635
vn 0.007172453763451396 0.3740801662565006 -0.92736863496698
vn 0.16081096076576687 0.3404755070325056 -0.9263996243568696
vn 0.16081062291762352 0.34047542795464864 -0.9263997120659877
vn 0.16081062291762352 0.34047542795464864 -0.9263997120659877
vn 0.007171906406405657 0.37407994694622954 -0.9273687276651096
vn 0.007172453763451396 0.3740801662565006 -0.92736863496698
vn -0.007170223638464554 -0.37408842602230835 -0.9273653203614669
vn -0.16080632821514562 -0.34046753205004593 -0.9264033594637454
vn -0.16080664101655331 -0.3404677106036113 -0.926403239545992
vn -0.16080664101655331 -0.3404677106036113 -0.926403239545992
vn -0.0071707373929868045 -0.3740885222175726 -0.927365277585005
vn -0.007170223638464554 -0.37408842602230835 -0.9273653203614669
vn -0.017636865185521426 -0.9200805154474339 -0.3913320662562832
vn -0.3934566057477496 -0.8330442090500879 -0.38888204530625126
vn -0.39345528773043875 -0.8330446120649377 -0.3888825155063353
vn -0.39345528773043875 -0.8330446120649377 -0.3888825155063353
vn -0.017637466982905883 -0.9200804643462913 -0.3913321592799903
vn -0.017636865185521426 -0.9200805154474339 -0.3913320662562832
vn 0.34340641404298705 -0.8554829057427961 0.3875835816646507
vn -0.01763855335361623 -0.9200824889105721 0.3913273502270429
vn -0.017638647701835774 -0.9200824551776144 0.39132742528678394
vn -0.017638647701835774 -0.9200824551776144 0.39132742528678394
vn 0.34340596622911596 -0.8554832614299587 0.387583193355192
vn 0.34340641404298705 -0.8554829057427961 0.3875835816646507
vn 0.14074118110143544 -0.3506115700643651 0.9258852233831004
vn -0.007172228832760322 -0.3740884504525873 0.9273652950006015
vn -0.007172127014744847 -0.37408854829920807 0.927365256317852
vn -0.007172127014744847 -0.37408854829920807 0.927365256317852
vn 0.14074182575006414 -0.35061140096277565 0.925885189426561
vn 0.14074118110143544 -0.3506115700643651 0.9258852233831004
vn -0.1407424335619987 0.35061286192862645 0.9258845437986664
vn 0.0071694973174134275 0.37408870001188144 0.927365215452702
vn 0.007169899860636938 0.37408847815381324 0.9273653018355564
vn 0.007169899860636938 0.37408847815381324 0.9273653018355564
vn -0.14074203331767363 0.3506129863370453 0.925884557528327
vn -0.1407424335619987 0.35061286192862645 0.9258845437986664
vn -0.34340900150861703 0.8554896534955085 0.3875663948860757
vn 0.017639652329656034 0.9200733955944774 0.39134868006029766
vn 0.017638681471289278 0.9200736716981017 0.3913480746904577
vn 0.017638681471289278 0.9200736716981017 0.3913480746904577
vn -0.34341143833802845 0.8554892189221013 0.387565194937135
vn -0.34340900150861703 0.8554896534955085 0.3875663948860757
vn -0.34340860665664935 0.8554879999588797 -0.38757039463882503
vn 0.01763788187338615 0.9200805331550203 -0.39133197880085635
vn 0.017637638537895843 0.9200807469730474 -0.3913314870494394
vn 0.017637638537895843 0.9200807469730474 -0.3913314870494394
vn -0.3434063139360398 0.8554892567836266 -0.3875696519035774
vn -0.34340860665664935 0.8554879999588797 -0.38757039463882503
vn -0.14074210699024473 0.3506127373791714 -0.9258846406045574
vn 0.007172453763451396 0.3740801662565006 -0.92736863496698
vn 0.007171906406405657 0.37407994694622954 -0.9273687276651096
vn 0.007171906406405657 0.37407994694622954 -0.9273687276651096
vn -0.1407425218405485 0.3506126122354187 -0.9258846249330522
vn -0.14074210699024473 0.3506127373791714 -0.9258846406045574
vn 0.14074208287567788 -0.35061115068642557 -0.925885245115266
vn -0.007170223638464554 -0.37408842602230835 -0.9273653203614669
vn -0.0071707373929868045 -0.3740885222175726 -0.927365277585005
vn -0.0071707373929868045 -0.3740885222175726 -0.927365277585005
vn 0.1407415108429856 -0.3506111660684786 -0.9258853262438799
vn 0.14074208287567788 -0.35061115068642557 -0.925885245115266
vn 0.34340544432721976 -0.8554811629669409 -0.3875882875102847
vn -0.017636865185521426 -0.9200805154474339 -0.3913320662562832
vn -0.017637466982905883 -0.9200804643462913 -0.3913321592799903
vn -0.017637466982905883 -0.9200804643462913 -0.3913321592799903
vn 0.3434061474347769 -0.8554810877370972 -0.3875878305986366
vn 0.34340544432721976 -0.8554811629669409 -0.3875882875102847
vn 0.5653848825978829 -0.7297453681943871 0.38446278380178345
vn 0.34340641404298705 -0.8554829057427961 0.3875835816646507
vn 0.34340596622911596 -0.8554832614299587 0.387583193355192
vn 0.34340596622911596 -0.8554832614299587 0.387583193355192
vn 0.5653864144991068 -0.7297440934970761 0.3844629504984516
vn 0.5653848825978829 -0.7297453681943871 0.38446278380178345
vn 0.23327949781261012 -0.3010938291541192 0.9246205610657846
vn 0.14074118110143544 -0.3506115700643651 0.9258852233831004
vn 0.14074182575006414 -0.35061140096277565 0.925885189426561
vn 0.14074182575006414 -0.35061140096277565 0.925885189426561
vn 0.23327936083062942 -0.30109415327337624 0.924620490079601
vn 0.23327949781261012 -0.3010938291541192 0.9246205610657846
vn -0.23327792412372655 0.30109324921196884 0.9246211469545267
vn -0.1407424335619987 0.35061286192862645 0.9258845437986664
vn -0.14074203331767363 0.3506129863370453 0.925884557528327
vn -0.14074203331767363 0.3506129863370453 0.925884557528327
vn -0.23327790375366056 0.3010933315601878 0.9246211252779619
vn -0.23327792412372655 0.30109324921196884 0.9246211469545267
vn -0.5653832563771245 0.7297450147533087 0.38446584614383084
vn -0.34340900150861703 0.8554896534955085 0.3875663948860757
vn -0.34341143833802845 0.8554892189221013 0.387565194937135
vn -0.34341143833802845 0.8554892189221013 0.387565194937135
vn -0.5653851229909542 0.7297433105739118 0.3844663358125532
vn -0.5653832563771245 0.7297450147533087 0.38446584614383084
vn -0.5653849315225159 0.7297436854796983 -0.38446590578331785
vn -0.34340860665664935 0.8554879999588797 -0.38757039463882503
vn -0.3434063139360398 0.8554892567836266 -0.3875696519035774
vn -0.3434063139360398 0.8554892567836266 -0.3875696519035774
vn -0.5653826540007867 0.7297452190082835 -0.38446634428721976
vn -0.5653849315225159 0.7297436854796983 -0.38446590578331785
vn -0.23327155009119072 0.3010844940544072 -0.9246256060471474
vn -0.14074210699024473 0.3506127373791714 -0.9258846406045574
vn -0.1407425218405485 0.3506126122354187 -0.9258846249330522
vn -0.1407425218405485 0.3506126122354187 -0.9258846249330522
vn -0.23327168015314984 0.3010846272712731 -0.9246255298548949
vn -0.23327155009119072 0.3010844940544072 -0.9246256060471474
vn 0.23327211540792953 -0.3010856339193188 -0.9246250922511848
vn 0.14074208287567788 -0.35061115068642557 -0.925885245115266
vn 0.1407415108429856 -0.3506111660684786 -0.9258853262438799
vn 0.1407415108429856 -0.3506111660684786 -0.9258853262438799
vn 0.23327254222510663 -0.3010857356972643 -0.9246249514281305
vn 0.23327211540792953 -0.3010856339193188 -0.9246250922511848
vn 0.5653853937927708 -0.7297448847647461 -0.3844629496394695
vn 0.34340544432721976 -0.8554811629669409 -0.3875882875102847
vn 0.3434061474347769 -0.8554810877370972 -0.3875878305986366
vn 0.3434061474347769 -0.8554810877370972 -0.3875878305986366
vn 0.5653837238044689 -0.7297461947009957 -0.3844629191175774
vn 0.5653853937927708 -0.7297448847647461 -0.3844629496394695
vn 0.6391597313700675 -0.667099186583682 0.3826924523090745
vn 0.5653848825978829 -0.7297453681943871 0.38446278380178345
vn 0.5653864144991068 -0.7297440934970761 0.3844629504984516
vn 0.5653864144991068 -0.7297440934970761 0.3844629504984516
vn 0.6391594307735367 -0.6670989454793484 0.38269337464031156
vn 0.6391597313700675 -0.667099186583682 0.3826924523090745
vn 0.2647497314437042 -0.2763218048132593 0.923879775666309
vn 0.23327949781261012 -0.3010938291541192 0.9246205610657846
vn 0.23327936083062942 -0.30109415327337624 0.924620490079601
vn 0.23327936083062942 -0.30109415327337624 0.924620490079601
vn 0.26474968037733576 -0.2763217541200945 0.9238798054617781
vn 0.2647497314437042 -0.2763218048132593 0.923879775666309
vn -0.2647445220411024 0.2763176771954095 0.9238825029832322
vn -0.23327792412372655 0.30109324921196884 0.9246211469545267
vn -0.23327790375366056 0.3010933315601878 0.9246211252779619
vn -0.23327790375366056 0.3010933315601878 0.9246211252779619
vn -0.2647443119698224 0.27631749686284135 0.9238826171149012
vn -0.2647445220411024 0.2763176771954095 0.9238825029832322
vn -0.6391608159573009 0.667100178621986 0.3826889115552107
vn -0.5653832563771245 0.7297450147533087 0.38446584614383084
vn -0.5653851229909542 0.7297433105739118 0.3844663358125532
vn -0.5653851229909542 0.7297433105739118 0.3844663358125532
vn -0.6391606187751693 0.6670999806369031 0.38268958601088987
vn -0.6391608159573009 0.667100178621986 0.3826889115552107
vn -0.6391606376608975 0.6670982456647363 -0.3826925788357364
vn -0.5653849315225159 0.7297436854796983 -0.38446590578331785
vn -0.5653826540007867 0.7297452190082835 -0.38446634428721976
vn -0.5653826540007867 0.7297452190082835 -0.38446634428721976
vn -0.6391604196024637 0.6670979688916312 -0.38269342549129687
vn -0.6391606376608975 0.6670982456647363 -0.3826925788357364
vn -0.2647520038705642 0.27632512064699305 -0.9238781327350191
vn -0.23327155009119072 0.3010844940544072 -0.9246256060471474
vn -0.23327168015314984 0.3010846272712731 -0.9246255298548949
vn -0.23327168015314984 0.3010846272712731 -0.9246255298548949
vn -0.26475230293920443 0.2763254197613236 -0.9238779575691348
vn -0.2647520038705642 0.27632512064699305 -0.9238781327350191
vn 0.2647562034090882 -0.27633001416485675 -0.9238754656489453
vn 0.23327211540792953 -0.3010856339193188 -0.9246250922511848
vn 0.23327254222510663 -0.3010857356972643 -0.9246249514281305
vn 0.23327254222510663 -0.3010857356972643 -0.9246249514281305
vn 0.2647566148274177 -0.27633048493367374 -0.923875206941634
vn 0.2647562034090882 -0.27633001416485675 -0.9238754656489453
vn 0.6391617116118355 -0.6670994054157369 -0.3826887634924742
vn 0.5653853937927708 -0.7297448847647461 -0.3844629496394695
vn 0.5653837238044689 -0.7297461947009957 -0.3844629191175774
vn 0.5653837238044689 -0.7297461947009957 -0.3844629191175774
vn 0.6391615215207442 -0.6670990956223958 -0.3826896210077683
vn 0.6391617116118355 -0.6670994054157369 -0.3826887634924742
vn -0.5772348747796221 0.8165781647117624 0.000015941268456094718
vn -0.5772736034037392 0.8165507858187422 -0.00003149693964143161
vn -0.5772408837449032 0.8165739170751862 -0.000009267701429720148
vn -0.5772364817547198 0.8165770288994213 -0.000002286241971274782
vn -0.5772348747796221 0.8165781647117624 0.000015941268456094718
vn -0.5772408837449032 0.8165739170751862 -0.000009267701429720148
vn -0.5772412627049668 0.816573649228559 -0.000004041001074093606
vn -0.5772364817547198 0.8165770288994213 -0.000002286241971274782
vn -0.5772408837449032 0.8165739170751862 -0.000009267701429720148
vn -0.5772381564965723 0.816575845027945 -0.0000011560416021678135
vn -0.5772412627049668 0.816573649228559 -0.000004041001074093606
vn -0.5772408837449032 0.8165739170751862 -0.000009267701429720148
vn -0.5772315930834864 0.8165804844272585 -0.000019971081610250813
vn -0.5772381564965723 0.816575845027945 -0.0000011560416021678135
vn -0.5772408837449032 0.8165739170751862 -0.000009267701429720148
vn -0.5772299861501503 0.8165816202995931 -0.000021862948888632434
vn -0.5772315930834864 0.8165804844272585 -0.000019971081610250813
vn -0.5772408837449032 0.8165739170751862 -0.000009267701429720148
vn 0.7220618416747594 0.6918285168948088 0.0000028955039124127772
vn 0.7220481921915061 0.6918427623880836 -0.00001685833918700277
vn 0.722059391679374 0.6918310739495696 0.000002323200802587276
vn 0.722059391679374 0.6918310739495696 0.000002323200802587276
vn 0.7220464119392923 0.6918446201808403 0.0000230742862761735
vn 0.7220621617232716 0.6918281828658294 2.835702274605793e-7
vn 0.722059391679374 0.6918310739495696 0.000002323200802587276
vn 0.7220621617232716 0.6918281828658294 2.835702274605793e-7
vn 0.7220656909299213 0.6918244993859197 -0.000005596154670358126
vn 0.722059391679374 0.6918310739495696 0.000002323200802587276
vn 0.7220656909299213 0.6918244993859197 -0.000005596154670358126
vn 0.7220658658483181 0.6918243168392415 0.000002575938098655758
vn 0.722059391679374 0.6918310739495696 0.000002323200802587276
vn 0.7220658658483181 0.6918243168392415 0.000002575938098655758
vn 0.7220654279187143 0.6918247738457998 0.000009887968737142532
vn 0.7220618416747594 0.6918285168948088 0.0000028955039124127772
vn 0.722059391679374 0.6918310739495696 0.000002323200802587276
vn 0.7220654279187143 0.6918247738457998 0.000009887968737142532
f 1/1/1 2/2/2 3/3/3
f 4/4/4 5/5/5 6/6/6
f 7/7/7 8/8/8 9/9/9
f 10/10/10 11/11/11 12/12/12
f 13/13/13 14/14/14 15/15/15
f 16/16/16 17/17/17 18/18/18
f 19/19/19 20/20/20 21/21/21
f 22/22/22 23/23/23 24/24/24
f 25/25/25 26/26/26 27/27/27
f 28/28/28 29/29/29 30/30/30
f 31/31/31 32/32/32 33/33/33
f 34/34/34 35/35/35 36/36/36
f 37/37/37 38/38/38 39/39/39
f 40/40/40 41/41/41 42/42/42
f 43/43/43 44/44/44 45/45/45
f 46/46/46 47/47/47 48/48/48
f 49/49/49 50/50/50 51/51/51
f 52/52/52 53/53/53 54/54/54
f 55/55/55 56/56/56 57/57/57
f 58/58/58 59/59/59 60/60/60
f 61/61/61 62/62/62 63/63/63
f 64/64/64 65/65/65 66/66/66
f 67/67/67 68/68/68 69/69/69
f 70/70/70 71/71/71 72/72/72
f 73/73/73 74/74/74 75/75/75
f 76/76/76 77/77/77 78/78/78
f 79/79/79 80/80/80 81/81/81
f 82/82/82 83/83/83 84/84/84
f 85/85/85 86/86/86 87/87/87
f 88/88/88 89/89/89 90/90/90
f 91/91/91 92/92/92 93/93/93
f 94/94/94 95/95/95 96/96/96
f 97/97/97 98/98/98 99/99/99
f 100/100/100 101/101/101 102/102/102
f 103/103/103 104/104/104 105/105/105
f 106/106/106 107/107/107 108/108/108
f 109/109/109 110/110/110 111/111/111
f 112/112/112 113/113/113 114/114/114
f 115/115/115 116/116/116 117/117/117
f 118/118/118 119/119/119 120/120/120
f 121/121/121 122/122/122 123/123/123
f 124/124/124 125/125/125 126/126/126
f 127/127/127 128/128/128 129/129/129
f 130/130/130 131/131/131 132/132/132
f 133/133/133 134/134/134 135/135/135
f 136/136/136 137/137/137 138/138/138
f 139/139/139 140/140/140 141/141/141
f 142/142/142 143/143/143 144/144/144
f 145/145/145 146/146/146 147/147/147
f 148/148/148 149/149/149 150/150/150
f 151/151/151 152/152/152 153/153/153
f 154/154/154 155/155/155 156/156/156
f 157/157/157 158/158/158 159/159/159
f 160/160/160 161/161/161 162/162/162
f 163/163/163 164/164/164 165/165/165
f 166/166/166 167/167/167 168/168/168
f 169/169/169 170/170/170 171/171/171
f 172/172/172 173/173/173 174/174/174
f 175/175/175 176/176/176 177/177/177
f 178/178/178 179/179/179 180/180/180
f 181/181/181 182/182/182 183/183/183
f 184/184/184 185/185/185 186/186/186
f 187/187/187 188/188/188 189/189/189
f 190/190/190 191/191/191 192/192/192
f 193/193/193 194/194/194 195/195/195
f 196/196/196 197/197/197 198/198/198
f 199/199/199 200/200/200 201/201/201
f 202/202/202 203/203/203 204/204/204
f 205/205/205 206/206/206 207/207/207
f 208/208/208 209/209/209 210/210/210
f 211/211/211 212/212/212 213/213/213
f 214/214/214 215/215/215 216/216/216
f 217/217/217 218/218/218 219/219/219
f 220/220/220 221/221/221 222/222/222
f 223/223/223 224/224/224 225/225/225
f 226/226/226 227/227/227 228/228/228
f 229/229/229 230/230/230 231/231/231
f 232/232/232 233/233/233 234/234/234
f 235/235/235 236/236/236 237/237/237
f 238/238/238 239/239/239 240/240/240
f 241/241/241 242/242/242 243/243/243
f 244/244/244 245/245/245 246/246/246
f 247/247/247 248/248/248 249/249/249
f 250/250/250 251/251/251 252/252/252
f 253/253/253 254/254/254 255/255/255
f 256/256/256 257/257/257 258/258/258
f 259/259/259 260/260/260 261/261/261
f 262/262/262 263/263/263 264/264/264
f 265/265/265 266/266/266 267/267/267
f 268/268/268 269/269/269 270/270/270
f 271/271/271 272/272/272 273/273/273
f 274/274/274 275/275/275 276/276/276
f 277/277/277 278/278/278 279/279/279
f 280/280/280 281/281/281 282/282/282
f 283/283/283 284/284/284 285/285/285
f 286/286/286 287/287/287 288/288/288
f 289/289/289 290/290/290 291/291/291
f 292/292/292 293/293/293 294/294/294
f 295/295/295 296/296/296 297/297/297
f 298/298/298 299/299/299 300/300/300
f 301/301/301 302/302/302 303/303/303
f 304/304/304 305/305/305 306/306/306
f 307/307/307 308/308/308 309/309/309
f 310/310/310 311/311/311 312/312/312
f 313/313/313 314/314/314 315/315/315
f 316/316/316 317/317/317 318/318/318
f 319/319/319 320/320/320 321/321/321
f 322/322/322 323/323/323 324/324/324
f 325/325/325 326/326/326 327/327/327
f 328/328/328 329/329/329 330/330/330
f 331/331/331 332/332/332 333/333/333
f 334/334/334 335/335/335 336/336/336
f 337/337/337 338/338/338 339/339/339
f 340/340/340 341/341/341 342/342/342
f 343/343/343 344/344/344 345/345/345
f 346/346/346 347/347/347 348/348/348
f 349/349/349 350/350/350 351/351/351
f 352/352/352 353/353/353 354/354/354
f 355/355/355 356/356/356 357/357/357
f 358/358/358 359/359/359 360/360/360
f 361/361/361 362/362/362 363/363/363
f 364/364/364 365/365/365 366/366/366
f 367/367/367 368/368/368 369/369/369
f 370/370/370 371/371/371 372/372/372
f 373/373/373 374/374/374 375/375/375
f 376/376/376 377/377/377 378/378/378
f 379/379/379 380/380/380 381/381/381
f 382/382/382 383/383/383 384/384/384
f 385/385/385 386/386/386 387/387/387
f 388/388/388 389/389/389 390/390/390
f 391/391/391 392/392/392 393/393/393
f 394/394/394 395/395/395 396/396/396
f 397/397/397 398/398/398 399/399/399
f 400/400/400 401/401/401 402/402/402
f 403/403/403 404/404/404 405/405/405
f 406/406/406 407/407/407 408/408/408
f 409/409/409 410/410/410 411/411/411
f 412/412/412 413/413/413 414/414/414
f 415/415/415 416/416/416 417/417/417
f 418/418/418 419/419/419 420/420/420
f 421/421/421 422/422/422 423/423/423
f 424/424/424 425/425/425 426/426/426
f 427/427/427 428/428/428 429/429/429
f 430/430/430 431/431/431 432/432/432
f 433/433/433 434/434/434 435/435/435
f 436/436/436 437/437/437 438/438/438
f 439/439/439 440/440/440 441/441/441
f 442/442/442 443/443/443 444/444/444
f 445/445/445 446/446/446 447/447/447
f 448/448/448 449/449/449 450/450/450
f 451/451/451 452/452/452 453/453/453
f 454/454/454 455/455/455 456/456/456
f 457/457/457 458/458/458 459/459/459
f 460/460/460 461/461/461 462/462/462
f 463/463/463 464/464/464 465/465/465
f 466/466/466 467/467/467 468/468/468
f 469/469/469 470/470/470 471/471/471
f 472/472/472 473/473/473 474/474/474
f 475/475/475 476/476/476 477/477/477
f 478/478/478 479/479/479 480/480/480
f 481/481/481 482/482/482 483/483/483
f 484/484/484 485/485/485 486/486/486
f 487/487/487 488/488/488 489/489/489
f 490/490/490 491/491/491 492/492/492
f 493/493/493 494/494/494 495/495/495
f 496/496/496 497/497/497 498/498/498
f 499/499/499 500/500/500 501/501/501
f 502/502/502 503/503/503 504/504/504
f 505/505/505 506/506/506 507/507/507
f 508/508/508 509/509/509 510/510/510
f 511/511/511 512/512/512 513/513/513
f 514/514/514 515/515/515 516/516/516
f 517/517/517 518/518/518 519/519/519
f 520/520/520 521/521/521 522/522/522
f 523/523/523 524/524/524 525/525/525
f 526/526/526 527/527/527 528/528/528
f 529/529/529 530/530/530 531/531/531
f 532/532/532 533/533/533 534/534/534
f 535/535/535 536/536/536 537/537/537
f 538/538/538 539/539/539 540/540/540
f 541/541/541 542/542/542 543/543/543
f 544/544/544 545/545/545 546/546/546
f 547/547/547 548/548/548 549/549/549
f 550/550/550 551/551/551 552/552/552
f 553/553/553 554/554/554 555/555/555
f 556/556/556 557/557/557 558/558/558
f 559/559/559 560/560/560 561/561/561
f 562/562/562 563/563/563 564/564/564
f 565/565/565 566/566/566 567/567/567
f 568/568/568 569/569/569 570/570/570
f 571/571/571 572/572/572 573/573/573
f 574/574/574 575/575/575 576/576/576
f 577/577/577 578/578/578 579/579/579
f 580/580/580 581/581/581 582/582/582
f 583/583/583 584/584/584 585/585/585
f 586/586/586 587/587/587 588/588/588
f 589/589/589 590/590/590 591/591/591
f 592/592/592 593/593/593 594/594/594
f 595/595/595 596/596/596 597/597/597
f 598/598/598 599/599/599 600/600/600
f 601/601/601 602/602/602 603/603/603
f 604/604/604 605/605/605 606/606/606
f 607/607/607 608/608/608 609/609/609
f 610/610/610 611/611/611 612/612/612
f 613/613/613 614/614/614 615/615/615
f 616/616/616 617/617/617 618/618/618
f 619/619/619 620/620/620 621/621/621
f 622/622/622 623/623/623 624/624/624
f 625/625/625 626/626/626 627/627/627
f 628/628/628 629/629/629 630/630/630
f 631/631/631 632/632/632 633/633/633
f 634/634/634 635/635/635 636/636/636
f 637/637/637 638/638/638 639/639/639
f 640/640/640 641/641/641 642/642/642
f 643/643/643 644/644/644 645/645/645
f 646/646/646 647/647/647 648/648/648
f 649/649/649 650/650/650 651/651/651
f 652/652/652 653/653/653 654/654/654
f 655/655/655 656/656/656 657/657/657
f 658/658/658 659/659/659 660/660/660
f 661/661/661 662/662/662 663/663/663
f 664/664/664 665/665/665 666/666/666
f 667/667/667 668/668/668 669/669/669
f 670/670/670 671/671/671 672/672/672
f 673/673/673 674/674/674 675/675/675
f 676/676/676 677/677/677 678/678/678
f 679/679/679 680/680/680 681/681/681
f 682/682/682 683/683/683 684/684/684
f 685/685/685 686/686/686 687/687/687
f 688/688/688 689/689/689 690/690/690
f 691/691/691 692/692/692 693/693/693
f 694/694/694 695/695/695 696/696/696
f 697/697/697 698/698/698 699/699/699
f 700/700/700 701/701/701 702/702/702
f 703/703/703 704/704/704 705/705/705
f 706/706/706 707/707/707 708/708/708
f 709/709/709 710/710/710 711/711/711
f 712/712/712 713/713/713 714/714/714
f 715/715/715 716/716/716 717/717/717
f 718/718/718 719/719/719 720/720/720
f 721/721/721 722/722/722 723/723/723
f 724/724/724 725/725/725 726/726/726
f 727/727/727 728/728/728 729/729/729
f 730/730/730 731/731/731 732/732/732
f 733/733/733 734/734/734 735/735/735
f 736/736/736 737/737/737 738/738/738
f 739/739/739 740/740/740 741/741/741
f 742/742/742 743/743/743 744/744/744
f 745/745/745 746/746/746 747/747/747
f 748/748/748 749/749/749 750/750/750
f 751/751/751 752/752/752 753/753/753
f 754/754/754 755/755/755 756/756/756
f 757/757/757 758/758/758 759/759/759
f 760/760/760 761/761/761 762/762/762
f 763/763/763 764/764/764 765/765/765
f 766/766/766 767/767/767 768/768/768
f 769/769/769 770/770/770 771/771/771
f 772/772/772 773/773/773 774/774/774
f 775/775/775 776/776/776 777/777/777
f 778/778/778 779/779/779 780/780/780
f 781/781/781 782/782/782 783/783/783
f 784/784/784 785/785/785 786/786/786
f 787/787/787 788/788/788 789/789/789
f 790/790/790 791/791/791 792/792/792
f 793/793/793 794/794/794 795/795/795
f 796/796/796 797/797/797 798/798/798
f 799/799/799 800/800/800 801/801/801
f 802/802/802 803/803/803 804/804/804
f 805/805/805 806/806/806 807/807/807
f 808/808/808 809/809/809 810/810/810
f 811/811/811 812/812/812 813/813/813
f 814/814/814 815/815/815 816/816/816
f 817/817/817 818/818/818 819/819/819
f 820/820/820 821/821/821 822/822/822
f 823/823/823 824/824/824 825/825/825
f 826/826/826 827/827/827 828/828/828
f 829/829/829 830/830/830 831/831/831
f 832/832/832 833/833/833 834/834/834
f 835/835/835 836/836/836 837/837/837
f 838/838/838 839/839/839 840/840/840
f 841/841/841 842/842/842 843/843/843
f 844/844/844 845/845/845 846/846/846
f 847/847/847 848/848/848 849/849/849
f 850/850/850 851/851/851 852/852/852
f 853/853/853 854/854/854 855/855/855
f 856/856/856 857/857/857 858/858/858
f 859/859/859 860/860/860 861/861/861
f 862/862/862 863/863/863 864/864/864
f 865/865/865 866/866/866 867/867/867
f 868/868/868 869/869/869 870/870/870
f 871/871/871 872/872/872 873/873/873
f 874/874/874 875/875/875 876/876/876
f 877/877/877 878/878/878 879/879/879
f 880/880/880 881/881/881 882/882/882
f 883/883/883 884/884/884 885/885/885
f 886/886/886 887/887/887 888/888/888
f 889/889/889 890/890/890 891/891/891
f 892/892/892 893/893/893 894/894/894
f 895/895/895 896/896/896 897/897/897
f 898/898/898 899/899/899 900/900/900
f 901/901/901 902/902/902 903/903/903
f 904/904/904 905/905/905 906/906/906
f 907/907/907 908/908/908 909/909/909
f 910/910/910 911/911/911 912/912/912
f 913/913/913 914/914/914 915/915/915
f 916/916/916 917/917/917 918/918/918
f 919/919/919 920/920/920 921/921/921
f 922/922/922 923/923/923 924/924/924
f 925/925/925 926/926/926 927/927/927
f 928/928/928 929/929/929 930/930/930
f 931/931/931 932/932/932 933/933/933
f 934/934/934 935/935/935 936/936/936
f 937/937/937 938/938/938 939/939/939
f 940/940/940 941/941/941 942/942/942
f 943/943/943 944/944/944 945/945/945
f 946/946/946 947/947/947 948/948/948
f 949/949/949 950/950/950 951/951/951
f 952/952/952 953/953/953 954/954/954
f 955/955/955 956/956/956 957/957/957
f 958/958/958 959/959/959 960/960/960
f 961/961/961 962/962/962 963/963/963
f 964/964/964 965/965/965 966/966/966
f 967/967/967 968/968/968 969/969/969
f 970/970/970 971/971/971 972/972/972
f 973/973/973 974/974/974 975/975/975
f 976/976/976 977/977/977 978/978/978
f 979/979/979 980/980/980 981/981/981
f 982/982/982 983/983/983 984/984/984
f 985/985/985 986/986/986 987/987/987
f 988/988/988 989/989/989 990/990/990
f 991/991/991 992/992/992 993/993/993
f 994/994/994 995/995/995 996/996/996
f 997/997/997 998/998/998 999/999/999
f 1000/1000/1000 1001/1001/1001 1002/1002/1002
f 1003/1003/1003 1004/1004/1004 1005/1005/1005
f 1006/1006/1006 1007/1007/1007 1008/1008/1008
f 1009/1009/1009 1010/1010/1010 1011/1011/1011
f 1012/1012/1012 1013/1013/1013 1014/1014/1014
f 1015/1015/1015 1016/1016/1016 1017/1017/1017
f 1018/1018/1018 1019/1019/1019 1020/1020/1020
f 1021/1021/1021 1022/1022/1022 1023/1023/1023
f 1024/1024/1024 1025/1025/1025 1026/1026/1026
f 1027/1027/1027 1028/1028/1028 1029/1029/1029
f 1030/1030/1030 1031/1031/1031 1032/1032/1032
f 1033/1033/1033 1034/1034/1034 1035/1035/1035
f 1036/1036/1036 1037/1037/1037 1038/1038/1038
f 1039/1039/1039 1040/1040/1040 1041/1041/1041
f 1042/1042/1042 1043/1043/1043 1044/1044/1044
f 1045/1045/1045 1046/1046/1046 1047/1047/1047
f 1048/1048/1048 1049/1049/1049 1050/1050/1050
f 1051/1051/1051 1052/1052/1052 1053/1053/1053
f 1054/1054/1054 1055/1055/1055 1056/1056/1056
f 1057/1057/1057 1058/1058/1058 1059/1059/1059
f 1060/1060/1060 1061/1061/1061 1062/1062/1062
f 1063/1063/1063 1064/1064/1064 1065/1065/1065
f 1066/1066/1066 1067/1067/1067 1068/1068/1068
f 1069/1069/1069 1070/1070/1070 1071/1071/1071
f 1072/1072/1072 1073/1073/1073 1074/1074/1074
f 1075/1075/1075 1076/1076/1076 1077/1077/1077
f 1078/1078/1078 1079/1079/1079 1080/1080/1080
f 1081/1081/1081 1082/1082/1082 1083/1083/1083
f 1084/1084/1084 1085/1085/1085 1086/1086/1086
f 1087/1087/1087 1088/1088/1088 1089/1089/1089
f 1090/1090/1090 1091/1091/1091 1092/1092/1092
f 1093/1093/1093 1094/1094/1094 1095/1095/1095
f 1096/1096/1096 1097/1097/1097 1098/1098/1098
f 1099/1099/1099 1100/1100/1100 1101/1101/1101
f 1102/1102/1102 1103/1103/1103 1104/1104/1104
f 1105/1105/1105 1106/1106/1106 1107/1107/1107
f 1108/1108/1108 1109/1109/1109 1110/1110/1110
f 1111/1111/1111 1112/1112/1112 1113/1113/1113
f 1114/1114/1114 1115/1115/1115 1116/1116/1116
f 1117/1117/1117 1118/1118/1118 1119/1119/1119
f 1120/1120/1120 1121/1121/1121 1122/1122/1122
f 1123/1123/1123 1124/1124/1124 1125/1125/1125
f 1126/1126/1126 1127/1127/1127 1128/1128/1128
f 1129/1129/1129 1130/1130/1130 1131/1131/1131
f 1132/1132/1132 1133/1133/1133 1134/1134/1134
f 1135/1135/1135 1136/1136/1136 1137/1137/1137
f 1138/1138/1138 1139/1139/1139 1140/1140/1140
f 1141/1141/1141 1142/1142/1142 1143/1143/1143
f 1144/1144/1144 1145/1145/1145 1146/1146/1146
f 1147/1147/1147 1148/1148/1148 1149/1149/1149
f 1150/1150/1150 1151/1151/1151 1152/1152/1152
f 1153/1153/1153 1154/1154/1154 1155/1155/1155
f 1156/1156/1156 1157/1157/1157 1158/1158/1158
f 1159/1159/1159 1160/1160/1160 1161/1161/1161
f 1162/1162/1162 1163/1163/1163 1164/1164/1164
f 1165/1165/1165 1166/1166/1166 1167/1167/1167
f 1168/1168/1168 1169/1169/1169 1170/1170/1170
f 1171/1171/1171 1172/1172/1172 1173/1173/1173
f 1174/1174/1174 1175/1175/1175 1176/1176/1176
f 1177/1177/1177 1178/1178/1178 1179/1179/1179
f 1180/1180/1180 1181/1181/1181 1182/1182/1182
f 1183/1183/1183 1184/1184/1184 1185/1185/1185
f 1186/1186/1186 1187/1187/1187 1188/1188/1188
f 1189/1189/1189 1190/1190/1190 1191/1191/1191
f 1192/1192/1192 1193/1193/1193 1194/1194/1194
f 1195/1195/1195 1196/1196/1196 1197/1197/1197
f 1198/1198/1198 1199/1199/1199 1200/1200/1200
f 1201/1201/1201 1202/1202/1202 1203/1203/1203
f 1204/1204/1204 1205/1205/1205 1206/1206/1206
f 1207/1207/1207 1208/1208/1208 1209/1209/1209
f 1210/1210/1210 1211/1211/1211 1212/1212/1212
f 1213/1213/1213 1214/1214/1214 1215/1215/1215
f 1216/1216/1216 1217/1217/1217 1218/1218/1218
f 1219/1219/1219 1220/1220/1220 1221/1221/1221
f 1222/1222/1222 1223/1223/1223 1224/1224/1224
f 1225/1225/1225 1226/1226/1226 1227/1227/1227
f 1228/1228/1228 1229/1229/1229 1230/1230/1230
f 1231/1231/1231 1232/1232/1232 1233/1233/1233
f 1234/1234/1234 1235/1235/1235 1236/1236/1236
f 1237/1237/1237 1238/1238/1238 1239/1239/1239
f 1240/1240/1240 1241/1241/1241 1242/1242/1242
f 1243/1243/1243 1244/1244/1244 1245/1245/1245
f 1246/1246/1246 1247/1247/1247 1248/1248/1248
f 1249/1249/1249 1250/1250/1250 1251/1251/1251
f 1252/1252/1252 1253/1253/1253 1254/1254/1254
f 1255/1255/1255 1256/1256/1256 1257/1257/1257
f 1258/1258/1258 1259/1259/1259 1260/1260/1260
f 1261/1261/1261 1262/1262/1262 1263/1263/1263
f 1264/1264/1264 1265/1265/1265 1266/1266/1266
f 1267/1267/1267 1268/1268/1268 1269/1269/1269
f 1270/1270/1270 1271/1271/1271 1272/1272/1272
f 1273/1273/1273 1274/1274/1274 1275/1275/1275
f 1276/1276/1276 1277/1277/1277 1278/1278/1278
f 1279/1279/1279 1280/1280/1280 1281/1281/1281
f 1282/1282/1282 1283/1283/1283 1284/1284/1284
f 1285/1285/1285 1286/1286/1286 1287/1287/1287
f 1288/1288/1288 1289/1289/1289 1290/1290/1290
f 1291/1291/1291 1292/1292/1292 1293/1293/1293
f 1294/1294/1294 1295/1295/1295 1296/1296/1296
f 1297/1297/1297 1298/1298/1298 1299/1299/1299
f 1300/1300/1300 1301/1301/1301 1302/1302/1302
f 1303/1303/1303 1304/1304/1304 1305/1305/1305
f 1306/1306/1306 1307/1307/1307 1308/1308/1308
f 1309/1309/1309 1310/1310/1310 1311/1311/1311
f 1312/1312/1312 1313/1313/1313 1314/1314/1314
f 1315/1315/1315 1316/1316/1316 1317/1317/1317
f 1318/1318/1318 1319/1319/1319 1320/1320/1320
f 1321/1321/1321 1322/1322/1322 1323/1323/1323
f 1324/1324/1324 1325/1325/1325 1326/1326/1326
f 1327/1327/1327 1328/1328/1328 1329/1329/1329
f 1330/1330/1330 1331/1331/1331 1332/1332/1332
f 1333/1333/1333 1334/1334/1334 1335/1335/1335
f 1336/1336/1336 1337/1337/1337 1338/1338/1338
f 1339/1339/1339 1340/1340/1340 1341/1341/1341
f 1342/1342/1342 1343/1343/1343 1344/1344/1344
f 1345/1345/1345 1346/1346/1346 1347/1347/1347
f 1348/1348/1348 1349/1349/1349 1350/1350/1350
f 1351/1351/1351 1352/1352/1352 1353/1353/1353
f 1354/1354/1354 1355/1355/1355 1356/1356/1356
f 1357/1357/1357 1358/1358/1358 1359/1359/1359
f 1360/1360/1360 1361/1361/1361 1362/1362/1362
f 1363/1363/1363 1364/1364/1364 1365/1365/1365
f 1366/1366/1366 1367/1367/1367 1368/1368/1368
f 1369/1369/1369 1370/1370/1370 1371/1371/1371
f 1372/1372/1372 1373/1373/1373 1374/1374/1374
f 1375/1375/1375 1376/1376/1376 1377/1377/1377
f 1378/1378/1378 1379/1379/1379 1380/1380/1380
f 1381/1381/1381 1382/1382/1382 1383/1383/1383
f 1384/1384/1384 1385/1385/1385 1386/1386/1386
f 1387/1387/1387 1388/1388/1388 1389/1389/1389
f 1390/1390/1390 1391/1391/1391 1392/1392/1392
f 1393/1393/1393 1394/1394/1394 1395/1395/1395
f 1396/1396/1396 1397/1397/1397 1398/1398/1398
f 1399/1399/1399 1400/1400/1400 1401/1401/1401
f 1402/1402/1402 1403/1403/1403 1404/1404/1404
f 1405/1405/1405 1406/1406/1406 1407/1407/1407
f 1408/1408/1408 1409/1409/1409 1410/1410/1410
f 1411/1411/1411 1412/1412/1412 1413/1413/1413
f 1414/1414/1414 1415/1415/1415 1416/1416/1416
f 1417/1417/1417 1418/1418/1418 1419/1419/1419
f 1420/1420/1420 1421/1421/1421 1422/1422/1422
f 1423/1423/1423 1424/1424/1424 1425/1425/1425
f 1426/1426/1426 1427/1427/1427 1428/1428/1428
f 1429/1429/1429 1430/1430/1430 1431/1431/1431
f 1432/1432/1432 1433/1433/1433 1434/1434/1434
f 1435/1435/1435 1436/1436/1436 1437/1437/1437
f 1438/1438/1438 1439/1439/1439 1440/1440/1440
f 1441/1441/1441 1442/1442/1442 1443/1443/1443
f 1444/1444/1444 1445/1445/1445 1446/1446/1446
f 1447/1447/1447 1448/1448/1448 1449/1449/1449
f 1450/1450/1450 1451/1451/1451 1452/1452/1452
f 1453/1453/1453 1454/1454/1454 1455/1455/1455
f 1456/1456/1456 1457/1457/1457 1458/1458/1458
f 1459/1459/1459 1460/1460/1460 1461/1461/1461
f 1462/1462/1462 1463/1463/1463 1464/1464/1464
f 1465/1465/1465 1466/1466/1466 1467/1467/1467
f 1468/1468/1468 1469/1469/1469 1470/1470/1470
f 1471/1471/1471 1472/1472/1472 1473/1473/1473
f 1474/1474/1474 1475/1475/1475 1476/1476/1476
f 1477/1477/1477 1478/1478/1478 1479/1479/1479
f 1480/1480/1480 1481/1481/1481 1482/1482/1482
f 1483/1483/1483 1484/1484/1484 1485/1485/1485
f 1486/1486/1486 1487/1487/1487 1488/1488/1488
f 1489/1489/1489 1490/1490/1490 1491/1491/1491
f 1492/1492/1492 1493/1493/1493 1494/1494/1494
f 1495/1495/1495 1496/1496/1496 1497/1497/1497
f 1498/1498/1498 1499/1499/1499 1500/1500/1500
f 1501/1501/1501 1502/1502/1502 1503/1503/1503
f 1504/1504/1504 1505/1505/1505 1506/1506/1506
f 1507/1507/1507 1508/1508/1508 1509/1509/1509
f 1510/1510/1510 1511/1511/1511 1512/1512/1512
f 1513/1513/1513 1514/1514/1514 1515/1515/1515
f 1516/1516/1516 1517/1517/1517 1518/1518/1518
f 1519/1519/1519 1520/1520/1520 1521/1521/1521
f 1522/1522/1522 1523/1523/1523 1524/1524/1524
f 1525/1525/1525 1526/1526/1526 1527/1527/1527
f 1528/1528/1528 1529/1529/1529 1530/1530/1530
f 1531/1531/1531 1532/1532/1532 1533/1533/1533
f 1534/1534/1534 1535/1535/1535 1536/1536/1536
f 1537/1537/1537 1538/1538/1538 1539/1539/1539
f 1540/1540/1540 1541/1541/1541 1542/1542/1542
f 1543/1543/1543 1544/1544/1544 1545/1545/1545
f 1546/1546/1546 1547/1547/1547 1548/1548/1548
f 1549/1549/1549 1550/1550/1550 1551/1551/1551
f 1552/1552/1552 1553/1553/1553 1554/1554/1554
f 1555/1555/1555 1556/1556/1556 1557/1557/1557
f 1558/1558/1558 1559/1559/1559 1560/1560/1560
f 1561/1561/1561 1562/1562/1562 1563/1563/1563
f 1564/1564/1564 1565/1565/1565 1566/1566/1566
f 1567/1567/1567 1568/1568/1568 1569/1569/1569
f 1570/1570/1570 1571/1571/1571 1572/1572/1572
f 1573/1573/1573 1574/1574/1574 1575/1575/1575
f 1576/1576/1576 1577/1577/1577 1578/1578/1578
f 1579/1579/1579 1580/1580/1580 1581/1581/1581
f 1582/1582/1582 1583/1583/1583 1584/1584/1584
f 1585/1585/1585 1586/1586/1586 1587/1587/1587
f 1588/1588/1588 1589/1589/1589 1590/1590/1590
f 1591/1591/1591 1592/1592/1592 1593/1593/1593
f 1594/1594/1594 1595/1595/1595 1596/1596/1596
f 1597/1597/1597 1598/1598/1598 1599/1599/1599
f 1600/1600/1600 1601/1601/1601 1602/1602/1602
f 1603/1603/1603 1604/1604/1604 1605/1605/1605
f 1606/1606/1606 1607/1607/1607 1608/1608/1608
f 1609/1609/1609 1610/1610/1610 1611/1611/1611
f 1612/1612/1612 1613/1613/1613 1614/1614/1614
f 1615/1615/1615 1616/1616/1616 1617/1617/1617
f 1618/1618/1618 1619/1619/1619 1620/1620/1620
f 1621/1621/1621 1622/1622/1622 1623/1623/1623
f 1624/1624/1624 1625/1625/1625 1626/1626/1626
f 1627/1627/1627 1628/1628/1628 1629/1629/1629
f 1630/1630/1630 1631/1631/1631 1632/1632/1632
f 1633/1633/1633 1634/1634/1634 1635/1635/1635
f 1636/1636/1636 1637/1637/1637 1638/1638/1638
f 1639/1639/1639 1640/1640/1640 1641/1641/1641
f 1642/1642/1642 1643/1643/1643 1644/1644/1644
f 1645/1645/1645 1646/1646/1646 1647/1647/1647
f 1648/1648/1648 1649/1649/1649 1650/1650/1650
f 1651/1651/1651 1652/1652/1652 1653/1653/1653
f 1654/1654/1654 1655/1655/1655 1656/1656/1656
f 1657/1657/1657 1658/1658/1658 1659/1659/1659
f 1660/1660/1660 1661/1661/1661 1662/1662/1662
f 1663/1663/1663 1664/1664/1664 1665/1665/1665
f 1666/1666/1666 1667/1667/1667 1668/1668/1668
f 1669/1669/1669 1670/1670/1670 1671/1671/1671
f 1672/1672/1672 1673/1673/1673 1674/1674/1674
f 1675/1675/1675 1676/1676/1676 1677/1677/1677
f 1678/1678/1678 1679/1679/1679 1680/1680/1680
f 1681/1681/1681 1682/1682/1682 1683/1683/1683
f 1684/1684/1684 1685/1685/1685 1686/1686/1686
f 1687/1687/1687 1688/1688/1688 1689/1689/1689
f 1690/1690/1690 1691/1691/1691 1692/1692/1692
f 1693/1693/1693 1694/1694/1694 1695/1695/1695
f 1696/1696/1696 1697/1697/1697 1698/1698/1698
f 1699/1699/1699 1700/1700/1700 1701/1701/1701
f 1702/1702/1702 1703/1703/1703 1704/1704/1704
f 1705/1705/1705 1706/1706/1706 1707/1707/1707
f 1708/1708/1708 1709/1709/1709 1710/1710/1710
f 1711/1711/1711 1712/1712/1712 1713/1713/1713
f 1714/1714/1714 1715/1715/1715 1716/1716/1716
f 1717/1717/1717 1718/1718/1718 1719/1719/1719
f 1720/1720/1720 1721/1721/1721 1722/1722/1722
f 1723/1723/1723 1724/1724/1724 1725/1725/1725
f 1726/1726/1726 1727/1727/1727 1728/1728/1728
f 1729/1729/1729 1730/1730/1730 1731/1731/1731
f 1732/1732/1732 1733/1733/1733 1734/1734/1734
f 1735/1735/1735 1736/1736/1736 1737/1737/1737
f 1738/1738/1738 1739/1739/1739 1740/1740/1740
f 1741/1741/1741 1742/1742/1742 1743/1743/1743
f 1744/1744/1744 1745/1745/1745 1746/1746/1746
f 1747/1747/1747 1748/1748/1748 1749/1749/1749
f 1750/1750/1750 1751/1751/1751 1752/1752/1752
f 1753/1753/1753 1754/1754/1754 1755/1755/1755
f 1756/1756/1756 1757/1757/1757 1758/1758/1758
f 1759/1759/1759 1760/1760/1760 1761/1761/1761
f 1762/1762/1762 1763/1763/1763 1764/1764/1764
f 1765/1765/1765 1766/1766/1766 1767/1767/1767
f 1768/1768/1768 1769/1769/1769 1770/1770/1770
f 1771/1771/1771 1772/1772/1772 1773/1773/1773
f 1774/1774/1774 1775/1775/1775 1776/1776/1776
f 1777/1777/1777 1778/1778/1778 1779/1779/1779
f 1780/1780/1780 1781/1781/1781 1782/1782/1782
f 1783/1783/1783 1784/1784/1784 1785/1785/1785
f 1786/1786/1786 1787/1787/1787 1788/1788/1788
f 1789/1789/1789 1790/1790/1790 1791/1791/1791
f 1792/1792/1792 1793/1793/1793 1794/1794/1794
f 1795/1795/1795 1796/1796/1796 1797/1797/1797
f 1798/1798/1798 1799/1799/1799 1800/1800/1800
f 1801/1801/1801 1802/1802/1802 1803/1803/1803
f 1804/1804/1804 1805/1805/1805 1806/1806/1806
f 1807/1807/1807 1808/1808/1808 1809/1809/1809
f 1810/1810/1810 1811/1811/1811 1812/1812/1812
f 1813/1813/1813 1814/1814/1814 1815/1815/1815
f 1816/1816/1816 1817/1817/1817 1818/1818/1818
f 1819/1819/1819 1820/1820/1820 1821/1821/1821
f 1822/1822/1822 1823/1823/1823 1824/1824/1824
f 1825/1825/1825 1826/1826/1826 1827/1827/1827
f 1828/1828/1828 1829/1829/1829 1830/1830/1830
f 1831/1831/1831 1832/1832/1832 1833/1833/1833
f 1834/1834/1834 1835/1835/1835 1836/1836/1836
f 1837/1837/1837 1838/1838/1838 1839/1839/1839
f 1840/1840/1840 1841/1841/1841 1842/1842/1842
f 1843/1843/1843 1844/1844/1844 1845/1845/1845
f 1846/1846/1846 1847/1847/1847 1848/1848/1848
f 1849/1849/1849 1850/1850/1850 1851/1851/1851
f 1852/1852/1852 1853/1853/1853 1854/1854/1854
f 1855/1855/1855 1856/1856/1856 1857/1857/1857
f 1858/1858/1858 1859/1859/1859 1860/1860/1860
f 1861/1861/1861 1862/1862/1862 1863/1863/1863
f 1864/1864/1864 1865/1865/1865 1866/1866/1866
f 1867/1867/1867 1868/1868/1868 1869/1869/1869
f 1870/1870/1870 1871/1871/1871 1872/1872/1872
f 1873/1873/1873 1874/1874/1874 1875/1875/1875
f 1876/1876/1876 1877/1877/1877 1878/1878/1878
f 1879/1879/1879 1880/1880/1880 1881/1881/1881
f 1882/1882/1882 1883/1883/1883 1884/1884/1884
f 1885/1885/1885 1886/1886/1886 1887/1887/1887
f 1888/1888/1888 1889/1889/1889 1890/1890/1890
f 1891/1891/1891 1892/1892/1892 1893/1893/1893
f 1894/1894/1894 1895/1895/1895 1896/1896/1896
f 1897/1897/1897 1898/1898/1898 1899/1899/1899
f 1900/1900/1900 1901/1901/1901 1902/1902/1902
f 1903/1903/1903 1904/1904/1904 1905/1905/1905
f 1906/1906/1906 1907/1907/1907 1908/1908/1908
f 1909/1909/1909 1910/1910/1910 1911/1911/1911
f 1912/1912/1912 1913/1913/1913 1914/1914/1914
f 1915/1915/1915 1916/1916/1916 1917/1917/1917
f 1918/1918/1918 1919/1919/1919 1920/1920/1920
f 1921/1921/1921 1922/1922/1922 1923/1923/1923
f 1924/1924/1924 1925/1925/1925 1926/1926/1926
f 1927/1927/1927 1928/1928/1928 1929/1929/1929
f 1930/1930/1930 1931/1931/1931 1932/1932/1932
f 1933/1933/1933 1934/1934/1934 1935/1935/1935
f 1936/1936/1936 1937/1937/1937 1938/1938/1938
f 1939/1939/1939 1940/1940/1940 1941/1941/1941
f 1942/1942/1942 1943/1943/1943 1944/1944/1944
f 1945/1945/1945 1946/1946/1946 1947/1947/1947
f 1948/1948/1948 1949/1949/1949 1950/1950/1950
f 1951/1951/1951 1952/1952/1952 1953/1953/1953
f 1954/1954/1954 1955/1955/1955 1956/1956/1956
f 1957/1957/1957 1958/1958/1958 1959/1959/1959
f 1960/1960/1960 1961/1961/1961 1962/1962/1962
f 1963/1963/1963 1964/1964/1964 1965/1965/1965
f 1966/1966/1966 1967/1967/1967 1968/1968/1968
f 1969/1969/1969 1970/1970/1970 1971/1971/1971
f 1972/1972/1972 1973/1973/1973 1974/1974/1974
f 1975/1975/1975 1976/1976/1976 1977/1977/1977
f 1978/1978/1978 1979/1979/1979 1980/1980/1980
f 1981/1981/1981 1982/1982/1982 1983/1983/1983
f 1984/1984/1984 1985/1985/1985 1986/1986/1986
f 1987/1987/1987 1988/1988/1988 1989/1989/1989
f 1990/1990/1990 1991/1991/1991 1992/1992/1992
f 1993/1993/1993 1994/1994/1994 1995/1995/1995
f 1996/1996/1996 1997/1997/1997 1998/1998/1998
f 1999/1999/1999 2000/2000/2000 2001/2001/2001
f 2002/2002/2002 2003/2003/2003 2004/2004/2004
f 2005/2005/2005 2006/2006/2006 2007/2007/2007
f 2008/2008/2008 2009/2009/2009 2010/2010/2010
f 2011/2011/2011 2012/2012/2012 2013/2013/2013
f 2014/2014/2014 2015/2015/2015 2016/2016/2016
f 2017/2017/2017 2018/2018/2018 2019/2019/2019
f 2020/2020/2020 2021/2021/2021 2022/2022/2022
f 2023/2023/2023 2024/2024/2024 2025/2025/2025
f 2026/2026/2026 2027/2027/2027 2028/2028/2028
f 2029/2029/2029 2030/2030/2030 2031/2031/2031
f 2032/2032/2032 2033/2033/2033 2034/2034/2034
f 2035/2035/2035 2036/2036/2036 2037/2037/2037
f 2038/2038/2038 2039/2039/2039 2040/2040/2040
f 2041/2041/2041 2042/2042/2042 2043/2043/2043
f 2044/2044/2044 2045/2045/2045 2046/2046/2046
f 2047/2047/2047 2048/2048/2048 2049/2049/2049
f 2050/2050/2050 2051/2051/2051 2052/2052/2052
f 2053/2053/2053 2054/2054/2054 2055/2055/2055
f 2056/2056/2056 2057/2057/2057 2058/2058/2058
f 2059/2059/2059 2060/2060/2060 2061/2061/2061
f 2062/2062/2062 2063/2063/2063 2064/2064/2064
f 2065/2065/2065 2066/2066/2066 2067/2067/2067
f 2068/2068/2068 2069/2069/2069 2070/2070/2070
f 2071/2071/2071 2072/2072/2072 2073/2073/2073
f 2074/2074/2074 2075/2075/2075 2076/2076/2076
f 2077/2077/2077 2078/2078/2078 2079/2079/2079
f 2080/2080/2080 2081/2081/2081 2082/2082/2082
f 2083/2083/2083 2084/2084/2084 2085/2085/2085
f 2086/2086/2086 2087/2087/2087 2088/2088/2088
f 2089/2089/2089 2090/2090/2090 2091/2091/2091
f 2092/2092/2092 2093/2093/2093 2094/2094/2094
f 2095/2095/2095 2096/2096/2096 2097/2097/2097
f 2098/2098/2098 2099/2099/2099 2100/2100/2100
f 2101/2101/2101 2102/2102/2102 2103/2103/2103
f 2104/2104/2104 2105/2105/2105 2106/2106/2106
f 2107/2107/2107 2108/2108/2108 2109/2109/2109
f 2110/2110/2110 2111/2111/2111 2112/2112/2112
f 2113/2113/2113 2114/2114/2114 2115/2115/2115
f 2116/2116/2116 2117/2117/2117 2118/2118/2118
f 2119/2119/2119 2120/2120/2120 2121/2121/2121
f 2122/2122/2122 2123/2123/2123 2124/2124/2124
f 2125/2125/2125 2126/2126/2126 2127/2127/2127
f 2128/2128/2128 2129/2129/2129 2130/2130/2130
f 2131/2131/2131 2132/2132/2132 2133/2133/2133
f 2134/2134/2134 2135/2135/2135 2136/2136/2136
f 2137/2137/2137 2138/2138/2138 2139/2139/2139
f 2140/2140/2140 2141/2141/2141 2142/2142/2142
f 2143/2143/2143 2144/2144/2144 2145/2145/2145
f 2146/2146/2146 2147/2147/2147 2148/2148/2148
f 2149/2149/2149 2150/2150/2150 2151/2151/2151
f 2152/2152/2152 2153/2153/2153 2154/2154/2154
f 2155/2155/2155 2156/2156/2156 2157/2157/2157
f 2158/2158/2158 2159/2159/2159 2160/2160/2160
f 2161/2161/2161 2162/2162/2162 2163/2163/2163
f 2164/2164/2164 2165/2165/2165 2166/2166/2166
f 2167/2167/2167 2168/2168/2168 2169/2169/2169
f 2170/2170/2170 2171/2171/2171 2172/2172/2172
f 2173/2173/2173 2174/2174/2174 2175/2175/2175
f 2176/2176/2176 2177/2177/2177 2178/2178/2178
f 2179/2179/2179 2180/2180/2180 2181/2181/2181
f 2182/2182/2182 2183/2183/2183 2184/2184/2184
f 2185/2185/2185 2186/2186/2186 2187/2187/2187
f 2188/2188/2188 2189/2189/2189 2190/2190/2190
f 2191/2191/2191 2192/2192/2192 2193/2193/2193
f 2194/2194/2194 2195/2195/2195 2196/2196/2196
f 2197/2197/2197 2198/2198/2198 2199/2199/2199
f 2200/2200/2200 2201/2201/2201 2202/2202/2202
f 2203/2203/2203 2204/2204/2204 2205/2205/2205
f 2206/2206/2206 2207/2207/2207 2208/2208/2208
f 2209/2209/2209 2210/2210/2210 2211/2211/2211
f 2212/2212/2212 2213/2213/2213 2214/2214/2214
f 2215/2215/2215 2216/2216/2216 2217/2217/2217
f 2218/2218/2218 2219/2219/2219 2220/2220/2220
f 2221/2221/2221 2222/2222/2222 2223/2223/2223
f 2224/2224/2224 2225/2225/2225 2226/2226/2226
f 2227/2227/2227 2228/2228/2228 2229/2229/2229
f 2230/2230/2230 2231/2231/2231 2232/2232/2232
f 2233/2233/2233 2234/2234/2234 2235/2235/2235
f 2236/2236/2236 2237/2237/2237 2238/2238/2238
f 2239/2239/2239 2240/2240/2240 2241/2241/2241
f 2242/2242/2242 2243/2243/2243 2244/2244/2244
f 2245/2245/2245 2246/2246/2246 2247/2247/2247
f 2248/2248/2248 2249/2249/2249 2250/2250/2250
f 2251/2251/2251 2252/2252/2252 2253/2253/2253
f 2254/2254/2254 2255/2255/2255 2256/2256/2256
f 2257/2257/2257 2258/2258/2258 2259/2259/2259
f 2260/2260/2260 2261/2261/2261 2262/2262/2262
f 2263/2263/2263 2264/2264/2264 2265/2265/2265
f 2266/2266/2266 2267/2267/2267 2268/2268/2268
f 2269/2269/2269 2270/2270/2270 2271/2271/2271
f 2272/2272/2272 2273/2273/2273 2274/2274/2274
f 2275/2275/2275 2276/2276/2276 2277/2277/2277
f 2278/2278/2278 2279/2279/2279 2280/2280/2280
f 2281/2281/2281 2282/2282/2282 2283/2283/2283
f 2284/2284/2284 2285/2285/2285 2286/2286/2286
f 2287/2287/2287 2288/2288/2288 2289/2289/2289
f 2290/2290/2290 2291/2291/2291 2292/2292/2292
f 2293/2293/2293 2294/2294/2294 2295/2295/2295
f 2296/2296/2296 2297/2297/2297 2298/2298/2298
f 2299/2299/2299 2300/2300/2300 2301/2301/2301
f 2302/2302/2302 2303/2303/2303 2304/2304/2304
f 2305/2305/2305 2306/2306/2306 2307/2307/2307
f 2308/2308/2308 2309/2309/2309 2310/2310/2310
f 2311/2311/2311 2312/2312/2312 2313/2313/2313
f 2314/2314/2314 2315/2315/2315 2316/2316/2316
f 2317/2317/2317 2318/2318/2318 2319/2319/2319
f 2320/2320/2320 2321/2321/2321 2322/2322/2322
f 2323/2323/2323 2324/2324/2324 2325/2325/2325
f 2326/2326/2326 2327/2327/2327 2328/2328/2328
f 2329/2329/2329 2330/2330/2330 2331/2331/2331
f 2332/2332/2332 2333/2333/2333 2334/2334/2334
f 2335/2335/2335 2336/2336/2336 2337/2337/2337
f 2338/2338/2338 2339/2339/2339 2340/2340/2340
f 2341/2341/2341 2342/2342/2342 2343/2343/2343
f 2344/2344/2344 2345/2345/2345 2346/2346/2346
f 2347/2347/2347 2348/2348/2348 2349/2349/2349
f 2350/2350/2350 2351/2351/2351 2352/2352/2352
f 2353/2353/2353 2354/2354/2354 2355/2355/2355
f 2356/2356/2356 2357/2357/2357 2358/2358/2358
f 2359/2359/2359 2360/2360/2360 2361/2361/2361
f 2362/2362/2362 2363/2363/2363 2364/2364/2364
f 2365/2365/2365 2366/2366/2366 2367/2367/2367
f 2368/2368/2368 2369/2369/2369 2370/2370/2370
f 2371/2371/2371 2372/2372/2372 2373/2373/2373
f 2374/2374/2374 2375/2375/2375 2376/2376/2376
f 2377/2377/2377 2378/2378/2378 2379/2379/2379
f 2380/2380/2380 2381/2381/2381 2382/2382/2382
f 2383/2383/2383 2384/2384/2384 2385/2385/2385
f 2386/2386/2386 2387/2387/2387 2388/2388/2388
f 2389/2389/2389 2390/2390/2390 2391/2391/2391
f 2392/2392/2392 2393/2393/2393 2394/2394/2394
f 2395/2395/2395 2396/2396/2396 2397/2397/2397
f 2398/2398/2398 2399/2399/2399 2400/2400/2400
f 2401/2401/2401 2402/2402/2402 2403/2403/2403
f 2404/2404/2404 2405/2405/2405 2406/2406/2406
f 2407/2407/2407 2408/2408/2408 2409/2409/2409
f 2410/2410/2410 2411/2411/2411 2412/2412/2412
f 2413/2413/2413 2414/2414/2414 2415/2415/2415
f 2416/2416/2416 2417/2417/2417 2418/2418/2418
f 2419/2419/2419 2420/2420/2420 2421/2421/2421
f 2422/2422/2422 2423/2423/2423 2424/2424/2424
f 2425/2425/2425 2426/2426/2426 2427/2427/2427
f 2428/2428/2428 2429/2429/2429 2430/2430/2430
f 2431/2431/2431 2432/2432/2432 2433/2433/2433
f 2434/2434/2434 2435/2435/2435 2436/2436/2436
f 2437/2437/2437 2438/2438/2438 2439/2439/2439
f 2440/2440/2440 2441/2441/2441 2442/2442/2442
f 2443/2443/2443 2444/2444/2444 2445/2445/2445
f 2446/2446/2446 2447/2447/2447 2448/2448/2448
f 2449/2449/2449 2450/2450/2450 2451/2451/2451
f 2452/2452/2452 2453/2453/2453 2454/2454/2454
f 2455/2455/2455 2456/2456/2456 2457/2457/2457
f 2458/2458/2458 2459/2459/2459 2460/2460/2460
f 2461/2461/2461 2462/2462/2462 2463/2463/2463
f 2464/2464/2464 2465/2465/2465 2466/2466/2466
f 2467/2467/2467 2468/2468/2468 2469/2469/2469
f 2470/2470/2470 2471/2471/2471 2472/2472/2472
f 2473/2473/2473 2474/2474/2474 2475/2475/2475
f 2476/2476/2476 2477/2477/2477 2478/2478/2478
f 2479/2479/2479 2480/2480/2480 2481/2481/2481
f 2482/2482/2482 2483/2483/2483 2484/2484/2484
f 2485/2485/2485 2486/2486/2486 2487/2487/2487
f 2488/2488/2488 2489/2489/2489 2490/2490/2490
f 2491/2491/2491 2492/2492/2492 2493/2493/2493
f 2494/2494/2494 2495/2495/2495 2496/2496/2496
f 2497/2497/2497 2498/2498/2498 2499/2499/2499
f 2500/2500/2500 2501/2501/2501 2502/2502/2502
f 2503/2503/2503 2504/2504/2504 2505/2505/2505
f 2506/2506/2506 2507/2507/2507 2508/2508/2508
f 2509/2509/2509 2510/2510/2510 2511/2511/2511
f 2512/2512/2512 2513/2513/2513 2514/2514/2514
f 2515/2515/2515 2516/2516/2516 2517/2517/2517
f 2518/2518/2518 2519/2519/2519 2520/2520/2520
f 2521/2521/2521 2522/2522/2522 2523/2523/2523
f 2524/2524/2524 2525/2525/2525 2526/2526/2526
f 2527/2527/2527 2528/2528/2528 2529/2529/2529
f 2530/2530/2530 2531/2531/2531 2532/2532/2532
f 2533/2533/2533 2534/2534/2534 2535/2535/2535
f 2536/2536/2536 2537/2537/2537 2538/2538/2538
f 2539/2539/2539 2540/2540/2540 2541/2541/2541
f 2542/2542/2542 2543/2543/2543 2544/2544/2544
f 2545/2545/2545 2546/2546/2546 2547/2547/2547
f 2548/2548/2548 2549/2549/2549 2550/2550/2550
f 2551/2551/2551 2552/2552/2552 2553/2553/2553
f 2554/2554/2554 2555/2555/2555 2556/2556/2556
f 2557/2557/2557 2558/2558/2558 2559/2559/2559
f 2560/2560/2560 2561/2561/2561 2562/2562/2562
f 2563/2563/2563 2564/2564/2564 2565/2565/2565
f 2566/2566/2566 2567/2567/2567 2568/2568/2568
f 2569/2569/2569 2570/2570/2570 2571/2571/2571
f 2572/2572/2572 2573/2573/2573 2574/2574/2574
f 2575/2575/2575 2576/2576/2576 2577/2577/2577
f 2578/2578/2578 2579/2579/2579 2580/2580/2580
f 2581/2581/2581 2582/2582/2582 2583/2583/2583
f 2584/2584/2584 2585/2585/2585 2586/2586/2586
f 2587/2587/2587 2588/2588/2588 2589/2589/2589
f 2590/2590/2590 2591/2591/2591 2592/2592/2592
f 2593/2593/2593 2594/2594/2594 2595/2595/2595
f 2596/2596/2596 2597/2597/2597 2598/2598/2598
f 2599/2599/2599 2600/2600/2600 2601/2601/2601
f 2602/2602/2602 2603/2603/2603 2604/2604/2604
f 2605/2605/2605 2606/2606/2606 2607/2607/2607
f 2608/2608/2608 2609/2609/2609 2610/2610/2610
f 2611/2611/2611 2612/2612/2612 2613/2613/2613
f 2614/2614/2614 2615/2615/2615 2616/2616/2616
f 2617/2617/2617 2618/2618/2618 2619/2619/2619
f 2620/2620/2620 2621/2621/2621 2622/2622/2622
f 2623/2623/2623 2624/2624/2624 2625/2625/2625
f 2626/2626/2626 2627/2627/2627 2628/2628/2628
f 2629/2629/2629 2630/2630/2630 2631/2631/2631
f 2632/2632/2632 2633/2633/2633 2634/2634/2634
f 2635/2635/2635 2636/2636/2636 2637/2637/2637
f 2638/2638/2638 2639/2639/2639 2640/2640/2640
f 2641/2641/2641 2642/2642/2642 2643/2643/2643
f 2644/2644/2644 2645/2645/2645 2646/2646/2646
f 2647/2647/2647 2648/2648/2648 2649/2649/2649
f 2650/2650/2650 2651/2651/2651 2652/2652/2652
f 2653/2653/2653 2654/2654/2654 2655/2655/2655
f 2656/2656/2656 2657/2657/2657 2658/2658/2658
f 2659/2659/2659 2660/2660/2660 2661/2661/2661
f 2662/2662/2662 2663/2663/2663 2664/2664/2664
f 2665/2665/2665 2666/2666/2666 2667/2667/2667
f 2668/2668/2668 2669/2669/2669 2670/2670/2670
f 2671/2671/2671 2672/2672/2672 2673/2673/2673
f 2674/2674/2674 2675/2675/2675 2676/2676/2676
f 2677/2677/2677 2678/2678/2678 2679/2679/2679
f 2680/2680/2680 2681/2681/2681 2682/2682/2682
f 2683/2683/2683 2684/2684/2684 2685/2685/2685
f 2686/2686/2686 2687/2687/2687 2688/2688/2688
f 2689/2689/2689 2690/2690/2690 2691/2691/2691
f 2692/2692/2692 2693/2693/2693 2694/2694/2694
f 2695/2695/2695 2696/2696/2696 2697/2697/2697
f 2698/2698/2698 2699/2699/2699 2700/2700/2700
f 2701/2701/2701 2702/2702/2702 2703/2703/2703
f 2704/2704/2704 2705/2705/2705 2706/2706/2706
f 2707/2707/2707 2708/2708/2708 2709/2709/2709
f 2710/2710/2710 2711/2711/2711 2712/2712/2712
f 2713/2713/2713 2714/2714/2714 2715/2715/2715
f 2716/2716/2716 2717/2717/2717 2718/2718/2718
f 2719/2719/2719 2720/2720/2720 2721/2721/2721
f 2722/2722/2722 2723/2723/2723 2724/2724/2724
f 2725/2725/2725 2726/2726/2726 2727/2727/2727
f 2728/2728/2728 2729/2729/2729 2730/2730/2730
f 2731/2731/2731 2732/2732/2732 2733/2733/2733
f 2734/2734/2734 2735/2735/2735 2736/2736/2736
f 2737/2737/2737 2738/2738/2738 2739/2739/2739
f 2740/2740/2740 2741/2741/2741 2742/2742/2742
f 2743/2743/2743 2744/2744/2744 2745/2745/2745
f 2746/2746/2746 2747/2747/2747 2748/2748/2748
f 2749/2749/2749 2750/2750/2750 2751/2751/2751
f 2752/2752/2752 2753/2753/2753 2754/2754/2754
f 2755/2755/2755 2756/2756/2756 2757/2757/2757
f 2758/2758/2758 2759/2759/2759 2760/2760/2760
f 2761/2761/2761 2762/2762/2762 2763/2763/2763
f 2764/2764/2764 2765/2765/2765 2766/2766/2766
f 2767/2767/2767 2768/2768/2768 2769/2769/2769
f 2770/2770/2770 2771/2771/2771 2772/2772/2772
f 2773/2773/2773 2774/2774/2774 2775/2775/2775
f 2776/2776/2776 2777/2777/2777 2778/2778/2778
f 2779/2779/2779 2780/2780/2780 2781/2781/2781
f 2782/2782/2782 2783/2783/2783 2784/2784/2784
f 2785/2785/2785 2786/2786/2786 2787/2787/2787
f 2788/2788/2788 2789/2789/2789 2790/2790/2790
f 2791/2791/2791 2792/2792/2792 2793/2793/2793
f 2794/2794/2794 2795/2795/2795 2796/2796/2796
f 2797/2797/2797 2798/2798/2798 2799/2799/2799
f 2800/2800/2800 2801/2801/2801 2802/2802/2802
f 2803/2803/2803 2804/2804/2804 2805/2805/2805
f 2806/2806/2806 2807/2807/2807 2808/2808/2808
f 2809/2809/2809 2810/2810/2810 2811/2811/2811
f 2812/2812/2812 2813/2813/2813 2814/2814/2814
f 2815/2815/2815 2816/2816/2816 2817/2817/2817
f 2818/2818/2818 2819/2819/2819 2820/2820/2820
f 2821/2821/2821 2822/2822/2822 2823/2823/2823
f 2824/2824/2824 2825/2825/2825 2826/2826/2826
f 2827/2827/2827 2828/2828/2828 2829/2829/2829
f 2830/2830/2830 2831/2831/2831 2832/2832/2832
f 2833/2833/2833 2834/2834/2834 2835/2835/2835
f 2836/2836/2836 2837/2837/2837 2838/2838/2838
f 2839/2839/2839 2840/2840/2840 2841/2841/2841
f 2842/2842/2842 2843/2843/2843 2844/2844/2844
f 2845/2845/2845 2846/2846/2846 2847/2847/2847
f 2848/2848/2848 2849/2849/2849 2850/2850/2850
f 2851/2851/2851 2852/2852/2852 2853/2853/2853
f 2854/2854/2854 2855/2855/2855 2856/2856/2856
f 2857/2857/2857 2858/2858/2858 2859/2859/2859
f 2860/2860/2860 2861/2861/2861 2862/2862/2862
f 2863/2863/2863 2864/2864/2864 2865/2865/2865
f 2866/2866/2866 2867/2867/2867 2868/2868/2868
f 2869/2869/2869 2870/2870/2870 2871/2871/2871
f 2872/2872/2872 2873/2873/2873 2874/2874/2874
f 2875/2875/2875 2876/2876/2876 2877/2877/2877
f 2878/2878/2878 2879/2879/2879 2880/2880/2880
f 2881/2881/2881 2882/2882/2882 2883/2883/2883
f 2884/2884/2884 2885/2885/2885 2886/2886/2886
f 2887/2887/2887 2888/2888/2888 2889/2889/2889
f 2890/2890/2890 2891/2891/2891 2892/2892/2892
f 2893/2893/2893 2894/2894/2894 2895/2895/2895
f 2896/2896/2896 2897/2897/2897 2898/2898/2898
f 2899/2899/2899 2900/2900/2900 2901/2901/2901
f 2902/2902/2902 2903/2903/2903 2904/2904/2904
f 2905/2905/2905 2906/2906/2906 2907/2907/2907
f 2908/2908/2908 2909/2909/2909 2910/2910/2910
f 2911/2911/2911 2912/2912/2912 2913/2913/2913
f 2914/2914/2914 2915/2915/2915 2916/2916/2916
f 2917/2917/2917 2918/2918/2918 2919/2919/2919
f 2920/2920/2920 2921/2921/2921 2922/2922/2922
f 2923/2923/2923 2924/2924/2924 2925/2925/2925
f 2926/2926/2926 2927/2927/2927 2928/2928/2928
f 2929/2929/2929 2930/2930/2930 2931/2931/2931
f 2932/2932/2932 2933/2933/2933 2934/2934/2934
f 2935/2935/2935 2936/2936/2936 2937/2937/2937
f 2938/2938/2938 2939/2939/2939 2940/2940/2940
f 2941/2941/2941 2942/2942/2942 2943/2943/2943
f 2944/2944/2944 2945/2945/2945 2946/2946/2946
f 2947/2947/2947 2948/2948/2948 2949/2949/2949
f 2950/2950/2950 2951/2951/2951 2952/2952/2952
f 2953/2953/2953 2954/2954/2954 2955/2955/2955
f 2956/2956/2956 2957/2957/2957 2958/2958/2958
f 2959/2959/2959 2960/2960/2960 2961/2961/2961
f 2962/2962/2962 2963/2963/2963 2964/2964/2964
f 2965/2965/2965 2966/2966/2966 2967/2967/2967
f 2968/2968/2968 2969/2969/2969 2970/2970/2970
f 2971/2971/2971 2972/2972/2972 2973/2973/2973
f 2974/2974/2974 2975/2975/2975 2976/2976/2976
f 2977/2977/2977 2978/2978/2978 2979/2979/2979
f 2980/2980/2980 2981/2981/2981 2982/2982/2982
f 2983/2983/2983 2984/2984/2984 2985/2985/2985
f 2986/2986/2986 2987/2987/2987 2988/2988/2988
f 2989/2989/2989 2990/2990/2990 2991/2991/2991
f 2992/2992/2992 2993/2993/2993 2994/2994/2994
f 2995/2995/2995 2996/2996/2996 2997/2997/2997
f 2998/2998/2998 2999/2999/2999 3000/3000/3000
f 3001/3001/3001 3002/3002/3002 3003/3003/3003
f 3004/3004/3004 3005/3005/3005 3006/3006/3006
f 3007/3007/3007 3008/3008/3008 3009/3009/3009
f 3010/3010/3010 3011/3011/3011 3012/3012/3012
f 3013/3013/3013 3014/3014/3014 3015/3015/3015
f 3016/3016/3016 3017/3017/3017 3018/3018/3018
f 3019/3019/3019 3020/3020/3020 3021/3021/3021
f 3022/3022/3022 3023/3023/3023 3024/3024/3024
f 3025/3025/3025 3026/3026/3026 3027/3027/3027
f 3028/3028/3028 3029/3029/3029 3030/3030/3030
f 3031/3031/3031 3032/3032/3032 3033/3033/3033
f 3034/3034/3034 3035/3035/3035 3036/3036/3036
f 3037/3037/3037 3038/3038/3038 3039/3039/3039
f 3040/3040/3040 3041/3041/3041 3042/3042/3042
f 3043/3043/3043 3044/3044/3044 3045/3045/3045
f 3046/3046/3046 3047/3047/3047 3048/3048/3048
f 3049/3049/3049 3050/3050/3050 3051/3051/3051
f 3052/3052/3052 3053/3053/3053 3054/3054/3054
f 3055/3055/3055 3056/3056/3056 3057/3057/3057
f 3058/3058/3058 3059/3059/3059 3060/3060/3060
f 3061/3061/3061 3062/3062/3062 3063/3063/3063
f 3064/3064/3064 3065/3065/3065 3066/3066/3066
f 3067/3067/3067 3068/3068/3068 3069/3069/3069
f 3070/3070/3070 3071/3071/3071 3072/3072/3072
f 3073/3073/3073 3074/3074/3074 3075/3075/3075
f 3076/3076/3076 3077/3077/3077 3078/3078/3078
f 3079/3079/3079 3080/3080/3080 3081/3081/3081
f 3082/3082/3082 3083/3083/3083 3084/3084/3084
f 3085/3085/3085 3086/3086/3086 3087/3087/3087
f 3088/3088/3088 3089/3089/3089 3090/3090/3090
f 3091/3091/3091 3092/3092/3092 3093/3093/3093
f 3094/3094/3094 3095/3095/3095 3096/3096/3096
f 3097/3097/3097 3098/3098/3098 3099/3099/3099
f 3100/3100/3100 3101/3101/3101 3102/3102/3102
f 3103/3103/3103 3104/3104/3104 3105/3105/3105
f 3106/3106/3106 3107/3107/3107 3108/3108/3108
f 3109/3109/3109 3110/3110/3110 3111/3111/3111
f 3112/3112/3112 3113/3113/3113 3114/3114/3114
f 3115/3115/3115 3116/3116/3116 3117/3117/3117
f 3118/3118/3118 3119/3119/3119 3120/3120/3120
f 3121/3121/3121 3122/3122/3122 3123/3123/3123
f 3124/3124/3124 3125/3125/3125 3126/3126/3126
f 3127/3127/3127 3128/3128/3128 3129/3129/3129
f 3130/3130/3130 3131/3131/3131 3132/3132/3132
f 3133/3133/3133 3134/3134/3134 3135/3135/3135
f 3136/3136/3136 3137/3137/3137 3138/3138/3138
f 3139/3139/3139 3140/3140/3140 3141/3141/3141
f 3142/3142/3142 3143/3143/3143 3144/3144/3144
f 3145/3145/3145 3146/3146/3146 3147/3147/3147
f 3148/3148/3148 3149/3149/3149 3150/3150/3150
f 3151/3151/3151 3152/3152/3152 3153/3153/3153
f 3154/3154/3154 3155/3155/3155 3156/3156/3156
f 3157/3157/3157 3158/3158/3158 3159/3159/3159
f 3160/3160/3160 3161/3161/3161 3162/3162/3162
f 3163/3163/3163 3164/3164/3164 3165/3165/3165
f 3166/3166/3166 3167/3167/3167 3168/3168/3168
f 3169/3169/3169 3170/3170/3170 3171/3171/3171
f 3172/3172/3172 3173/3173/3173 3174/3174/3174
f 3175/3175/3175 3176/3176/3176 3177/3177/3177
f 3178/3178/3178 3179/3179/3179 3180/3180/3180
f 3181/3181/3181 3182/3182/3182 3183/3183/3183
f 3184/3184/3184 3185/3185/3185 3186/3186/3186
f 3187/3187/3187 3188/3188/3188 3189/3189/3189
f 3190/3190/3190 3191/3191/3191 3192/3192/3192
f 3193/3193/3193 3194/3194/3194 3195/3195/3195
f 3196/3196/3196 3197/3197/3197 3198/3198/3198
f 3199/3199/3199 3200/3200/3200 3201/3201/3201
f 3202/3202/3202 3203/3203/3203 3204/3204/3204
f 3205/3205/3205 3206/3206/3206 3207/3207/3207
f 3208/3208/3208 3209/3209/3209 3210/3210/3210
f 3211/3211/3211 3212/3212/3212 3213/3213/3213
f 3214/3214/3214 3215/3215/3215 3216/3216/3216
f 3217/3217/3217 3218/3218/3218 3219/3219/3219
f 3220/3220/3220 3221/3221/3221 3222/3222/3222
f 3223/3223/3223 3224/3224/3224 3225/3225/3225
f 3226/3226/3226 3227/3227/3227 3228/3228/3228
f 3229/3229/3229 3230/3230/3230 3231/3231/3231
f 3232/3232/3232 3233/3233/3233 3234/3234/3234
f 3235/3235/3235 3236/3236/3236 3237/3237/3237
f 3238/3238/3238 3239/3239/3239 3240/3240/3240
f 3241/3241/3241 3242/3242/3242 3243/3243/3243
f 3244/3244/3244 3245/3245/3245 3246/3246/3246
f 3247/3247/3247 3248/3248/3248 3249/3249/3249
f 3250/3250/3250 3251/3251/3251 3252/3252/3252
f 3253/3253/3253 3254/3254/3254 3255/3255/3255
f 3256/3256/3256 3257/3257/3257 3258/3258/3258
f 3259/3259/3259 3260/3260/3260 3261/3261/3261
f 3262/3262/3262 3263/3263/3263 3264/3264/3264
f 3265/3265/3265 3266/3266/3266 3267/3267/3267
f 3268/3268/3268 3269/3269/3269 3270/3270/3270
f 3271/3271/3271 3272/3272/3272 3273/3273/3273
f 3274/3274/3274 3275/3275/3275 3276/3276/3276
f 3277/3277/3277 3278/3278/3278 3279/3279/3279
f 3280/3280/3280 3281/3281/3281 3282/3282/3282
f 3283/3283/3283 3284/3284/3284 3285/3285/3285
f 3286/3286/3286 3287/3287/3287 3288/3288/3288
f 3289/3289/3289 3290/3290/3290 3291/3291/3291
f 3292/3292/3292 3293/3293/3293 3294/3294/3294
f 3295/3295/3295 3296/3296/3296 3297/3297/3297
f 3298/3298/3298 3299/3299/3299 3300/3300/3300
f 3301/3301/3301 3302/3302/3302 3303/3303/3303
f 3304/3304/3304 3305/3305/3305 3306/3306/3306
f 3307/3307/3307 3308/3308/3308 3309/3309/3309
f 3310/3310/3310 3311/3311/3311 3312/3312/3312
f 3313/3313/3313 3314/3314/3314 3315/3315/3315
f 3316/3316/3316 3317/3317/3317 3318/3318/3318
f 3319/3319/3319 3320/3320/3320 3321/3321/3321
f 3322/3322/3322 3323/3323/3323 3324/3324/3324
f 3325/3325/3325 3326/3326/3326 3327/3327/3327
f 3328/3328/3328 3329/3329/3329 3330/3330/3330
f 3331/3331/3331 3332/3332/3332 3333/3333/3333
f 3334/3334/3334 3335/3335/3335 3336/3336/3336
f 3337/3337/3337 3338/3338/3338 3339/3339/3339
f 3340/3340/3340 3341/3341/3341 3342/3342/3342
f 3343/3343/3343 3344/3344/3344 3345/3345/3345
f 3346/3346/3346 3347/3347/3347 3348/3348/3348
f 3349/3349/3349 3350/3350/3350 3351/3351/3351
f 3352/3352/3352 3353/3353/3353 3354/3354/3354
f 3355/3355/3355 3356/3356/3356 3357/3357/3357
f 3358/3358/3358 3359/3359/3359 3360/3360/3360
f 3361/3361/3361 3362/3362/3362 3363/3363/3363
f 3364/3364/3364 3365/3365/3365 3366/3366/3366
f 3367/3367/3367 3368/3368/3368 3369/3369/3369
f 3370/3370/3370 3371/3371/3371 3372/3372/3372
f 3373/3373/3373 3374/3374/3374 3375/3375/3375
f 3376/3376/3376 3377/3377/3377 3378/3378/3378
f 3379/3379/3379 3380/3380/3380 3381/3381/3381
f 3382/3382/3382 3383/3383/3383 3384/3384/3384
f 3385/3385/3385 3386/3386/3386 3387/3387/3387
f 3388/3388/3388 3389/3389/3389 3390/3390/3390
f 3391/3391/3391 3392/3392/3392 3393/3393/3393
f 3394/3394/3394 3395/3395/3395 3396/3396/3396
f 3397/3397/3397 3398/3398/3398 3399/3399/3399
f 3400/3400/3400 3401/3401/3401 3402/3402/3402
f 3403/3403/3403 3404/3404/3404 3405/3405/3405
f 3406/3406/3406 3407/3407/3407 3408/3408/3408
f 3409/3409/3409 3410/3410/3410 3411/3411/3411
f 3412/3412/3412 3413/3413/3413 3414/3414/3414
f 3415/3415/3415 3416/3416/3416 3417/3417/3417
f 3418/3418/3418 3419/3419/3419 3420/3420/3420
f 3421/3421/3421 3422/3422/3422 3423/3423/3423
f 3424/3424/3424 3425/3425/3425 3426/3426/3426
f 3427/3427/3427 3428/3428/3428 3429/3429/3429
f 3430/3430/3430 3431/3431/3431 3432/3432/3432
f 3433/3433/3433 3434/3434/3434 3435/3435/3435
f 3436/3436/3436 3437/3437/3437 3438/3438/3438
f 3439/3439/3439 3440/3440/3440 3441/3441/3441
f 3442/3442/3442 3443/3443/3443 3444/3444/3444
f 3445/3445/3445 3446/3446/3446 3447/3447/3447
f 3448/3448/3448 3449/3449/3449 3450/3450/3450
f 3451/3451/3451 3452/3452/3452 3453/3453/3453
f 3454/3454/3454 3455/3455/3455 3456/3456/3456
f 3457/3457/3457 3458/3458/3458 3459/3459/3459
f 3460/3460/3460 3461/3461/3461 3462/3462/3462
f 3463/3463/3463 3464/3464/3464 3465/3465/3465
f 3466/3466/3466 3467/3467/3467 3468/3468/3468
f 3469/3469/3469 3470/3470/3470 3471/3471/3471
f 3472/3472/3472 3473/3473/3473 3474/3474/3474
f 3475/3475/3475 3476/3476/3476 3477/3477/3477
f 3478/3478/3478 3479/3479/3479 3480/3480/3480
f 3481/3481/3481 3482/3482/3482 3483/3483/3483
f 3484/3484/3484 3485/3485/3485 3486/3486/3486
f 3487/3487/3487 3488/3488/3488 3489/3489/3489
f 3490/3490/3490 3491/3491/3491 3492/3492/3492
f 3493/3493/3493 3494/3494/3494 3495/3495/3495
f 3496/3496/3496 3497/3497/3497 3498/3498/3498
f 3499/3499/3499 3500/3500/3500 3501/3501/3501
f 3502/3502/3502 3503/3503/3503 3504/3504/3504
f 3505/3505/3505 3506/3506/3506 3507/3507/3507
f 3508/3508/3508 3509/3509/3509 3510/3510/3510
f 3511/3511/3511 3512/3512/3512 3513/3513/3513
f 3514/3514/3514 3515/3515/3515 3516/3516/3516
f 3517/3517/3517 3518/3518/3518 3519/3519/3519
f 3520/3520/3520 3521/3521/3521 3522/3522/3522
f 3523/3523/3523 3524/3524/3524 3525/3525/3525
f 3526/3526/3526 3527/3527/3527 3528/3528/3528
f 3529/3529/3529 3530/3530/3530 3531/3531/3531
f 3532/3532/3532 3533/3533/3533 3534/3534/3534
f 3535/3535/3535 3536/3536/3536 3537/3537/3537
f 3538/3538/3538 3539/3539/3539 3540/3540/3540
f 3541/3541/3541 3542/3542/3542 3543/3543/3543
f 3544/3544/3544 3545/3545/3545 3546/3546/3546
f 3547/3547/3547 3548/3548/3548 3549/3549/3549
f 3550/3550/3550 3551/3551/3551 3552/3552/3552
f 3553/3553/3553 3554/3554/3554 3555/3555/3555
f 3556/3556/3556 3557/3557/3557 3558/3558/3558
f 3559/3559/3559 3560/3560/3560 3561/3561/3561
f 3562/3562/3562 3563/3563/3563 3564/3564/3564
f 3565/3565/3565 3566/3566/3566 3567/3567/3567
f 3568/3568/3568 3569/3569/3569 3570/3570/3570
f 3571/3571/3571 3572/3572/3572 3573/3573/3573
f 3574/3574/3574 3575/3575/3575 3576/3576/3576
f 3577/3577/3577 3578/3578/3578 3579/3579/3579
f 3580/3580/3580 3581/3581/3581 3582/3582/3582
f 3583/3583/3583 3584/3584/3584 3585/3585/3585
f 3586/3586/3586 3587/3587/3587 3588/3588/3588
f 3589/3589/3589 3590/3590/3590 3591/3591/3591
f 3592/3592/3592 3593/3593/3593 3594/3594/3594
f 3595/3595/3595 3596/3596/3596 3597/3597/3597
f 3598/3598/3598 3599/3599/3599 3600/3600/3600
f 3601/3601/3601 3602/3602/3602 3603/3603/3603
f 3604/3604/3604 3605/3605/3605 3606/3606/3606
f 3607/3607/3607 3608/3608/3608 3609/3609/3609
f 3610/3610/3610 3611/3611/3611 3612/3612/3612
f 3613/3613/3613 3614/3614/3614 3615/3615/3615
f 3616/3616/3616 3617/3617/3617 3618/3618/3618
f 3619/3619/3619 3620/3620/3620 3621/3621/3621
f 3622/3622/3622 3623/3623/3623 3624/3624/3624
f 3625/3625/3625 3626/3626/3626 3627/3627/3627
f 3628/3628/3628 3629/3629/3629 3630/3630/3630
f 3631/3631/3631 3632/3632/3632 3633/3633/3633
f 3634/3634/3634 3635/3635/3635 3636/3636/3636
f 3637/3637/3637 3638/3638/3638 3639/3639/3639
f 3640/3640/3640 3641/3641/3641 3642/3642/3642
f 3643/3643/3643 3644/3644/3644 3645/3645/3645
f 3646/3646/3646 3647/3647/3647 3648/3648/3648
f 3649/3649/3649 3650/3650/3650 3651/3651/3651
f 3652/3652/3652 3653/3653/3653 3654/3654/3654
f 3655/3655/3655 3656/3656/3656 3657/3657/3657
f 3658/3658/3658 3659/3659/3659 3660/3660/3660
f 3661/3661/3661 3662/3662/3662 3663/3663/3663
f 3664/3664/3664 3665/3665/3665 3666/3666/3666
f 3667/3667/3667 3668/3668/3668 3669/3669/3669
f 3670/3670/3670 3671/3671/3671 3672/3672/3672
f 3673/3673/3673 3674/3674/3674 3675/3675/3675
f 3676/3676/3676 3677/3677/3677 3678/3678/3678
f 3679/3679/3679 3680/3680/3680 3681/3681/3681
f 3682/3682/3682 3683/3683/3683 3684/3684/3684
f 3685/3685/3685 3686/3686/3686 3687/3687/3687
f 3688/3688/3688 3689/3689/3689 3690/3690/3690
f 3691/3691/3691 3692/3692/3692 3693/3693/3693
f 3694/3694/3694 3695/3695/3695 3696/3696/3696
f 3697/3697/3697 3698/3698/3698 3699/3699/3699
f 3700/3700/3700 3701/3701/3701 3702/3702/3702
f 3703/3703/3703 3704/3704/3704 3705/3705/3705
f 3706/3706/3706 3707/3707/3707 3708/3708/3708
f 3709/3709/3709 3710/3710/3710 3711/3711/3711
f 3712/3712/3712 3713/3713/3713 3714/3714/3714
f 3715/3715/3715 3716/3716/3716 3717/3717/3717
f 3718/3718/3718 3719/3719/3719 3720/3720/3720
f 3721/3721/3721 3722/3722/3722 3723/3723/3723
f 3724/3724/3724 3725/3725/3725 3726/3726/3726
f 3727/3727/3727 3728/3728/3728 3729/3729/3729
f 3730/3730/3730 3731/3731/3731 3732/3732/3732
f 3733/3733/3733 3734/3734/3734 3735/3735/3735
f 3736/3736/3736 3737/3737/3737 3738/3738/3738
f 3739/3739/3739 3740/3740/3740 3741/3741/3741
f 3742/3742/3742 3743/3743/3743 3744/3744/3744
f 3745/3745/3745 3746/3746/3746 3747/3747/3747
f 3748/3748/3748 3749/3749/3749 3750/3750/3750
f 3751/3751/3751 3752/3752/3752 3753/3753/3753
f 3754/3754/3754 3755/3755/3755 3756/3756/3756
f 3757/3757/3757 3758/3758/3758 3759/3759/3759
f 3760/3760/3760 3761/3761/3761 3762/3762/3762
f 3763/3763/3763 3764/3764/3764 3765/3765/3765
f 3766/3766/3766 3767/3767/3767 3768/3768/3768
f 3769/3769/3769 3770/3770/3770 3771/3771/3771
f 3772/3772/3772 3773/3773/3773 3774/3774/3774
f 3775/3775/3775 3776/3776/3776 3777/3777/3777
f 3778/3778/3778 3779/3779/3779 3780/3780/3780
f 3781/3781/3781 3782/3782/3782 3783/3783/3783
f 3784/3784/3784 3785/3785/3785 3786/3786/3786
f 3787/3787/3787 3788/3788/3788 3789/3789/3789
f 3790/3790/3790 3791/3791/3791 3792/3792/3792
f 3793/3793/3793 3794/3794/3794 3795/3795/3795
f 3796/3796/3796 3797/3797/3797 3798/3798/3798
f 3799/3799/3799 3800/3800/3800 3801/3801/3801
f 3802/3802/3802 3803/3803/3803 3804/3804/3804
f 3805/3805/3805 3806/3806/3806 3807/3807/3807
f 3808/3808/3808 3809/3809/3809 3810/3810/3810
f 3811/3811/3811 3812/3812/3812 3813/3813/3813
f 3814/3814/3814 3815/3815/3815 3816/3816/3816
f 3817/3817/3817 3818/3818/3818 3819/3819/3819
f 3820/3820/3820 3821/3821/3821 3822/3822/3822
f 3823/3823/3823 3824/3824/3824 3825/3825/3825
f 3826/3826/3826 3827/3827/3827 3828/3828/3828
f 3829/3829/3829 3830/3830/3830 3831/3831/3831
f 3832/3832/3832 3833/3833/3833 3834/3834/3834
f 3835/3835/3835 3836/3836/3836 3837/3837/3837
f 3838/3838/3838 3839/3839/3839 3840/3840/3840
f 3841/3841/3841 3842/3842/3842 3843/3843/3843
f 3844/3844/3844 3845/3845/3845 3846/3846/3846
f 3847/3847/3847 3848/3848/3848 3849/3849/3849
f 3850/3850/3850 3851/3851/3851 3852/3852/3852
f 3853/3853/3853 3854/3854/3854 3855/3855/3855
f 3856/3856/3856 3857/3857/3857 3858/3858/3858
f 3859/3859/3859 3860/3860/3860 3861/3861/3861
f 3862/3862/3862 3863/3863/3863 3864/3864/3864
f 3865/3865/3865 3866/3866/3866 3867/3867/3867
f 3868/3868/3868 3869/3869/3869 3870/3870/3870
f 3871/3871/3871 3872/3872/3872 3873/3873/3873
f 3874/3874/3874 3875/3875/3875 3876/3876/3876
f 3877/3877/3877 3878/3878/3878 3879/3879/3879
f 3880/3880/3880 3881/3881/3881 3882/3882/3882
f 3883/3883/3883 3884/3884/3884 3885/3885/3885
f 3886/3886/3886 3887/3887/3887 3888/3888/3888
f 3889/3889/3889 3890/3890/3890 3891/3891/3891
f 3892/3892/3892 3893/3893/3893 3894/3894/3894
f 3895/3895/3895 3896/3896/3896 3897/3897/3897
f 3898/3898/3898 3899/3899/3899 3900/3900/3900
f 3901/3901/3901 3902/3902/3902 3903/3903/3903
f 3904/3904/3904 3905/3905/3905 3906/3906/3906
f 3907/3907/3907 3908/3908/3908 3909/3909/3909
f 3910/3910/3910 3911/3911/3911 3912/3912/3912
f 3913/3913/3913 3914/3914/3914 3915/3915/3915
f 3916/3916/3916 3917/3917/3917 3918/3918/3918
f 3919/3919/3919 3920/3920/3920 3921/3921/3921
f 3922/3922/3922 3923/3923/3923 3924/3924/3924
f 3925/3925/3925 3926/3926/3926 3927/3927/3927
f 3928/3928/3928 3929/3929/3929 3930/3930/3930
f 3931/3931/3931 3932/3932/3932 3933/3933/3933
f 3934/3934/3934 3935/3935/3935 3936/3936/3936
f 3937/3937/3937 3938/3938/3938 3939/3939/3939
f 3940/3940/3940 3941/3941/3941 3942/3942/3942
f 3943/3943/3943 3944/3944/3944 3945/3945/3945
f 3946/3946/3946 3947/3947/3947 3948/3948/3948
f 3949/3949/3949 3950/3950/3950 3951/3951/3951
f 3952/3952/3952 3953/3953/3953 3954/3954/3954
f 3955/3955/3955 3956/3956/3956 3957/3957/3957
f 3958/3958/3958 3959/3959/3959 3960/3960/3960
f 3961/3961/3961 3962/3962/3962 3963/3963/3963
f 3964/3964/3964 3965/3965/3965 3966/3966/3966
f 3967/3967/3967 3968/3968/3968 3969/3969/3969
f 3970/3970/3970 3971/3971/3971 3972/3972/3972
f 3973/3973/3973 3974/3974/3974 3975/3975/3975
f 3976/3976/3976 3977/3977/3977 3978/3978/3978
f 3979/3979/3979 3980/3980/3980 3981/3981/3981
f 3982/3982/3982 3983/3983/3983 3984/3984/3984
f 3985/3985/3985 3986/3986/3986 3987/3987/3987
f 3988/3988/3988 3989/3989/3989 3990/3990/3990
f 3991/3991/3991 3992/3992/3992 3993/3993/3993
f 3994/3994/3994 3995/3995/3995 3996/3996/3996
f 3997/3997/3997 3998/3998/3998 3999/3999/3999
f 4000/4000/4000 4001/4001/4001 4002/4002/4002
f 4003/4003/4003 4004/4004/4004 4005/4005/4005
f 4006/4006/4006 4007/4007/4007 4008/4008/4008
f 4009/4009/4009 4010/4010/4010 4011/4011/4011
f 4012/4012/4012 4013/4013/4013 4014/4014/4014
f 4015/4015/4015 4016/4016/4016 4017/4017/4017
f 4018/4018/4018 4019/4019/4019 4020/4020/4020
f 4021/4021/4021 4022/4022/4022 4023/4023/4023
f 4024/4024/4024 4025/4025/4025 4026/4026/4026
f 4027/4027/4027 4028/4028/4028 4029/4029/4029
f 4030/4030/4030 4031/4031/4031 4032/4032/4032
f 4033/4033/4033 4034/4034/4034 4035/4035/4035
f 4036/4036/4036 4037/4037/4037 4038/4038/4038
f 4039/4039/4039 4040/4040/4040 4041/4041/4041
f 4042/4042/4042 4043/4043/4043 4044/4044/4044
f 4045/4045/4045 4046/4046/4046 4047/4047/4047
f 4048/4048/4048 4049/4049/4049 4050/4050/4050
f 4051/4051/4051 4052/4052/4052 4053/4053/4053
f 4054/4054/4054 4055/4055/4055 4056/4056/4056
f 4057/4057/4057 4058/4058/4058 4059/4059/4059
f 4060/4060/4060 4061/4061/4061 4062/4062/4062
f 4063/4063/4063 4064/4064/4064 4065/4065/4065
f 4066/4066/4066 4067/4067/4067 4068/4068/4068
f 4069/4069/4069 4070/4070/4070 4071/4071/4071
f 4072/4072/4072 4073/4073/4073 4074/4074/4074
f 4075/4075/4075 4076/4076/4076 4077/4077/4077
f 4078/4078/4078 4079/4079/4079 4080/4080/4080
f 4081/4081/4081 4082/4082/4082 4083/4083/4083
f 4084/4084/4084 4085/4085/4085 4086/4086/4086
f 4087/4087/4087 4088/4088/4088 4089/4089/4089
f 4090/4090/4090 4091/4091/4091 4092/4092/4092
f 4093/4093/4093 4094/4094/4094 4095/4095/4095
f 4096/4096/4096 4097/4097/4097 4098/4098/4098
f 4099/4099/4099 4100/4100/4100 4101/4101/4101
f 4102/4102/4102 4103/4103/4103 4104/4104/4104
f 4105/4105/4105 4106/4106/4106 4107/4107/4107
f 4108/4108/4108 4109/4109/4109 4110/4110/4110
f 4111/4111/4111 4112/4112/4112 4113/4113/4113
f 4114/4114/4114 4115/4115/4115 4116/4116/4116
f 4117/4117/4117 4118/4118/4118 4119/4119/4119
f 4120/4120/4120 4121/4121/4121 4122/4122/4122
f 4123/4123/4123 4124/4124/4124 4125/4125/4125
f 4126/4126/4126 4127/4127/4127 4128/4128/4128
f 4129/4129/4129 4130/4130/4130 4131/4131/4131
f 4132/4132/4132 4133/4133/4133 4134/4134/4134
f 4135/4135/4135 4136/4136/4136 4137/4137/4137
f 4138/4138/4138 4139/4139/4139 4140/4140/4140
f 4141/4141/4141 4142/4142/4142 4143/4143/4143
f 4144/4144/4144 4145/4145/4145 4146/4146/4146
f 4147/4147/4147 4148/4148/4148 4149/4149/4149
f 4150/4150/4150 4151/4151/4151 4152/4152/4152
