# Aspose.3D Wavefront OBJ Exporter
# Copyright 2004-2025 Aspose Pty Ltd.
# File created: 06/15/2026 08:48:53

mtllib material.lib
g Plane001

#
# object Plane001
#

v -2.3053913 -5.2082773E-15 88.29322
v -2.3053913 -4.9939644E-15 84.79322
v -2.3053913 -5.2082773E-15 88.29322
v 47.694603 -5.2082773E-15 88.29322
v 47.694603 -4.9939644E-15 84.79322
v -2.3053913 -4.9939644E-15 84.79322
v 47.694603 -5.2082773E-15 88.29322
v 47.694603 -4.9939644E-15 84.79322
v -25.305391 -4.9939644E-15 84.79322
v -25.305391 -4.779651E-15 81.29322
v -25.305391 -4.9939644E-15 84.79322
v 24.694605 -4.9939644E-15 84.79322
v 24.694605 -4.779651E-15 81.29322
v -25.305391 -4.779651E-15 81.29322
v 24.694605 -4.9939644E-15 84.79322
v 24.694605 -4.779651E-15 81.29322
v 1.6946087 -4.779651E-15 81.29322
v 1.6946087 -4.5653378E-15 77.79322
v 1.6946087 -4.779651E-15 81.29322
v 51.694603 -4.779651E-15 81.29322
v 51.694603 -4.5653378E-15 77.79322
v 1.6946087 -4.5653378E-15 77.79322
v 51.694603 -4.779651E-15 81.29322
v 51.694603 -4.5653378E-15 77.79322
v -21.305391 -4.5653378E-15 77.79322
v -21.305391 -4.3510244E-15 74.29322
v -21.305391 -4.5653378E-15 77.79322
v 28.694605 -4.5653378E-15 77.79322
v 28.694605 -4.3510244E-15 74.29322
v -21.305391 -4.3510244E-15 74.29322
v 28.694605 -4.5653378E-15 77.79322
v 28.694605 -4.3510244E-15 74.29322
v 5.6946087 -4.3510244E-15 74.29322
v 5.6946087 -4.1367116E-15 70.79322
v 5.6946087 -4.3510244E-15 74.29322
v 55.694603 -4.3510244E-15 74.29322
v 55.694603 -4.1367116E-15 70.79322
v 5.6946087 -4.1367116E-15 70.79322
v 55.694603 -4.3510244E-15 74.29322
v 55.694603 -4.1367116E-15 70.79322
v -17.305391 -4.1367116E-15 70.79322
v -17.305391 -3.9223982E-15 67.29322
v -17.305391 -4.1367116E-15 70.79322
v 32.694603 -4.1367116E-15 70.79322
v 32.694603 -3.9223982E-15 67.29322
v -17.305391 -3.9223982E-15 67.29322
v 32.694603 -4.1367116E-15 70.79322
v 32.694603 -3.9223982E-15 67.29322
v -13.305391 -3.708085E-15 63.79322
v -13.305391 -3.4937718E-15 60.29322
v -13.305391 -3.708085E-15 63.79322
v 36.694603 -3.708085E-15 63.79322
v 36.694603 -3.4937718E-15 60.29322
v -13.305391 -3.4937718E-15 60.29322
v 36.694603 -3.708085E-15 63.79322
v 36.694603 -3.4937718E-15 60.29322
v 13.694605 -3.4937718E-15 60.29322
v 13.694605 -3.2794587E-15 56.79322
v 13.694605 -3.4937718E-15 60.29322
v 63.694603 -3.4937718E-15 60.29322
v 63.694603 -3.2794587E-15 56.79322
v 13.694605 -3.2794587E-15 56.79322
v 63.694603 -3.4937718E-15 60.29322
v 63.694603 -3.2794587E-15 56.79322
v -9.305391 -3.2794587E-15 56.79322
v -9.305391 -3.0651456E-15 53.293224
v -9.305391 -3.2794587E-15 56.79322
v 40.694603 -3.2794587E-15 56.79322
v 40.694603 -3.0651456E-15 53.293224
v -9.305391 -3.0651456E-15 53.293224
v 40.694603 -3.2794587E-15 56.79322
v 40.694603 -3.0651456E-15 53.293224
v 17.694605 -3.0651456E-15 53.293224
v 17.694605 -2.8508325E-15 49.793224
v 17.694605 -3.0651456E-15 53.293224
v 17.694605 -2.8508325E-15 49.793224
v -5.3053913 -2.8508325E-15 49.793224
v -5.3053913 -2.6365194E-15 46.293224
v -5.3053913 -2.8508325E-15 49.793224
v 44.694603 -2.8508325E-15 49.793224
v 44.694603 -2.6365194E-15 46.293224
v -5.3053913 -2.6365194E-15 46.293224
v 44.694603 -2.8508325E-15 49.793224
v 44.694603 -2.6365194E-15 46.293224
v -28.305391 -2.6365194E-15 46.293224
v -28.305391 -2.4222061E-15 42.793224
v -28.305391 -2.6365194E-15 46.293224
v 21.694605 -2.6365194E-15 46.293224
v 21.694605 -2.4222061E-15 42.793224
v -28.305391 -2.4222061E-15 42.793224
v 21.694605 -2.6365194E-15 46.293224
v 21.694605 -2.4222061E-15 42.793224
v -1.3053913 -2.4222061E-15 42.793224
v -1.3053913 -2.207893E-15 39.293224
v -1.3053913 -2.4222061E-15 42.793224
v 48.694603 -2.4222061E-15 42.793224
v 48.694603 -2.207893E-15 39.293224
v -1.3053913 -2.207893E-15 39.293224
v 48.694603 -2.4222061E-15 42.793224
v 48.694603 -2.207893E-15 39.293224
v -24.305391 -2.207893E-15 39.293224
v -24.305391 -1.9935797E-15 35.793224
v -24.305391 -2.207893E-15 39.293224
v 25.694605 -2.207893E-15 39.293224
v 25.694605 -1.9935797E-15 35.793224
v -24.305391 -1.9935797E-15 35.793224
v 25.694605 -2.207893E-15 39.293224
v 25.694605 -1.9935797E-15 35.793224
v 2.6946087 -1.9935797E-15 35.793224
v 2.6946087 -1.7792666E-15 32.293224
v 2.6946087 -1.9935797E-15 35.793224
v 52.694603 -1.9935797E-15 35.793224
v 52.694603 -1.7792666E-15 32.293224
v 2.6946087 -1.7792666E-15 32.293224
v 52.694603 -1.9935797E-15 35.793224
v 52.694603 -1.7792666E-15 32.293224
v -20.305391 -1.7792666E-15 32.293224
v -20.305391 -1.5649534E-15 28.793224
v -20.305391 -1.7792666E-15 32.293224
v 29.694605 -1.7792666E-15 32.293224
v 29.694605 -1.5649534E-15 28.793224
v -20.305391 -1.5649534E-15 28.793224
v 29.694605 -1.7792666E-15 32.293224
v 29.694605 -1.5649534E-15 28.793224
v 6.694605 -1.5649534E-15 28.793224
v 6.694605 -1.3506402E-15 25.293224
v 6.694605 -1.5649534E-15 28.793224
v 56.694603 -1.5649534E-15 28.793224
v 56.694603 -1.3506402E-15 25.293224
v 6.694605 -1.3506402E-15 25.293224
v 56.694603 -1.5649534E-15 28.793224
v 56.694603 -1.3506402E-15 25.293224
v -16.305391 -1.3506402E-15 25.293224
v -16.305391 -1.1363273E-15 21.793228
v -16.305391 -1.3506402E-15 25.293224
v 33.694603 -1.3506402E-15 25.293224
v 33.694603 -1.1363273E-15 21.793228
v -16.305391 -1.1363273E-15 21.793228
v 33.694603 -1.3506402E-15 25.293224
v 33.694603 -1.1363273E-15 21.793228
v 10.694605 -1.1363273E-15 21.793228
v 10.694605 -9.220141E-16 18.293228
v 10.694605 -1.1363273E-15 21.793228
v 60.694603 -1.1363273E-15 21.793228
v 60.694603 -9.220141E-16 18.293228
v 10.694605 -9.220141E-16 18.293228
v 60.694603 -1.1363273E-15 21.793228
v 60.694603 -9.220141E-16 18.293228
v -12.305391 -9.220141E-16 18.293228
v -12.305391 -7.077009E-16 14.793228
v -12.305391 -9.220141E-16 18.293228
v 37.694603 -9.220141E-16 18.293228
v 37.694603 -7.077009E-16 14.793228
v -12.305391 -7.077009E-16 14.793228
v 37.694603 -9.220141E-16 18.293228
v 37.694603 -7.077009E-16 14.793228
v 14.694605 -7.077009E-16 14.793228
v 14.694605 -4.933877E-16 11.293228
v 14.694605 -7.077009E-16 14.793228
v 64.6946 -7.077009E-16 14.793228
v 64.6946 -4.933877E-16 11.293228
v 14.694605 -4.933877E-16 11.293228
v 64.6946 -7.077009E-16 14.793228
v 64.6946 -4.933877E-16 11.293228
v -8.305391 -4.933877E-16 11.293228
v -8.305391 -2.7907449E-16 7.793228
v -8.305391 -4.933877E-16 11.293228
v 41.694603 -4.933877E-16 11.293228
v 41.694603 -2.7907449E-16 7.793228
v -8.305391 -2.7907449E-16 7.793228
v 41.694603 -4.933877E-16 11.293228
v 41.694603 -2.7907449E-16 7.793228
v 18.694605 -2.7907449E-16 7.793228
v 18.694605 -6.476131E-17 4.293228
v 18.694605 -2.7907449E-16 7.793228
v 18.694605 -6.476131E-17 4.293228
v -4.3053913 -6.476131E-17 4.293228
v -4.3053913 1.4955189E-16 0.79322815
v -4.3053913 -6.476131E-17 4.293228
v 45.694603 -6.476131E-17 4.293228
v 45.694603 1.4955189E-16 0.79322815
v -4.3053913 1.4955189E-16 0.79322815
v 45.694603 -6.476131E-17 4.293228
v 45.694603 1.4955189E-16 0.79322815
v -27.305391 1.4955189E-16 0.79322815
v -27.305391 3.6386508E-16 -2.7067719
v -27.305391 1.4955189E-16 0.79322815
v 22.694605 1.4955189E-16 0.79322815
v 22.694605 3.6386508E-16 -2.7067719
v -27.305391 3.6386508E-16 -2.7067719
v 22.694605 1.4955189E-16 0.79322815
v 22.694605 3.6386508E-16 -2.7067719
v -0.3053913 3.6386508E-16 -2.7067719
v -0.3053913 5.781783E-16 -6.206772
v -0.3053913 3.6386508E-16 -2.7067719
v 49.694603 3.6386508E-16 -2.7067719
v 49.694603 5.781783E-16 -6.206772
v -0.3053913 5.781783E-16 -6.206772
v 49.694603 3.6386508E-16 -2.7067719
v 49.694603 5.781783E-16 -6.206772
v -23.305391 5.781783E-16 -6.206772
v -23.305391 7.9249144E-16 -9.706772
v -23.305391 5.781783E-16 -6.206772
v 26.694605 5.781783E-16 -6.206772
v 26.694605 7.9249144E-16 -9.706772
v -23.305391 7.9249144E-16 -9.706772
v 26.694605 5.781783E-16 -6.206772
v 26.694605 7.9249144E-16 -9.706772
v 3.6946087 7.9249144E-16 -9.706772
v 3.6946087 1.0068046E-15 -13.206772
v 3.6946087 7.9249144E-16 -9.706772
v 53.694603 7.9249144E-16 -9.706772
v 53.694603 1.0068046E-15 -13.206772
v 3.6946087 1.0068046E-15 -13.206772
v 53.694603 7.9249144E-16 -9.706772
v 53.694603 1.0068046E-15 -13.206772
v -19.305391 1.0068046E-15 -13.206772
v -19.305391 1.2211178E-15 -16.706772
v -19.305391 1.0068046E-15 -13.206772
v 30.694605 1.0068046E-15 -13.206772
v 30.694605 1.2211178E-15 -16.706772
v -19.305391 1.2211178E-15 -16.706772
v 30.694605 1.0068046E-15 -13.206772
v 30.694605 1.2211178E-15 -16.706772
v 7.694605 1.2211178E-15 -16.706772
v 7.694605 1.4354311E-15 -20.206772
v 7.694605 1.2211178E-15 -16.706772
v 57.694603 1.2211178E-15 -16.706772
v 57.694603 1.4354311E-15 -20.206772
v 7.694605 1.4354311E-15 -20.206772
v 57.694603 1.2211178E-15 -16.706772
v 57.694603 1.4354311E-15 -20.206772
v -15.305391 1.4354311E-15 -20.206772
v -15.305391 1.6497443E-15 -23.706772
v -15.305391 1.4354311E-15 -20.206772
v 34.694603 1.4354311E-15 -20.206772
v 34.694603 1.6497443E-15 -23.706772
v -15.305391 1.6497443E-15 -23.706772
v 34.694603 1.4354311E-15 -20.206772
v 34.694603 1.6497443E-15 -23.706772
v 11.694605 1.6497443E-15 -23.706772
v 11.694605 1.8640574E-15 -27.206772
v 11.694605 1.6497443E-15 -23.706772
v 61.694603 1.6497443E-15 -23.706772
v 61.694603 1.8640574E-15 -27.206772
v 11.694605 1.8640574E-15 -27.206772
v 61.694603 1.6497443E-15 -23.706772
v 61.694603 1.8640574E-15 -27.206772
v -11.305391 1.8640574E-15 -27.206772
v -11.305391 2.0783707E-15 -30.706772
v -11.305391 1.8640574E-15 -27.206772
v 38.694603 1.8640574E-15 -27.206772
v 38.694603 2.0783707E-15 -30.706772
v -11.305391 2.0783707E-15 -30.706772
v 38.694603 1.8640574E-15 -27.206772
v 38.694603 2.0783707E-15 -30.706772
v 15.694605 2.0783707E-15 -30.706772
v 15.694605 2.2926838E-15 -34.20677
v 15.694605 2.0783707E-15 -30.706772
v 15.694605 2.2926838E-15 -34.20677
v -7.3053913 2.2926838E-15 -34.20677
v -7.3053913 2.5069969E-15 -37.70677
v -7.3053913 2.2926838E-15 -34.20677
v 42.694603 2.2926838E-15 -34.20677
v 42.694603 2.5069969E-15 -37.70677
v -7.3053913 2.5069969E-15 -37.70677
v 42.694603 2.2926838E-15 -34.20677
v 42.694603 2.5069969E-15 -37.70677
v 19.694605 2.5069969E-15 -37.70677
v 19.694605 2.7213098E-15 -41.206764
v 19.694605 2.5069969E-15 -37.70677
v 19.694605 2.7213098E-15 -41.206764
v -3.3053913 2.7213098E-15 -41.206764
v -3.3053913 2.9356229E-15 -44.706764
v -3.3053913 2.7213098E-15 -41.206764
v 46.694603 2.7213098E-15 -41.206764
v 46.694603 2.9356229E-15 -44.706764
v -3.3053913 2.9356229E-15 -44.706764
v 46.694603 2.7213098E-15 -41.206764
v 46.694603 2.9356229E-15 -44.706764
v -26.305391 2.9356229E-15 -44.706764
v -26.305391 3.1499362E-15 -48.206764
v -26.305391 2.9356229E-15 -44.706764
v 23.694605 2.9356229E-15 -44.706764
v 23.694605 3.1499362E-15 -48.206764
v -26.305391 3.1499362E-15 -48.206764
v 23.694605 2.9356229E-15 -44.706764
v 23.694605 3.1499362E-15 -48.206764
v 0.6946087 3.1499362E-15 -48.206764
v 0.6946087 3.3642493E-15 -51.706764
v 0.6946087 3.1499362E-15 -48.206764
v 50.694603 3.1499362E-15 -48.206764
v 50.694603 3.3642493E-15 -51.706764
v 0.6946087 3.3642493E-15 -51.706764
v 50.694603 3.1499362E-15 -48.206764
v 50.694603 3.3642493E-15 -51.706764
v -22.305391 3.3642493E-15 -51.706764
v -22.305391 3.5785626E-15 -55.206764
v -22.305391 3.3642493E-15 -51.706764
v 27.694605 3.3642493E-15 -51.706764
v 27.694605 3.5785626E-15 -55.206764
v -22.305391 3.5785626E-15 -55.206764
v 27.694605 3.3642493E-15 -51.706764
v 27.694605 3.5785626E-15 -55.206764
v 4.6946087 3.5785626E-15 -55.206764
v 4.6946087 3.7928755E-15 -58.706764
v 4.6946087 3.5785626E-15 -55.206764
v 54.694603 3.5785626E-15 -55.206764
v 54.694603 3.7928755E-15 -58.706764
v 4.6946087 3.7928755E-15 -58.706764
v 54.694603 3.5785626E-15 -55.206764
v 54.694603 3.7928755E-15 -58.706764
v -18.305391 3.7928755E-15 -58.706764
v -18.305391 4.0071888E-15 -62.206764
v -18.305391 3.7928755E-15 -58.706764
v 31.694605 3.7928755E-15 -58.706764
v 31.694605 4.0071888E-15 -62.206764
v -18.305391 4.0071888E-15 -62.206764
v 31.694605 3.7928755E-15 -58.706764
v 31.694605 4.0071888E-15 -62.206764
v 8.694605 4.0071888E-15 -62.206764
v 8.694605 4.221502E-15 -65.706764
v 8.694605 4.0071888E-15 -62.206764
v 58.694603 4.0071888E-15 -62.206764
v 58.694603 4.221502E-15 -65.706764
v 8.694605 4.221502E-15 -65.706764
v 58.694603 4.0071888E-15 -62.206764
v 58.694603 4.221502E-15 -65.706764
v -14.305391 4.221502E-15 -65.706764
v -14.305391 4.4358154E-15 -69.206764
v -14.305391 4.221502E-15 -65.706764
v 35.694603 4.221502E-15 -65.706764
v 35.694603 4.4358154E-15 -69.206764
v -14.305391 4.4358154E-15 -69.206764
v 35.694603 4.221502E-15 -65.706764
v 35.694603 4.4358154E-15 -69.206764
v 12.695093 4.4358154E-15 -69.206764
v 12.695093 4.6501283E-15 -72.706764
v 12.695093 4.4358154E-15 -69.206764
v 62.69509 4.4358154E-15 -69.206764
v 62.69509 4.6501283E-15 -72.706764
v 12.695093 4.6501283E-15 -72.706764
v 62.69509 4.4358154E-15 -69.206764
v 62.69509 4.6501283E-15 -72.706764
v -10.304903 4.6501283E-15 -72.706764
v -10.304903 4.8644416E-15 -76.206764
v -10.304903 4.6501283E-15 -72.706764
v 39.69509 4.6501283E-15 -72.706764
v 39.69509 4.8644416E-15 -76.206764
v -10.304903 4.8644416E-15 -76.206764
v 39.69509 4.6501283E-15 -72.706764
v 39.69509 4.8644416E-15 -76.206764
v 16.695093 4.8644416E-15 -76.206764
v 16.695093 5.078755E-15 -79.706764
v 16.695093 4.8644416E-15 -76.206764
v 16.695093 5.078755E-15 -79.706764
v -6.3053913 5.078755E-15 -79.706764
v -6.3053913 5.078755E-15 -79.706764
v 43.694603 5.078755E-15 -79.706764
v 43.694603 5.078755E-15 -79.706764
v -29.305876 -5.2082777E-15 88.29323
v -5.7792606 -5.2082773E-15 88.29322
v -29.305872 -4.9939644E-15 84.79322
v -29.305872 -4.9939644E-15 84.79322
v -29.305872 -4.779651E-15 81.29322
v -29.305872 -4.779651E-15 81.29322
v -29.305872 -4.5653378E-15 77.79322
v -29.305872 -4.5653378E-15 77.79322
v -29.305872 -4.3510244E-15 74.29322
v -29.305876 -4.3510253E-15 74.29323
v -29.305872 -4.1367116E-15 70.79322
v -29.305872 -4.1367116E-15 70.79322
v -29.305872 -3.9223982E-15 67.29322
v -29.305994 -3.9223982E-15 67.29322
v -29.30575 -3.708085E-15 63.79322
v -29.305872 -3.708085E-15 63.79322
v -29.305872 -3.4937718E-15 60.29322
v -29.305872 -3.4937718E-15 60.29322
v -29.305872 -3.2794587E-15 56.79322
v -29.305872 -3.2794587E-15 56.79322
v -29.305872 -3.065146E-15 53.29323
v -29.305868 -3.0651454E-15 53.29322
v -29.305868 -2.8508325E-15 49.793224
v -29.305872 -2.8508325E-15 49.793224
v -29.305872 -2.6365194E-15 46.293224
v -29.305876 -2.6365194E-15 46.293224
v -29.305872 -2.6041386E-15 45.76441
v 17.747349 -5.2082777E-15 88.29323
v 41.273964 -5.2082773E-15 88.29322
v 64.800575 -5.2082773E-15 88.29322
v 64.800575 -4.9939644E-15 84.79322
v 64.800575 -4.779651E-15 81.29322
v 64.800575 -4.9939635E-15 84.79321
v 64.800575 -4.5653378E-15 77.79322
v 64.800575 -4.779651E-15 81.29322
v 64.800575 -4.3510244E-15 74.29322
v 64.800575 -4.5653378E-15 77.79322
v 64.800575 -4.1367116E-15 70.79322
v 64.800575 -4.3510244E-15 74.29322
v 64.800575 -3.9223982E-15 67.29322
v 64.800575 -4.1367116E-15 70.79322
v 64.800575 -3.493772E-15 60.293224
v 64.800575 -3.708085E-15 63.79322
v 64.800575 -3.2794587E-15 56.79322
v 64.800575 -3.4937718E-15 60.29322
v 64.800575 -3.0651456E-15 53.293224
v 64.800575 -3.2794587E-15 56.79322
v 64.800575 -2.8508325E-15 49.793224
v 64.800575 -3.0651456E-15 53.293224
v 64.800575 -2.6365194E-15 46.293224
v 64.800575 -2.8508325E-15 49.793224
v 64.800575 -2.6041386E-15 45.76441
v 64.800575 -2.6365194E-15 46.293224
v 64.800575 -3.708085E-15 63.79322
v 64.800575 -3.9223982E-15 67.29322
v -29.305876 -2.4222063E-15 42.79323
v -29.305876 -2.207893E-15 39.293224
v -29.305872 -2.207893E-15 39.293224
v -29.305872 -1.9935797E-15 35.793224
v -29.305872 -1.9935797E-15 35.793224
v -29.305872 -1.7792666E-15 32.293224
v -29.305872 -1.7792666E-15 32.293224
v -29.305872 -1.5649534E-15 28.793224
v -29.305868 -1.5649534E-15 28.793224
v -29.305868 -1.3506402E-15 25.293224
v -29.305872 -1.3506402E-15 25.293224
v -29.305872 -1.1363273E-15 21.793228
v -29.305872 -1.1363273E-15 21.793228
v -29.305872 -9.220141E-16 18.293228
v -29.305872 -9.220141E-16 18.293228
v -29.305872 -7.077009E-16 14.793228
v -29.305868 -7.077009E-16 14.793228
v -29.305868 -4.933877E-16 11.293228
v -29.305872 -4.933877E-16 11.293228
v -29.305872 -2.7907449E-16 7.793228
v -29.305876 -2.7907449E-16 7.793228
v -29.305876 -6.476131E-17 4.293228
v -29.305868 -6.476131E-17 4.293228
v -29.305872 0 3.2355957
v -29.305872 -2.4222061E-15 42.793224
v 64.800575 -2.207893E-15 39.293224
v 64.800575 -2.422206E-15 42.79322
v 64.80057 -1.9935797E-15 35.793224
v 64.800575 -2.207893E-15 39.293224
v 64.800575 -1.7792666E-15 32.293224
v 64.800575 -1.9935797E-15 35.793224
v 64.800575 -1.5649534E-15 28.793224
v 64.800575 -1.7792666E-15 32.293224
v 64.800575 -1.3506402E-15 25.293224
v 64.800575 -1.5649534E-15 28.793224
v 64.800575 -1.1363273E-15 21.793228
v 64.800575 -1.3506402E-15 25.293224
v 64.800575 -9.220141E-16 18.293228
v 64.800575 -1.1363273E-15 21.793228
v 64.800575 -7.077009E-16 14.793228
v 64.800575 -9.220141E-16 18.293228
v 64.80057 -4.933877E-16 11.293228
v 64.800575 -7.0770095E-16 14.793229
v 64.800575 -2.7907449E-16 7.793228
v 64.800575 -4.933877E-16 11.293228
v 64.800575 -6.476131E-17 4.293228
v 64.800575 -2.7907449E-16 7.793228
v 64.800575 0 3.2355957
v 64.800575 -6.476131E-17 4.293228
v 64.800575 -2.4222061E-15 42.793224
v -29.305872 1.4955189E-16 0.79322815
v -29.305872 3.6386508E-16 -2.7067719
v -29.305872 3.6386508E-16 -2.7067719
v -29.305872 5.781783E-16 -6.206772
v -29.305872 5.781783E-16 -6.206772
v -29.305868 7.924914E-16 -9.706771
v -29.305872 7.9249144E-16 -9.706772
v -29.305872 1.0068046E-15 -13.206772
v -29.305872 1.0068046E-15 -13.206772
v -29.305872 1.2211178E-15 -16.706772
v -29.305872 1.2211178E-15 -16.706772
v -29.305872 1.4354311E-15 -20.206772
v -29.305872 1.4354311E-15 -20.206772
v -29.305872 1.6497443E-15 -23.706772
v -29.305872 1.6497443E-15 -23.706772
v -29.305872 1.8640574E-15 -27.206772
v -29.305872 1.8640574E-15 -27.206772
v -29.305872 2.0783707E-15 -30.706772
v -29.305872 2.0783707E-15 -30.706772
v -29.305872 2.2926838E-15 -34.20677
v -29.305868 2.2926838E-15 -34.20677
v -29.305872 2.5069969E-15 -37.70677
v -29.305872 2.5069969E-15 -37.70677
v -29.305872 2.6041386E-15 -39.293217
v -29.305876 1.4955189E-16 0.79322815
v 64.800575 3.6386508E-16 -2.7067719
v 64.800575 1.4955189E-16 0.79322815
v 64.800575 5.781783E-16 -6.206772
v 64.800575 3.6386508E-16 -2.7067719
v 64.800575 7.9249144E-16 -9.706772
v 64.800575 5.781783E-16 -6.206772
v 64.800575 1.0068046E-15 -13.206772
v 64.800575 7.9249144E-16 -9.706772
v 64.800575 1.2211178E-15 -16.706772
v 64.800575 1.0068046E-15 -13.206772
v 64.800575 1.4354311E-15 -20.206772
v 64.800575 1.2211178E-15 -16.706772
v 64.800575 1.6497443E-15 -23.706772
v 64.800575 1.4354311E-15 -20.206772
v 64.800575 1.8640574E-15 -27.206772
v 64.800575 1.6497443E-15 -23.706772
v 64.80057 2.0783707E-15 -30.706772
v 64.800575 1.8640574E-15 -27.206772
v 64.800575 2.2926838E-15 -34.20677
v 64.800575 2.0783707E-15 -30.706772
v 64.800575 2.5069969E-15 -37.70677
v 64.800575 2.2926838E-15 -34.20677
v 64.800575 2.6041386E-15 -39.293217
v 64.800575 2.5069969E-15 -37.70677
v 64.800575 1.4955189E-16 0.79322815
v -29.305872 5.2082773E-15 -81.82203
v -6.3053913 5.2082773E-15 -81.82203
v -6.3053913 5.2082777E-15 -81.82204
v -5.7792606 5.2082773E-15 -81.82203
v -29.305872 2.7213098E-15 -41.206764
v -29.305876 2.9356229E-15 -44.706764
v -29.305868 2.9356229E-15 -44.706764
v -29.305872 3.1499362E-15 -48.206764
v -29.305868 3.1499362E-15 -48.206764
v -29.305872 3.3642493E-15 -51.706764
v -29.305872 3.3642493E-15 -51.706764
v -29.305872 3.5785626E-15 -55.206764
v -29.305868 3.5785626E-15 -55.206764
v -29.305872 3.7928755E-15 -58.706764
v -29.305872 3.7928755E-15 -58.706764
v -29.305872 4.0071888E-15 -62.206764
v -29.305872 4.0071888E-15 -62.206764
v -29.305872 4.221502E-15 -65.706764
v -29.305872 4.221502E-15 -65.706764
v -29.305872 4.4358154E-15 -69.206764
v -29.305868 4.4358154E-15 -69.206764
v -29.305868 4.6501283E-15 -72.706764
v -29.305872 4.6501283E-15 -72.706764
v -29.305872 4.8644416E-15 -76.206764
v -29.305872 4.8644416E-15 -76.206764
v -29.305872 5.078755E-15 -79.706764
v -29.305872 2.7213098E-15 -41.206764
v -29.305872 5.078755E-15 -79.706764
v 17.74735 5.2082773E-15 -81.82203
v 41.273964 5.2082773E-15 -81.82203
v 64.800575 2.9356229E-15 -44.706764
v 64.800575 2.7213098E-15 -41.206764
v 64.80057 3.1499362E-15 -48.206764
v 64.80057 2.9356229E-15 -44.706764
v 64.800575 3.3642493E-15 -51.706764
v 64.800575 3.1499362E-15 -48.206764
v 64.800575 3.5785626E-15 -55.206764
v 64.800575 3.3642493E-15 -51.706764
v 64.800575 3.7928755E-15 -58.706764
v 64.800575 3.578562E-15 -55.20676
v 64.80057 4.0071884E-15 -62.206757
v 64.800575 3.7928755E-15 -58.706764
v 64.800575 4.221502E-15 -65.706764
v 64.800575 4.0071888E-15 -62.206764
v 64.800575 4.435816E-15 -69.20677
v 64.800575 4.221502E-15 -65.706764
v 64.800575 4.6501283E-15 -72.706764
v 64.800575 4.4358154E-15 -69.206764
v 64.80057 4.864441E-15 -76.20676
v 64.800575 4.6501283E-15 -72.706764
v 64.800575 5.078755E-15 -79.706764
v 64.800575 4.8644416E-15 -76.206764
v 64.800575 5.2082773E-15 -81.82203
v 64.800575 5.078755E-15 -79.706764
v 64.800575 2.72131E-15 -41.206768
v 43.694603 5.2082773E-15 -81.82203
v 43.694603 5.2082777E-15 -81.82204
v -2.3053913 0.1845 88.29322
v -2.3053913 0.1845 84.79322
v -2.3053913 0.1845 88.29322
v 47.694603 0.1845 88.29322
v 47.694603 0.1845 84.79322
v -2.3053913 0.1845 84.79322
v 47.694603 0.1845 88.29322
v 47.694603 0.1845 84.79322
v -25.305391 0.1845 84.79322
v -25.305391 0.1845 81.29322
v -25.305391 0.1845 84.79322
v 24.694605 0.1845 84.79322
v 24.694605 0.1845 81.29322
v -25.305391 0.1845 81.29322
v 24.694605 0.1845 84.79322
v 24.694605 0.1845 81.29322
v 1.6946087 0.1845 81.29322
v 1.6946087 0.1845 77.79322
v 1.6946087 0.1845 81.29322
v 51.694603 0.1845 81.29322
v 51.694603 0.1845 77.79322
v 1.6946087 0.1845 77.79322
v 51.694603 0.1845 81.29322
v 51.694603 0.1845 77.79322
v -21.305391 0.1845 77.79322
v -21.305391 0.1845 74.29322
v -21.305391 0.1845 77.79322
v 28.694605 0.1845 77.79322
v 28.694605 0.1845 74.29322
v -21.305391 0.1845 74.29322
v 28.694605 0.1845 77.79322
v 28.694605 0.1845 74.29322
v 5.6946087 0.1845 74.29322
v 5.6946087 0.1845 70.79322
v 5.6946087 0.1845 74.29322
v 55.694603 0.1845 74.29322
v 55.694603 0.1845 70.79322
v 5.6946087 0.1845 70.79322
v 55.694603 0.1845 74.29322
v 55.694603 0.1845 70.79322
v -17.305391 0.1845 70.79322
v -17.305391 0.1845 67.29322
v -17.305391 0.1845 70.79322
v 32.694603 0.1845 70.79322
v 32.694603 0.1845 67.29322
v -17.305391 0.1845 67.29322
v 32.694603 0.1845 70.79322
v 32.694603 0.1845 67.29322
v -13.305391 0.1845 63.79322
v -13.305391 0.1845 60.29322
v -13.305391 0.1845 63.79322
v 36.694603 0.1845 63.79322
v 36.694603 0.1845 60.29322
v -13.305391 0.1845 60.29322
v 36.694603 0.1845 63.79322
v 36.694603 0.1845 60.29322
v 13.694605 0.1845 60.29322
v 13.694605 0.1845 56.79322
v 13.694605 0.1845 60.29322
v 63.694603 0.1845 60.29322
v 63.694603 0.1845 56.79322
v 13.694605 0.1845 56.79322
v 63.694603 0.1845 60.29322
v 63.694603 0.1845 56.79322
v -9.305391 0.1845 56.79322
v -9.305391 0.1845 53.293224
v -9.305391 0.1845 56.79322
v 40.694603 0.1845 56.79322
v 40.694603 0.1845 53.293224
v -9.305391 0.1845 53.293224
v 40.694603 0.1845 56.79322
v 40.694603 0.1845 53.293224
v 17.694605 0.1845 53.293224
v 17.694605 0.1845 49.793224
v 17.694605 0.1845 53.293224
v 17.694605 0.1845 49.793224
v -5.3053913 0.1845 49.793224
v -5.3053913 0.1845 46.293224
v -5.3053913 0.1845 49.793224
v 44.694603 0.1845 49.793224
v 44.694603 0.1845 46.293224
v -5.3053913 0.1845 46.293224
v 44.694603 0.1845 49.793224
v 44.694603 0.1845 46.293224
v -28.305391 0.1845 46.293224
v -28.305391 0.1845 42.793224
v -28.305391 0.1845 46.293224
v 21.694605 0.1845 46.293224
v 21.694605 0.1845 42.793224
v -28.305391 0.1845 42.793224
v 21.694605 0.1845 46.293224
v 21.694605 0.1845 42.793224
v -1.3053913 0.1845 42.793224
v -1.3053913 0.1845 39.293224
v -1.3053913 0.1845 42.793224
v 48.694603 0.1845 42.793224
v 48.694603 0.1845 39.293224
v -1.3053913 0.1845 39.293224
v 48.694603 0.1845 42.793224
v 48.694603 0.1845 39.293224
v -24.305391 0.1845 39.293224
v -24.305391 0.1845 35.793224
v -24.305391 0.1845 39.293224
v 25.694605 0.1845 39.293224
v 25.694605 0.1845 35.793224
v -24.305391 0.1845 35.793224
v 25.694605 0.1845 39.293224
v 25.694605 0.1845 35.793224
v 2.6946087 0.1845 35.793224
v 2.6946087 0.1845 32.293224
v 2.6946087 0.1845 35.793224
v 52.694603 0.1845 35.793224
v 52.694603 0.1845 32.293224
v 2.6946087 0.1845 32.293224
v 52.694603 0.1845 35.793224
v 52.694603 0.1845 32.293224
v -20.305391 0.1845 32.293224
v -20.305391 0.1845 28.793224
v -20.305391 0.1845 32.293224
v 29.694605 0.1845 32.293224
v 29.694605 0.1845 28.793224
v -20.305391 0.1845 28.793224
v 29.694605 0.1845 32.293224
v 29.694605 0.1845 28.793224
v 6.694605 0.1845 28.793224
v 6.694605 0.1845 25.293224
v 6.694605 0.1845 28.793224
v 56.694603 0.1845 28.793224
v 56.694603 0.1845 25.293224
v 6.694605 0.1845 25.293224
v 56.694603 0.1845 28.793224
v 56.694603 0.1845 25.293224
v -16.305391 0.1845 25.293224
v -16.305391 0.1845 21.793228
v -16.305391 0.1845 25.293224
v 33.694603 0.1845 25.293224
v 33.694603 0.1845 21.793228
v -16.305391 0.1845 21.793228
v 33.694603 0.1845 25.293224
v 33.694603 0.1845 21.793228
v 10.694605 0.1845 21.793228
v 10.694605 0.1845 18.293228
v 10.694605 0.1845 21.793228
v 60.694603 0.1845 21.793228
v 60.694603 0.1845 18.293228
v 10.694605 0.1845 18.293228
v 60.694603 0.1845 21.793228
v 60.694603 0.1845 18.293228
v -12.305391 0.1845 18.293228
v -12.305391 0.1845 14.793228
v -12.305391 0.1845 18.293228
v 37.694603 0.1845 18.293228
v 37.694603 0.1845 14.793228
v -12.305391 0.1845 14.793228
v 37.694603 0.1845 18.293228
v 37.694603 0.1845 14.793228
v 14.694605 0.1845 14.793228
v 14.694605 0.1845 11.293228
v 14.694605 0.1845 14.793228
v 64.6946 0.1845 14.793228
v 64.6946 0.1845 11.293228
v 14.694605 0.1845 11.293228
v 64.6946 0.1845 14.793228
v 64.6946 0.1845 11.293228
v -8.305391 0.1845 11.293228
v -8.305391 0.1845 7.793228
v -8.305391 0.1845 11.293228
v 41.694603 0.1845 11.293228
v 41.694603 0.1845 7.793228
v -8.305391 0.1845 7.793228
v 41.694603 0.1845 11.293228
v 41.694603 0.1845 7.793228
v 18.694605 0.1845 7.793228
v 18.694605 0.1845 4.293228
v 18.694605 0.1845 7.793228
v 18.694605 0.1845 4.293228
v -4.3053913 0.1845 4.293228
v -4.3053913 0.1845 0.79322815
v -4.3053913 0.1845 4.293228
v 45.694603 0.1845 4.293228
v 45.694603 0.1845 0.79322815
v -4.3053913 0.1845 0.79322815
v 45.694603 0.1845 4.293228
v 45.694603 0.1845 0.79322815
v -27.305391 0.1845 0.79322815
v -27.305391 0.1845 -2.7067719
v -27.305391 0.1845 0.79322815
v 22.694605 0.1845 0.79322815
v 22.694605 0.1845 -2.7067719
v -27.305391 0.1845 -2.7067719
v 22.694605 0.1845 0.79322815
v 22.694605 0.1845 -2.7067719
v -0.3053913 0.1845 -2.7067719
v -0.3053913 0.1845 -6.206772
v -0.3053913 0.1845 -2.7067719
v 49.694603 0.1845 -2.7067719
v 49.694603 0.1845 -6.206772
v -0.3053913 0.1845 -6.206772
v 49.694603 0.1845 -2.7067719
v 49.694603 0.1845 -6.206772
v -23.305391 0.1845 -6.206772
v -23.305391 0.1845 -9.706772
v -23.305391 0.1845 -6.206772
v 26.694605 0.1845 -6.206772
v 26.694605 0.1845 -9.706772
v -23.305391 0.1845 -9.706772
v 26.694605 0.1845 -6.206772
v 26.694605 0.1845 -9.706772
v 3.6946087 0.1845 -9.706772
v 3.6946087 0.1845 -13.206772
v 3.6946087 0.1845 -9.706772
v 53.694603 0.1845 -9.706772
v 53.694603 0.1845 -13.206772
v 3.6946087 0.1845 -13.206772
v 53.694603 0.1845 -9.706772
v 53.694603 0.1845 -13.206772
v -19.305391 0.1845 -13.206772
v -19.305391 0.1845 -16.706772
v -19.305391 0.1845 -13.206772
v 30.694605 0.1845 -13.206772
v 30.694605 0.1845 -16.706772
v -19.305391 0.1845 -16.706772
v 30.694605 0.1845 -13.206772
v 30.694605 0.1845 -16.706772
v 7.694605 0.1845 -16.706772
v 7.694605 0.1845 -20.206772
v 7.694605 0.1845 -16.706772
v 57.694603 0.1845 -16.706772
v 57.694603 0.1845 -20.206772
v 7.694605 0.1845 -20.206772
v 57.694603 0.1845 -16.706772
v 57.694603 0.1845 -20.206772
v -15.305391 0.1845 -20.206772
v -15.305391 0.1845 -23.706772
v -15.305391 0.1845 -20.206772
v 34.694603 0.1845 -20.206772
v 34.694603 0.1845 -23.706772
v -15.305391 0.1845 -23.706772
v 34.694603 0.1845 -20.206772
v 34.694603 0.1845 -23.706772
v 11.694605 0.1845 -23.706772
v 11.694605 0.1845 -27.206772
v 11.694605 0.1845 -23.706772
v 61.694603 0.1845 -23.706772
v 61.694603 0.1845 -27.206772
v 11.694605 0.1845 -27.206772
v 61.694603 0.1845 -23.706772
v 61.694603 0.1845 -27.206772
v -11.305391 0.1845 -27.206772
v -11.305391 0.1845 -30.706772
v -11.305391 0.1845 -27.206772
v 38.694603 0.1845 -27.206772
v 38.694603 0.1845 -30.706772
v -11.305391 0.1845 -30.706772
v 38.694603 0.1845 -27.206772
v 38.694603 0.1845 -30.706772
v 15.694605 0.1845 -30.706772
v 15.694605 0.1845 -34.20677
v 15.694605 0.1845 -30.706772
v 15.694605 0.1845 -34.20677
v -7.3053913 0.1845 -34.20677
v -7.3053913 0.1845 -37.70677
v -7.3053913 0.1845 -34.20677
v 42.694603 0.1845 -34.20677
v 42.694603 0.1845 -37.70677
v -7.3053913 0.1845 -37.70677
v 42.694603 0.1845 -34.20677
v 42.694603 0.1845 -37.70677
v 19.694605 0.1845 -37.70677
v 19.694605 0.1845 -41.206764
v 19.694605 0.1845 -37.70677
v 19.694605 0.1845 -41.206764
v -3.3053913 0.1845 -41.206764
v -3.3053913 0.1845 -44.706764
v -3.3053913 0.1845 -41.206764
v 46.694603 0.1845 -41.206764
v 46.694603 0.1845 -44.706764
v -3.3053913 0.1845 -44.706764
v 46.694603 0.1845 -41.206764
v 46.694603 0.1845 -44.706764
v -26.305391 0.1845 -44.706764
v -26.305391 0.1845 -48.206764
v -26.305391 0.1845 -44.706764
v 23.694605 0.1845 -44.706764
v 23.694605 0.1845 -48.206764
v -26.305391 0.1845 -48.206764
v 23.694605 0.1845 -44.706764
v 23.694605 0.1845 -48.206764
v 0.6946087 0.1845 -48.206764
v 0.6946087 0.1845 -51.706764
v 0.6946087 0.1845 -48.206764
v 50.694603 0.1845 -48.206764
v 50.694603 0.1845 -51.706764
v 0.6946087 0.1845 -51.706764
v 50.694603 0.1845 -48.206764
v 50.694603 0.1845 -51.706764
v -22.305391 0.1845 -51.706764
v -22.305391 0.1845 -55.206764
v -22.305391 0.1845 -51.706764
v 27.694605 0.1845 -51.706764
v 27.694605 0.1845 -55.206764
v -22.305391 0.1845 -55.206764
v 27.694605 0.1845 -51.706764
v 27.694605 0.1845 -55.206764
v 4.6946087 0.1845 -55.206764
v 4.6946087 0.1845 -58.706764
v 4.6946087 0.1845 -55.206764
v 54.694603 0.1845 -55.206764
v 54.694603 0.1845 -58.706764
v 4.6946087 0.1845 -58.706764
v 54.694603 0.1845 -55.206764
v 54.694603 0.1845 -58.706764
v -18.305391 0.1845 -58.706764
v -18.305391 0.1845 -62.206764
v -18.305391 0.1845 -58.706764
v 31.694605 0.1845 -58.706764
v 31.694605 0.1845 -62.206764
v -18.305391 0.1845 -62.206764
v 31.694605 0.1845 -58.706764
v 31.694605 0.1845 -62.206764
v 8.694605 0.1845 -62.206764
v 8.694605 0.1845 -65.706764
v 8.694605 0.1845 -62.206764
v 58.694603 0.1845 -62.206764
v 58.694603 0.1845 -65.706764
v 8.694605 0.1845 -65.706764
v 58.694603 0.1845 -62.206764
v 58.694603 0.1845 -65.706764
v -14.305391 0.1845 -65.706764
v -14.305391 0.1845 -69.206764
v -14.305391 0.1845 -65.706764
v 35.694603 0.1845 -65.706764
v 35.694603 0.1845 -69.206764
v -14.305391 0.1845 -69.206764
v 35.694603 0.1845 -65.706764
v 35.694603 0.1845 -69.206764
v 12.695093 0.1845 -69.206764
v 12.695093 0.1845 -72.706764
v 12.695093 0.1845 -69.206764
v 62.69509 0.1845 -69.206764
v 62.69509 0.1845 -72.706764
v 12.695093 0.1845 -72.706764
v 62.69509 0.1845 -69.206764
v 62.69509 0.1845 -72.706764
v -10.304903 0.1845 -72.706764
v -10.304903 0.1845 -76.206764
v -10.304903 0.1845 -72.706764
v 39.69509 0.1845 -72.706764
v 39.69509 0.1845 -76.206764
v -10.304903 0.1845 -76.206764
v 39.69509 0.1845 -72.706764
v 39.69509 0.1845 -76.206764
v 16.695093 0.1845 -76.206764
v 16.695093 0.1845 -79.706764
v 16.695093 0.1845 -76.206764
v 16.695093 0.1845 -79.706764
v -6.3053913 0.1845 -79.706764
v -6.3053913 0.1845 -79.706764
v 43.694603 0.1845 -79.706764
v 43.694603 0.1845 -79.706764
v -29.305876 0.1845 88.29323
v -5.7792606 0.1845 88.29322
v -29.305872 0.1845 84.79322
v -29.305872 0.1845 84.79322
v -29.305872 0.1845 81.29322
v -29.305872 0.1845 81.29322
v -29.305872 0.1845 77.79322
v -29.305872 0.1845 77.79322
v -29.305872 0.1845 74.29322
v -29.305876 0.1845 74.29323
v -29.305872 0.1845 70.79322
v -29.305872 0.1845 70.79322
v -29.305872 0.1845 67.29322
v -29.305994 0.1845 67.29322
v -29.30575 0.1845 63.79322
v -29.305872 0.1845 63.79322
v -29.305872 0.1845 60.29322
v -29.305872 0.1845 60.29322
v -29.305872 0.1845 56.79322
v -29.305872 0.1845 56.79322
v -29.305872 0.1845 53.29323
v -29.305868 0.1845 53.29322
v -29.305868 0.1845 49.793224
v -29.305872 0.1845 49.793224
v -29.305872 0.1845 46.293224
v -29.305876 0.1845 46.293224
v -29.305872 0.1845 45.76441
v 17.747349 0.1845 88.29323
v 41.273964 0.1845 88.29322
v 64.800575 0.1845 88.29322
v 64.800575 0.1845 84.79322
v 64.800575 0.1845 81.29322
v 64.800575 0.1845 84.79321
v 64.800575 0.1845 77.79322
v 64.800575 0.1845 81.29322
v 64.800575 0.1845 74.29322
v 64.800575 0.1845 77.79322
v 64.800575 0.1845 70.79322
v 64.800575 0.1845 74.29322
v 64.800575 0.1845 67.29322
v 64.800575 0.1845 70.79322
v 64.800575 0.1845 60.293224
v 64.800575 0.1845 63.79322
v 64.800575 0.1845 56.79322
v 64.800575 0.1845 60.29322
v 64.800575 0.1845 53.293224
v 64.800575 0.1845 56.79322
v 64.800575 0.1845 49.793224
v 64.800575 0.1845 53.293224
v 64.800575 0.1845 46.293224
v 64.800575 0.1845 49.793224
v 64.800575 0.1845 45.76441
v 64.800575 0.1845 46.293224
v 64.800575 0.1845 63.79322
v 64.800575 0.1845 67.29322
v -29.305876 0.1845 42.79323
v -29.305876 0.1845 39.293224
v -29.305872 0.1845 39.293224
v -29.305872 0.1845 35.793224
v -29.305872 0.1845 35.793224
v -29.305872 0.1845 32.293224
v -29.305872 0.1845 32.293224
v -29.305872 0.1845 28.793224
v -29.305868 0.1845 28.793224
v -29.305868 0.1845 25.293224
v -29.305872 0.1845 25.293224
v -29.305872 0.1845 21.793228
v -29.305872 0.1845 21.793228
v -29.305872 0.1845 18.293228
v -29.305872 0.1845 18.293228
v -29.305872 0.1845 14.793228
v -29.305868 0.1845 14.793228
v -29.305868 0.1845 11.293228
v -29.305872 0.1845 11.293228
v -29.305872 0.1845 7.793228
v -29.305876 0.1845 7.793228
v -29.305876 0.1845 4.293228
v -29.305868 0.1845 4.293228
v -29.305872 0.1845 3.2355957
v -29.305872 0.1845 42.793224
v 64.800575 0.1845 39.293224
v 64.800575 0.1845 42.79322
v 64.80057 0.1845 35.793224
v 64.800575 0.1845 39.293224
v 64.800575 0.1845 32.293224
v 64.800575 0.1845 35.793224
v 64.800575 0.1845 28.793224
v 64.800575 0.1845 32.293224
v 64.800575 0.1845 25.293224
v 64.800575 0.1845 28.793224
v 64.800575 0.1845 21.793228
v 64.800575 0.1845 25.293224
v 64.800575 0.1845 18.293228
v 64.800575 0.1845 21.793228
v 64.800575 0.1845 14.793228
v 64.800575 0.1845 18.293228
v 64.80057 0.1845 11.293228
v 64.800575 0.1845 14.793229
v 64.800575 0.1845 7.793228
v 64.800575 0.1845 11.293228
v 64.800575 0.1845 4.293228
v 64.800575 0.1845 7.793228
v 64.800575 0.1845 3.2355957
v 64.800575 0.1845 4.293228
v 64.800575 0.1845 42.793224
v -29.305872 0.1845 0.79322815
v -29.305872 0.1845 -2.7067719
v -29.305872 0.1845 -2.7067719
v -29.305872 0.1845 -6.206772
v -29.305872 0.1845 -6.206772
v -29.305868 0.1845 -9.706771
v -29.305872 0.1845 -9.706772
v -29.305872 0.1845 -13.206772
v -29.305872 0.1845 -13.206772
v -29.305872 0.1845 -16.706772
v -29.305872 0.1845 -16.706772
v -29.305872 0.1845 -20.206772
v -29.305872 0.1845 -20.206772
v -29.305872 0.1845 -23.706772
v -29.305872 0.1845 -23.706772
v -29.305872 0.1845 -27.206772
v -29.305872 0.1845 -27.206772
v -29.305872 0.1845 -30.706772
v -29.305872 0.1845 -30.706772
v -29.305872 0.1845 -34.20677
v -29.305868 0.1845 -34.20677
v -29.305872 0.1845 -37.70677
v -29.305872 0.1845 -37.70677
v -29.305872 0.1845 -39.293217
v -29.305876 0.1845 0.79322815
v 64.800575 0.1845 -2.7067719
v 64.800575 0.1845 0.79322815
v 64.800575 0.1845 -6.206772
v 64.800575 0.1845 -2.7067719
v 64.800575 0.1845 -9.706772
v 64.800575 0.1845 -6.206772
v 64.800575 0.1845 -13.206772
v 64.800575 0.1845 -9.706772
v 64.800575 0.1845 -16.706772
v 64.800575 0.1845 -13.206772
v 64.800575 0.1845 -20.206772
v 64.800575 0.1845 -16.706772
v 64.800575 0.1845 -23.706772
v 64.800575 0.1845 -20.206772
v 64.800575 0.1845 -27.206772
v 64.800575 0.1845 -23.706772
v 64.80057 0.1845 -30.706772
v 64.800575 0.1845 -27.206772
v 64.800575 0.1845 -34.20677
v 64.800575 0.1845 -30.706772
v 64.800575 0.1845 -37.70677
v 64.800575 0.1845 -34.20677
v 64.800575 0.1845 -39.293217
v 64.800575 0.1845 -37.70677
v 64.800575 0.1845 0.79322815
v -29.305872 0.1845 -81.82203
v -6.3053913 0.1845 -81.82203
v -6.3053913 0.1845 -81.82204
v -5.7792606 0.1845 -81.82203
v -29.305872 0.1845 -41.206764
v -29.305876 0.1845 -44.706764
v -29.305868 0.1845 -44.706764
v -29.305872 0.1845 -48.206764
v -29.305868 0.1845 -48.206764
v -29.305872 0.1845 -51.706764
v -29.305872 0.1845 -51.706764
v -29.305872 0.1845 -55.206764
v -29.305868 0.1845 -55.206764
v -29.305872 0.1845 -58.706764
v -29.305872 0.1845 -58.706764
v -29.305872 0.1845 -62.206764
v -29.305872 0.1845 -62.206764
v -29.305872 0.1845 -65.706764
v -29.305872 0.1845 -65.706764
v -29.305872 0.1845 -69.206764
v -29.305868 0.1845 -69.206764
v -29.305868 0.1845 -72.706764
v -29.305872 0.1845 -72.706764
v -29.305872 0.1845 -76.206764
v -29.305872 0.1845 -76.206764
v -29.305872 0.1845 -79.706764
v -29.305872 0.1845 -41.206764
v -29.305872 0.1845 -79.706764
v 17.74735 0.1845 -81.82203
v 41.273964 0.1845 -81.82203
v 64.800575 0.1845 -44.706764
v 64.800575 0.1845 -41.206764
v 64.80057 0.1845 -48.206764
v 64.80057 0.1845 -44.706764
v 64.800575 0.1845 -51.706764
v 64.800575 0.1845 -48.206764
v 64.800575 0.1845 -55.206764
v 64.800575 0.1845 -51.706764
v 64.800575 0.1845 -58.706764
v 64.800575 0.1845 -55.20676
v 64.80057 0.1845 -62.206757
v 64.800575 0.1845 -58.706764
v 64.800575 0.1845 -65.706764
v 64.800575 0.1845 -62.206764
v 64.800575 0.1845 -69.20677
v 64.800575 0.1845 -65.706764
v 64.800575 0.1845 -72.706764
v 64.800575 0.1845 -69.206764
v 64.80057 0.1845 -76.20676
v 64.800575 0.1845 -72.706764
v 64.800575 0.1845 -79.706764
v 64.800575 0.1845 -76.206764
v 64.800575 0.1845 -81.82203
v 64.800575 0.1845 -79.706764
v 64.800575 0.1845 -41.206768
v 43.694603 0.1845 -81.82203
v 43.694603 0.1845 -81.82204
v -2.4353905 0.31449997 88.16322
v -2.4353905 0.31449997 84.92322
v -2.1753922 0.31449997 88.16322
v 47.5646 0.31449997 88.16322
v 47.5646 0.31449997 84.92322
v -2.1753922 0.31449997 84.92322
v 47.8246 0.31449997 88.16322
v 47.8246 0.31449997 84.92322
v -25.435392 0.31449997 84.66322
v -25.435392 0.31449997 81.42322
v -25.17539 0.31449997 84.66322
v 24.564606 0.31449997 84.66322
v 24.564606 0.31449997 81.42322
v -25.17539 0.31449997 81.42322
v 24.824606 0.31449997 84.66322
v 24.824606 0.31449997 81.42322
v 1.5646095 0.31449997 81.16322
v 1.5646095 0.31449997 77.92322
v 1.8246098 0.31449997 81.16322
v 51.564598 0.31449997 81.16322
v 51.564598 0.31449997 77.92322
v 1.8246098 0.31449997 77.92322
v 51.8246 0.31449997 81.16322
v 51.8246 0.31449997 77.92322
v -21.435392 0.31449997 77.66322
v -21.435392 0.31449997 74.42322
v -21.17539 0.31449997 77.66322
v 28.564604 0.31449997 77.66322
v 28.564604 0.31449997 74.42322
v -21.17539 0.31449997 74.42322
v 28.824606 0.31449997 77.66322
v 28.824606 0.31449997 74.42322
v 5.5646076 0.31449997 74.16322
v 5.5646076 0.31449997 70.92322
v 5.8246098 0.31449997 74.16322
v 55.564598 0.31449997 74.16322
v 55.564598 0.31449997 70.92322
v 5.8246098 0.31449997 70.92322
v 55.8246 0.31449997 74.16322
v 55.8246 0.31449997 70.92322
v -17.435392 0.31449997 70.66322
v -17.435392 0.31449997 67.42322
v -17.17539 0.31449997 70.66322
v 32.564606 0.31449997 70.66322
v 32.564606 0.31449997 67.42322
v -17.17539 0.31449997 67.42322
v 32.824608 0.31449997 70.66322
v 32.824608 0.31449997 67.42322
v -13.43539 0.31449997 63.66322
v -13.43539 0.31449997 60.42322
v -13.175392 0.31449997 63.66322
v 36.5646 0.31449997 63.66322
v 36.5646 0.31449997 60.42322
v -13.175392 0.31449997 60.42322
v 36.8246 0.31449997 63.66322
v 36.8246 0.31449997 60.42322
v 13.564606 0.31449997 60.16322
v 13.564606 0.31449997 56.92322
v 13.824604 0.31449997 60.16322
v 63.564598 0.31449997 60.16322
v 63.564598 0.31449997 56.92322
v 13.824604 0.31449997 56.92322
v 63.8246 0.31449997 60.16322
v 63.8246 0.31449997 56.92322
v -9.43539 0.31449997 56.66322
v -9.43539 0.31449997 53.423225
v -9.175392 0.31449997 56.66322
v 40.5646 0.31449997 56.66322
v 40.5646 0.31449997 53.423225
v -9.175392 0.31449997 53.423225
v 40.8246 0.31449997 56.66322
v 40.8246 0.31449997 53.423225
v 17.564606 0.31449997 53.163223
v 17.564606 0.31449997 49.923225
v 17.824604 0.31449997 53.163223
v 17.824604 0.31449997 49.923225
v -5.4353905 0.31449997 49.663223
v -5.4353905 0.31449997 46.423225
v -5.175392 0.31449997 49.663223
v 44.5646 0.31449997 49.663223
v 44.5646 0.31449997 46.423225
v -5.175392 0.31449997 46.423225
v 44.8246 0.31449997 49.663223
v 44.8246 0.31449997 46.423225
v -28.435392 0.31449997 46.163223
v -28.435392 0.31449997 42.923225
v -28.17539 0.31449997 46.163223
v 21.564606 0.31449997 46.163223
v 21.564606 0.31449997 42.923225
v -28.17539 0.31449997 42.923225
v 21.824606 0.31449997 46.163223
v 21.824606 0.31449997 42.923225
v -1.4353905 0.31449997 42.663223
v -1.4353905 0.31449997 39.423225
v -1.1753922 0.31449997 42.663223
v 48.5646 0.31449997 42.663223
v 48.5646 0.31449997 39.423225
v -1.1753922 0.31449997 39.423225
v 48.8246 0.31449997 42.663223
v 48.8246 0.31449997 39.423225
v -24.435392 0.31449997 39.163223
v -24.435392 0.31449997 35.923225
v -24.17539 0.31449997 39.163223
v 25.564606 0.31449997 39.163223
v 25.564606 0.31449997 35.923225
v -24.17539 0.31449997 35.923225
v 25.824606 0.31449997 39.163223
v 25.824606 0.31449997 35.923225
v 2.5646076 0.31449997 35.663223
v 2.5646076 0.31449997 32.423225
v 2.8246098 0.31449997 35.663223
v 52.564598 0.31449997 35.663223
v 52.564598 0.31449997 32.423225
v 2.8246098 0.31449997 32.423225
v 52.8246 0.31449997 35.663223
v 52.8246 0.31449997 32.423225
v -20.435392 0.31449997 32.163223
v -20.435392 0.31449997 28.923223
v -20.17539 0.31449997 32.163223
v 29.564604 0.31449997 32.163223
v 29.564604 0.31449997 28.923223
v -20.17539 0.31449997 28.923223
v 29.824606 0.31449997 32.163223
v 29.824606 0.31449997 28.923223
v 6.564604 0.31449997 28.663225
v 6.564604 0.31449997 25.423223
v 6.824606 0.31449997 28.663225
v 56.564598 0.31449997 28.663225
v 56.564598 0.31449997 25.423223
v 6.824606 0.31449997 25.423223
v 56.8246 0.31449997 28.663225
v 56.8246 0.31449997 25.423223
v -16.435392 0.31449997 25.163225
v -16.435392 0.31449997 21.923227
v -16.17539 0.31449997 25.163225
v 33.564606 0.31449997 25.163225
v 33.564606 0.31449997 21.923227
v -16.17539 0.31449997 21.923227
v 33.824604 0.31449997 25.163225
v 33.824604 0.31449997 21.923227
v 10.564604 0.31449997 21.663229
v 10.564604 0.31449997 18.42323
v 10.824606 0.31449997 21.663229
v 60.564598 0.31449997 21.663229
v 60.564598 0.31449997 18.42323
v 10.824606 0.31449997 18.42323
v 60.8246 0.31449997 21.663229
v 60.8246 0.31449997 18.42323
v -12.43539 0.31449997 18.163227
v -12.43539 0.31449997 14.923228
v -12.175392 0.31449997 18.163227
v 37.5646 0.31449997 18.163227
v 37.5646 0.31449997 14.923228
v -12.175392 0.31449997 14.923228
v 37.8246 0.31449997 18.163227
v 37.8246 0.31449997 14.923228
v 14.564606 0.31449997 14.663228
v 14.564606 0.31449997 11.423228
v 14.824604 0.31449997 14.663228
v 64.5646 0.31449997 14.663228
v 64.5646 0.31449997 11.423228
v 14.824604 0.31449997 11.423228
v 64.8246 0.31449997 14.663229
v 64.8246 0.31449997 11.423228
v -8.43539 0.31449997 11.163228
v -8.43539 0.31449997 7.9232283
v -8.175392 0.31449997 11.163228
v 41.5646 0.31449997 11.163228
v 41.5646 0.31449997 7.9232283
v -8.175392 0.31449997 7.9232283
v 41.8246 0.31449997 11.163228
v 41.8246 0.31449997 7.9232283
v 18.564606 0.31449997 7.663228
v 18.564606 0.31449997 4.4232283
v 18.824604 0.31449997 7.663228
v 18.824604 0.31449997 4.4232283
v -4.4353905 0.31449997 4.163228
v -4.4353905 0.31449997 0.923228
v -4.175392 0.31449997 4.163228
v 45.5646 0.31449997 4.163228
v 45.5646 0.31449997 0.923228
v -4.175392 0.31449997 0.923228
v 45.8246 0.31449997 4.163228
v 45.8246 0.31449997 0.923228
v -27.435392 0.31449997 0.6632283
v -27.435392 0.31449997 -2.5767717
v -27.17539 0.31449997 0.6632283
v 22.564606 0.31449997 0.6632283
v 22.564606 0.31449997 -2.5767717
v -27.17539 0.31449997 -2.5767717
v 22.824606 0.31449997 0.6632283
v 22.824606 0.31449997 -2.5767717
v -0.43539047 0.31449997 -2.836772
v -0.43539047 0.31449997 -6.0767717
v -0.17539215 0.31449997 -2.836772
v 49.5646 0.31449997 -2.836772
v 49.5646 0.31449997 -6.0767717
v -0.17539215 0.31449997 -6.0767717
v 49.8246 0.31449997 -2.836772
v 49.8246 0.31449997 -6.0767717
v -23.435392 0.31449997 -6.336772
v -23.435392 0.31449997 -9.576772
v -23.17539 0.31449997 -6.336772
v 26.564606 0.31449997 -6.336772
v 26.564606 0.31449997 -9.576772
v -23.17539 0.31449997 -9.576772
v 26.824606 0.31449997 -6.336772
v 26.824606 0.31449997 -9.576772
v 3.5646076 0.31449997 -9.836772
v 3.5646076 0.31449997 -13.076773
v 3.8246098 0.31449997 -9.836772
v 53.564598 0.31449997 -9.836772
v 53.564598 0.31449997 -13.076773
v 3.8246098 0.31449997 -13.076773
v 53.8246 0.31449997 -9.836772
v 53.8246 0.31449997 -13.076773
v -19.435392 0.31449997 -13.336771
v -19.435392 0.31449997 -16.576773
v -19.17539 0.31449997 -13.336771
v 30.564604 0.31449997 -13.336771
v 30.564604 0.31449997 -16.576773
v -19.17539 0.31449997 -16.576773
v 30.824606 0.31449997 -13.336771
v 30.824606 0.31449997 -16.576773
v 7.564604 0.31449997 -16.836771
v 7.564604 0.31449997 -20.076773
v 7.824606 0.31449997 -16.836771
v 57.564598 0.31449997 -16.836771
v 57.564598 0.31449997 -20.076773
v 7.824606 0.31449997 -20.076773
v 57.8246 0.31449997 -16.836771
v 57.8246 0.31449997 -20.076773
v -15.435392 0.31449997 -20.336771
v -15.435392 0.31449997 -23.576773
v -15.17539 0.31449997 -20.336771
v 34.5646 0.31449997 -20.336771
v 34.5646 0.31449997 -23.576773
v -15.17539 0.31449997 -23.576773
v 34.8246 0.31449997 -20.336771
v 34.8246 0.31449997 -23.576773
v 11.564606 0.31449997 -23.836771
v 11.564606 0.31449997 -27.076773
v 11.824606 0.31449997 -23.836771
v 61.564598 0.31449997 -23.836771
v 61.564598 0.31449997 -27.076773
v 11.824606 0.31449997 -27.076773
v 61.8246 0.31449997 -23.836771
v 61.8246 0.31449997 -27.076773
v -11.43539 0.31449997 -27.336771
v -11.43539 0.31449997 -30.57677
v -11.175392 0.31449997 -27.336771
v 38.5646 0.31449997 -27.336771
v 38.5646 0.31449997 -30.57677
v -11.175392 0.31449997 -30.57677
v 38.8246 0.31449997 -27.336771
v 38.8246 0.31449997 -30.57677
v 15.564606 0.31449997 -30.836773
v 15.564606 0.31449997 -34.07677
v 15.824604 0.31449997 -30.836773
v 15.824604 0.31449997 -34.07677
v -7.4353905 0.31449997 -34.336773
v -7.4353905 0.31449997 -37.57677
v -7.175392 0.31449997 -34.336773
v 42.5646 0.31449997 -34.336773
v 42.5646 0.31449997 -37.57677
v -7.175392 0.31449997 -37.57677
v 42.8246 0.31449997 -34.336773
v 42.8246 0.31449997 -37.57677
v 19.564606 0.31449997 -37.836773
v 19.564606 0.31449997 -41.076763
v 19.824604 0.31449997 -37.836773
v 19.824604 0.31449997 -41.076763
v -3.4353905 0.31449997 -41.336765
v -3.4353905 0.31449997 -44.576763
v -3.1753922 0.31449997 -41.336765
v 46.5646 0.31449997 -41.336765
v 46.5646 0.31449997 -44.576763
v -3.1753922 0.31449997 -44.576763
v 46.8246 0.31449997 -41.336765
v 46.8246 0.31449997 -44.576763
v -26.435392 0.31449997 -44.836765
v -26.435392 0.31449997 -48.076763
v -26.17539 0.31449997 -44.836765
v 23.564606 0.31449997 -44.836765
v 23.564606 0.31449997 -48.076763
v -26.17539 0.31449997 -48.076763
v 23.824606 0.31449997 -44.836765
v 23.824606 0.31449997 -48.076763
v 0.5646095 0.31449997 -48.336765
v 0.5646095 0.31449997 -51.576763
v 0.82460785 0.31449997 -48.336765
v 50.564598 0.31449997 -48.336765
v 50.564598 0.31449997 -51.576763
v 0.82460785 0.31449997 -51.576763
v 50.8246 0.31449997 -48.336765
v 50.8246 0.31449997 -51.576763
v -22.435392 0.31449997 -51.836765
v -22.435392 0.31449997 -55.076763
v -22.17539 0.31449997 -51.836765
v 27.564604 0.31449997 -51.836765
v 27.564604 0.31449997 -55.076763
v -22.17539 0.31449997 -55.076763
v 27.824606 0.31449997 -51.836765
v 27.824606 0.31449997 -55.076763
v 4.5646076 0.31449997 -55.336765
v 4.5646076 0.31449997 -58.576763
v 4.8246098 0.31449997 -55.336765
v 54.564598 0.31449997 -55.336765
v 54.564598 0.31449997 -58.576763
v 4.8246098 0.31449997 -58.576763
v 54.8246 0.31449997 -55.336765
v 54.8246 0.31449997 -58.576763
v -18.435392 0.31449997 -58.836765
v -18.435392 0.31449997 -62.076767
v -18.17539 0.31449997 -58.836765
v 31.564604 0.31449997 -58.836765
v 31.564604 0.31449997 -62.076767
v -18.17539 0.31449997 -62.076767
v 31.824606 0.31449997 -58.836765
v 31.824606 0.31449997 -62.076767
v 8.564604 0.31449997 -62.33676
v 8.564604 0.31449997 -65.57677
v 8.824606 0.31449997 -62.33676
v 58.564598 0.31449997 -62.33676
v 58.564598 0.31449997 -65.57677
v 8.824606 0.31449997 -65.57677
v 58.8246 0.31449997 -62.33676
v 58.8246 0.31449997 -65.57677
v -14.435392 0.31449997 -65.83676
v -14.435392 0.31449997 -69.07677
v -14.175392 0.31449997 -65.83676
v 35.5646 0.31449997 -65.83676
v 35.5646 0.31449997 -69.07677
v -14.175392 0.31449997 -69.07677
v 35.8246 0.31449997 -65.83676
v 35.8246 0.31449997 -69.07677
v 12.565094 0.31449997 -69.33676
v 12.565094 0.31449997 -72.57677
v 12.825094 0.31449997 -69.33676
v 62.565086 0.31449997 -69.33676
v 62.565086 0.31449997 -72.57677
v 12.825094 0.31449997 -72.57677
v 62.82509 0.31449997 -69.33676
v 62.82509 0.31449997 -72.57677
v -10.434902 0.31449997 -72.83676
v -10.434902 0.31449997 -76.07677
v -10.174904 0.31449997 -72.83676
v 39.56509 0.31449997 -72.83676
v 39.56509 0.31449997 -76.07677
v -10.174904 0.31449997 -76.07677
v 39.82509 0.31449997 -72.83676
v 39.82509 0.31449997 -76.07677
v 16.565094 0.31449997 -76.33676
v 16.565094 0.31449997 -79.57677
v 16.825092 0.31449997 -76.33676
v 16.825092 0.31449997 -79.57677
v -6.4353905 0.31449997 -79.83676
v -6.175392 0.31449997 -79.83676
v 43.5646 0.31449997 -79.83676
v 43.8246 0.31449997 -79.83676
v -29.175875 0.31449997 88.16323
v -5.7792606 0.31449997 88.16322
v -29.17587 0.31449997 84.92322
v -29.17587 0.31449997 84.66322
v -29.17587 0.31449997 81.42322
v -29.17587 0.31449997 81.16322
v -29.17587 0.31449997 77.92322
v -29.17587 0.31449997 77.66322
v -29.17587 0.31449997 74.42322
v -29.175875 0.31449997 74.16323
v -29.17587 0.31449997 70.92322
v -29.17587 0.31449997 70.66322
v -29.17587 0.31449997 67.42322
v -29.17599 0.31449997 67.16322
v -29.175745 0.31449997 63.92322
v -29.17587 0.31449997 63.66322
v -29.17587 0.31449997 60.42322
v -29.17587 0.31449997 60.16322
v -29.17587 0.31449997 56.92322
v -29.17587 0.31449997 56.66322
v -29.17587 0.31449997 53.42323
v -29.175867 0.31449997 53.16322
v -29.175867 0.31449997 49.923225
v -29.17587 0.31449997 49.663223
v -29.17587 0.31449997 46.423225
v -29.175875 0.31449997 46.163223
v -29.17587 0.31449997 45.76441
v 17.747349 0.31449997 88.16323
v 41.273964 0.31449997 88.16322
v 64.67057 0.31449997 88.16322
v 64.67057 0.31449997 84.92322
v 64.67057 0.31449997 81.42322
v 64.67057 0.31449997 84.663216
v 64.67057 0.31449997 77.92322
v 64.67057 0.31449997 81.16322
v 64.67057 0.31449997 74.42322
v 64.67057 0.31449997 77.66322
v 64.67057 0.31449997 70.92322
v 64.67057 0.31449997 74.16322
v 64.67057 0.31449997 67.42322
v 64.67058 0.31449997 70.66322
v 64.67057 0.31449997 60.423225
v 64.67057 0.31449997 63.66322
v 64.67058 0.31449997 56.92322
v 64.67057 0.31449997 60.16322
v 64.67057 0.31449997 53.423225
v 64.67057 0.31449997 56.66322
v 64.67057 0.31449997 49.923225
v 64.67057 0.31449997 53.163223
v 64.67057 0.31449997 46.423225
v 64.67057 0.31449997 49.663223
v 64.67057 0.31449997 45.76441
v 64.67057 0.31449997 46.163223
v 64.67057 0.31449997 63.92322
v 64.67057 0.31449997 67.16322
v -29.175875 0.31449997 42.663227
v -29.175875 0.31449997 39.423225
v -29.17587 0.31449997 39.163223
v -29.17587 0.31449997 35.923225
v -29.17587 0.31449997 35.663223
v -29.17587 0.31449997 32.423225
v -29.17587 0.31449997 32.163223
v -29.17587 0.31449997 28.923223
v -29.175867 0.31449997 28.663225
v -29.175867 0.31449997 25.423223
v -29.17587 0.31449997 25.163225
v -29.17587 0.31449997 21.923227
v -29.17587 0.31449997 21.663229
v -29.17587 0.31449997 18.42323
v -29.17587 0.31449997 18.163227
v -29.17587 0.31449997 14.923228
v -29.175867 0.31449997 14.663228
v -29.175867 0.31449997 11.423228
v -29.17587 0.31449997 11.163228
v -29.17587 0.31449997 7.9232283
v -29.175875 0.31449997 7.663228
v -29.175875 0.31449997 4.4232283
v -29.175867 0.31449997 4.163228
v -29.17587 0.31449997 3.2355952
v -29.17587 0.31449997 42.923225
v 64.67057 0.31449997 39.423225
v 64.67057 0.31449997 42.66322
v 64.67057 0.31449997 35.923225
v 64.67057 0.31449997 39.163223
v 64.67057 0.31449997 32.423225
v 64.67057 0.31449997 35.663223
v 64.67057 0.31449997 28.923223
v 64.67057 0.31449997 32.163223
v 64.67057 0.31449997 25.423223
v 64.67057 0.31449997 28.663225
v 64.67057 0.31449997 21.923227
v 64.67057 0.31449997 25.163225
v 64.67057 0.31449997 18.42323
v 64.67057 0.31449997 21.663229
v 64.67057 0.31449997 14.923228
v 64.67057 0.31449997 18.163227
v 64.67057 0.31449997 11.423228
v 64.67057 0.31449997 14.663228
v 64.67057 0.31449997 7.9232283
v 64.67057 0.31449997 11.163228
v 64.67057 0.31449997 4.4232283
v 64.67057 0.31449997 7.663228
v 64.67057 0.31449997 3.2355957
v 64.67057 0.31449997 4.163228
v 64.67057 0.31449997 42.923225
v -29.17587 0.31449997 0.6632283
v -29.17587 0.31449997 -2.5767717
v -29.17587 0.31449997 -2.836772
v -29.17587 0.31449997 -6.0767717
v -29.17587 0.31449997 -6.336772
v -29.175867 0.31449997 -9.576771
v -29.17587 0.31449997 -9.836772
v -29.17587 0.31449997 -13.076773
v -29.17587 0.31449997 -13.336771
v -29.17587 0.31449997 -16.576773
v -29.17587 0.31449997 -16.836771
v -29.17587 0.31449997 -20.076773
v -29.17587 0.31449997 -20.336771
v -29.17587 0.31449997 -23.576773
v -29.17587 0.31449997 -23.836771
v -29.17587 0.31449997 -27.076773
v -29.17587 0.31449997 -27.336771
v -29.17587 0.31449997 -30.57677
v -29.17587 0.31449997 -30.836773
v -29.17587 0.31449997 -34.07677
v -29.175867 0.31449997 -34.336773
v -29.17587 0.31449997 -37.57677
v -29.17587 0.31449997 -37.836773
v -29.17587 0.31449997 -39.293217
v -29.175875 0.31449997 0.923228
v 64.67057 0.31449997 -2.5767717
v 64.67057 0.31449997 0.6632283
v 64.67057 0.31449997 -6.0767717
v 64.67057 0.31449997 -2.836772
v 64.67057 0.31449997 -9.576772
v 64.67057 0.31449997 -6.336772
v 64.67057 0.31449997 -13.076773
v 64.67057 0.31449997 -9.836772
v 64.67057 0.31449997 -16.576773
v 64.67057 0.31449997 -13.336771
v 64.67058 0.31449997 -20.076773
v 64.67057 0.31449997 -16.836771
v 64.67057 0.31449997 -23.576773
v 64.67057 0.31449997 -20.336771
v 64.67057 0.31449997 -27.076773
v 64.67058 0.31449997 -23.836771
v 64.67057 0.31449997 -30.57677
v 64.67058 0.31449997 -27.336771
v 64.67057 0.31449997 -34.07677
v 64.67057 0.31449997 -30.836773
v 64.67057 0.31449997 -37.57677
v 64.67057 0.31449997 -34.336773
v 64.67057 0.31449997 -39.293217
v 64.67057 0.31449997 -37.836773
v 64.67057 0.31449997 0.923228
v -29.17587 0.31449997 -81.69203
v -6.4353905 0.31449997 -81.69203
v -6.175392 0.31449997 -81.69203
v -5.7792606 0.31449997 -81.69203
v -29.17587 0.31449997 -41.336765
v -29.175875 0.31449997 -44.576763
v -29.175867 0.31449997 -44.836765
v -29.17587 0.31449997 -48.076763
v -29.175867 0.31449997 -48.336765
v -29.17587 0.31449997 -51.576763
v -29.17587 0.31449997 -51.836765
v -29.17587 0.31449997 -55.076763
v -29.175867 0.31449997 -55.336765
v -29.17587 0.31449997 -58.576763
v -29.17587 0.31449997 -58.836765
v -29.17587 0.31449997 -62.076767
v -29.17587 0.31449997 -62.33676
v -29.17587 0.31449997 -65.57677
v -29.17587 0.31449997 -65.83676
v -29.17587 0.31449997 -69.07677
v -29.175867 0.31449997 -69.33676
v -29.175867 0.31449997 -72.57677
v -29.17587 0.31449997 -72.83676
v -29.17587 0.31449997 -76.07677
v -29.17587 0.31449997 -76.33676
v -29.17587 0.31449997 -79.57677
v -29.17587 0.31449997 -41.076763
v -29.17587 0.31449997 -79.83676
v 17.74735 0.31449997 -81.69203
v 41.273964 0.31449997 -81.69203
v 64.67057 0.31449997 -44.576763
v 64.67057 0.31449997 -41.336765
v 64.67057 0.31449997 -48.076763
v 64.67057 0.31449997 -44.836765
v 64.67057 0.31449997 -51.576763
v 64.67057 0.31449997 -48.336765
v 64.67057 0.31449997 -55.076763
v 64.67057 0.31449997 -51.836765
v 64.67057 0.31449997 -58.576763
v 64.67057 0.31449997 -55.33676
v 64.67057 0.31449997 -62.07676
v 64.67057 0.31449997 -58.836765
v 64.67057 0.31449997 -65.57677
v 64.67057 0.31449997 -62.33676
v 64.67057 0.31449997 -69.076775
v 64.67057 0.31449997 -65.83676
v 64.67057 0.31449997 -72.57677
v 64.67057 0.31449997 -69.33676
v 64.67057 0.31449997 -76.07676
v 64.67057 0.31449997 -72.83676
v 64.67057 0.31449997 -79.57677
v 64.67057 0.31449997 -76.33676
v 64.67057 0.31449997 -81.69203
v 64.67057 0.31449997 -79.83676
v 64.67057 0.31449997 -41.076767
v 43.5646 0.31449997 -81.69203
v 43.8246 0.31449997 -81.69204
# 1716 vertices

vn 0 1 2.220446E-16
vn 0 1 2.220446E-16
vn 0 1 2.220446E-16
vn 0 1 2.220446E-16
vn 0 1 2.220446E-16
vn 0 1 2.220446E-16
vn 0 1 2.220446E-16
vn 0 1 2.220446E-16
vn 0 1 2.220446E-16
vn 0 1 2.220446E-16
vn 0 1 2.220446E-16
vn 0 1 2.220446E-16
vn 0 1 2.220446E-16
vn 0 1 2.220446E-16
vn 0 1 2.220446E-16
vn 0 1 2.220446E-16
vn 0 1 2.220446E-16
vn 0 1 2.220446E-16
vn 0 1 2.220446E-16
vn 0 1 2.220446E-16
vn 0 1 2.220446E-16
vn 0 1 2.220446E-16
vn 0 1 2.220446E-16
vn 0 1 2.220446E-16
vn 0 1 2.220446E-16
vn 0 1 2.220446E-16
vn 0 1 2.220446E-16
vn 0 1 2.220446E-16
vn 0 1 2.220446E-16
vn 0 1 2.220446E-16
vn 0 1 2.220446E-16
vn 0 1 2.220446E-16
vn 0 1 2.220446E-16
vn 0 1 2.220446E-16
vn 0 1 2.220446E-16
vn 0 1 2.220446E-16
vn 0 1 2.220446E-16
vn 0 1 2.220446E-16
vn 0 1 2.220446E-16
vn 0 1 2.220446E-16
vn 0 1 2.220446E-16
vn 0 1 2.220446E-16
vn 0 1 2.220446E-16
vn 0 1 2.220446E-16
vn 0 1 2.220446E-16
vn 0 1 2.220446E-16
vn 0 1 2.220446E-16
vn 0 1 2.220446E-16
vn 0 1 2.220446E-16
vn 0 1 2.220446E-16
vn 0 1 2.220446E-16
vn 0 1 2.220446E-16
vn 0 1 2.220446E-16
vn 0 1 2.220446E-16
vn 0 1 2.220446E-16
vn 0 1 2.220446E-16
vn 0 1 2.220446E-16
vn 0 1 2.220446E-16
vn 0 1 2.220446E-16
vn 0 1 2.220446E-16
vn 0 1 2.220446E-16
vn 0 1 2.220446E-16
vn 0 1 2.220446E-16
vn 0 1 2.220446E-16
vn 0 1 2.220446E-16
vn 0 1 2.220446E-16
vn 0 1 2.220446E-16
vn 0 1 2.220446E-16
vn 0 1 2.220446E-16
vn 0 1 2.220446E-16
vn 0 1 2.220446E-16
vn 0 1 2.220446E-16
vn 0 1 2.220446E-16
vn 0 1 2.220446E-16
vn 0 1 2.220446E-16
vn 0 1 2.220446E-16
vn 0 1 2.220446E-16
vn 0 1 2.220446E-16
vn 0 1 2.220446E-16
vn 0 1 2.220446E-16
vn 0 1 2.220446E-16
vn 0 1 2.220446E-16
vn 0 1 2.220446E-16
vn 0 1 2.220446E-16
vn 0 1 2.220446E-16
vn 0 1 2.220446E-16
vn 0 1 2.220446E-16
vn 0 1 2.220446E-16
vn 0 1 2.220446E-16
vn 0 1 2.220446E-16
vn 0 1 2.220446E-16
vn 0 1 2.220446E-16
vn 0 1 2.220446E-16
vn 0 1 2.220446E-16
vn 0 1 2.220446E-16
vn 0 1 2.220446E-16
vn 0 1 2.220446E-16
vn 0 1 2.220446E-16
vn 0 1 2.220446E-16
vn 0 1 2.220446E-16
vn 0 1 2.220446E-16
vn 0 1 2.220446E-16
vn 0 1 2.220446E-16
vn 0 1 2.220446E-16
vn 0 1 2.220446E-16
vn 0 1 2.220446E-16
vn 0 1 2.220446E-16
vn 0 1 2.220446E-16
vn 0 1 2.220446E-16
vn 0 1 2.220446E-16
vn 0 1 2.220446E-16
vn 0 1 2.220446E-16
vn 0 1 2.220446E-16
vn 0 1 2.220446E-16
vn 0 1 2.220446E-16
vn 0 1 2.220446E-16
vn 0 1 2.220446E-16
vn 0 1 2.220446E-16
vn 0 1 2.220446E-16
vn 0 1 2.220446E-16
vn 0 1 2.220446E-16
vn 0 1 2.220446E-16
vn 0 1 2.220446E-16
vn 0 1 2.220446E-16
vn 0 1 2.220446E-16
vn 0 1 2.220446E-16
vn 0 1 2.220446E-16
vn 0 1 2.220446E-16
vn 0 1 2.220446E-16
vn 0 1 2.220446E-16
vn 0 1 2.220446E-16
vn 0 1 2.220446E-16
vn 0 1 2.220446E-16
vn 0 1 2.220446E-16
vn 0 1 2.220446E-16
vn 0 1 2.220446E-16
vn 0 1 2.220446E-16
vn 0 1 2.220446E-16
vn 0 1 2.220446E-16
vn 0 1 2.220446E-16
vn 0 1 2.220446E-16
vn 0 1 2.220446E-16
vn 0 1 2.220446E-16
vn 0 1 2.220446E-16
vn 0 1 2.220446E-16
vn 0 1 2.220446E-16
vn 0 1 2.220446E-16
vn 0 1 2.220446E-16
vn 0 1 2.220446E-16
vn 0 1 2.220446E-16
vn 0 1 2.220446E-16
vn 0 1 2.220446E-16
vn 0 1 2.220446E-16
vn 0 1 2.220446E-16
vn 0 1 2.220446E-16
vn 0 1 2.220446E-16
vn 0 1 2.220446E-16
vn 0 1 2.220446E-16
vn 0 1 2.220446E-16
vn 0 1 2.220446E-16
vn 0 1 2.220446E-16
vn 0 1 2.220446E-16
vn 0 1 2.220446E-16
vn 0 1 2.220446E-16
vn 0 1 2.220446E-16
vn 0 1 2.220446E-16
vn 0 1 2.220446E-16
vn 0 1 2.220446E-16
vn 0 1 2.220446E-16
vn 0 1 2.220446E-16
vn 0 1 2.220446E-16
vn 0 1 2.220446E-16
vn 0 1 2.220446E-16
vn 0 1 2.220446E-16
vn 0 1 2.220446E-16
vn 0 1 2.220446E-16
vn 0 1 2.220446E-16
vn 0 1 2.220446E-16
vn 0 1 2.220446E-16
vn 0 1 2.220446E-16
vn 0 1 2.220446E-16
vn 0 1 2.220446E-16
vn 0 1 2.220446E-16
vn 0 1 2.220446E-16
vn 0 1 2.220446E-16
vn 0 1 2.220446E-16
vn 0 1 2.220446E-16
vn 0 1 2.220446E-16
vn 0 1 2.220446E-16
vn 0 1 2.220446E-16
vn 0 1 2.220446E-16
vn 0 1 2.220446E-16
vn 0 1 2.220446E-16
vn 0 1 2.220446E-16
vn 0 1 2.220446E-16
vn 0 1 2.220446E-16
vn 0 1 2.220446E-16
vn 0 1 2.220446E-16
vn 0 1 2.220446E-16
vn 0 1 2.220446E-16
vn 0 1 2.220446E-16
vn 0 1 2.220446E-16
vn 0 1 2.220446E-16
vn 0 1 2.220446E-16
vn 0 1 2.220446E-16
vn 0 1 2.220446E-16
vn 0 1 2.220446E-16
vn 0 1 2.220446E-16
vn 0 1 2.220446E-16
vn 0 1 2.220446E-16
vn 0 1 2.220446E-16
vn 0 1 2.220446E-16
vn 0 1 2.220446E-16
vn 0 1 2.220446E-16
vn 0 1 2.220446E-16
vn 0 1 2.220446E-16
vn 0 1 2.220446E-16
vn 0 1 2.220446E-16
vn 0 1 2.220446E-16
vn 0 1 2.220446E-16
vn 0 1 2.220446E-16
vn 0 1 2.220446E-16
vn 0 1 2.220446E-16
vn 0 1 2.220446E-16
vn 0 1 2.220446E-16
vn 0 1 2.220446E-16
vn 0 0.99999994 1.110223E-16
vn 0 1 2.220446E-16
vn 0 1 2.220446E-16
vn 0 1 2.220446E-16
vn 0 1 2.220446E-16
vn 0 1 2.220446E-16
vn 0 1 2.220446E-16
vn 0 1 2.220446E-16
vn 0 1 2.220446E-16
vn 0 1 2.220446E-16
vn 0 1 2.220446E-16
vn 0 1 2.220446E-16
vn 0 1 2.220446E-16
vn 0 1 2.220446E-16
vn 0 1 2.220446E-16
vn 0 1 2.220446E-16
vn 0 1 2.220446E-16
vn 0 1 2.220446E-16
vn 0 1 2.220446E-16
vn 0 1 2.220446E-16
vn 0 1 2.220446E-16
vn 0 0.99999994 1.110223E-16
vn 0 1 2.220446E-16
vn 0 1 2.220446E-16
vn 0 1 2.220446E-16
vn 0 1 2.220446E-16
vn 0 1 2.220446E-16
vn 0 1 2.220446E-16
vn 0 1 2.220446E-16
vn 0 1 2.220446E-16
vn 0 1 2.220446E-16
vn 0 1 2.220446E-16
vn 0 1 2.220446E-16
vn 0 1 2.220446E-16
vn 0 1 2.220446E-16
vn 0 1 2.220446E-16
vn 0 1 2.220446E-16
vn 0 1 2.220446E-16
vn 0 1 2.220446E-16
vn 0 1 2.220446E-16
vn 0 1 2.220446E-16
vn 0 1 2.220446E-16
vn 0 1 2.220446E-16
vn 0 1 2.220446E-16
vn 0 0.99999994 1.110223E-16
vn 0 1 2.220446E-16
vn 0 1 2.220446E-16
vn 0 0.99999994 1.110223E-16
vn 0 1 2.220446E-16
vn 0 1 2.220446E-16
vn 0 1 2.220446E-16
vn 0 1 2.220446E-16
vn 0 1 2.220446E-16
vn 0 1 2.220446E-16
vn 0 1 2.220446E-16
vn 0 1 2.220446E-16
vn 0 1 2.220446E-16
vn 0 1 2.220446E-16
vn 0 1 2.220446E-16
vn 0 1 2.220446E-16
vn 0 1 2.220446E-16
vn 0 1 2.220446E-16
vn 0 1 2.220446E-16
vn 0 1 2.220446E-16
vn 0 1 2.220446E-16
vn 0 1 2.220446E-16
vn 0 1 2.220446E-16
vn 0 1 2.220446E-16
vn 0 1 2.220446E-16
vn 0 1 2.220446E-16
vn 0 1 2.220446E-16
vn 0 1 2.220446E-16
vn 0 1 2.220446E-16
vn 0 1 2.220446E-16
vn 0 1 2.220446E-16
vn 0 1 2.220446E-16
vn 0 1 2.220446E-16
vn 0 1 2.220446E-16
vn 0 1 2.220446E-16
vn 0 1 2.220446E-16
vn 0 1 2.220446E-16
vn 0 1 2.220446E-16
vn 0 1 2.220446E-16
vn 0 1 2.220446E-16
vn 0 1 2.220446E-16
vn 0 1 2.220446E-16
vn 0 1 2.220446E-16
vn 0 1 2.220446E-16
vn 0 1 2.220446E-16
vn 0 1 2.220446E-16
vn 0 1 2.220446E-16
vn 0 1 2.220446E-16
vn 0 1 2.220446E-16
vn 0 0.99999994 1.110223E-16
vn 0 0.99999994 1.110223E-16
vn 0 1 2.220446E-16
vn 0 1 2.220446E-16
vn 0 1 2.220446E-16
vn 0 1 2.220446E-16
vn 0 1 2.220446E-16
vn 0 1 2.220446E-16
vn 0 1 2.220446E-16
vn 0 1 2.220446E-16
vn 0 1 2.220446E-16
vn 0 1 2.220446E-16
vn 0 1 2.220446E-16
vn 0 1 2.220446E-16
vn 0 1 2.220446E-16
vn 0 1 2.220446E-16
vn 0 1 2.220446E-16
vn 0 1 2.220446E-16
vn 0 1 2.220446E-16
vn 0 1 2.220446E-16
vn 0 1 2.220446E-16
vn 0 1 2.220446E-16
vn 0 1 2.220446E-16
vn 0 1 2.220446E-16
vn 0 1 2.220446E-16
vn 0 1 2.220446E-16
vn 0 1 2.220446E-16
vn 0 1 2.220446E-16
vn 0 1 2.220446E-16
vn 0 1 2.220446E-16
vn 0 1 2.220446E-16
vn 0 1 2.220446E-16
vn 0 1 2.220446E-16
vn 0 1 2.220446E-16
vn 0 1 2.220446E-16
vn 0 -1 -2.220446E-16
vn 0 -1 -2.220446E-16
vn 0 -1 -2.220446E-16
vn 0 -1 -2.220446E-16
vn 0 1 2.220446E-16
vn 0 1 2.220446E-16
vn 0 1 2.220446E-16
vn 0 1 2.220446E-16
vn 0 1 2.220446E-16
vn 0 1 2.220446E-16
vn 0 1 2.220446E-16
vn 0 1 2.220446E-16
vn 0 1 2.220446E-16
vn 0 1 2.220446E-16
vn 0 1 2.220446E-16
vn 0 1 2.220446E-16
vn 0 1 2.220446E-16
vn 0 1 2.220446E-16
vn 0 1 2.220446E-16
vn 0 1 2.220446E-16
vn 0 1 2.220446E-16
vn 0 1 2.220446E-16
vn 0 1 2.220446E-16
vn 0 1 2.220446E-16
vn 0 1 2.220446E-16
vn 0 1 2.220446E-16
vn 0 1 2.220446E-16
vn 0 1 2.220446E-16
vn 0 1 2.220446E-16
vn 0 1 2.220446E-16
vn 0 1 2.220446E-16
vn 0 1 2.220446E-16
vn 0 1 2.220446E-16
vn 0 1 2.220446E-16
vn 0 1 2.220446E-16
vn 0 1 2.220446E-16
vn 0 1 2.220446E-16
vn 0 1 2.220446E-16
vn 0 1 2.220446E-16
vn 0 1 2.220446E-16
vn 0 1 2.220446E-16
vn 0 1 2.220446E-16
vn 0 1 2.220446E-16
vn 0 1 2.220446E-16
vn 0 1 2.220446E-16
vn 0 1 2.220446E-16
vn 0 1 2.220446E-16
vn 0 1 2.220446E-16
vn 0 1 2.220446E-16
vn 0 1 2.220446E-16
vn 0 1 2.220446E-16
vn 0 1 2.220446E-16
vn 0 1 2.220446E-16
vn 0 1 2.220446E-16
vn 0 1 2.220446E-16
vn 0 1 2.220446E-16
vn 0 1 2.220446E-16
vn 0 1 2.220446E-16
vn 0 1 2.220446E-16
vn 0 1 2.220446E-16
vn 0 1 2.220446E-16
vn 0 1 2.220446E-16
vn 0 1 2.220446E-16
vn 0 1 2.220446E-16
vn 0 1 2.220446E-16
vn 0 1 2.220446E-16
vn 0 1 2.220446E-16
vn 0 1 2.220446E-16
vn 0 1 2.220446E-16
vn 0 1 2.220446E-16
vn 0 1 2.220446E-16
vn 0 1 2.220446E-16
vn 0 1 2.220446E-16
vn 0 1 2.220446E-16
vn 0 1 2.220446E-16
vn 0 1 2.220446E-16
vn 0 1 2.220446E-16
vn 0 1 2.220446E-16
vn 0 1 2.220446E-16
vn 0 1 2.220446E-16
vn 0 1 2.220446E-16
vn 0 1 2.220446E-16
vn 0 1 2.220446E-16
vn 0 1 2.220446E-16
vn 0 1 2.220446E-16
vn 0 1 2.220446E-16
vn 0 1 2.220446E-16
vn 0 1 2.220446E-16
vn 0 1 2.220446E-16
vn 0 1 2.220446E-16
vn 0 1 2.220446E-16
vn 0 1 2.220446E-16
vn 0 1 2.220446E-16
vn 0 1 2.220446E-16
vn 0 1 2.220446E-16
vn 0 1 2.220446E-16
vn 0 1 2.220446E-16
vn 0 1 2.220446E-16
vn 0 1 2.220446E-16
vn 0 1 2.220446E-16
vn 0 1 2.220446E-16
vn 0 1 2.220446E-16
vn 0 1 2.220446E-16
vn 0 1 2.220446E-16
vn 0 1 2.220446E-16
vn 0 1 2.220446E-16
vn 0 1 2.220446E-16
vn 0 1 2.220446E-16
vn 0 1 2.220446E-16
vn 0 1 2.220446E-16
vn 0 1 2.220446E-16
vn 0 1 2.220446E-16
vn 0 1 2.220446E-16
vn 0 1 2.220446E-16
vn 0 1 2.220446E-16
vn 0 1 5.551115E-16
vn 0 1 5.551115E-16
vn 0 1 5.551115E-16
vn 0 1 5.551115E-16
vn 0 1 5.551115E-16
vn 0 1 5.551115E-16
vn 0 1 5.551115E-16
vn 0 1 2.220446E-16
vn 0 1 2.220446E-16
vn 0 1 2.220446E-16
vn 0 1 2.220446E-16
vn 0 1 2.220446E-16
vn 0 1 2.220446E-16
vn 0 1 2.220446E-16
vn 0 1 2.220446E-16
vn 0 1 2.220446E-16
vn 0 1 2.220446E-16
vn 0 1 2.220446E-16
vn 0 1 2.220446E-16
vn 0 1 2.220446E-16
vn 0 1 2.220446E-16
vn 0 1 2.220446E-16
vn 0 1 2.220446E-16
vn 0 1 2.220446E-16
vn 0 1 2.220446E-16
vn 0 1 2.220446E-16
vn 0 1 2.220446E-16
vn 0 1 2.220446E-16
vn 0 1 2.220446E-16
vn 0 1 2.220446E-16
vn 0 1 2.220446E-16
vn 0 1 2.220446E-16
vn 0 1 2.220446E-16
vn 0 1 2.220446E-16
vn 0 1 2.220446E-16
vn 0 1 2.220446E-16
vn 0 1 2.220446E-16
vn 0 1 2.220446E-16
vn 0 1 2.220446E-16
vn 0 1 2.220446E-16
vn 0 1 2.220446E-16
vn 0 1 2.220446E-16
vn 0 1 2.220446E-16
vn 0 1 2.220446E-16
vn 0 1 2.220446E-16
vn 0 1 2.220446E-16
vn 0 1 2.220446E-16
vn 0 1 2.220446E-16
vn 0 1 2.220446E-16
vn 0 1 2.220446E-16
vn 0 1 2.220446E-16
vn 0 1 2.220446E-16
vn 0 1 2.220446E-16
vn 0 1 2.220446E-16
vn 0 1 2.220446E-16
vn 0 1 2.220446E-16
vn 0 1 2.220446E-16
vn 0 1 2.220446E-16
vn 0 1 2.220446E-16
vn 0 1 2.220446E-16
vn 0 1 2.220446E-16
vn 0 1 2.220446E-16
vn 0 1 2.220446E-16
vn 0 1 2.220446E-16
vn 0 1 2.220446E-16
vn 0 1 2.220446E-16
vn 0 1 2.220446E-16
vn 0 1 2.220446E-16
vn 0 1 2.220446E-16
vn 0 1 2.220446E-16
vn 0 1 2.220446E-16
vn 0 1 2.220446E-16
vn 0 1 2.220446E-16
vn 0 0.99999994 1.110223E-16
vn 0 1 2.220446E-16
vn 0 1 2.220446E-16
vn 0 1 2.220446E-16
vn 0 1 2.220446E-16
vn 0 1 2.220446E-16
vn 0 1 2.220446E-16
vn 0 1 2.220446E-16
vn 0 1 2.220446E-16
vn 0 1 2.220446E-16
vn 0 1 2.220446E-16
vn 0 1 2.220446E-16
vn 0 1 2.220446E-16
vn 0 1 2.220446E-16
vn 0 1 2.220446E-16
vn 0 1 2.220446E-16
vn 0 1 2.220446E-16
vn 0 1 2.220446E-16
vn 0 1 2.220446E-16
vn 0 1 2.220446E-16
vn 0 1 2.220446E-16
vn 0 0.99999994 1.110223E-16
vn 0 1 2.220446E-16
vn 0 1 2.220446E-16
vn 0 1 2.220446E-16
vn 0 1 2.220446E-16
vn 0 1 2.220446E-16
vn 0 1 2.220446E-16
vn 0 1 2.220446E-16
vn 0 0.99999994 1.110223E-16
vn 0 2.220446E-16 -1
vn 0 2.220446E-16 -1
vn 0 2.220446E-16 -1
vn 0 2.220446E-16 -1
vn -1 0 0
vn -1 0 0
vn -1 0 0
vn -1 0 0
vn -3.8046642E-07 -2.220446E-16 1
vn -3.8046642E-07 -2.220446E-16 1
vn -3.8046642E-07 -2.220446E-16 1
vn -3.8046642E-07 -2.220446E-16 1
vn 0 2.220446E-16 -1
vn 0 2.220446E-16 -1
vn 0 2.220446E-16 -1
vn 0 2.220446E-16 -1
vn -1 0 0
vn -1 0 0
vn -1 0 0
vn -1 0 0
vn 0 -2.220446E-16 1
vn 0 -2.220446E-16 1
vn 0 -2.220446E-16 1
vn 0 -2.220446E-16 1
vn 1 0 0
vn 1 0 0
vn 1 0 0
vn 1 0 0
vn 0 2.220446E-16 -1
vn 0 2.220446E-16 -1
vn 0 2.220446E-16 -1
vn 0 2.220446E-16 -1
vn -1 0 0
vn -1 0 0
vn -1 0 0
vn -1 0 0
vn 0 -2.220446E-16 1
vn 0 -2.220446E-16 1
vn 0 -2.220446E-16 1
vn 0 -2.220446E-16 1
vn 1 0 0
vn 1 0 0
vn 1 0 0
vn 1 0 0
vn 0 2.220446E-16 -1
vn 0 2.220446E-16 -1
vn 0 2.220446E-16 -1
vn 0 2.220446E-16 -1
vn -1 0 0
vn -1 0 0
vn -1 0 0
vn -1 0 0
vn 0 -2.220446E-16 1
vn 0 -2.220446E-16 1
vn 0 -2.220446E-16 1
vn 0 -2.220446E-16 1
vn 1 0 0
vn 1 0 0
vn 1 0 0
vn 1 0 0
vn 0 2.220446E-16 -1
vn 0 2.220446E-16 -1
vn 0 2.220446E-16 -1
vn 0 2.220446E-16 -1
vn -1 0 0
vn -1 0 0
vn -1 0 0
vn -1 0 0
vn 0 -2.220446E-16 1
vn 0 -2.220446E-16 1
vn 0 -2.220446E-16 1
vn 0 -2.220446E-16 1
vn 1 0 0
vn 1 0 0
vn 1 0 0
vn 1 0 0
vn 0 2.220446E-16 -1
vn 0 2.220446E-16 -1
vn 0 2.220446E-16 -1
vn 0 2.220446E-16 -1
vn -1 0 0
vn -1 0 0
vn -1 0 0
vn -1 0 0
vn 0 -2.220446E-16 1
vn 0 -2.220446E-16 1
vn 0 -2.220446E-16 1
vn 0 -2.220446E-16 1
vn 1 0 0
vn 1 0 0
vn 1 0 0
vn 1 0 0
vn 0 2.220446E-16 -1
vn 0 2.220446E-16 -1
vn 0 2.220446E-16 -1
vn 0 2.220446E-16 -1
vn -1 0 0
vn -1 0 0
vn -1 0 0
vn -1 0 0
vn 0 -2.220446E-16 1
vn 0 -2.220446E-16 1
vn 0 -2.220446E-16 1
vn 0 -2.220446E-16 1
vn 1 0 0
vn 1 0 0
vn 1 0 0
vn 1 0 0
vn 0 2.220446E-16 -1
vn 0 2.220446E-16 -1
vn 0 2.220446E-16 -1
vn 0 2.220446E-16 -1
vn -1 0 0
vn -1 0 0
vn -1 0 0
vn -1 0 0
vn 0 -2.220446E-16 1
vn 0 -2.220446E-16 1
vn 0 -2.220446E-16 1
vn 0 -2.220446E-16 1
vn 1 0 0
vn 1 0 0
vn 1 0 0
vn 1 0 0
vn 0 2.220446E-16 -1
vn 0 2.220446E-16 -1
vn 0 2.220446E-16 -1
vn 0 2.220446E-16 -1
vn -1 0 0
vn -1 0 0
vn -1 0 0
vn -1 0 0
vn 0 -2.220446E-16 1
vn 0 -2.220446E-16 1
vn 0 -2.220446E-16 1
vn 0 -2.220446E-16 1
vn 1 0 0
vn 1 0 0
vn 1 0 0
vn 1 0 0
vn 0 2.220446E-16 -1
vn 0 2.220446E-16 -1
vn 0 2.220446E-16 -1
vn 0 2.220446E-16 -1
vn -1 0 0
vn -1 0 0
vn -1 0 0
vn -1 0 0
vn 0 -2.220446E-16 1
vn 0 -2.220446E-16 1
vn 0 -2.220446E-16 1
vn 0 -2.220446E-16 1
vn 1 0 0
vn 1 0 0
vn 1 0 0
vn 1 0 0
vn 0 2.220446E-16 -1
vn 0 2.220446E-16 -1
vn 0 2.220446E-16 -1
vn 0 2.220446E-16 -1
vn -1 0 0
vn -1 0 0
vn -1 0 0
vn -1 0 0
vn 0 -2.220446E-16 1
vn 0 -2.220446E-16 1
vn 0 -2.220446E-16 1
vn 0 -2.220446E-16 1
vn 1 0 0
vn 1 0 0
vn 1 0 0
vn 1 0 0
vn 0 2.220446E-16 -1
vn 0 2.220446E-16 -1
vn 0 2.220446E-16 -1
vn 0 2.220446E-16 -1
vn -1 0 0
vn -1 0 0
vn -1 0 0
vn -1 0 0
vn 0 -2.220446E-16 1
vn 0 -2.220446E-16 1
vn 0 -2.220446E-16 1
vn 0 -2.220446E-16 1
vn 1 0 0
vn 1 0 0
vn 1 0 0
vn 1 0 0
vn 0 2.220446E-16 -1
vn 0 2.220446E-16 -1
vn 0 2.220446E-16 -1
vn 0 2.220446E-16 -1
vn -1 0 0
vn -1 0 0
vn -1 0 0
vn -1 0 0
vn 0 -2.220446E-16 1
vn 0 -2.220446E-16 1
vn 0 -2.220446E-16 1
vn 0 -2.220446E-16 1
vn 1 0 0
vn 1 0 0
vn 1 0 0
vn 1 0 0
vn 0 2.220446E-16 -1
vn 0 2.220446E-16 -1
vn 0 2.220446E-16 -1
vn 0 2.220446E-16 -1
vn -1 0 0
vn -1 0 0
vn -1 0 0
vn -1 0 0
vn 0 -2.220446E-16 1
vn 0 -2.220446E-16 1
vn 0 -2.220446E-16 1
vn 0 -2.220446E-16 1
vn 1 0 0
vn 1 0 0
vn 1 0 0
vn 1 0 0
vn 0 2.220446E-16 -1
vn 0 2.220446E-16 -1
vn 0 2.220446E-16 -1
vn 0 2.220446E-16 -1
vn -1 0 0
vn -1 0 0
vn -1 0 0
vn -1 0 0
vn 0 -2.220446E-16 1
vn 0 -2.220446E-16 1
vn 0 -2.220446E-16 1
vn 0 -2.220446E-16 1
vn 1 0 0
vn 1 0 0
vn 1 0 0
vn 1 0 0
vn 0 2.220446E-16 -1
vn 0 2.220446E-16 -1
vn 0 2.220446E-16 -1
vn 0 2.220446E-16 -1
vn -1 0 0
vn -1 0 0
vn -1 0 0
vn -1 0 0
vn 0 -2.220446E-16 1
vn 0 -2.220446E-16 1
vn 0 -2.220446E-16 1
vn 0 -2.220446E-16 1
vn 1 0 0
vn 1 0 0
vn 1 0 0
vn 1 0 0
vn 0 2.220446E-16 -1
vn 0 2.220446E-16 -1
vn 0 2.220446E-16 -1
vn 0 2.220446E-16 -1
vn -1 0 0
vn -1 0 0
vn -1 0 0
vn -1 0 0
vn 0 -2.220446E-16 1
vn 0 -2.220446E-16 1
vn 0 -2.220446E-16 1
vn 0 -2.220446E-16 1
vn 1 0 0
vn 1 0 0
vn 1 0 0
vn 1 0 0
vn 0 2.220446E-16 -1
vn 0 2.220446E-16 -1
vn 0 2.220446E-16 -1
vn 0 2.220446E-16 -1
vn -1 0 0
vn -1 0 0
vn -1 0 0
vn -1 0 0
vn 0 -2.220446E-16 1
vn 0 -2.220446E-16 1
vn 0 -2.220446E-16 1
vn 0 -2.220446E-16 1
vn 1 0 0
vn 1 0 0
vn 1 0 0
vn 1 0 0
vn 0 2.220446E-16 -1
vn 0 2.220446E-16 -1
vn 0 2.220446E-16 -1
vn 0 2.220446E-16 -1
vn -1 0 0
vn -1 0 0
vn -1 0 0
vn -1 0 0
vn 0 -2.220446E-16 1
vn 0 -2.220446E-16 1
vn 0 -2.220446E-16 1
vn 0 -2.220446E-16 1
vn 1 0 0
vn 1 0 0
vn 1 0 0
vn 1 0 0
vn 0 2.220446E-16 -1
vn 0 2.220446E-16 -1
vn 0 2.220446E-16 -1
vn 0 2.220446E-16 -1
vn -1 0 0
vn -1 0 0
vn -1 0 0
vn -1 0 0
vn 0 -2.220446E-16 1
vn 0 -2.220446E-16 1
vn 0 -2.220446E-16 1
vn 0 -2.220446E-16 1
vn 1 0 0
vn 1 0 0
vn 1 0 0
vn 1 0 0
vn 0 2.220446E-16 -1
vn 0 2.220446E-16 -1
vn 0 2.220446E-16 -1
vn 0 2.220446E-16 -1
vn -1 0 0
vn -1 0 0
vn -1 0 0
vn -1 0 0
vn 0 -2.220446E-16 1
vn 0 -2.220446E-16 1
vn 0 -2.220446E-16 1
vn 0 -2.220446E-16 1
vn 1 0 0
vn 1 0 0
vn 1 0 0
vn 1 0 0
vn 0 2.220446E-16 -1
vn 0 2.220446E-16 -1
vn 0 2.220446E-16 -1
vn 0 2.220446E-16 -1
vn -1 0 0
vn -1 0 0
vn -1 0 0
vn -1 0 0
vn 0 -2.220446E-16 1
vn 0 -2.220446E-16 1
vn 0 -2.220446E-16 1
vn 0 -2.220446E-16 1
vn 1 0 0
vn 1 0 0
vn 1 0 0
vn 1 0 0
vn 0 2.220446E-16 -1
vn 0 2.220446E-16 -1
vn 0 2.220446E-16 -1
vn 0 2.220446E-16 -1
vn -1 0 0
vn -1 0 0
vn -1 0 0
vn -1 0 0
vn 0 -2.220446E-16 1
vn 0 -2.220446E-16 1
vn 0 -2.220446E-16 1
vn 0 -2.220446E-16 1
vn 1 0 0
vn 1 0 0
vn 1 0 0
vn 1 0 0
vn 0 2.220446E-16 -1
vn 0 2.220446E-16 -1
vn 0 2.220446E-16 -1
vn 0 2.220446E-16 -1
vn -1 0 0
vn -1 0 0
vn -1 0 0
vn -1 0 0
vn 0 -2.220446E-16 1
vn 0 -2.220446E-16 1
vn 0 -2.220446E-16 1
vn 0 -2.220446E-16 1
vn 1 0 0
vn 1 0 0
vn 1 0 0
vn 1 0 0
vn 0 2.220446E-16 -1
vn 0 2.220446E-16 -1
vn 0 2.220446E-16 -1
vn 0 2.220446E-16 -1
vn -1 0 0
vn -1 0 0
vn -1 0 0
vn -1 0 0
vn 0 -2.220446E-16 1
vn 0 -2.220446E-16 1
vn 0 -2.220446E-16 1
vn 0 -2.220446E-16 1
vn 1 0 0
vn 1 0 0
vn 1 0 0
vn 1 0 0
vn 0 2.220446E-16 -1
vn 0 2.220446E-16 -1
vn 0 2.220446E-16 -1
vn 0 2.220446E-16 -1
vn -1 0 0
vn -1 0 0
vn -1 0 0
vn -1 0 0
vn 0 -2.220446E-16 1
vn 0 -2.220446E-16 1
vn 0 -2.220446E-16 1
vn 0 -2.220446E-16 1
vn 1 0 0
vn 1 0 0
vn 1 0 0
vn 1 0 0
vn 0 2.220446E-16 -1
vn 0 2.220446E-16 -1
vn 0 2.220446E-16 -1
vn 0 2.220446E-16 -1
vn -1 0 0
vn -1 0 0
vn -1 0 0
vn -1 0 0
vn 0 -2.220446E-16 1
vn 0 -2.220446E-16 1
vn 0 -2.220446E-16 1
vn 0 -2.220446E-16 1
vn 1 0 0
vn 1 0 0
vn 1 0 0
vn 1 0 0
vn 0 2.220446E-16 -1
vn 0 2.220446E-16 -1
vn 0 2.220446E-16 -1
vn 0 2.220446E-16 -1
vn -1 0 0
vn -1 0 0
vn -1 0 0
vn -1 0 0
vn 0 -2.220446E-16 1
vn 0 -2.220446E-16 1
vn 0 -2.220446E-16 1
vn 0 -2.220446E-16 1
vn 1 0 0
vn 1 0 0
vn 1 0 0
vn 1 0 0
vn 0 2.220446E-16 -1
vn 0 2.220446E-16 -1
vn 0 2.220446E-16 -1
vn 0 2.220446E-16 -1
vn -1 0 0
vn -1 0 0
vn -1 0 0
vn -1 0 0
vn 0 -2.220446E-16 1
vn 0 -2.220446E-16 1
vn 0 -2.220446E-16 1
vn 0 -2.220446E-16 1
vn 1 0 0
vn 1 0 0
vn 1 0 0
vn 1 0 0
vn 0 2.220446E-16 -1
vn 0 2.220446E-16 -1
vn 0 2.220446E-16 -1
vn 0 2.220446E-16 -1
vn -1 0 0
vn -1 0 0
vn -1 0 0
vn -1 0 0
vn 0 -2.220446E-16 1
vn 0 -2.220446E-16 1
vn 0 -2.220446E-16 1
vn 0 -2.220446E-16 1
vn 1 0 0
vn 1 0 0
vn 1 0 0
vn 1 0 0
vn 0 2.220446E-16 -1
vn 0 2.220446E-16 -1
vn 0 2.220446E-16 -1
vn 0 2.220446E-16 -1
vn -1 0 0
vn -1 0 0
vn -1 0 0
vn -1 0 0
vn 0 -2.220446E-16 1
vn 0 -2.220446E-16 1
vn 0 -2.220446E-16 1
vn 0 -2.220446E-16 1
vn 1 0 0
vn 1 0 0
vn 1 0 0
vn 1 0 0
vn 0 2.220446E-16 -1
vn 0 2.220446E-16 -1
vn 0 2.220446E-16 -1
vn 0 2.220446E-16 -1
vn -1 0 0
vn -1 0 0
vn -1 0 0
vn -1 0 0
vn 0 -2.220446E-16 1
vn 0 -2.220446E-16 1
vn 0 -2.220446E-16 1
vn 0 -2.220446E-16 1
vn 1 0 0
vn 1 0 0
vn 1 0 0
vn 1 0 0
vn 0 2.220446E-16 -1
vn 0 2.220446E-16 -1
vn 0 2.220446E-16 -1
vn 0 2.220446E-16 -1
vn -1 0 0
vn -1 0 0
vn -1 0 0
vn -1 0 0
vn 0 -2.220446E-16 1
vn 0 -2.220446E-16 1
vn 0 -2.220446E-16 1
vn 0 -2.220446E-16 1
vn 1 0 0
vn 1 0 0
vn 1 0 0
vn 1 0 0
vn 0 2.220446E-16 -1
vn 0 2.220446E-16 -1
vn 0 2.220446E-16 -1
vn 0 2.220446E-16 -1
vn -1 0 0
vn -1 0 0
vn -1 0 0
vn -1 0 0
vn 0 -2.220446E-16 1
vn 0 -2.220446E-16 1
vn 0 -2.220446E-16 1
vn 0 -2.220446E-16 1
vn 1 0 0
vn 1 0 0
vn 1 0 0
vn 1 0 0
vn 0 2.220446E-16 -1
vn 0 2.220446E-16 -1
vn 0 2.220446E-16 -1
vn 0 2.220446E-16 -1
vn -1 0 0
vn -1 0 0
vn -1 0 0
vn -1 0 0
vn 0 -2.220446E-16 1
vn 0 -2.220446E-16 1
vn 0 -2.220446E-16 1
vn 0 -2.220446E-16 1
vn 1 0 0
vn 1 0 0
vn 1 0 0
vn 1 0 0
vn 0 2.220446E-16 -1
vn 0 2.220446E-16 -1
vn 0 2.220446E-16 -1
vn 0 2.220446E-16 -1
vn -1 0 0
vn -1 0 0
vn -1 0 0
vn -1 0 0
vn 0 -2.220446E-16 1
vn 0 -2.220446E-16 1
vn 0 -2.220446E-16 1
vn 0 -2.220446E-16 1
vn 1 0 0
vn 1 0 0
vn 1 0 0
vn 1 0 0
vn 0 2.220446E-16 -1
vn 0 2.220446E-16 -1
vn 0 2.220446E-16 -1
vn 0 2.220446E-16 -1
vn -1 0 0
vn -1 0 0
vn -1 0 0
vn -1 0 0
vn 0 -2.220446E-16 1
vn 0 -2.220446E-16 1
vn 0 -2.220446E-16 1
vn 0 -2.220446E-16 1
vn 1 0 0
vn 1 0 0
vn 1 0 0
vn 1 0 0
vn 0 2.220446E-16 -1
vn 0 2.220446E-16 -1
vn 0 2.220446E-16 -1
vn 0 2.220446E-16 -1
vn -1 0 0
vn -1 0 0
vn -1 0 0
vn -1 0 0
vn 0 -2.220446E-16 1
vn 0 -2.220446E-16 1
vn 0 -2.220446E-16 1
vn 0 -2.220446E-16 1
vn 1 0 0
vn 1 0 0
vn 1 0 0
vn 1 0 0
vn 0 2.220446E-16 -1
vn 0 2.220446E-16 -1
vn 0 2.220446E-16 -1
vn 0 2.220446E-16 -1
vn -1 0 0
vn -1 0 0
vn -1 0 0
vn -1 0 0
vn 0 -2.220446E-16 1
vn 0 -2.220446E-16 1
vn 0 -2.220446E-16 1
vn 0 -2.220446E-16 1
vn 1 0 0
vn 1 0 0
vn 1 0 0
vn 1 0 0
vn 0 2.220446E-16 -1
vn 0 2.220446E-16 -1
vn 0 2.220446E-16 -1
vn 0 2.220446E-16 -1
vn -1 0 0
vn -1 0 0
vn -1 0 0
vn -1 0 0
vn 0 -2.220446E-16 1
vn 0 -2.220446E-16 1
vn 0 -2.220446E-16 1
vn 0 -2.220446E-16 1
vn 1 0 0
vn 1 0 0
vn 1 0 0
vn 1 0 0
vn 0 2.220446E-16 -1
vn 0 2.220446E-16 -1
vn 0 2.220446E-16 -1
vn 0 2.220446E-16 -1
vn -1 0 0
vn -1 0 0
vn -1 0 0
vn -1 0 0
vn 0 -2.220446E-16 1
vn 0 -2.220446E-16 1
vn 0 -2.220446E-16 1
vn 0 -2.220446E-16 1
vn 1 0 0
vn 1 0 0
vn 1 0 0
vn 1 0 0
vn 0 2.220446E-16 -1
vn 0 2.220446E-16 -1
vn 0 2.220446E-16 -1
vn 0 2.220446E-16 -1
vn -1 0 0
vn -1 0 0
vn -1 0 0
vn -1 0 0
vn 0 -2.220446E-16 1
vn 0 -2.220446E-16 1
vn 0 -2.220446E-16 1
vn 0 -2.220446E-16 1
vn 1 0 0
vn 1 0 0
vn 1 0 0
vn 1 0 0
vn 1 0 0
vn 1 0 0
vn 1 0 0
vn 1 0 0
vn 0 -2.220446E-16 1
vn 0 -2.220446E-16 1
vn 0 -2.220446E-16 1
vn 0 -2.220446E-16 1
vn 0 2.220446E-16 -1
vn 0 2.220446E-16 -1
vn 0 2.220446E-16 -1
vn 0 2.220446E-16 -1
vn -1 2.1175824E-22 -1.0899112E-06
vn -1 2.1175824E-22 -1.0899112E-06
vn -1 2.1175824E-22 -1.0899112E-06
vn -1 2.1175824E-22 -1.0899112E-06
vn 3.242878E-07 -2.220446E-16 1
vn 3.242878E-07 -2.220446E-16 1
vn 3.242878E-07 -2.220446E-16 1
vn 3.242878E-07 -2.220446E-16 1
vn 1 0 0
vn 1 0 0
vn 1 0 0
vn 1 0 0
vn 0 2.220446E-16 -1
vn 0 2.220446E-16 -1
vn 0 2.220446E-16 -1
vn 0 2.220446E-16 -1
vn -1 0 0
vn -1 0 0
vn -1 0 0
vn -1 0 0
vn 0 -2.220446E-16 1
vn 0 -2.220446E-16 1
vn 0 -2.220446E-16 1
vn 0 -2.220446E-16 1
vn 1 0 0
vn 1 0 0
vn 1 0 0
vn 1 0 0
vn 0 2.220446E-16 -1
vn 0 2.220446E-16 -1
vn 0 2.220446E-16 -1
vn 0 2.220446E-16 -1
vn -1 0 0
vn -1 0 0
vn -1 0 0
vn -1 0 0
vn 0 -2.220446E-16 1
vn 0 -2.220446E-16 1
vn 0 -2.220446E-16 1
vn 0 -2.220446E-16 1
vn 1 0 0
vn 1 0 0
vn 1 0 0
vn 1 0 0
vn 0 2.220446E-16 -1
vn 0 2.220446E-16 -1
vn 0 2.220446E-16 -1
vn 0 2.220446E-16 -1
vn -1 0 0
vn -1 0 0
vn -1 0 0
vn -1 0 0
vn 0 -2.220446E-16 1
vn 0 -2.220446E-16 1
vn 0 -2.220446E-16 1
vn 0 -2.220446E-16 1
vn 1 0 0
vn 1 0 0
vn 1 0 0
vn 1 0 0
vn 0 2.220446E-16 -1
vn 0 2.220446E-16 -1
vn 0 2.220446E-16 -1
vn 0 2.220446E-16 -1
vn -1 2.1175824E-22 -1.0899112E-06
vn -1 2.1175824E-22 -1.0899112E-06
vn -1 2.1175824E-22 -1.0899112E-06
vn -1 2.1175824E-22 -1.0899112E-06
vn 2.1797968E-07 -2.220446E-16 1
vn 2.1797968E-07 -2.220446E-16 1
vn 2.1797968E-07 -2.220446E-16 1
vn 2.1797968E-07 -2.220446E-16 1
vn 1 0 0
vn 1 0 0
vn 1 0 0
vn 1 0 0
vn 0 2.220446E-16 -1
vn 0 2.220446E-16 -1
vn 0 2.220446E-16 -1
vn 0 2.220446E-16 -1
vn -1 0 0
vn -1 0 0
vn -1 0 0
vn -1 0 0
vn 0 -2.220446E-16 1
vn 0 -2.220446E-16 1
vn 0 -2.220446E-16 1
vn 0 -2.220446E-16 1
vn 1 0 0
vn 1 0 0
vn 1 0 0
vn 1 0 0
vn 0 2.220446E-16 -1
vn 0 2.220446E-16 -1
vn 0 2.220446E-16 -1
vn 0 2.220446E-16 -1
vn -1 0 0
vn -1 0 0
vn -1 0 0
vn -1 0 0
vn 0 -2.220446E-16 1
vn 0 -2.220446E-16 1
vn 0 -2.220446E-16 1
vn 0 -2.220446E-16 1
vn 1 0 0
vn 1 0 0
vn 1 0 0
vn 1 0 0
vn 0 2.220446E-16 -1
vn 0 2.220446E-16 -1
vn 0 2.220446E-16 -1
vn 0 2.220446E-16 -1
vn -1 0 0
vn -1 0 0
vn -1 0 0
vn -1 0 0
vn 0 -2.220446E-16 1
vn 0 -2.220446E-16 1
vn 0 -2.220446E-16 1
vn 0 -2.220446E-16 1
vn 1 0 0
vn 1 0 0
vn 1 0 0
vn 1 0 0
vn -1.9073029E-07 2.220446E-16 -1
vn -1.9073029E-07 2.220446E-16 -1
vn -1.9073029E-07 2.220446E-16 -1
vn -1.9073029E-07 2.220446E-16 -1
vn -1 0 0
vn -1 0 0
vn -1 0 0
vn -1 0 0
vn 0 -2.220446E-16 1
vn 0 -2.220446E-16 1
vn 0 -2.220446E-16 1
vn 0 -2.220446E-16 1
vn 1 0 0
vn 1 0 0
vn 1 0 0
vn 1 0 0
vn 0 2.220446E-16 -1
vn 0 2.220446E-16 -1
vn 0 2.220446E-16 -1
vn 0 2.220446E-16 -1
vn -1 0 0
vn -1 0 0
vn -1 0 0
vn -1 0 0
vn -8.116296E-08 -2.220446E-16 1
vn -8.116296E-08 -2.220446E-16 1
vn -8.116296E-08 -2.220446E-16 1
vn -8.116296E-08 -2.220446E-16 1
vn 1 0 0
vn 1 0 0
vn 1 0 0
vn 1 0 0
vn 0 2.220446E-16 -1
vn 0 2.220446E-16 -1
vn 0 2.220446E-16 -1
vn 0 2.220446E-16 -1
vn -1 0 0
vn -1 0 0
vn -1 0 0
vn -1 0 0
vn 0 -2.220446E-16 1
vn 0 -2.220446E-16 1
vn 0 -2.220446E-16 1
vn 0 -2.220446E-16 1
vn 1 0 0
vn 1 0 0
vn 1 0 0
vn 1 0 0
vn -1 1.6940659E-21 -7.2136545E-06
vn -1 1.6940659E-21 -7.2136545E-06
vn -1 1.6940659E-21 -7.2136545E-06
vn -1 1.6940659E-21 -7.2136545E-06
vn 0 -2.220446E-16 1
vn 0 -2.220446E-16 1
vn 0 -2.220446E-16 1
vn 0 -2.220446E-16 1
vn 3.242878E-07 -2.220446E-16 1
vn 3.242878E-07 -2.220446E-16 1
vn 3.242878E-07 -2.220446E-16 1
vn 3.242878E-07 -2.220446E-16 1
vn 1 0 0
vn 1 0 0
vn 1 0 0
vn 1 0 0
vn 0 -2.220446E-16 1
vn 0 -2.220446E-16 1
vn 0 -2.220446E-16 1
vn 0 -2.220446E-16 1
vn -1 0 0
vn -1 0 0
vn -1 0 0
vn -1 0 0
vn 0 -2.220446E-16 1
vn 0 -2.220446E-16 1
vn 0 -2.220446E-16 1
vn 0 -2.220446E-16 1
vn 1 0 0
vn 1 0 0
vn 1 0 0
vn 1 0 0
vn 0 2.220446E-16 -1
vn 0 2.220446E-16 -1
vn 0 2.220446E-16 -1
vn 0 2.220446E-16 -1
vn -1 0 0
vn -1 0 0
vn -1 0 0
vn -1 0 0
vn 1.9023088E-07 -2.220446E-16 1
vn 1.9023088E-07 -2.220446E-16 1
vn 1.9023088E-07 -2.220446E-16 1
vn 1.9023088E-07 -2.220446E-16 1
vn 1 0 0
vn 1 0 0
vn 1 0 0
vn 1 0 0
vn 0 2.220446E-16 -1
vn 0 2.220446E-16 -1
vn 0 2.220446E-16 -1
vn 0 2.220446E-16 -1
vn -1 0 0
vn -1 0 0
vn -1 0 0
vn -1 0 0
vn 0 -2.220446E-16 1
vn 0 -2.220446E-16 1
vn 0 -2.220446E-16 1
vn 0 -2.220446E-16 1
vn 1 0 0
vn 1 0 0
vn 1 0 0
vn 1 0 0
vn 0 2.220446E-16 -1
vn 0 2.220446E-16 -1
vn 0 2.220446E-16 -1
vn 0 2.220446E-16 -1
vn -1 0 0
vn -1 0 0
vn -1 0 0
vn -1 0 0
vn 0 -2.220446E-16 1
vn 0 -2.220446E-16 1
vn 0 -2.220446E-16 1
vn 0 -2.220446E-16 1
vn 1 0 0
vn 1 0 0
vn 1 0 0
vn 1 0 0
vn 0 2.220446E-16 -1
vn 0 2.220446E-16 -1
vn 0 2.220446E-16 -1
vn 0 2.220446E-16 -1
vn -1 0 0
vn -1 0 0
vn -1 0 0
vn -1 0 0
vn 0 -2.220446E-16 1
vn 0 -2.220446E-16 1
vn 0 -2.220446E-16 1
vn 0 -2.220446E-16 1
vn 1 0 0
vn 1 0 0
vn 1 0 0
vn 1 0 0
vn 0 2.220446E-16 -1
vn 0 2.220446E-16 -1
vn 0 2.220446E-16 -1
vn 0 2.220446E-16 -1
vn -1 0 0
vn -1 0 0
vn -1 0 0
vn -1 0 0
vn 0 -2.220446E-16 1
vn 0 -2.220446E-16 1
vn 0 -2.220446E-16 1
vn 0 -2.220446E-16 1
vn 1 2.1175824E-22 -1.0899136E-06
vn 1 2.1175824E-22 -1.0899136E-06
vn 1 2.1175824E-22 -1.0899136E-06
vn 1 2.1175824E-22 -1.0899136E-06
vn 0 2.220446E-16 -1
vn 0 2.220446E-16 -1
vn 0 2.220446E-16 -1
vn 0 2.220446E-16 -1
vn -1 0 0
vn -1 0 0
vn -1 0 0
vn -1 0 0
vn 0 -2.220446E-16 1
vn 0 -2.220446E-16 1
vn 0 -2.220446E-16 1
vn 0 -2.220446E-16 1
vn 1 0 0
vn 1 0 0
vn 1 0 0
vn 1 0 0
vn 1.357255E-07 2.220446E-16 -1
vn 1.357255E-07 2.220446E-16 -1
vn 1.357255E-07 2.220446E-16 -1
vn 1.357255E-07 2.220446E-16 -1
vn -1 0 0
vn -1 0 0
vn -1 0 0
vn -1 0 0
vn 0 -2.220446E-16 1
vn 0 -2.220446E-16 1
vn 0 -2.220446E-16 1
vn 0 -2.220446E-16 1
vn 1 -2.1175824E-22 1.0899136E-06
vn 1 -2.1175824E-22 1.0899136E-06
vn 1 -2.1175824E-22 1.0899136E-06
vn 1 -2.1175824E-22 1.0899136E-06
vn 0 2.220446E-16 -1
vn 0 2.220446E-16 -1
vn 0 2.220446E-16 -1
vn 0 2.220446E-16 -1
vn -1 0 0
vn -1 0 0
vn -1 0 0
vn -1 0 0
vn 0 -2.220446E-16 1
vn 0 -2.220446E-16 1
vn 0 -2.220446E-16 1
vn 0 -2.220446E-16 1
vn 1 0 0
vn 1 0 0
vn 1 0 0
vn 1 0 0
vn 0 2.220446E-16 -1
vn 0 2.220446E-16 -1
vn 0 2.220446E-16 -1
vn 0 2.220446E-16 -1
vn -1 0 0
vn -1 0 0
vn -1 0 0
vn -1 0 0
vn 0 -2.220446E-16 1
vn 0 -2.220446E-16 1
vn 0 -2.220446E-16 1
vn 0 -2.220446E-16 1
vn 1 0 0
vn 1 0 0
vn 1 0 0
vn 1 0 0
vn 0 2.220446E-16 -1
vn 0 2.220446E-16 -1
vn 0 2.220446E-16 -1
vn 0 2.220446E-16 -1
vn -1 0 0
vn -1 0 0
vn -1 0 0
vn -1 0 0
vn 0 -2.220446E-16 1
vn 0 -2.220446E-16 1
vn 0 -2.220446E-16 1
vn 0 -2.220446E-16 1
vn 1 0 0
vn 1 0 0
vn 1 0 0
vn 1 0 0
vn 0 2.220446E-16 -1
vn 0 2.220446E-16 -1
vn 0 2.220446E-16 -1
vn 0 2.220446E-16 -1
vn -1 0 0
vn -1 0 0
vn -1 0 0
vn -1 0 0
vn 0 -2.220446E-16 1
vn 0 -2.220446E-16 1
vn 0 -2.220446E-16 1
vn 0 -2.220446E-16 1
vn 1 0 0
vn 1 0 0
vn 1 0 0
vn 1 0 0
vn -1 1.3552527E-20 -6.975447E-05
vn -1 1.3552527E-20 -6.975447E-05
vn -1 1.3552527E-20 -6.975447E-05
vn -1 1.3552527E-20 -6.975447E-05
vn 0 -2.220446E-16 1
vn 0 -2.220446E-16 1
vn 0 -2.220446E-16 1
vn 0 -2.220446E-16 1
vn 1 0 0
vn 1 0 0
vn 1 0 0
vn 1 0 0
vn 0 2.220446E-16 -1
vn 0 2.220446E-16 -1
vn 0 2.220446E-16 -1
vn 0 2.220446E-16 -1
vn 1 0 0
vn 1 0 0
vn 1 0 0
vn 1 0 0
vn 0 2.220446E-16 -1
vn 0 2.220446E-16 -1
vn 0 2.220446E-16 -1
vn 0 2.220446E-16 -1
vn -1 0 0
vn -1 0 0
vn -1 0 0
vn -1 0 0
vn 1.3623684E-07 -2.220446E-16 1
vn 1.3623684E-07 -2.220446E-16 1
vn 1.3623684E-07 -2.220446E-16 1
vn 1.3623684E-07 -2.220446E-16 1
vn 1 0 0
vn 1 0 0
vn 1 0 0
vn 1 0 0
vn 0 2.220446E-16 -1
vn 0 2.220446E-16 -1
vn 0 2.220446E-16 -1
vn 0 2.220446E-16 -1
vn -1 0 0
vn -1 0 0
vn -1 0 0
vn -1 0 0
vn 0 -2.220446E-16 1
vn 0 -2.220446E-16 1
vn 0 -2.220446E-16 1
vn 0 -2.220446E-16 1
vn 1 0 0
vn 1 0 0
vn 1 0 0
vn 1 0 0
vn 0 2.220446E-16 -1
vn 0 2.220446E-16 -1
vn 0 2.220446E-16 -1
vn 0 2.220446E-16 -1
vn -1 0 0
vn -1 0 0
vn -1 0 0
vn -1 0 0
vn 0 -2.220446E-16 1
vn 0 -2.220446E-16 1
vn 0 -2.220446E-16 1
vn 0 -2.220446E-16 1
vn 1 0 0
vn 1 0 0
vn 1 0 0
vn 1 0 0
vn 0 2.220446E-16 -1
vn 0 2.220446E-16 -1
vn 0 2.220446E-16 -1
vn 0 2.220446E-16 -1
vn -1 0 0
vn -1 0 0
vn -1 0 0
vn -1 0 0
vn 0 -2.220446E-16 1
vn 0 -2.220446E-16 1
vn 0 -2.220446E-16 1
vn 0 -2.220446E-16 1
vn 1 0 0
vn 1 0 0
vn 1 0 0
vn 1 0 0
vn 0 2.220446E-16 -1
vn 0 2.220446E-16 -1
vn 0 2.220446E-16 -1
vn 0 2.220446E-16 -1
vn -1 0 0
vn -1 0 0
vn -1 0 0
vn -1 0 0
vn 0 -2.220446E-16 1
vn 0 -2.220446E-16 1
vn 0 -2.220446E-16 1
vn 0 -2.220446E-16 1
vn 1 0 0
vn 1 0 0
vn 1 0 0
vn 1 0 0
vn 0 2.220446E-16 -1
vn 0 2.220446E-16 -1
vn 0 2.220446E-16 -1
vn 0 2.220446E-16 -1
vn -1 0 0
vn -1 0 0
vn -1 0 0
vn -1 0 0
vn 0 -2.220446E-16 1
vn 0 -2.220446E-16 1
vn 0 -2.220446E-16 1
vn 0 -2.220446E-16 1
vn 1 0 0
vn 1 0 0
vn 1 0 0
vn 1 0 0
vn 0 2.220446E-16 -1
vn 0 2.220446E-16 -1
vn 0 2.220446E-16 -1
vn 0 2.220446E-16 -1
vn -1 0 0
vn -1 0 0
vn -1 0 0
vn -1 0 0
vn 0 -2.220446E-16 1
vn 0 -2.220446E-16 1
vn 0 -2.220446E-16 1
vn 0 -2.220446E-16 1
vn 1 0 0
vn 1 0 0
vn 1 0 0
vn 1 0 0
vn 0 2.220446E-16 -1
vn 0 2.220446E-16 -1
vn 0 2.220446E-16 -1
vn 0 2.220446E-16 -1
vn -1 0 0
vn -1 0 0
vn -1 0 0
vn -1 0 0
vn 0 -2.220446E-16 1
vn 0 -2.220446E-16 1
vn 0 -2.220446E-16 1
vn 0 -2.220446E-16 1
vn 1 0 0
vn 1 0 0
vn 1 0 0
vn 1 0 0
vn 0 2.220446E-16 -1
vn 0 2.220446E-16 -1
vn 0 2.220446E-16 -1
vn 0 2.220446E-16 -1
vn -1 0 0
vn -1 0 0
vn -1 0 0
vn -1 0 0
vn 0 -2.220446E-16 1
vn 0 -2.220446E-16 1
vn 0 -2.220446E-16 1
vn 0 -2.220446E-16 1
vn 1 0 0
vn 1 0 0
vn 1 0 0
vn 1 0 0
vn 0 2.220446E-16 -1
vn 0 2.220446E-16 -1
vn 0 2.220446E-16 -1
vn 0 2.220446E-16 -1
vn -1 0 0
vn -1 0 0
vn -1 0 0
vn -1 0 0
vn 0 -2.220446E-16 1
vn 0 -2.220446E-16 1
vn 0 -2.220446E-16 1
vn 0 -2.220446E-16 1
vn 1 0 0
vn 1 0 0
vn 1 0 0
vn 1 0 0
vn 0 2.220446E-16 -1
vn 0 2.220446E-16 -1
vn 0 2.220446E-16 -1
vn 0 2.220446E-16 -1
vn -1 0 0
vn -1 0 0
vn -1 0 0
vn -1 0 0
vn 0 -2.220446E-16 1
vn 0 -2.220446E-16 1
vn 0 -2.220446E-16 1
vn 0 -2.220446E-16 1
vn 1 0 0
vn 1 0 0
vn 1 0 0
vn 1 0 0
vn -1 -8.4703295E-22 3.6068272E-06
vn -1 -8.4703295E-22 3.6068272E-06
vn -1 -8.4703295E-22 3.6068272E-06
vn -1 -8.4703295E-22 3.6068272E-06
vn 0 -2.220446E-16 1
vn 0 -2.220446E-16 1
vn 0 -2.220446E-16 1
vn 0 -2.220446E-16 1
vn 0 2.220446E-16 -1
vn 0 2.220446E-16 -1
vn 0 2.220446E-16 -1
vn 0 2.220446E-16 -1
vn -1 0 0
vn -1 0 0
vn -1 0 0
vn -1 0 0
vn -1 0 0
vn -1 0 0
vn -1 0 0
vn -1 0 0
vn 2.3684984E-07 -2.220446E-16 1
vn 2.3684984E-07 -2.220446E-16 1
vn 2.3684984E-07 -2.220446E-16 1
vn 2.3684984E-07 -2.220446E-16 1
vn 1 0 0
vn 1 0 0
vn 1 0 0
vn 1 0 0
vn 0 2.220446E-16 -1
vn 0 2.220446E-16 -1
vn 0 2.220446E-16 -1
vn 0 2.220446E-16 -1
vn -1 0 0
vn -1 0 0
vn -1 0 0
vn -1 0 0
vn 0 -2.220446E-16 1
vn 0 -2.220446E-16 1
vn 0 -2.220446E-16 1
vn 0 -2.220446E-16 1
vn 1 2.1175824E-22 -1.0899136E-06
vn 1 2.1175824E-22 -1.0899136E-06
vn 1 2.1175824E-22 -1.0899136E-06
vn 1 2.1175824E-22 -1.0899136E-06
vn 0 2.220446E-16 -1
vn 0 2.220446E-16 -1
vn 0 2.220446E-16 -1
vn 0 2.220446E-16 -1
vn -1 0 0
vn -1 0 0
vn -1 0 0
vn -1 0 0
vn 0 -2.220446E-16 1
vn 0 -2.220446E-16 1
vn 0 -2.220446E-16 1
vn 0 -2.220446E-16 1
vn 1 0 0
vn 1 0 0
vn 1 0 0
vn 1 0 0
vn 0 2.220446E-16 -1
vn 0 2.220446E-16 -1
vn 0 2.220446E-16 -1
vn 0 2.220446E-16 -1
vn -1 0 0
vn -1 0 0
vn -1 0 0
vn -1 0 0
vn 0 -2.220446E-16 1
vn 0 -2.220446E-16 1
vn 0 -2.220446E-16 1
vn 0 -2.220446E-16 1
vn 1 0 0
vn 1 0 0
vn 1 0 0
vn 1 0 0
vn 0 2.220446E-16 -1
vn 0 2.220446E-16 -1
vn 0 2.220446E-16 -1
vn 0 2.220446E-16 -1
vn -1 0 0
vn -1 0 0
vn -1 0 0
vn -1 0 0
vn 0 -2.220446E-16 1
vn 0 -2.220446E-16 1
vn 0 -2.220446E-16 1
vn 0 -2.220446E-16 1
vn 1 0 0
vn 1 0 0
vn 1 0 0
vn 1 0 0
vn 0 2.220446E-16 -1
vn 0 2.220446E-16 -1
vn 0 2.220446E-16 -1
vn 0 2.220446E-16 -1
vn -1 0 0
vn -1 0 0
vn -1 0 0
vn -1 0 0
vn 0 -2.220446E-16 1
vn 0 -2.220446E-16 1
vn 0 -2.220446E-16 1
vn 0 -2.220446E-16 1
vn 1 0 0
vn 1 0 0
vn 1 0 0
vn 1 0 0
vn 0 2.220446E-16 -1
vn 0 2.220446E-16 -1
vn 0 2.220446E-16 -1
vn 0 2.220446E-16 -1
vn -1 0 0
vn -1 0 0
vn -1 0 0
vn -1 0 0
vn 0 -2.220446E-16 1
vn 0 -2.220446E-16 1
vn 0 -2.220446E-16 1
vn 0 -2.220446E-16 1
vn 1 0 0
vn 1 0 0
vn 1 0 0
vn 1 0 0
vn 0 2.220446E-16 -1
vn 0 2.220446E-16 -1
vn 0 2.220446E-16 -1
vn 0 2.220446E-16 -1
vn -1 0 0
vn -1 0 0
vn -1 0 0
vn -1 0 0
vn 0 -2.220446E-16 1
vn 0 -2.220446E-16 1
vn 0 -2.220446E-16 1
vn 0 -2.220446E-16 1
vn 1 0 0
vn 1 0 0
vn 1 0 0
vn 1 0 0
vn 0 2.220446E-16 -1
vn 0 2.220446E-16 -1
vn 0 2.220446E-16 -1
vn 0 2.220446E-16 -1
vn -1 0 0
vn -1 0 0
vn -1 0 0
vn -1 0 0
vn -8.999281E-06 -2.220446E-16 1
vn -8.999281E-06 -2.220446E-16 1
vn -8.999281E-06 -2.220446E-16 1
vn -8.999281E-06 -2.220446E-16 1
vn 1 2.1175824E-22 -1.0899132E-06
vn 1 2.1175824E-22 -1.0899132E-06
vn 1 2.1175824E-22 -1.0899132E-06
vn 1 2.1175824E-22 -1.0899132E-06
vn 0 2.220446E-16 -1
vn 0 2.220446E-16 -1
vn 0 2.220446E-16 -1
vn 0 2.220446E-16 -1
vn -1 0 0
vn -1 0 0
vn -1 0 0
vn -1 0 0
vn 0 -2.220446E-16 1
vn 0 -2.220446E-16 1
vn 0 -2.220446E-16 1
vn 0 -2.220446E-16 1
vn 1 0 0
vn 1 0 0
vn 1 0 0
vn 1 0 0
vn 0 2.220446E-16 -1
vn 0 2.220446E-16 -1
vn 0 2.220446E-16 -1
vn 0 2.220446E-16 -1
vn -1 0 0
vn -1 0 0
vn -1 0 0
vn -1 0 0
vn 0 -2.220446E-16 1
vn 0 -2.220446E-16 1
vn 0 -2.220446E-16 1
vn 0 -2.220446E-16 1
vn 1 0 0
vn 1 0 0
vn 1 0 0
vn 1 0 0
vn 0 2.220446E-16 -1
vn 0 2.220446E-16 -1
vn 0 2.220446E-16 -1
vn 0 2.220446E-16 -1
vn -1 0 0
vn -1 0 0
vn -1 0 0
vn -1 0 0
vn 0 -2.220446E-16 1
vn 0 -2.220446E-16 1
vn 0 -2.220446E-16 1
vn 0 -2.220446E-16 1
vn 1 0 0
vn 1 0 0
vn 1 0 0
vn 1 0 0
vn 0 2.220446E-16 -1
vn 0 2.220446E-16 -1
vn 0 2.220446E-16 -1
vn 0 2.220446E-16 -1
vn 1 0 0
vn 1 0 0
vn 1 0 0
vn 1 0 0
vn 1 0 0
vn 1 0 0
vn 1 0 0
vn 1 0 0
vn 0 2.220446E-16 -1
vn 0 2.220446E-16 -1
vn 0 2.220446E-16 -1
vn 0 2.220446E-16 -1
vn -1 0 0
vn -1 0 0
vn -1 0 0
vn -1 0 0
vn 0 -2.220446E-16 1
vn 0 -2.220446E-16 1
vn 0 -2.220446E-16 1
vn 0 -2.220446E-16 1
vn 1 0 0
vn 1 0 0
vn 1 0 0
vn 1 0 0
vn 0 2.220446E-16 -1
vn 0 2.220446E-16 -1
vn 0 2.220446E-16 -1
vn 0 2.220446E-16 -1
vn -1 0 0
vn -1 0 0
vn -1 0 0
vn -1 0 0
vn 0 -2.220446E-16 1
vn 0 -2.220446E-16 1
vn 0 -2.220446E-16 1
vn 0 -2.220446E-16 1
vn 1 0 0
vn 1 0 0
vn 1 0 0
vn 1 0 0
vn -1.5893309E-07 2.220446E-16 -1
vn -1.5893309E-07 2.220446E-16 -1
vn -1.5893309E-07 2.220446E-16 -1
vn -1.5893309E-07 2.220446E-16 -1
vn -1 2.1175824E-22 -1.0899139E-06
vn -1 2.1175824E-22 -1.0899139E-06
vn -1 2.1175824E-22 -1.0899139E-06
vn -1 2.1175824E-22 -1.0899139E-06
vn 0 -2.220446E-16 1
vn 0 -2.220446E-16 1
vn 0 -2.220446E-16 1
vn 0 -2.220446E-16 1
vn 1 0 0
vn 1 0 0
vn 1 0 0
vn 1 0 0
vn 0 2.220446E-16 -1
vn 0 2.220446E-16 -1
vn 0 2.220446E-16 -1
vn 0 2.220446E-16 -1
vn -1 0 0
vn -1 0 0
vn -1 0 0
vn -1 0 0
vn 0 -2.220446E-16 1
vn 0 -2.220446E-16 1
vn 0 -2.220446E-16 1
vn 0 -2.220446E-16 1
vn 1 0 0
vn 1 0 0
vn 1 0 0
vn 1 0 0
vn 0 2.220446E-16 -1
vn 0 2.220446E-16 -1
vn 0 2.220446E-16 -1
vn 0 2.220446E-16 -1
vn -1 0 0
vn -1 0 0
vn -1 0 0
vn -1 0 0
vn 0 -2.220446E-16 1
vn 0 -2.220446E-16 1
vn 0 -2.220446E-16 1
vn 0 -2.220446E-16 1
vn 1 0 0
vn 1 0 0
vn 1 0 0
vn 1 0 0
vn 0 2.220446E-16 -1
vn 0 2.220446E-16 -1
vn 0 2.220446E-16 -1
vn 0 2.220446E-16 -1
vn -1 0 0
vn -1 0 0
vn -1 0 0
vn -1 0 0
vn 0 -2.220446E-16 1
vn 0 -2.220446E-16 1
vn 0 -2.220446E-16 1
vn 0 -2.220446E-16 1
vn 1 0 0
vn 1 0 0
vn 1 0 0
vn 1 0 0
vn 0 2.220446E-16 -1
vn 0 2.220446E-16 -1
vn 0 2.220446E-16 -1
vn 0 2.220446E-16 -1
vn -1 0 0
vn -1 0 0
vn -1 0 0
vn -1 0 0
vn 0 -2.220446E-16 1
vn 0 -2.220446E-16 1
vn 0 -2.220446E-16 1
vn 0 -2.220446E-16 1
vn 1 0 0
vn 1 0 0
vn 1 0 0
vn 1 0 0
vn 0 2.220446E-16 -1
vn 0 2.220446E-16 -1
vn 0 2.220446E-16 -1
vn 0 2.220446E-16 -1
vn -1 0 0
vn -1 0 0
vn -1 0 0
vn -1 0 0
vn 0 -2.220446E-16 1
vn 0 -2.220446E-16 1
vn 0 -2.220446E-16 1
vn 0 -2.220446E-16 1
vn 1 0 0
vn 1 0 0
vn 1 0 0
vn 1 0 0
vn 0 2.220446E-16 -1
vn 0 2.220446E-16 -1
vn 0 2.220446E-16 -1
vn 0 2.220446E-16 -1
vn -1 0 0
vn -1 0 0
vn -1 0 0
vn -1 0 0
vn 0 -2.220446E-16 1
vn 0 -2.220446E-16 1
vn 0 -2.220446E-16 1
vn 0 -2.220446E-16 1
vn 1 0 0
vn 1 0 0
vn 1 0 0
vn 1 0 0
vn 0 2.220446E-16 -1
vn 0 2.220446E-16 -1
vn 0 2.220446E-16 -1
vn 0 2.220446E-16 -1
vn -1 0 0
vn -1 0 0
vn -1 0 0
vn -1 0 0
vn 0 -2.220446E-16 1
vn 0 -2.220446E-16 1
vn 0 -2.220446E-16 1
vn 0 -2.220446E-16 1
vn 1 0 0
vn 1 0 0
vn 1 0 0
vn 1 0 0
vn 0 2.220446E-16 -1
vn 0 2.220446E-16 -1
vn 0 2.220446E-16 -1
vn 0 2.220446E-16 -1
vn -1 -2.1175824E-22 1.0899136E-06
vn -1 -2.1175824E-22 1.0899136E-06
vn -1 -2.1175824E-22 1.0899136E-06
vn -1 -2.1175824E-22 1.0899136E-06
vn 0 -2.220446E-16 1
vn 0 -2.220446E-16 1
vn 0 -2.220446E-16 1
vn 0 -2.220446E-16 1
vn 1 0 0
vn 1 0 0
vn 1 0 0
vn 1 0 0
vn -1 0 0
vn -1 0 0
vn -1 0 0
vn -1 0 0
vn 0 -2.220446E-16 1
vn 0 -2.220446E-16 1
vn 0 -2.220446E-16 1
vn 0 -2.220446E-16 1
vn 0 2.220446E-16 -1
vn 0 2.220446E-16 -1
vn 0 2.220446E-16 -1
vn 0 2.220446E-16 -1
vn -1 -4.2351647E-22 1.561885E-06
vn -1 -4.2351647E-22 1.561885E-06
vn -1 -4.2351647E-22 1.561885E-06
vn -1 -4.2351647E-22 1.561885E-06
vn -1 0 0
vn -1 0 0
vn -1 0 0
vn -1 0 0
vn 0 -2.220446E-16 1
vn 0 -2.220446E-16 1
vn 0 -2.220446E-16 1
vn 0 -2.220446E-16 1
vn 1 0 0
vn 1 0 0
vn 1 0 0
vn 1 0 0
vn 0 2.220446E-16 -1
vn 0 2.220446E-16 -1
vn 0 2.220446E-16 -1
vn 0 2.220446E-16 -1
vn -1 0 0
vn -1 0 0
vn -1 0 0
vn -1 0 0
vn 0 -2.220446E-16 1
vn 0 -2.220446E-16 1
vn 0 -2.220446E-16 1
vn 0 -2.220446E-16 1
vn 1 0 0
vn 1 0 0
vn 1 0 0
vn 1 0 0
vn 0 2.220446E-16 -1
vn 0 2.220446E-16 -1
vn 0 2.220446E-16 -1
vn 0 2.220446E-16 -1
vn -1 0 0
vn -1 0 0
vn -1 0 0
vn -1 0 0
vn 0 -2.220446E-16 1
vn 0 -2.220446E-16 1
vn 0 -2.220446E-16 1
vn 0 -2.220446E-16 1
vn 1 0 0
vn 1 0 0
vn 1 0 0
vn 1 0 0
vn 0 2.220446E-16 -1
vn 0 2.220446E-16 -1
vn 0 2.220446E-16 -1
vn 0 2.220446E-16 -1
vn -1 0 0
vn -1 0 0
vn -1 0 0
vn -1 0 0
vn 0 -2.220446E-16 1
vn 0 -2.220446E-16 1
vn 0 -2.220446E-16 1
vn 0 -2.220446E-16 1
vn 1 0 0
vn 1 0 0
vn 1 0 0
vn 1 0 0
vn 0 2.220446E-16 -1
vn 0 2.220446E-16 -1
vn 0 2.220446E-16 -1
vn 0 2.220446E-16 -1
vn -1 0 0
vn -1 0 0
vn -1 0 0
vn -1 0 0
vn 0 -2.220446E-16 1
vn 0 -2.220446E-16 1
vn 0 -2.220446E-16 1
vn 0 -2.220446E-16 1
vn 1 0 0
vn 1 0 0
vn 1 0 0
vn 1 0 0
vn 0 2.220446E-16 -1
vn 0 2.220446E-16 -1
vn 0 2.220446E-16 -1
vn 0 2.220446E-16 -1
vn -1 0 0
vn -1 0 0
vn -1 0 0
vn -1 0 0
vn 0 -2.220446E-16 1
vn 0 -2.220446E-16 1
vn 0 -2.220446E-16 1
vn 0 -2.220446E-16 1
vn 1 -2.1175824E-22 1.0899136E-06
vn 1 -2.1175824E-22 1.0899136E-06
vn 1 -2.1175824E-22 1.0899136E-06
vn 1 -2.1175824E-22 1.0899136E-06
vn 0 2.220446E-16 -1
vn 0 2.220446E-16 -1
vn 0 2.220446E-16 -1
vn 0 2.220446E-16 -1
vn -1 0 0
vn -1 0 0
vn -1 0 0
vn -1 0 0
vn 0 -2.220446E-16 1
vn 0 -2.220446E-16 1
vn 0 -2.220446E-16 1
vn 0 -2.220446E-16 1
vn 1 0 0
vn 1 0 0
vn 1 0 0
vn 1 0 0
vn 0 2.220446E-16 -1
vn 0 2.220446E-16 -1
vn 0 2.220446E-16 -1
vn 0 2.220446E-16 -1
vn -1 0 0
vn -1 0 0
vn -1 0 0
vn -1 0 0
vn 0 -2.220446E-16 1
vn 0 -2.220446E-16 1
vn 0 -2.220446E-16 1
vn 0 -2.220446E-16 1
vn 1 2.1175824E-22 -1.0899136E-06
vn 1 2.1175824E-22 -1.0899136E-06
vn 1 2.1175824E-22 -1.0899136E-06
vn 1 2.1175824E-22 -1.0899136E-06
vn 0 2.220446E-16 -1
vn 0 2.220446E-16 -1
vn 0 2.220446E-16 -1
vn 0 2.220446E-16 -1
vn -1 0 0
vn -1 0 0
vn -1 0 0
vn -1 0 0
vn 0 -2.220446E-16 1
vn 0 -2.220446E-16 1
vn 0 -2.220446E-16 1
vn 0 -2.220446E-16 1
vn 1 4.2351647E-22 -2.179827E-06
vn 1 4.2351647E-22 -2.179827E-06
vn 1 4.2351647E-22 -2.179827E-06
vn 1 4.2351647E-22 -2.179827E-06
vn 0 2.220446E-16 -1
vn 0 2.220446E-16 -1
vn 0 2.220446E-16 -1
vn 0 2.220446E-16 -1
vn -1 0 0
vn -1 0 0
vn -1 0 0
vn -1 0 0
vn 0 -2.220446E-16 1
vn 0 -2.220446E-16 1
vn 0 -2.220446E-16 1
vn 0 -2.220446E-16 1
vn 1 0 0
vn 1 0 0
vn 1 0 0
vn 1 0 0
vn 0 2.220446E-16 -1
vn 0 2.220446E-16 -1
vn 0 2.220446E-16 -1
vn 0 2.220446E-16 -1
vn -1 0 0
vn -1 0 0
vn -1 0 0
vn -1 0 0
vn 0 -2.220446E-16 1
vn 0 -2.220446E-16 1
vn 0 -2.220446E-16 1
vn 0 -2.220446E-16 1
vn 1 0 0
vn 1 0 0
vn 1 0 0
vn 1 0 0
vn 0 2.220446E-16 -1
vn 0 2.220446E-16 -1
vn 0 2.220446E-16 -1
vn 0 2.220446E-16 -1
vn -1 0 0
vn -1 0 0
vn -1 0 0
vn -1 0 0
vn 0 -2.220446E-16 1
vn 0 -2.220446E-16 1
vn 0 -2.220446E-16 1
vn 0 -2.220446E-16 1
vn 1 0 0
vn 1 0 0
vn 1 0 0
vn 1 0 0
vn 0 2.220446E-16 -1
vn 0 2.220446E-16 -1
vn 0 2.220446E-16 -1
vn 0 2.220446E-16 -1
vn 1 0 0
vn 1 0 0
vn 1 0 0
vn 1 0 0
vn 0 -2.220446E-16 1
vn 0 -2.220446E-16 1
vn 0 -2.220446E-16 1
vn 0 -2.220446E-16 1
vn 1.450095E-05 2.220446E-16 -1
vn 1.450095E-05 2.220446E-16 -1
vn 1.450095E-05 2.220446E-16 -1
vn 1.450095E-05 2.220446E-16 -1
vn -1 0 0
vn -1 0 0
vn -1 0 0
vn -1 0 0
vn 1 0 0
vn 1 0 0
vn 1 0 0
vn 1 0 0
vn 0 2.220446E-16 -1
vn 0 2.220446E-16 -1
vn 0 2.220446E-16 -1
vn 0 2.220446E-16 -1
vn -1 -2.1175824E-22 1.0899136E-06
vn -1 -2.1175824E-22 1.0899136E-06
vn -1 -2.1175824E-22 1.0899136E-06
vn -1 -2.1175824E-22 1.0899136E-06
vn 0 -2.220446E-16 1
vn 0 -2.220446E-16 1
vn 0 -2.220446E-16 1
vn 0 -2.220446E-16 1
vn 1 0 0
vn 1 0 0
vn 1 0 0
vn 1 0 0
vn 0 2.220446E-16 -1
vn 0 2.220446E-16 -1
vn 0 2.220446E-16 -1
vn 0 2.220446E-16 -1
vn -1 -2.1175824E-22 1.0899136E-06
vn -1 -2.1175824E-22 1.0899136E-06
vn -1 -2.1175824E-22 1.0899136E-06
vn -1 -2.1175824E-22 1.0899136E-06
vn 0 -2.220446E-16 1
vn 0 -2.220446E-16 1
vn 0 -2.220446E-16 1
vn 0 -2.220446E-16 1
vn 1 0 0
vn 1 0 0
vn 1 0 0
vn 1 0 0
vn 0 2.220446E-16 -1
vn 0 2.220446E-16 -1
vn 0 2.220446E-16 -1
vn 0 2.220446E-16 -1
vn -1 -2.1175824E-22 1.0899136E-06
vn -1 -2.1175824E-22 1.0899136E-06
vn -1 -2.1175824E-22 1.0899136E-06
vn -1 -2.1175824E-22 1.0899136E-06
vn 0 -2.220446E-16 1
vn 0 -2.220446E-16 1
vn 0 -2.220446E-16 1
vn 0 -2.220446E-16 1
vn 1 0 0
vn 1 0 0
vn 1 0 0
vn 1 0 0
vn 0 2.220446E-16 -1
vn 0 2.220446E-16 -1
vn 0 2.220446E-16 -1
vn 0 2.220446E-16 -1
vn -1 0 0
vn -1 0 0
vn -1 0 0
vn -1 0 0
vn 0 -2.220446E-16 1
vn 0 -2.220446E-16 1
vn 0 -2.220446E-16 1
vn 0 -2.220446E-16 1
vn 1 0 0
vn 1 0 0
vn 1 0 0
vn 1 0 0
vn 0 2.220446E-16 -1
vn 0 2.220446E-16 -1
vn 0 2.220446E-16 -1
vn 0 2.220446E-16 -1
vn -1 -2.1175824E-22 1.0899136E-06
vn -1 -2.1175824E-22 1.0899136E-06
vn -1 -2.1175824E-22 1.0899136E-06
vn -1 -2.1175824E-22 1.0899136E-06
vn 0 -2.220446E-16 1
vn 0 -2.220446E-16 1
vn 0 -2.220446E-16 1
vn 0 -2.220446E-16 1
vn 1 0 0
vn 1 0 0
vn 1 0 0
vn 1 0 0
vn 0 2.220446E-16 -1
vn 0 2.220446E-16 -1
vn 0 2.220446E-16 -1
vn 0 2.220446E-16 -1
vn -1 0 0
vn -1 0 0
vn -1 0 0
vn -1 0 0
vn 0 -2.220446E-16 1
vn 0 -2.220446E-16 1
vn 0 -2.220446E-16 1
vn 0 -2.220446E-16 1
vn 1 0 0
vn 1 0 0
vn 1 0 0
vn 1 0 0
vn 0 2.220446E-16 -1
vn 0 2.220446E-16 -1
vn 0 2.220446E-16 -1
vn 0 2.220446E-16 -1
vn -1 0 0
vn -1 0 0
vn -1 0 0
vn -1 0 0
vn 0 -2.220446E-16 1
vn 0 -2.220446E-16 1
vn 0 -2.220446E-16 1
vn 0 -2.220446E-16 1
vn 1 0 0
vn 1 0 0
vn 1 0 0
vn 1 0 0
vn 0 2.220446E-16 -1
vn 0 2.220446E-16 -1
vn 0 2.220446E-16 -1
vn 0 2.220446E-16 -1
vn -1 0 0
vn -1 0 0
vn -1 0 0
vn -1 0 0
vn 0 -2.220446E-16 1
vn 0 -2.220446E-16 1
vn 0 -2.220446E-16 1
vn 0 -2.220446E-16 1
vn 1 0 0
vn 1 0 0
vn 1 0 0
vn 1 0 0
vn 0 2.220446E-16 -1
vn 0 2.220446E-16 -1
vn 0 2.220446E-16 -1
vn 0 2.220446E-16 -1
vn -1 0 0
vn -1 0 0
vn -1 0 0
vn -1 0 0
vn 0 -2.220446E-16 1
vn 0 -2.220446E-16 1
vn 0 -2.220446E-16 1
vn 0 -2.220446E-16 1
vn 1 0 0
vn 1 0 0
vn 1 0 0
vn 1 0 0
vn 0 2.220446E-16 -1
vn 0 2.220446E-16 -1
vn 0 2.220446E-16 -1
vn 0 2.220446E-16 -1
vn -1 0 0
vn -1 0 0
vn -1 0 0
vn -1 0 0
vn 0 -2.220446E-16 1
vn 0 -2.220446E-16 1
vn 0 -2.220446E-16 1
vn 0 -2.220446E-16 1
vn 1 0 0
vn 1 0 0
vn 1 0 0
vn 1 0 0
vn 0 2.220446E-16 -1
vn 0 2.220446E-16 -1
vn 0 2.220446E-16 -1
vn 0 2.220446E-16 -1
vn -1 0 0
vn -1 0 0
vn -1 0 0
vn -1 0 0
vn 0 -2.220446E-16 1
vn 0 -2.220446E-16 1
vn 0 -2.220446E-16 1
vn 0 -2.220446E-16 1
vn 0 2.220446E-16 -1
vn 0 2.220446E-16 -1
vn 0 2.220446E-16 -1
vn 0 2.220446E-16 -1
vn -1 0 0
vn -1 0 0
vn -1 0 0
vn -1 0 0
vn 1 0 0
vn 1 0 0
vn 1 0 0
vn 1 0 0
vn 0 2.220446E-16 -1
vn 0 2.220446E-16 -1
vn 0 2.220446E-16 -1
vn 0 2.220446E-16 -1
vn -1 0 0
vn -1 0 0
vn -1 0 0
vn -1 0 0
vn 0 -2.220446E-16 1
vn 0 -2.220446E-16 1
vn 0 -2.220446E-16 1
vn 0 -2.220446E-16 1
vn 0 2.220446E-16 -1
vn 0 2.220446E-16 -1
vn 0 2.220446E-16 -1
vn 0 2.220446E-16 -1
vn 0 2.220446E-16 -1
vn 0 2.220446E-16 -1
vn 0 2.220446E-16 -1
vn 0 2.220446E-16 -1
vn -1 0 0
vn -1 0 0
vn -1 0 0
vn -1 0 0
vn 0 -2.220446E-16 1
vn 0 -2.220446E-16 1
vn 0 -2.220446E-16 1
vn 0 -2.220446E-16 1
vn 1 0 0
vn 1 0 0
vn 1 0 0
vn 1 0 0
vn 0 2.220446E-16 -1
vn 0 2.220446E-16 -1
vn 0 2.220446E-16 -1
vn 0 2.220446E-16 -1
vn -1 0 0
vn -1 0 0
vn -1 0 0
vn -1 0 0
vn 0 -2.220446E-16 1
vn 0 -2.220446E-16 1
vn 0 -2.220446E-16 1
vn 0 -2.220446E-16 1
vn 1 0 0
vn 1 0 0
vn 1 0 0
vn 1 0 0
vn 0 2.220446E-16 -1
vn 0 2.220446E-16 -1
vn 0 2.220446E-16 -1
vn 0 2.220446E-16 -1
vn -1 0 0
vn -1 0 0
vn -1 0 0
vn -1 0 0
vn 0 -2.220446E-16 1
vn 0 -2.220446E-16 1
vn 0 -2.220446E-16 1
vn 0 -2.220446E-16 1
vn 1 0 0
vn 1 0 0
vn 1 0 0
vn 1 0 0
vn 0 2.220446E-16 -1
vn 0 2.220446E-16 -1
vn 0 2.220446E-16 -1
vn 0 2.220446E-16 -1
vn -1 0 0
vn -1 0 0
vn -1 0 0
vn -1 0 0
vn 0 -2.220446E-16 1
vn 0 -2.220446E-16 1
vn 0 -2.220446E-16 1
vn 0 -2.220446E-16 1
vn 1 0 0
vn 1 0 0
vn 1 0 0
vn 1 0 0
vn 0 2.220446E-16 -1
vn 0 2.220446E-16 -1
vn 0 2.220446E-16 -1
vn 0 2.220446E-16 -1
vn -1 0 0
vn -1 0 0
vn -1 0 0
vn -1 0 0
vn -3.774696E-07 -2.220446E-16 1
vn -3.774696E-07 -2.220446E-16 1
vn -3.774696E-07 -2.220446E-16 1
vn -3.774696E-07 -2.220446E-16 1
vn 1 0 0
vn 1 0 0
vn 1 0 0
vn 1 0 0
vn 0 2.220446E-16 -1
vn 0 2.220446E-16 -1
vn 0 2.220446E-16 -1
vn 0 2.220446E-16 -1
vn -1 0 0
vn -1 0 0
vn -1 0 0
vn -1 0 0
vn 0 -2.220446E-16 1
vn 0 -2.220446E-16 1
vn 0 -2.220446E-16 1
vn 0 -2.220446E-16 1
vn 1 2.1175824E-22 -1.0899158E-06
vn 1 2.1175824E-22 -1.0899158E-06
vn 1 2.1175824E-22 -1.0899158E-06
vn 1 2.1175824E-22 -1.0899158E-06
vn 2.3045376E-07 2.220446E-16 -1
vn 2.3045376E-07 2.220446E-16 -1
vn 2.3045376E-07 2.220446E-16 -1
vn 2.3045376E-07 2.220446E-16 -1
vn -1 0 0
vn -1 0 0
vn -1 0 0
vn -1 0 0
vn 0 -2.220446E-16 1
vn 0 -2.220446E-16 1
vn 0 -2.220446E-16 1
vn 0 -2.220446E-16 1
vn 1 0 0
vn 1 0 0
vn 1 0 0
vn 1 0 0
vn 0 2.220446E-16 -1
vn 0 2.220446E-16 -1
vn 0 2.220446E-16 -1
vn 0 2.220446E-16 -1
vn -1 0 0
vn -1 0 0
vn -1 0 0
vn -1 0 0
vn 0 -2.220446E-16 1
vn 0 -2.220446E-16 1
vn 0 -2.220446E-16 1
vn 0 -2.220446E-16 1
vn 1 0 0
vn 1 0 0
vn 1 0 0
vn 1 0 0
vn -2.6212473E-07 2.220446E-16 -1
vn -2.6212473E-07 2.220446E-16 -1
vn -2.6212473E-07 2.220446E-16 -1
vn -2.6212473E-07 2.220446E-16 -1
vn -1 0 0
vn -1 0 0
vn -1 0 0
vn -1 0 0
vn 0 -2.220446E-16 1
vn 0 -2.220446E-16 1
vn 0 -2.220446E-16 1
vn 0 -2.220446E-16 1
vn 1 0 0
vn 1 0 0
vn 1 0 0
vn 1 0 0
vn 0 2.220446E-16 -1
vn 0 2.220446E-16 -1
vn 0 2.220446E-16 -1
vn 0 2.220446E-16 -1
vn -1 0 0
vn -1 0 0
vn -1 0 0
vn -1 0 0
vn 0 -2.220446E-16 1
vn 0 -2.220446E-16 1
vn 0 -2.220446E-16 1
vn 0 -2.220446E-16 1
vn 1 2.1175824E-22 -1.0899158E-06
vn 1 2.1175824E-22 -1.0899158E-06
vn 1 2.1175824E-22 -1.0899158E-06
vn 1 2.1175824E-22 -1.0899158E-06
vn 3.038936E-07 2.220446E-16 -1
vn 3.038936E-07 2.220446E-16 -1
vn 3.038936E-07 2.220446E-16 -1
vn 3.038936E-07 2.220446E-16 -1
vn -1 0 0
vn -1 0 0
vn -1 0 0
vn -1 0 0
vn 0 -2.220446E-16 1
vn 0 -2.220446E-16 1
vn 0 -2.220446E-16 1
vn 0 -2.220446E-16 1
vn 1 0 0
vn 1 0 0
vn 1 0 0
vn 1 0 0
vn 0 2.220446E-16 -1
vn 0 2.220446E-16 -1
vn 0 2.220446E-16 -1
vn 0 2.220446E-16 -1
vn -8.4571894E-08 2.220446E-16 -1
vn -8.4571894E-08 2.220446E-16 -1
vn -8.4571894E-08 2.220446E-16 -1
vn -8.4571894E-08 2.220446E-16 -1
vn 1 0 0
vn 1 0 0
vn 1 0 0
vn 1 0 0
vn 1 0 0
vn 1 0 0
vn 1 0 0
vn 1 0 0
vn 0 2.220446E-16 -1
vn 0 2.220446E-16 -1
vn 0 2.220446E-16 -1
vn 0 2.220446E-16 -1
vn 0 -2.220446E-16 1
vn 0 -2.220446E-16 1
vn 0 -2.220446E-16 1
vn 0 -2.220446E-16 1
vn 1 0 0
vn 1 0 0
vn 1 0 0
vn 1 0 0
vn 3.6148035E-07 2.220446E-16 -1
vn 3.6148035E-07 2.220446E-16 -1
vn 3.6148035E-07 2.220446E-16 -1
vn 3.6148035E-07 2.220446E-16 -1
vn -1 0 0
vn -1 0 0
vn -1 0 0
vn -1 0 0
vn 0 0.7070994 -0.70711416
vn 0 0.7070994 -0.70711416
vn 0 0.7070994 -0.70711416
vn 0 0.7070994 -0.70711416
vn -0.7071089 0.70710456 1.110223E-16
vn -0.7071089 0.70710456 1.110223E-16
vn -0.707109 0.70710456 1.110223E-16
vn -0.707109 0.70710456 1.110223E-16
vn -2.6991827E-07 0.70709944 0.7071141
vn -2.699183E-07 0.70709944 0.7071141
vn -2.6991827E-07 0.7070995 0.70711416
vn -2.6991825E-07 0.70709944 0.7071141
vn 0 0.7070993 -0.70711416
vn 0 0.7070993 -0.70711416
vn 0 0.70709944 -0.7071142
vn 0 0.7070993 -0.70711416
vn -0.70710385 0.7071098 2.220446E-16
vn -0.70710385 0.7071098 2.220446E-16
vn -0.7071038 0.70710975 1.110223E-16
vn -0.7071038 0.70710975 1.110223E-16
vn 0 0.7070994 0.7071141
vn 0 0.70709944 0.70711416
vn 0 0.70709944 0.70711416
vn 0 0.70709944 0.70711416
vn 0.7071089 0.70710456 1.110223E-16
vn 0.7071089 0.70710456 1.110223E-16
vn 0.707109 0.70710456 1.110223E-16
vn 0.707109 0.70710456 1.110223E-16
vn 0 0.7070993 -0.70711416
vn 0 0.7070993 -0.70711416
vn 0 0.70709944 -0.7071142
vn 0 0.70709944 -0.7071142
vn -0.70710385 0.7071098 2.220446E-16
vn -0.70710385 0.7071098 2.220446E-16
vn -0.7071038 0.70710975 1.110223E-16
vn -0.7071038 0.70710975 1.110223E-16
vn 0 0.7070993 0.70711416
vn 0 0.7070993 0.70711416
vn 0 0.70709944 0.7071142
vn 0 0.70709944 0.7071142
vn 0.70710385 0.7071098 2.220446E-16
vn 0.70710385 0.7071098 2.220446E-16
vn 0.7071038 0.70710975 1.110223E-16
vn 0.7071038 0.70710975 1.110223E-16
vn 0 0.7070994 -0.7071141
vn 0 0.7070994 -0.7071141
vn 0 0.70709944 -0.70711416
vn 0 0.70709944 -0.70711416
vn -0.70710385 0.7071098 2.220446E-16
vn -0.70710385 0.7071098 2.220446E-16
vn -0.7071038 0.70710975 1.110223E-16
vn -0.7071038 0.70710975 1.110223E-16
vn 0 0.7070994 0.7071141
vn 0 0.7070994 0.7071141
vn 0 0.70709944 0.70711416
vn 0 0.70709944 0.70711416
vn 0.70710385 0.7071098 2.220446E-16
vn 0.70710385 0.7071098 2.220446E-16
vn 0.7071038 0.70710975 1.110223E-16
vn 0.7071038 0.70710975 1.110223E-16
vn 0 0.7070993 -0.70711416
vn 0 0.7070993 -0.70711416
vn 0 0.70709944 -0.7071142
vn 0 0.70709944 -0.7071142
vn -0.70710385 0.7071098 2.220446E-16
vn -0.70710385 0.7071098 2.220446E-16
vn -0.7071038 0.70710975 1.110223E-16
vn -0.7071038 0.70710975 1.110223E-16
vn 0 0.7070993 0.70711416
vn 0 0.7070993 0.70711416
vn 0 0.70709944 0.7071142
vn 0 0.70709944 0.7071142
vn 0.70710385 0.7071098 2.220446E-16
vn 0.70710385 0.7071098 2.220446E-16
vn 0.7071038 0.70710975 1.110223E-16
vn 0.7071038 0.70710975 1.110223E-16
vn 0 0.7070994 -0.7071141
vn 0 0.7070994 -0.7071141
vn 0 0.70709944 -0.70711416
vn 0 0.70709944 -0.70711416
vn -0.70710385 0.7071098 2.220446E-16
vn -0.70710385 0.7071098 2.220446E-16
vn -0.7071038 0.70710975 1.110223E-16
vn -0.7071038 0.70710975 1.110223E-16
vn 0 0.7070994 0.7071141
vn 0 0.7070994 0.7071141
vn 0 0.70709944 0.70711416
vn 0 0.70709944 0.70711416
vn 0.70710385 0.7071098 2.220446E-16
vn 0.70710385 0.7071098 2.220446E-16
vn 0.7071038 0.70710975 1.110223E-16
vn 0.7071038 0.70710975 1.110223E-16
vn 0 0.70710975 -0.70710385
vn 0 0.70710975 -0.70710385
vn 0 0.70710975 -0.7071038
vn 0 0.70710975 -0.7071038
vn -0.707109 0.70710456 1.110223E-16
vn -0.707109 0.70710456 1.110223E-16
vn -0.707109 0.70710456 1.110223E-16
vn -0.707109 0.70710456 1.110223E-16
vn 0 0.70710975 0.70710385
vn 0 0.70710975 0.70710385
vn 0 0.70710975 0.7071038
vn 0 0.70710975 0.7071038
vn 0.707109 0.70710456 1.110223E-16
vn 0.707109 0.70710456 1.110223E-16
vn 0.707109 0.70710456 1.110223E-16
vn 0.707109 0.70710456 1.110223E-16
vn 0 0.70710975 -0.7071038
vn 0 0.70710975 -0.7071039
vn 0 0.70710975 -0.70710385
vn 0 0.70710975 -0.70710385
vn -0.707109 0.7071045 1.110223E-16
vn -0.707109 0.7071045 1.110223E-16
vn -0.707109 0.70710444 1.110223E-16
vn -0.707109 0.70710444 1.110223E-16
vn 0 0.70710975 0.7071039
vn 0 0.70710975 0.7071038
vn 0 0.70710975 0.70710385
vn 0 0.70710975 0.70710385
vn 0.7071038 0.7071098 2.220446E-16
vn 0.7071038 0.7071098 2.220446E-16
vn 0.7071037 0.70710975 1.110223E-16
vn 0.7071037 0.70710975 1.110223E-16
vn 0 0.70710975 -0.70710385
vn 0 0.70710975 -0.70710385
vn 0 0.70710975 -0.7071038
vn 0 0.70710975 -0.7071038
vn -0.707109 0.70710456 1.110223E-16
vn -0.707109 0.70710456 1.110223E-16
vn -0.707109 0.7071045 1.110223E-16
vn -0.707109 0.7071045 1.110223E-16
vn 0 0.70710975 0.70710385
vn 0 0.70710975 0.70710385
vn 0 0.70710975 0.7071038
vn 0 0.70710975 0.7071038
vn 0.707109 0.70710456 1.110223E-16
vn 0.707109 0.70710456 1.110223E-16
vn 0.707109 0.7071045 1.110223E-16
vn 0.707109 0.7071045 1.110223E-16
vn 0 0.70710975 -0.70710385
vn 0 0.70710975 -0.70710385
vn 0 0.70710975 -0.7071038
vn 0 0.70710975 -0.7071038
vn -0.7071089 0.70710456 1.110223E-16
vn -0.7071089 0.70710456 1.110223E-16
vn -0.7071089 0.7071045 1.110223E-16
vn -0.7071089 0.7071045 1.110223E-16
vn 0 0.70710975 0.70710385
vn 0 0.70710975 0.70710385
vn 0 0.70710975 0.7071038
vn 0 0.70710975 0.7071038
vn 0.707109 0.70710456 1.110223E-16
vn 0.707109 0.70710456 1.110223E-16
vn 0.707109 0.70710456 1.110223E-16
vn 0.707109 0.70710456 1.110223E-16
vn 0 0.70710975 -0.7071039
vn 0 0.70710975 -0.7071038
vn 0 0.70710975 -0.70710385
vn 0 0.70710975 -0.70710385
vn -0.7071038 0.70710975 1.110223E-16
vn -0.7071038 0.70710975 1.110223E-16
vn -0.70710385 0.70710975 1.110223E-16
vn -0.70710385 0.70710975 1.110223E-16
vn 0 0.70710975 0.7071037
vn 0 0.70710975 0.70710385
vn 0 0.70710975 0.7071038
vn 0 0.70710975 0.7071038
vn 0.707109 0.7071045 1.110223E-16
vn 0.707109 0.7071045 1.110223E-16
vn 0.707109 0.70710444 1.110223E-16
vn 0.707109 0.70710444 1.110223E-16
vn 0 0.70710975 -0.70710385
vn 0 0.70710975 -0.70710385
vn 0 0.70710975 -0.7071038
vn 0 0.70710975 -0.7071038
vn -0.707109 0.70710456 1.110223E-16
vn -0.707109 0.70710456 1.110223E-16
vn -0.707109 0.70710456 1.110223E-16
vn -0.707109 0.70710456 1.110223E-16
vn 0 0.70710975 0.70710385
vn 0 0.70710975 0.70710385
vn 0 0.70710975 0.7071038
vn 0 0.70710975 0.7071038
vn 0.707109 0.70710456 1.110223E-16
vn 0.707109 0.70710456 1.110223E-16
vn 0.707109 0.70710456 1.110223E-16
vn 0.707109 0.70710456 1.110223E-16
vn 0 0.70710975 -0.7071039
vn 0 0.70710975 -0.7071038
vn 0 0.70710975 -0.70710385
vn 0 0.70710975 -0.70710385
vn -0.7071038 0.70710975 1.110223E-16
vn -0.7071038 0.70710975 1.110223E-16
vn -0.70710385 0.70710975 1.110223E-16
vn -0.70710385 0.70710975 1.110223E-16
vn 0 0.70710975 0.7071037
vn 0 0.70710975 0.70710385
vn 0 0.70710975 0.7071038
vn 0 0.70710975 0.7071038
vn 0.707109 0.7071045 1.110223E-16
vn 0.707109 0.7071045 1.110223E-16
vn 0.707109 0.70710444 1.110223E-16
vn 0.707109 0.70710444 1.110223E-16
vn 0 0.70710456 -0.707109
vn 0 0.70710456 -0.707109
vn 0 0.7071045 -0.707109
vn 0 0.7071045 -0.707109
vn -0.7071039 0.70710975 1.110223E-16
vn -0.7071038 0.70710975 1.110223E-16
vn -0.70710385 0.70710975 1.110223E-16
vn -0.70710385 0.70710975 1.110223E-16
vn 0 0.70710975 0.70710385
vn 0 0.70710975 0.70710385
vn 0 0.7071097 0.7071038
vn 0 0.7071097 0.7071038
vn 0.7071038 0.70710975 1.110223E-16
vn 0.70710385 0.70710975 1.110223E-16
vn 0.70710385 0.70710975 1.110223E-16
vn 0.7071038 0.7071098 2.220446E-16
vn 0 0.70710456 -0.707109
vn 0 0.70710456 -0.707109
vn 0 0.7071045 -0.707109
vn 0 0.7071045 -0.707109
vn -0.70710385 0.70710975 1.110223E-16
vn -0.70710385 0.70710975 1.110223E-16
vn -0.7071038 0.70710975 1.110223E-16
vn -0.7071038 0.70710975 1.110223E-16
vn 0 0.70710456 0.707109
vn 0 0.70710456 0.707109
vn 0 0.7071045 0.707109
vn 0 0.7071045 0.707109
vn 0.7071039 0.7071097 2.220446E-16
vn 0.7071039 0.7071097 2.220446E-16
vn 0.70710385 0.7071097 2.220446E-16
vn 0.70710385 0.7071097 2.220446E-16
vn 0 0.70710456 -0.707109
vn 0 0.70710456 -0.707109
vn 0 0.7071045 -0.707109
vn 0 0.7071045 -0.707109
vn -0.7071039 0.7071097 2.220446E-16
vn -0.7071039 0.7071097 2.220446E-16
vn -0.70710385 0.7071097 2.220446E-16
vn -0.70710385 0.7071097 2.220446E-16
vn 0 0.70710456 0.707109
vn 0 0.70710456 0.707109
vn 0 0.7071045 0.707109
vn 0 0.7071045 0.707109
vn 0.7071039 0.70710975 1.110223E-16
vn 0.7071039 0.70710975 1.110223E-16
vn 0.70710385 0.70710975 1.110223E-16
vn 0.70710385 0.70710975 1.110223E-16
vn 0 0.70710456 -0.7071089
vn 0 0.70710456 -0.7071089
vn 0 0.7071045 -0.7071089
vn 0 0.7071045 -0.7071089
vn -0.70710385 0.7071097 2.220446E-16
vn -0.70710385 0.7071097 2.220446E-16
vn -0.7071038 0.7071097 2.220446E-16
vn -0.7071038 0.7071097 2.220446E-16
vn 0 0.70710456 0.707109
vn 0 0.70710456 0.707109
vn 0 0.7071045 0.707109
vn 0 0.7071045 0.707109
vn 0.70710385 0.7071097 2.220446E-16
vn 0.70710385 0.7071097 2.220446E-16
vn 0.7071038 0.7071097 2.220446E-16
vn 0.7071038 0.7071097 2.220446E-16
vn 0 0.7071071 -0.7071064
vn 0 0.7071071 -0.7071064
vn 0 0.7071072 -0.7071064
vn 0 0.7071072 -0.7071064
vn -0.7071038 0.7071097 2.220446E-16
vn -0.70710385 0.7071097 2.220446E-16
vn -0.7071038 0.7071097 2.220446E-16
vn -0.7071039 0.70710975 1.110223E-16
vn 0 0.70710456 0.7071089
vn 0 0.70710456 0.7071089
vn 0 0.7071045 0.7071089
vn 0 0.7071045 0.7071089
vn 0.70710385 0.7071097 2.220446E-16
vn 0.7071038 0.7071097 2.220446E-16
vn 0.7071039 0.70710975 1.110223E-16
vn 0.7071038 0.7071097 2.220446E-16
vn 0 0.7071072 -0.7071065
vn 0 0.7071072 -0.7071065
vn 0 0.7071072 -0.7071065
vn 0 0.7071072 -0.7071065
vn -0.707109 0.70710456 1.110223E-16
vn -0.707109 0.70710456 1.110223E-16
vn -0.707109 0.70710456 1.110223E-16
vn -0.707109 0.70710456 1.110223E-16
vn 0 0.7071072 0.7071065
vn 0 0.7071072 0.7071065
vn 0 0.7071072 0.7071065
vn 0 0.7071072 0.7071065
vn 0.707109 0.70710456 1.110223E-16
vn 0.707109 0.70710456 1.110223E-16
vn 0.707109 0.70710456 1.110223E-16
vn 0.707109 0.70710456 1.110223E-16
vn 0 0.7071071 -0.7071064
vn 0 0.7071072 -0.7071065
vn 0 0.7071072 -0.7071064
vn 0 0.7071072 -0.7071064
vn -0.707109 0.70710456 1.110223E-16
vn -0.707109 0.70710456 1.110223E-16
vn -0.707109 0.70710456 1.110223E-16
vn -0.707109 0.70710456 1.110223E-16
vn 0 0.7071071 0.7071064
vn 0 0.7071071 0.7071065
vn 0 0.7071071 0.7071064
vn 0 0.7071072 0.7071065
vn 0.7071038 0.7071098 2.220446E-16
vn 0.7071038 0.7071098 2.220446E-16
vn 0.70710385 0.70710975 1.110223E-16
vn 0.70710385 0.70710975 1.110223E-16
vn 0 0.7071072 -0.7071065
vn 0 0.7071072 -0.7071065
vn 0 0.7071072 -0.7071065
vn 0 0.7071072 -0.7071065
vn -0.707109 0.70710456 1.110223E-16
vn -0.707109 0.70710456 1.110223E-16
vn -0.707109 0.70710456 1.110223E-16
vn -0.707109 0.70710456 1.110223E-16
vn 0 0.7071072 0.7071065
vn 0 0.7071072 0.7071065
vn 0 0.7071072 0.7071065
vn 0 0.7071072 0.7071065
vn 0.707109 0.70710456 1.110223E-16
vn 0.707109 0.70710456 1.110223E-16
vn 0.707109 0.70710456 1.110223E-16
vn 0.707109 0.70710456 1.110223E-16
vn 0 0.7071066 -0.707107
vn 0 0.7071066 -0.707107
vn 0 0.7071065 -0.707107
vn 0 0.7071065 -0.707107
vn -0.70710903 0.7071045 1.110223E-16
vn -0.70710903 0.70710456 1.110223E-16
vn -0.7071091 0.70710456 1.110223E-16
vn -0.70710903 0.70710456 1.110223E-16
vn 0 0.7071068 0.70710677
vn 0 0.7071068 0.70710677
vn 0 0.7071068 0.70710677
vn 0 0.7071068 0.70710677
vn 0.70710903 0.70710456 1.110223E-16
vn 0.70710903 0.70710456 1.110223E-16
vn 0.707109 0.70710456 1.110223E-16
vn 0.70710903 0.7071046 1.110223E-16
vn 0 0.7071071 -0.7071064
vn 0 0.7071071 -0.7071065
vn 0 0.7071071 -0.7071064
vn 0 0.7071072 -0.7071065
vn -0.7071038 0.7071098 2.220446E-16
vn -0.70710385 0.70710975 1.110223E-16
vn -0.7071038 0.70710975 1.110223E-16
vn -0.70710385 0.70710975 1.110223E-16
vn 0 0.70710653 0.707107
vn 0 0.7071066 0.70710707
vn 0 0.7071065 0.70710707
vn 0 0.70710653 0.70710707
vn 0.70710903 0.7071045 1.110223E-16
vn 0.707109 0.70710456 1.110223E-16
vn 0.70710903 0.70710456 1.110223E-16
vn 0.70710903 0.70710456 1.110223E-16
vn 0 0.7071072 -0.7071065
vn 0 0.7071072 -0.7071065
vn 0 0.7071072 -0.7071065
vn 0 0.7071072 -0.7071065
vn -0.707109 0.70710456 1.110223E-16
vn -0.707109 0.70710456 1.110223E-16
vn -0.707109 0.70710456 1.110223E-16
vn -0.707109 0.70710456 1.110223E-16
vn 0 0.7071072 0.7071065
vn 0 0.7071072 0.7071065
vn 0 0.7071072 0.7071065
vn 0 0.7071072 0.7071065
vn 0.707109 0.70710456 1.110223E-16
vn 0.707109 0.70710456 1.110223E-16
vn 0.707109 0.70710456 1.110223E-16
vn 0.707109 0.70710456 1.110223E-16
vn 0 0.7071071 -0.7071064
vn 0 0.7071071 -0.7071065
vn 0 0.7071071 -0.7071064
vn 0 0.7071072 -0.7071065
vn -0.7071038 0.7071098 2.220446E-16
vn -0.7071038 0.7071098 2.220446E-16
vn -0.70710385 0.70710975 1.110223E-16
vn -0.70710385 0.70710975 1.110223E-16
vn 0 0.7071071 0.7071064
vn 0 0.7071072 0.7071065
vn 0 0.7071072 0.7071064
vn 0 0.7071072 0.7071064
vn 0.707109 0.70710456 1.110223E-16
vn 0.707109 0.70710456 1.110223E-16
vn 0.707109 0.70710456 1.110223E-16
vn 0.707109 0.70710456 1.110223E-16
vn 0 0.70710456 -0.707109
vn 0 0.70710456 -0.707109
vn 0 0.7071045 -0.707109
vn 0 0.7071045 -0.707109
vn -0.7071039 0.7071097 2.220446E-16
vn -0.70710385 0.7071097 2.220446E-16
vn -0.7071039 0.70710975 1.110223E-16
vn -0.70710385 0.7071097 2.220446E-16
vn 0 0.7071071 0.7071065
vn 0 0.7071071 0.7071065
vn 0 0.7071071 0.7071065
vn 0 0.7071071 0.7071065
vn 0.7071038 0.7071097 2.220446E-16
vn 0.70710385 0.7071097 2.220446E-16
vn 0.7071038 0.7071097 2.220446E-16
vn 0.7071039 0.70710975 1.110223E-16
vn 0 0.70710456 -0.7071089
vn 0 0.70710456 -0.7071089
vn 0 0.7071045 -0.7071089
vn 0 0.7071045 -0.7071089
vn -0.70710385 0.70710975 1.110223E-16
vn -0.70710385 0.70710975 1.110223E-16
vn -0.7071038 0.70710975 1.110223E-16
vn -0.7071038 0.70710975 1.110223E-16
vn 0 0.70710456 0.7071089
vn 0 0.70710456 0.7071089
vn 0 0.7071045 0.7071089
vn 0 0.7071045 0.7071089
vn 0.7071039 0.7071097 2.220446E-16
vn 0.7071039 0.7071097 2.220446E-16
vn 0.70710385 0.7071097 2.220446E-16
vn 0.70710385 0.7071097 2.220446E-16
vn 0 0.70710456 -0.7071089
vn 0 0.70710456 -0.7071089
vn 0 0.7071045 -0.7071089
vn 0 0.7071045 -0.7071089
vn -0.7071039 0.7071097 2.220446E-16
vn -0.7071039 0.7071097 2.220446E-16
vn -0.70710385 0.7071097 2.220446E-16
vn -0.70710385 0.7071097 2.220446E-16
vn 0 0.70710456 0.7071089
vn 0 0.70710456 0.7071089
vn 0 0.7071045 0.7071089
vn 0 0.7071045 0.7071089
vn 0.7071039 0.70710975 1.110223E-16
vn 0.7071039 0.70710975 1.110223E-16
vn 0.70710385 0.70710975 1.110223E-16
vn 0.70710385 0.70710975 1.110223E-16
vn 0 0.7071046 -0.70710903
vn 0 0.70710456 -0.707109
vn 0 0.7071045 -0.707109
vn 0 0.70710456 -0.70710903
vn -0.70710385 0.70710975 1.110223E-16
vn -0.70710385 0.70710975 1.110223E-16
vn -0.7071038 0.70710975 1.110223E-16
vn -0.7071038 0.70710975 1.110223E-16
vn 0 0.70710456 0.707109
vn 0 0.7071046 0.70710903
vn 0 0.70710456 0.70710903
vn 0 0.7071045 0.707109
vn 0.70710903 0.7071046 1.110223E-16
vn 0.70710903 0.7071046 1.110223E-16
vn 0.70710903 0.70710456 1.110223E-16
vn 0.70710903 0.70710456 1.110223E-16
vn 0 0.70710456 -0.7071089
vn 0 0.70710456 -0.7071089
vn 0 0.7071045 -0.7071089
vn 0 0.7071045 -0.7071089
vn -0.7071039 0.7071097 2.220446E-16
vn -0.7071039 0.7071097 2.220446E-16
vn -0.70710385 0.7071097 2.220446E-16
vn -0.70710385 0.7071097 2.220446E-16
vn 0 0.70710456 0.7071089
vn 0 0.70710456 0.7071089
vn 0 0.7071045 0.7071089
vn 0 0.7071045 0.7071089
vn 0.7071039 0.70710975 1.110223E-16
vn 0.7071039 0.70710975 1.110223E-16
vn 0.70710385 0.70710975 1.110223E-16
vn 0.70710385 0.70710975 1.110223E-16
vn 0 0.70710975 -0.70710385
vn 0 0.70710975 -0.70710385
vn 0 0.70710975 -0.7071038
vn 0 0.70710975 -0.7071038
vn -0.707109 0.70710456 1.110223E-16
vn -0.707109 0.70710456 1.110223E-16
vn -0.70710903 0.7071046 1.110223E-16
vn -0.707109 0.70710456 1.110223E-16
vn 0 0.7071046 0.70710903
vn 0 0.7071046 0.70710903
vn 0 0.70710456 0.70710903
vn 0 0.70710456 0.70710903
vn 0.707109 0.70710456 1.110223E-16
vn 0.707109 0.70710456 1.110223E-16
vn 0.707109 0.70710456 1.110223E-16
vn 0.70710903 0.7071046 1.110223E-16
vn 0 0.70710975 -0.70710385
vn 0 0.70710975 -0.70710385
vn 0 0.70710975 -0.7071038
vn 0 0.70710975 -0.7071038
vn -0.707109 0.70710456 1.110223E-16
vn -0.707109 0.70710456 1.110223E-16
vn -0.707109 0.70710456 1.110223E-16
vn -0.707109 0.70710456 1.110223E-16
vn 0 0.70710975 0.70710385
vn 0 0.70710975 0.70710385
vn 0 0.70710975 0.7071038
vn 0 0.70710975 0.7071038
vn 0.707109 0.70710456 1.110223E-16
vn 0.707109 0.70710456 1.110223E-16
vn 0.707109 0.70710456 1.110223E-16
vn 0.707109 0.70710456 1.110223E-16
vn 0 0.70710975 -0.70710385
vn 0 0.70710975 -0.70710385
vn 0 0.70710975 -0.7071038
vn 0 0.70710975 -0.7071038
vn -0.707109 0.70710456 1.110223E-16
vn -0.707109 0.70710456 1.110223E-16
vn -0.707109 0.70710456 1.110223E-16
vn -0.707109 0.70710456 1.110223E-16
vn 0 0.70710975 0.70710385
vn 0 0.70710975 0.70710385
vn 0 0.70710975 0.7071038
vn 0 0.70710975 0.7071038
vn 0.707109 0.70710456 1.110223E-16
vn 0.707109 0.70710456 1.110223E-16
vn 0.707109 0.70710456 1.110223E-16
vn 0.707109 0.70710456 1.110223E-16
vn 0 0.70710975 -0.7071039
vn 0 0.70710975 -0.7071038
vn 0 0.70710975 -0.70710385
vn 0 0.70710975 -0.70710385
vn -0.7071038 0.70710975 1.110223E-16
vn -0.7071038 0.70710975 1.110223E-16
vn -0.70710385 0.70710975 1.110223E-16
vn -0.70710385 0.70710975 1.110223E-16
vn 0 0.70710975 0.7071038
vn 0 0.70710975 0.7071039
vn 0 0.70710975 0.70710385
vn 0 0.70710975 0.70710385
vn 0.707109 0.7071045 1.110223E-16
vn 0.707109 0.7071045 1.110223E-16
vn 0.707109 0.70710444 1.110223E-16
vn 0.707109 0.70710444 1.110223E-16
vn 0 0.70710975 -0.7071037
vn 0 0.70710975 -0.70710385
vn 0 0.70710975 -0.7071038
vn 0 0.70710975 -0.7071038
vn -0.707109 0.70710456 1.110223E-16
vn -0.707109 0.70710456 1.110223E-16
vn -0.707109 0.70710456 1.110223E-16
vn -0.707109 0.70710456 1.110223E-16
vn 0 0.7071097 0.70710385
vn 0 0.70710975 0.70710385
vn 0 0.7071097 0.7071038
vn 0 0.70710963 0.7071038
vn 0.7071038 0.7071098 2.220446E-16
vn 0.7071038 0.7071098 2.220446E-16
vn 0.7071037 0.70710975 1.110223E-16
vn 0.7071037 0.70710975 1.110223E-16
vn 0 0.70710975 -0.7071037
vn 0 0.70710975 -0.7071037
vn 0 0.70710975 -0.7071038
vn 0 0.70710975 -0.7071038
vn -0.7071038 0.70710975 1.110223E-16
vn -0.7071038 0.70710975 1.110223E-16
vn -0.70710385 0.70710975 1.110223E-16
vn -0.70710385 0.70710975 1.110223E-16
vn 0 0.70710975 0.7071037
vn 0 0.70710975 0.7071037
vn 0 0.70710975 0.7071038
vn 0 0.70710975 0.7071038
vn 0.7071038 0.70710975 1.110223E-16
vn 0.7071038 0.70710975 1.110223E-16
vn 0.70710385 0.70710975 1.110223E-16
vn 0.70710385 0.70710975 1.110223E-16
vn 0 0.70710975 -0.70710385
vn 0 0.70710975 -0.70710385
vn 0 0.7071097 -0.7071038
vn 0 0.7071097 -0.7071038
vn -0.7071038 0.70710975 1.110223E-16
vn -0.7071038 0.70710975 1.110223E-16
vn -0.70710385 0.70710975 1.110223E-16
vn -0.70710385 0.70710975 1.110223E-16
vn 0 0.70710975 0.70710385
vn 0 0.70710975 0.70710385
vn 0 0.7071097 0.7071038
vn 0 0.7071097 0.7071038
vn 0.7071038 0.7071098 2.220446E-16
vn 0.7071038 0.7071098 2.220446E-16
vn 0.7071037 0.70710975 1.110223E-16
vn 0.7071037 0.70710975 1.110223E-16
vn 0 0.7070994 -0.7071141
vn 0 0.7070994 -0.7071141
vn 0 0.70709944 -0.70711416
vn 0 0.70709944 -0.70711416
vn -0.70710385 0.7071098 2.220446E-16
vn -0.7071037 0.70710975 1.110223E-16
vn -0.7071038 0.70710975 1.110223E-16
vn -0.7071038 0.70710975 1.110223E-16
vn 0 0.70710975 0.7071037
vn 0 0.70710975 0.7071037
vn 0 0.70710975 0.7071038
vn 0 0.70710975 0.7071038
vn 0.7071038 0.70710975 1.110223E-16
vn 0.70710385 0.7071097 2.220446E-16
vn 0.70710385 0.70710975 1.110223E-16
vn 0.70710385 0.70710975 1.110223E-16
vn 0 0.7070994 -0.7071141
vn 0 0.7070994 -0.7071141
vn 0 0.70709944 -0.70711416
vn 0 0.70709944 -0.70711416
vn -0.70710385 0.7071098 2.220446E-16
vn -0.70710385 0.7071098 2.220446E-16
vn -0.7071038 0.70710975 1.110223E-16
vn -0.7071038 0.70710975 1.110223E-16
vn 0 0.7070994 0.7071141
vn 0 0.7070994 0.7071141
vn 0 0.70709944 0.70711416
vn 0 0.70709944 0.70711416
vn 0.70710385 0.7071098 2.220446E-16
vn 0.70710385 0.7071098 2.220446E-16
vn 0.7071038 0.70710975 1.110223E-16
vn 0.7071038 0.70710975 1.110223E-16
vn 0 0.7070994 -0.70711416
vn 0 0.7070994 -0.70711416
vn 0 0.7070994 -0.70711416
vn 0 0.7070994 -0.70711416
vn -0.7071089 0.70710456 1.110223E-16
vn -0.7071089 0.70710456 1.110223E-16
vn -0.707109 0.70710456 1.110223E-16
vn -0.707109 0.70710456 1.110223E-16
vn 0 0.7070994 0.70711416
vn 0 0.7070994 0.70711416
vn 0 0.7070994 0.70711416
vn 0 0.7070994 0.70711416
vn 0.7071089 0.70710456 1.110223E-16
vn 0.7071089 0.70710456 1.110223E-16
vn 0.707109 0.70710456 1.110223E-16
vn 0.707109 0.70710456 1.110223E-16
vn 0 0.7070994 -0.7071141
vn 0 0.7070994 -0.7071141
vn 0 0.70709944 -0.70711416
vn 0 0.70709944 -0.70711416
vn -0.70710385 0.7071098 2.220446E-16
vn -0.70710385 0.7071098 2.220446E-16
vn -0.7071038 0.70710975 1.110223E-16
vn -0.7071038 0.70710975 1.110223E-16
vn 0 0.7070994 0.7071141
vn 0 0.7070994 0.7071141
vn 0 0.70709944 0.70711416
vn 0 0.70709944 0.70711416
vn 0.70710385 0.7071098 2.220446E-16
vn 0.70710385 0.7071098 2.220446E-16
vn 0.7071038 0.70710975 1.110223E-16
vn 0.7071038 0.70710975 1.110223E-16
vn 0 0.7070994 -0.70711416
vn 0 0.7070994 -0.70711416
vn 0 0.7070994 -0.70711416
vn 0 0.7070994 -0.70711416
vn -0.7071089 0.70710456 1.110223E-16
vn -0.7071089 0.70710456 1.110223E-16
vn -0.707109 0.70710456 1.110223E-16
vn -0.707109 0.70710456 1.110223E-16
vn 0 0.7070994 0.70711416
vn 0 0.7070994 0.70711416
vn 0 0.7070994 0.70711416
vn 0 0.7070994 0.70711416
vn 0.7071089 0.70710456 1.110223E-16
vn 0.7071089 0.70710456 1.110223E-16
vn 0.707109 0.70710456 1.110223E-16
vn 0.707109 0.70710456 1.110223E-16
vn 0.7071089 0.70710456 1.110223E-16
vn 0.7071089 0.70710456 1.110223E-16
vn 0.707109 0.70710456 1.110223E-16
vn 0.707109 0.70710456 1.110223E-16
vn 0 0.7070994 0.7071142
vn 0 0.7070994 0.7071142
vn 0 0.7070993 0.70711416
vn 0 0.7070994 0.7071142
vn 0 0.7070994 -0.7071142
vn 0 0.7070993 -0.70711416
vn 0 0.7070994 -0.7071142
vn 0 0.7070994 -0.7071142
vn -0.70710385 0.7071097 -7.9968765E-07
vn -0.70710385 0.70710975 -7.9968765E-07
vn -0.70710385 0.70710975 -7.996877E-07
vn -0.7071038 0.7071097 -7.9968765E-07
vn 2.2995252E-07 0.7070993 0.70711434
vn 2.299525E-07 0.70709926 0.7071143
vn 2.299525E-07 0.7070993 0.7071143
vn 2.299525E-07 0.70709926 0.7071143
vn 0.70710385 0.7071098 2.220446E-16
vn 0.70710385 0.7071098 2.220446E-16
vn 0.7071038 0.70710975 1.110223E-16
vn 0.7071038 0.70710975 1.110223E-16
vn 0 0.7070993 -0.70711416
vn 0 0.7070993 -0.70711416
vn 0 0.70709944 -0.7071142
vn 0 0.70709944 -0.7071142
vn -0.70710385 0.7071098 2.220446E-16
vn -0.70710385 0.7071098 2.220446E-16
vn -0.7071038 0.70710975 1.110223E-16
vn -0.7071038 0.70710975 1.110223E-16
vn 0 0.7070993 0.70711416
vn 0 0.7070993 0.70711416
vn 0 0.70709944 0.7071142
vn 0 0.70709944 0.7071142
vn 0.7071089 0.70710456 1.110223E-16
vn 0.7071089 0.70710456 1.110223E-16
vn 0.707109 0.70710456 1.110223E-16
vn 0.707109 0.70710456 1.110223E-16
vn 0 0.7070994 -0.7071142
vn 0 0.7070993 -0.70711416
vn 0 0.7070994 -0.7071142
vn 0 0.7070994 -0.7071142
vn -0.70710385 0.7071098 2.220446E-16
vn -0.70710385 0.7071098 2.220446E-16
vn -0.7071038 0.70710975 1.110223E-16
vn -0.7071038 0.70710975 1.110223E-16
vn 0 0.7070993 0.70711416
vn 0 0.7070994 0.7071142
vn 0 0.7070994 0.7071142
vn 0 0.7070994 0.7071142
vn 0.70710385 0.7071098 2.220446E-16
vn 0.70710385 0.7071098 2.220446E-16
vn 0.7071038 0.70710975 1.110223E-16
vn 0.7071038 0.70710975 1.110223E-16
vn 0 0.7070993 -0.70711416
vn 0 0.7070993 -0.70711416
vn 0 0.70709944 -0.7071142
vn 0 0.70709944 -0.7071142
vn -0.70710385 0.7071098 2.220446E-16
vn -0.70710385 0.7071098 2.220446E-16
vn -0.7071038 0.70710975 1.110223E-16
vn -0.7071038 0.70710975 1.110223E-16
vn 0 0.7070993 0.70711416
vn 0 0.7070993 0.70711416
vn 0 0.70709944 0.7071142
vn 0 0.70709944 0.7071142
vn 0.70710385 0.7071098 2.220446E-16
vn 0.70710385 0.7071098 2.220446E-16
vn 0.7071038 0.70710975 1.110223E-16
vn 0.7071038 0.70710975 1.110223E-16
vn 0 0.7070993 -0.7071141
vn 0 0.7070993 -0.7071141
vn 0 0.70709944 -0.7071142
vn 0 0.70709944 -0.7071142
vn -0.70710385 0.7071097 -7.9968765E-07
vn -0.70710385 0.70710975 -7.9968765E-07
vn -0.70710385 0.70710975 -7.996877E-07
vn -0.7071038 0.7071097 -7.9968765E-07
vn 1.54717E-07 0.7070994 0.7071143
vn 1.54717E-07 0.7070993 0.7071142
vn 1.54717E-07 0.7070993 0.7071142
vn 1.54717E-07 0.70709926 0.7071142
vn 0.70710385 0.7071098 2.220446E-16
vn 0.70710385 0.7071098 2.220446E-16
vn 0.7071038 0.70710975 1.110223E-16
vn 0.7071038 0.70710975 1.110223E-16
vn 0 0.7070993 -0.70711416
vn 0 0.7070993 -0.70711416
vn 0 0.7070994 -0.7071142
vn 0 0.7070994 -0.7071142
vn -0.70710385 0.7071098 2.220446E-16
vn -0.70710385 0.7071098 2.220446E-16
vn -0.7071038 0.70710975 1.110223E-16
vn -0.7071038 0.70710975 1.110223E-16
vn 0 0.7070993 0.70711416
vn 0 0.7070993 0.70711416
vn 0 0.7070994 0.7071142
vn 0 0.7070994 0.7071142
vn 0.707109 0.70710456 1.110223E-16
vn 0.707109 0.70710456 1.110223E-16
vn 0.707109 0.70710456 1.110223E-16
vn 0.707109 0.70710456 1.110223E-16
vn 0 0.7071097 -0.70710385
vn 0 0.70710975 -0.70710385
vn 0 0.70710975 -0.7071039
vn 0 0.70710963 -0.7071038
vn -0.7071038 0.7071098 2.220446E-16
vn -0.7071038 0.7071098 2.220446E-16
vn -0.7071037 0.70710975 1.110223E-16
vn -0.7071037 0.70710975 1.110223E-16
vn 0 0.70710975 0.7071037
vn 0 0.70710975 0.70710385
vn 0 0.70710975 0.7071038
vn 0 0.70710975 0.7071038
vn 0.707109 0.7071045 1.110223E-16
vn 0.707109 0.7071045 1.110223E-16
vn 0.707109 0.70710444 1.110223E-16
vn 0.707109 0.70710444 1.110223E-16
vn 0 0.7071097 -0.70710385
vn 0 0.70710975 -0.70710385
vn 0 0.7071098 -0.70710385
vn 0 0.7071097 -0.7071038
vn -0.7071038 0.7071098 2.220446E-16
vn -0.7071038 0.7071098 2.220446E-16
vn -0.7071037 0.70710975 1.110223E-16
vn -0.7071037 0.70710975 1.110223E-16
vn 0 0.70710975 0.70710385
vn 0 0.7071097 0.70710385
vn 0 0.7071097 0.7071038
vn 0 0.7071098 0.70710385
vn 0.707109 0.70710456 1.110223E-16
vn 0.707109 0.70710456 1.110223E-16
vn 0.707109 0.7071045 1.110223E-16
vn 0.707109 0.7071045 1.110223E-16
vn -1.3562611E-07 0.7071097 -0.70710385
vn -1.3562611E-07 0.70710975 -0.70710385
vn -1.3562611E-07 0.70710975 -0.70710385
vn -1.356261E-07 0.7071097 -0.7071038
vn -0.7071038 0.7071098 2.220446E-16
vn -0.7071038 0.7071098 2.220446E-16
vn -0.7071038 0.70710975 1.110223E-16
vn -0.7071038 0.70710975 1.110223E-16
vn 0 0.70710975 0.7071038
vn 0 0.70710975 0.7071039
vn 0 0.70710975 0.70710385
vn 0 0.70710975 0.70710385
vn 0.707109 0.7071045 1.110223E-16
vn 0.707109 0.7071045 1.110223E-16
vn 0.707109 0.70710444 1.110223E-16
vn 0.707109 0.70710444 1.110223E-16
vn 0 0.7071097 -0.70710385
vn 0 0.70710975 -0.70710385
vn 0 0.70710975 -0.70710385
vn 0 0.7071097 -0.70710385
vn -0.7071038 0.70710975 1.110223E-16
vn -0.7071038 0.70710975 1.110223E-16
vn -0.70710385 0.70710975 1.110223E-16
vn -0.70710385 0.70710975 1.110223E-16
vn -5.7606023E-08 0.70710975 0.70710385
vn -5.7606023E-08 0.70710975 0.7071039
vn -5.760602E-08 0.7071097 0.7071038
vn -5.7606027E-08 0.70710975 0.70710385
vn 0.707109 0.70710456 1.110223E-16
vn 0.707109 0.70710456 1.110223E-16
vn 0.707109 0.70710456 1.110223E-16
vn 0.707109 0.70710456 1.110223E-16
vn 0 0.7071097 -0.7071039
vn 0 0.7071097 -0.7071038
vn 0 0.70710975 -0.70710385
vn 0 0.7071097 -0.70710385
vn -0.7071038 0.7071098 2.220446E-16
vn -0.7071038 0.7071098 2.220446E-16
vn -0.7071037 0.70710975 1.110223E-16
vn -0.7071037 0.70710975 1.110223E-16
vn 0 0.70710975 0.7071037
vn 0 0.70710975 0.70710385
vn 0 0.70710975 0.7071038
vn 0 0.70710975 0.7071038
vn 0.7071038 0.70710975 1.110223E-16
vn 0.7071038 0.70710975 1.110223E-16
vn 0.70710385 0.70710975 1.110223E-16
vn 0.70710385 0.70710975 1.110223E-16
vn -0.7071053 0.7071083 -5.8104147E-06
vn -0.7071052 0.70710826 -5.810414E-06
vn -0.7071053 0.7071084 -5.8104147E-06
vn -0.7071052 0.70710826 -5.8104147E-06
vn 0 0.70710975 0.7071037
vn 0 0.70710975 0.7071037
vn 0 0.70710975 0.7071038
vn 0 0.70710975 0.7071038
vn 2.2931721E-07 0.7070994 0.7071143
vn 2.293172E-07 0.7070993 0.7071142
vn 2.2931721E-07 0.7070994 0.7071143
vn 2.293172E-07 0.7070993 0.7071142
vn 0.7071089 0.70710456 1.110223E-16
vn 0.7071089 0.70710456 1.110223E-16
vn 0.707109 0.70710456 1.110223E-16
vn 0.707109 0.70710456 1.110223E-16
vn 0 0.7070994 0.7071142
vn 0 0.7070993 0.70711416
vn 0 0.7070993 0.70711416
vn 0 0.7070994 0.7071142
vn -0.7071089 0.70710456 1.110223E-16
vn -0.7071089 0.70710456 1.110223E-16
vn -0.707109 0.70710456 1.110223E-16
vn -0.707109 0.70710456 1.110223E-16
vn 0 0.7070994 0.7071142
vn 0 0.7070993 0.70711416
vn 0 0.7070994 0.7071142
vn 0 0.7070994 0.7071142
vn 0.70710385 0.7071098 2.220446E-16
vn 0.70710385 0.7071098 2.220446E-16
vn 0.7071038 0.70710975 1.110223E-16
vn 0.7071038 0.70710975 1.110223E-16
vn 0 0.7070993 -0.70711416
vn 0 0.7070994 -0.7071142
vn 0 0.7070994 -0.7071142
vn 0 0.7070994 -0.7071142
vn -0.70710385 0.7071098 2.220446E-16
vn -0.70710385 0.7071098 2.220446E-16
vn -0.7071038 0.70710975 1.110223E-16
vn -0.7071038 0.70710975 1.110223E-16
vn 1.3495749E-07 0.7070993 0.7071141
vn 1.349575E-07 0.7070994 0.70711416
vn 1.349575E-07 0.7070994 0.70711416
vn 1.3495752E-07 0.70709944 0.7071142
vn 0.70710385 0.7071098 2.220446E-16
vn 0.70710385 0.7071098 2.220446E-16
vn 0.7071038 0.70710975 1.110223E-16
vn 0.7071038 0.70710975 1.110223E-16
vn 0 0.7070994 -0.70711416
vn 0 0.7070994 -0.70711416
vn 0 0.7070994 -0.70711416
vn 0 0.7070994 -0.70711416
vn -0.70710385 0.7071098 2.220446E-16
vn -0.70710385 0.7071098 2.220446E-16
vn -0.7071038 0.70710975 1.110223E-16
vn -0.7071038 0.70710975 1.110223E-16
vn 0 0.7070993 0.7071142
vn 0 0.7070993 0.7071142
vn 0 0.7070993 0.7071142
vn 0 0.7070993 0.7071142
vn 0.70710385 0.7071098 2.220446E-16
vn 0.70710385 0.7071098 2.220446E-16
vn 0.7071038 0.70710975 1.110223E-16
vn 0.7071038 0.70710975 1.110223E-16
vn 0 0.7070993 -0.7071142
vn 0 0.7070993 -0.7071142
vn 0 0.7070993 -0.7071142
vn 0 0.7070993 -0.7071142
vn -0.70710385 0.7071098 2.220446E-16
vn -0.70710385 0.7071098 2.220446E-16
vn -0.7071038 0.70710975 1.110223E-16
vn -0.7071038 0.70710975 1.110223E-16
vn 0 0.7070993 0.70711416
vn 0 0.7070993 0.70711416
vn 0 0.7070994 0.7071142
vn 0 0.7070994 0.7071142
vn 0.70710385 0.7071098 2.220446E-16
vn 0.70710385 0.7071098 2.220446E-16
vn 0.7071038 0.70710975 1.110223E-16
vn 0.7071038 0.70710975 1.110223E-16
vn 0 0.7070993 -0.70711416
vn 0 0.7070993 -0.70711416
vn 0 0.7070994 -0.7071142
vn 0 0.7070994 -0.7071142
vn -0.70710385 0.7071098 2.220446E-16
vn -0.70710385 0.7071098 2.220446E-16
vn -0.7071038 0.70710975 1.110223E-16
vn -0.7071038 0.70710975 1.110223E-16
vn 0 0.7070993 0.7071142
vn 0 0.7070993 0.7071142
vn 0 0.70709926 0.70711416
vn 0 0.70709926 0.70711416
vn 0.70710385 0.7071098 2.220446E-16
vn 0.70710385 0.7071098 2.220446E-16
vn 0.7071038 0.70710975 1.110223E-16
vn 0.7071038 0.70710975 1.110223E-16
vn 0 0.7070993 -0.7071142
vn 0 0.7070993 -0.7071142
vn 0 0.70709926 -0.70711416
vn 0 0.70709926 -0.70711416
vn -0.70710385 0.7071098 2.220446E-16
vn -0.70710385 0.7071098 2.220446E-16
vn -0.7071038 0.70710975 1.110223E-16
vn -0.7071038 0.70710975 1.110223E-16
vn 0 0.7070993 0.70711416
vn 0 0.7070993 0.70711416
vn 0 0.7070994 0.7071142
vn 0 0.7070994 0.7071142
vn 0.7071038 0.70710975 -7.9968953E-07
vn 0.7071038 0.7071097 -7.9968953E-07
vn 0.70710385 0.70710975 -7.9968953E-07
vn 0.7071038 0.70710975 -7.9968953E-07
vn 0 0.7070993 -0.70711416
vn 0 0.7070993 -0.70711416
vn 0 0.7070994 -0.7071142
vn 0 0.7070994 -0.7071142
vn -0.707109 0.70710456 1.110223E-16
vn -0.707109 0.70710456 1.110223E-16
vn -0.707109 0.70710456 1.110223E-16
vn -0.707109 0.70710456 1.110223E-16
vn 0 0.7071097 0.70710385
vn 0 0.70710975 0.70710385
vn 0 0.70710975 0.70710385
vn 0 0.7071097 0.70710385
vn 0.7071038 0.70710975 1.110223E-16
vn 0.7071038 0.70710975 1.110223E-16
vn 0.70710385 0.70710975 1.110223E-16
vn 0.70710385 0.70710975 1.110223E-16
vn 9.651217E-08 0.70710975 -0.70710385
vn 9.651217E-08 0.70710975 -0.70710385
vn 9.651216E-08 0.70710975 -0.7071037
vn 9.651217E-08 0.70710975 -0.7071038
vn -0.7071038 0.7071098 2.220446E-16
vn -0.7071038 0.7071098 2.220446E-16
vn -0.7071037 0.70710975 1.110223E-16
vn -0.7071037 0.70710975 1.110223E-16
vn 0 0.7071098 0.7071038
vn 0 0.7071098 0.7071038
vn 0 0.70710987 0.7071038
vn 0 0.70710987 0.7071038
vn 0.7071038 0.70710975 7.9969044E-07
vn 0.7071038 0.7071098 7.9969044E-07
vn 0.7071038 0.70710975 7.9969044E-07
vn 0.70710385 0.7071098 7.996905E-07
vn 0 0.70710975 -0.7071038
vn 0 0.70710975 -0.7071038
vn 0 0.70710975 -0.70710385
vn 0 0.70710975 -0.70710385
vn -0.707109 0.70710456 1.110223E-16
vn -0.707109 0.70710456 1.110223E-16
vn -0.707109 0.7071045 1.110223E-16
vn -0.707109 0.7071045 1.110223E-16
vn 0 0.7071097 0.7071039
vn 0 0.7071097 0.7071038
vn 0 0.70710975 0.70710385
vn 0 0.7071097 0.70710385
vn 0.7071038 0.70710975 1.110223E-16
vn 0.7071038 0.70710975 1.110223E-16
vn 0.70710385 0.70710975 1.110223E-16
vn 0.70710385 0.70710975 1.110223E-16
vn 0 0.70710975 -0.7071037
vn 0 0.70710975 -0.70710385
vn 0 0.70710975 -0.7071038
vn 0 0.70710975 -0.7071038
vn -0.7071089 0.70710456 1.110223E-16
vn -0.7071089 0.70710456 1.110223E-16
vn -0.7071089 0.7071045 1.110223E-16
vn -0.7071089 0.7071045 1.110223E-16
vn 0 0.70710975 0.70710385
vn 0 0.70710975 0.7071037
vn 0 0.70710975 0.7071038
vn 0 0.70710975 0.7071038
vn 0.7071038 0.7071098 2.220446E-16
vn 0.7071038 0.7071098 2.220446E-16
vn 0.7071037 0.70710975 1.110223E-16
vn 0.7071037 0.70710975 1.110223E-16
vn 0 0.70710975 -0.70710385
vn 0 0.7071097 -0.70710385
vn 0 0.70710963 -0.7071038
vn 0 0.7071097 -0.7071038
vn -0.7071089 0.70710456 1.110223E-16
vn -0.7071089 0.70710456 1.110223E-16
vn -0.7071089 0.7071045 1.110223E-16
vn -0.7071089 0.7071045 1.110223E-16
vn 0 0.70710975 0.7071039
vn 0 0.70710975 0.7071038
vn 0 0.70710975 0.70710385
vn 0 0.70710975 0.70710385
vn 0.7071038 0.7071098 2.220446E-16
vn 0.7071038 0.7071098 2.220446E-16
vn 0.7071037 0.70710975 1.110223E-16
vn 0.7071037 0.70710975 1.110223E-16
vn 0 0.70710975 -0.7071038
vn 0 0.70710975 -0.7071039
vn 0 0.70710975 -0.70710385
vn 0 0.70710975 -0.70710385
vn -0.7071038 0.70710975 1.110223E-16
vn -0.7071038 0.70710975 1.110223E-16
vn -0.70710385 0.70710975 1.110223E-16
vn -0.70710385 0.70710975 1.110223E-16
vn 0 0.70710975 0.70710385
vn 0 0.70710975 0.70710385
vn 0 0.7071098 0.70710385
vn 0 0.7071098 0.70710385
vn 0.7071038 0.7071097 2.220446E-16
vn 0.70710385 0.7071097 2.220446E-16
vn 0.70710385 0.7071097 2.220446E-16
vn 0.70710385 0.70710975 1.110223E-16
vn -0.7070935 0.7071201 -5.122529E-05
vn -0.7070935 0.7071201 -5.1225285E-05
vn -0.7070935 0.7071201 -5.122529E-05
vn -0.70709336 0.70712006 -5.122528E-05
vn 0 0.70710975 0.70710385
vn 0 0.70710975 0.70710385
vn 0 0.70710975 0.7071038
vn 0 0.70710975 0.7071038
vn 0.7070935 0.7071201 2.220446E-16
vn 0.7070935 0.7071201 2.220446E-16
vn 0.7070934 0.70712006 1.110223E-16
vn 0.7070934 0.70712006 1.110223E-16
vn 0 0.7071097 -0.70710385
vn 0 0.7071097 -0.70710385
vn 0 0.7071097 -0.7071038
vn 0 0.7071097 -0.7071038
vn 0.707109 0.70710456 1.110223E-16
vn 0.707109 0.70710456 1.110223E-16
vn 0.707109 0.70710456 1.110223E-16
vn 0.707109 0.70710456 1.110223E-16
vn 0 0.70710975 -0.70710385
vn 0 0.70710975 -0.7071037
vn 0 0.70710975 -0.7071038
vn 0 0.70710975 -0.7071038
vn -0.7071037 0.70710975 1.110223E-16
vn -0.7071037 0.70710975 1.110223E-16
vn -0.7071038 0.70710975 1.110223E-16
vn -0.7071038 0.70710975 1.110223E-16
vn 9.687746E-08 0.70710975 0.70710385
vn 9.687746E-08 0.70710975 0.7071038
vn 9.687746E-08 0.70710975 0.7071038
vn 9.687746E-08 0.70710975 0.7071038
vn 0.7071038 0.70710975 1.110223E-16
vn 0.7071038 0.70710975 1.110223E-16
vn 0.70710385 0.70710975 1.110223E-16
vn 0.70710385 0.70710975 1.110223E-16
vn 0 0.70710975 -0.70710385
vn 0 0.70710975 -0.70710385
vn 0 0.7071097 -0.7071038
vn 0 0.7071097 -0.7071038
vn -0.7071038 0.7071098 2.220446E-16
vn -0.7071038 0.7071098 2.220446E-16
vn -0.7071037 0.70710975 1.110223E-16
vn -0.7071037 0.70710975 1.110223E-16
vn 0 0.70710975 0.70710385
vn 0 0.70710975 0.70710385
vn 0 0.7071097 0.7071038
vn 0 0.7071097 0.7071038
vn 0.7071038 0.70710975 1.110223E-16
vn 0.7071039 0.70710975 1.110223E-16
vn 0.70710385 0.70710975 1.110223E-16
vn 0.70710385 0.70710975 1.110223E-16
vn 0 0.70710456 -0.707109
vn 0 0.70710456 -0.707109
vn 0 0.7071045 -0.707109
vn 0 0.7071045 -0.707109
vn -0.70710385 0.70710975 1.110223E-16
vn -0.7071038 0.70710975 1.110223E-16
vn -0.7071038 0.7071098 2.220446E-16
vn -0.70710385 0.70710975 1.110223E-16
vn 0 0.70710975 0.7071038
vn 0 0.70710975 0.7071038
vn 0 0.70710975 0.70710385
vn 0 0.70710975 0.70710385
vn 0.70710385 0.70710975 1.110223E-16
vn 0.70710385 0.70710975 1.110223E-16
vn 0.7071038 0.70710975 1.110223E-16
vn 0.7071038 0.70710975 1.110223E-16
vn 0 0.7071045 -0.70710903
vn 0 0.7071045 -0.70710903
vn 0 0.70710444 -0.707109
vn 0 0.70710444 -0.707109
vn -0.7071039 0.70710975 1.110223E-16
vn -0.7071039 0.70710975 1.110223E-16
vn -0.70710385 0.70710975 1.110223E-16
vn -0.70710385 0.70710975 1.110223E-16
vn 0 0.7071045 0.70710903
vn 0 0.7071045 0.70710903
vn 0 0.70710444 0.707109
vn 0 0.70710444 0.707109
vn 0.7071039 0.7071097 2.220446E-16
vn 0.7071039 0.7071097 2.220446E-16
vn 0.70710385 0.7071097 2.220446E-16
vn 0.70710385 0.7071097 2.220446E-16
vn 0 0.70710456 -0.7071089
vn 0 0.70710456 -0.7071089
vn 0 0.7071045 -0.7071089
vn 0 0.7071045 -0.7071089
vn -0.70710385 0.70710975 1.110223E-16
vn -0.70710385 0.70710975 1.110223E-16
vn -0.7071038 0.70710975 1.110223E-16
vn -0.7071038 0.70710975 1.110223E-16
vn 0 0.70710456 0.7071089
vn 0 0.70710456 0.7071089
vn 0 0.7071045 0.7071089
vn 0 0.7071045 0.7071089
vn 0.70710385 0.7071097 2.220446E-16
vn 0.70710385 0.7071097 2.220446E-16
vn 0.7071038 0.7071097 2.220446E-16
vn 0.7071038 0.7071097 2.220446E-16
vn 0 0.70710456 -0.707109
vn 0 0.70710456 -0.707109
vn 0 0.70710444 -0.7071089
vn 0 0.70710444 -0.7071089
vn -0.70710385 0.7071097 2.220446E-16
vn -0.70710385 0.7071097 2.220446E-16
vn -0.7071038 0.7071097 2.220446E-16
vn -0.7071038 0.7071097 2.220446E-16
vn 0 0.70710456 0.707109
vn 0 0.70710456 0.707109
vn 0 0.70710444 0.7071089
vn 0 0.70710444 0.7071089
vn 0.7071039 0.7071097 2.220446E-16
vn 0.70710385 0.7071097 2.220446E-16
vn 0.7071039 0.70710975 1.110223E-16
vn 0.70710385 0.7071097 2.220446E-16
vn 0 0.7071071 -0.7071064
vn 0 0.7071071 -0.7071064
vn 0 0.7071071 -0.7071064
vn 0 0.7071071 -0.7071064
vn -0.7071038 0.7071097 2.220446E-16
vn -0.70710385 0.7071097 2.220446E-16
vn -0.7071038 0.7071097 2.220446E-16
vn -0.7071039 0.70710975 1.110223E-16
vn 0 0.70710456 0.707109
vn 0 0.70710456 0.707109
vn 0 0.70710456 0.707109
vn 0 0.70710456 0.707109
vn 0.707109 0.70710456 1.110223E-16
vn 0.707109 0.70710456 1.110223E-16
vn 0.707109 0.70710456 1.110223E-16
vn 0.707109 0.70710456 1.110223E-16
vn 0 0.7071072 -0.7071065
vn 0 0.7071071 -0.7071065
vn 0 0.7071071 -0.7071065
vn 0 0.7071072 -0.7071065
vn -0.7071038 0.7071098 2.220446E-16
vn -0.7071038 0.7071098 2.220446E-16
vn -0.70710385 0.70710975 1.110223E-16
vn -0.70710385 0.70710975 1.110223E-16
vn 0 0.7071071 0.7071064
vn 0 0.7071072 0.7071064
vn 0 0.7071072 0.7071064
vn 0 0.7071071 0.7071064
vn 0.707109 0.70710456 1.110223E-16
vn 0.707109 0.70710456 1.110223E-16
vn 0.707109 0.70710456 1.110223E-16
vn 0.707109 0.70710456 1.110223E-16
vn 0 0.7071072 -0.7071064
vn 0 0.7071071 -0.7071064
vn 0 0.7071071 -0.7071064
vn 0 0.7071072 -0.7071065
vn -0.7071038 0.7071098 2.220446E-16
vn -0.7071038 0.7071098 2.220446E-16
vn -0.70710385 0.70710975 1.110223E-16
vn -0.70710385 0.70710975 1.110223E-16
vn 0 0.7071072 0.7071064
vn 0 0.7071072 0.70710635
vn 0 0.7071072 0.7071064
vn 0 0.7071072 0.7071064
vn 0.707109 0.70710456 1.110223E-16
vn 0.707109 0.70710456 1.110223E-16
vn 0.707109 0.70710456 1.110223E-16
vn 0.707109 0.70710456 1.110223E-16
vn 0 0.7071071 -0.7071064
vn 0 0.7071071 -0.7071065
vn 0 0.7071071 -0.7071064
vn 0 0.7071072 -0.7071065
vn -0.7071038 0.7071098 2.220446E-16
vn -0.7071038 0.7071098 2.220446E-16
vn -0.70710385 0.70710975 1.110223E-16
vn -0.70710385 0.70710975 1.110223E-16
vn 0 0.7071071 0.7071064
vn 0 0.7071072 0.7071065
vn 0 0.7071072 0.7071064
vn 0 0.7071072 0.7071064
vn 0.707109 0.70710456 1.110223E-16
vn 0.70710903 0.70710456 1.110223E-16
vn 0.707109 0.70710456 1.110223E-16
vn 0.707109 0.70710456 1.110223E-16
vn 0 0.7071068 -0.7071067
vn 0 0.7071069 -0.70710677
vn 0 0.7071069 -0.70710677
vn 0 0.7071068 -0.7071067
vn -0.7071038 0.7071098 2.220446E-16
vn -0.7071038 0.7071098 2.220446E-16
vn -0.70710385 0.70710975 1.110223E-16
vn -0.7071038 0.70710975 1.110223E-16
vn 0 0.7071071 0.7071065
vn 0 0.7071071 0.7071064
vn 0 0.7071072 0.7071065
vn 0 0.7071071 0.7071064
vn 0.70710903 0.70710456 1.110223E-16
vn 0.70710903 0.70710456 1.110223E-16
vn 0.707109 0.70710456 1.110223E-16
vn 0.70710903 0.7071046 1.110223E-16
vn -0.70710313 0.70711046 2.720059E-06
vn -0.7071032 0.70711046 2.7200588E-06
vn -0.7071031 0.7071104 2.7200588E-06
vn -0.7071032 0.70711046 2.7200588E-06
vn 0 0.7071068 0.7071067
vn 0 0.7071069 0.70710677
vn 0 0.7071068 0.7071067
vn 0 0.7071069 0.70710677
vn 0 0.70710975 -0.7071037
vn 0 0.70710975 -0.7071037
vn 0 0.70710975 -0.7071038
vn 0 0.70710975 -0.7071038
vn -0.70710385 0.70710975 1.110223E-16
vn -0.70710385 0.7071097 2.220446E-16
vn -0.70710385 0.7071097 2.220446E-16
vn -0.70710385 0.7071098 2.220446E-16
vn -0.707109 0.70710456 1.110223E-16
vn -0.707109 0.70710456 1.110223E-16
vn -0.707109 0.70710456 1.110223E-16
vn -0.707109 0.70710456 1.110223E-16
vn 1.6900515E-07 0.70710975 0.70710385
vn 1.6900515E-07 0.7071097 0.70710385
vn 1.6900515E-07 0.70710975 0.70710385
vn 1.6900515E-07 0.70710975 0.70710385
vn 0.7071038 0.7071097 2.220446E-16
vn 0.7071038 0.7071097 2.220446E-16
vn 0.70710385 0.70710975 1.110223E-16
vn 0.70710385 0.70710975 1.110223E-16
vn 0 0.70710975 -0.7071037
vn 0 0.70710975 -0.70710385
vn 0 0.70710975 -0.7071038
vn 0 0.70710975 -0.7071038
vn -0.7071038 0.70710975 1.110223E-16
vn -0.7071038 0.70710975 1.110223E-16
vn -0.70710385 0.70710975 1.110223E-16
vn -0.70710385 0.70710975 1.110223E-16
vn 0 0.70710975 0.7071038
vn 0 0.70710975 0.7071038
vn 0 0.70710975 0.70710385
vn 0 0.70710975 0.70710385
vn 0.7071038 0.7071098 -8.011936E-07
vn 0.7071038 0.70710975 -8.011936E-07
vn 0.70710385 0.7071098 -8.0119366E-07
vn 0.7071038 0.70710975 -8.011936E-07
vn 0 0.7071098 -0.7071038
vn 0 0.7071098 -0.7071038
vn 0 0.70710975 -0.7071037
vn 0 0.70710975 -0.7071037
vn -0.70710385 0.70710975 1.110223E-16
vn -0.7071038 0.70710975 1.110223E-16
vn -0.7071038 0.7071098 2.220446E-16
vn -0.70710385 0.70710975 1.110223E-16
vn 0 0.70710975 0.70710385
vn 0 0.70710975 0.70710385
vn 0 0.7071098 0.70710385
vn 0 0.7071098 0.70710385
vn 0.7071038 0.70710975 1.110223E-16
vn 0.70710385 0.70710975 1.110223E-16
vn 0.70710385 0.70710975 1.110223E-16
vn 0.7071038 0.7071098 2.220446E-16
vn 0 0.70710456 -0.70710903
vn 0 0.70710456 -0.70710903
vn 0 0.7071045 -0.70710903
vn 0 0.7071045 -0.70710903
vn -0.7071039 0.7071097 2.220446E-16
vn -0.7071039 0.7071097 2.220446E-16
vn -0.70710385 0.7071097 2.220446E-16
vn -0.70710385 0.7071097 2.220446E-16
vn 0 0.70710456 0.707109
vn 0 0.70710456 0.707109
vn 0 0.7071045 0.707109
vn 0 0.7071045 0.707109
vn 0.7071039 0.70710975 1.110223E-16
vn 0.7071039 0.70710975 1.110223E-16
vn 0.70710385 0.70710975 1.110223E-16
vn 0.70710385 0.70710975 1.110223E-16
vn 0 0.70710456 -0.707109
vn 0 0.70710456 -0.707109
vn 0 0.7071045 -0.707109
vn 0 0.7071045 -0.707109
vn -0.7071039 0.70710975 1.110223E-16
vn -0.7071039 0.70710975 1.110223E-16
vn -0.70710385 0.70710975 1.110223E-16
vn -0.70710385 0.70710975 1.110223E-16
vn 0 0.7071045 0.70710903
vn 0 0.7071045 0.70710903
vn 0 0.70710444 0.70710903
vn 0 0.70710444 0.70710903
vn 0.7071039 0.70710975 1.110223E-16
vn 0.7071039 0.70710975 1.110223E-16
vn 0.70710385 0.70710975 1.110223E-16
vn 0.70710385 0.70710975 1.110223E-16
vn 0 0.7071045 -0.70710903
vn 0 0.7071045 -0.70710903
vn 0 0.70710444 -0.70710903
vn 0 0.70710444 -0.70710903
vn -0.707109 0.70710456 1.110223E-16
vn -0.707109 0.70710456 1.110223E-16
vn -0.70710903 0.70710456 1.110223E-16
vn -0.70710903 0.70710456 1.110223E-16
vn 0 0.70710456 0.70710903
vn 0 0.7071045 0.707109
vn 0 0.70710444 0.707109
vn 0 0.7071045 0.70710903
vn 0.70710385 0.7071097 2.220446E-16
vn 0.70710385 0.7071097 2.220446E-16
vn 0.7071038 0.7071097 2.220446E-16
vn 0.7071038 0.7071097 2.220446E-16
vn 0 0.70710456 -0.707109
vn 0 0.70710456 -0.707109
vn 0 0.70710456 -0.70710903
vn 0 0.70710444 -0.7071089
vn -0.7071038 0.7071097 2.220446E-16
vn -0.70710385 0.7071097 2.220446E-16
vn -0.7071038 0.7071097 2.220446E-16
vn -0.7071039 0.70710975 1.110223E-16
vn 0 0.7071045 0.707109
vn 0 0.7071045 0.707109
vn 0 0.70710444 0.707109
vn 0 0.70710444 0.707109
vn 0.70710385 0.7071097 2.220446E-16
vn 0.7071038 0.7071097 2.220446E-16
vn 0.7071039 0.70710975 1.110223E-16
vn 0.7071038 0.7071097 2.220446E-16
vn 0 0.70710707 -0.7071065
vn 0 0.70710707 -0.7071065
vn 0 0.7071071 -0.7071065
vn 0 0.7071071 -0.7071065
vn -0.707109 0.70710456 1.110223E-16
vn -0.707109 0.70710456 1.110223E-16
vn -0.707109 0.70710456 1.110223E-16
vn -0.707109 0.70710456 1.110223E-16
vn 0 0.7071072 0.7071065
vn 0 0.7071071 0.7071065
vn 0 0.7071071 0.7071065
vn 0 0.7071072 0.7071065
vn 0.7071038 0.7071098 2.220446E-16
vn 0.7071038 0.7071098 2.220446E-16
vn 0.70710385 0.70710975 1.110223E-16
vn 0.70710385 0.70710975 1.110223E-16
vn 0 0.70710707 -0.7071065
vn 0 0.7071071 -0.7071065
vn 0 0.7071071 -0.7071065
vn 0 0.7071071 -0.7071065
vn -0.7071038 0.7071097 2.220446E-16
vn -0.70710385 0.7071097 2.220446E-16
vn -0.7071038 0.7071097 2.220446E-16
vn -0.7071039 0.70710975 1.110223E-16
vn 5.270477E-08 -0.7071071 -0.70710635
vn 5.2704774E-08 -0.7071072 -0.7071064
vn 5.2704774E-08 -0.7071071 -0.7071065
vn 5.2704774E-08 -0.7071072 -0.7071065
vn 0.70710385 0.70710975 -8.0119327E-07
vn 0.70710385 0.70710975 -8.0119327E-07
vn 0.7071038 0.7071097 -8.011932E-07
vn 0.70710385 0.7071097 -8.011932E-07
vn 0 -0.7071072 0.70710635
vn 0 -0.7071072 0.70710635
vn 0 -0.7071072 0.70710635
vn 0 -0.7071072 0.70710635
vn -0.707109 0.70710456 1.110223E-16
vn -0.707109 0.70710456 1.110223E-16
vn -0.707109 0.70710456 1.110223E-16
vn -0.707109 0.70710456 1.110223E-16
vn 0 0.7071071 0.7071065
vn 0 0.70710707 0.7071065
vn 0 0.7071071 0.7071065
vn 0 0.7071071 0.7071065
vn 0.7071038 0.7071098 2.220446E-16
vn 0.7071038 0.7071098 2.220446E-16
vn 0.70710385 0.70710975 1.110223E-16
vn 0.70710385 0.70710975 1.110223E-16
vn 0 0.7071071 -0.7071065
vn 0 0.7071071 -0.7071064
vn 0 0.7071072 -0.7071065
vn 0 0.7071071 -0.7071064
vn -0.70710903 0.70710456 1.110223E-16
vn -0.707109 0.70710456 1.110223E-16
vn -0.707109 0.70710456 1.110223E-16
vn -0.707109 0.70710456 1.110223E-16
vn 0 0.7071071 0.7071064
vn 0 0.7071071 0.7071065
vn 0 0.7071071 0.7071064
vn 0 0.7071071 0.7071064
vn 0.7071038 0.7071098 2.220446E-16
vn 0.7071038 0.7071098 2.220446E-16
vn 0.7071038 0.70710975 1.110223E-16
vn 0.70710385 0.70710975 1.110223E-16
vn 0 0.70710677 -0.7071067
vn 0 0.7071068 -0.70710677
vn 0 0.7071068 -0.70710677
vn 0 0.70710677 -0.7071067
vn -0.70710903 0.7071045 1.110223E-16
vn -0.70710903 0.70710456 1.110223E-16
vn -0.7071091 0.70710456 1.110223E-16
vn -0.70710903 0.70710456 1.110223E-16
vn 0 0.7071068 0.70710677
vn 0 0.70710677 0.7071067
vn 0 0.70710677 0.7071067
vn 0 0.7071068 0.70710677
vn 0.70710385 0.70710975 1.110223E-16
vn 0.70710385 0.7071098 2.220446E-16
vn 0.70710385 0.7071098 2.220446E-16
vn 0.7071038 0.70710975 1.110223E-16
vn 0 0.70710975 -0.70710385
vn 0 0.70710975 -0.70710385
vn 0 0.7071098 -0.70710385
vn 0 0.7071098 -0.70710385
vn 0.70710385 0.7071098 2.220446E-16
vn 0.7071038 0.70710975 1.110223E-16
vn 0.70710385 0.70710975 1.110223E-16
vn 0.70710385 0.7071098 2.220446E-16
vn 0.70710385 0.7071097 2.220446E-16
vn 0.7071038 0.7071097 2.220446E-16
vn 0.7071039 0.70710975 1.110223E-16
vn 0.7071038 0.70710975 1.110223E-16
vn 0 0.70710707 -0.7071065
vn 0 0.70710707 -0.7071065
vn 0 0.7071071 -0.7071065
vn 0 0.7071071 -0.7071065
vn -0.7071038 0.7071098 2.220446E-16
vn -0.70710385 0.70710975 1.110223E-16
vn -0.7071038 0.70710975 1.110223E-16
vn -0.70710385 0.70710975 1.110223E-16
vn 0 0.70710653 0.707107
vn 0 0.70710653 0.707107
vn 0 0.70710653 0.70710707
vn 0 0.70710653 0.70710707
vn 0.707109 0.70710456 1.110223E-16
vn 0.707109 0.70710456 1.110223E-16
vn 0.707109 0.70710456 1.110223E-16
vn 0.707109 0.70710456 1.110223E-16
vn 0 0.7071072 -0.7071065
vn 0 0.7071071 -0.7071065
vn 0 0.7071071 -0.7071065
vn 0 0.7071072 -0.7071065
vn -0.7071038 0.7071098 2.220446E-16
vn -0.7071038 0.7071098 2.220446E-16
vn -0.70710385 0.70710975 1.110223E-16
vn -0.70710385 0.70710975 1.110223E-16
vn 0 0.7071071 0.7071065
vn 0 0.7071072 0.7071065
vn 0 0.7071072 0.7071065
vn 0 0.7071071 0.7071065
vn 0.7071038 0.7071098 2.220446E-16
vn 0.7071038 0.7071098 2.220446E-16
vn 0.70710385 0.70710975 1.110223E-16
vn 0.70710385 0.70710975 1.110223E-16
vn -1.1519924E-07 0.7071072 -0.7071065
vn -1.1519923E-07 0.7071071 -0.7071064
vn -1.15199235E-07 0.7071071 -0.7071065
vn -1.1519923E-07 0.7071071 -0.7071065
vn -0.7071038 0.70710975 -8.0119355E-07
vn -0.7071038 0.7071098 -8.011936E-07
vn -0.7071038 0.70710975 -8.0119355E-07
vn -0.7071038 0.70710975 -8.0119355E-07
vn 0 0.70710707 0.7071065
vn 0 0.70710707 0.7071065
vn 0 0.7071071 0.7071065
vn 0 0.7071071 0.7071065
vn 0.7071038 0.7071097 2.220446E-16
vn 0.70710385 0.7071097 2.220446E-16
vn 0.7071038 0.7071097 2.220446E-16
vn 0.7071039 0.70710975 1.110223E-16
vn 0 0.7071045 -0.707109
vn 0 0.7071045 -0.707109
vn 0 0.70710444 -0.707109
vn 0 0.70710444 -0.707109
vn -0.70710385 0.7071097 2.220446E-16
vn -0.7071038 0.7071097 2.220446E-16
vn -0.7071039 0.70710975 1.110223E-16
vn -0.7071038 0.7071097 2.220446E-16
vn 0 0.70710707 0.7071065
vn 0 0.70710707 0.7071065
vn 0 0.7071071 0.7071065
vn 0 0.7071071 0.7071065
vn 0.70710385 0.70710975 1.110223E-16
vn 0.70710385 0.70710975 1.110223E-16
vn 0.7071038 0.70710975 1.110223E-16
vn 0.7071038 0.70710975 1.110223E-16
vn 0 0.70710456 -0.707109
vn 0 0.70710456 -0.707109
vn 0 0.70710444 -0.7071089
vn 0 0.70710444 -0.7071089
vn -0.7071039 0.70710975 1.110223E-16
vn -0.7071039 0.70710975 1.110223E-16
vn -0.70710385 0.70710975 1.110223E-16
vn -0.70710385 0.70710975 1.110223E-16
vn 0 0.70710456 0.707109
vn 0 0.70710456 0.707109
vn 0 0.70710444 0.7071089
vn 0 0.70710444 0.7071089
vn 0.7071039 0.7071097 2.220446E-16
vn 0.7071039 0.7071097 2.220446E-16
vn 0.70710385 0.7071097 2.220446E-16
vn 0.70710385 0.7071097 2.220446E-16
vn 0 0.70710456 -0.707109
vn 0 0.70710456 -0.707109
vn 0 0.70710444 -0.7071089
vn 0 0.70710444 -0.7071089
vn -0.7071039 0.70710975 1.110223E-16
vn -0.7071039 0.70710975 1.110223E-16
vn -0.70710385 0.70710975 1.110223E-16
vn -0.70710385 0.70710975 1.110223E-16
vn 0 0.70710456 0.7071089
vn 0 0.70710456 0.7071089
vn 0 0.7071045 0.7071089
vn 0 0.7071045 0.7071089
vn 0.70710385 0.70710975 1.110223E-16
vn 0.70710385 0.70710975 1.110223E-16
vn 0.7071038 0.70710975 1.110223E-16
vn 0.7071038 0.70710975 1.110223E-16
vn 0 0.70710444 -0.70710903
vn 0 0.70710444 -0.70710903
vn 0 0.7071045 -0.70710903
vn 0 0.7071045 -0.70710903
vn -0.7071039 0.70710975 1.110223E-16
vn -0.7071039 0.70710975 1.110223E-16
vn -0.70710385 0.70710975 1.110223E-16
vn -0.70710385 0.70710975 1.110223E-16
vn 0 0.70710444 0.70710903
vn 0 0.70710444 0.70710903
vn 0 0.7071045 0.70710903
vn 0 0.7071045 0.70710903
vn 0.70710903 0.7071046 1.110223E-16
vn 0.70710903 0.7071046 1.110223E-16
vn 0.70710903 0.70710456 1.110223E-16
vn 0.70710903 0.70710456 1.110223E-16
vn 0 0.70710456 -0.707109
vn 0 0.70710456 -0.707109
vn 0 0.70710444 -0.7071089
vn 0 0.70710456 -0.70710903
vn -0.7071039 0.70710975 1.110223E-16
vn -0.7071039 0.70710975 1.110223E-16
vn -0.70710385 0.70710975 1.110223E-16
vn -0.70710385 0.70710975 1.110223E-16
vn 0 0.70710456 0.707109
vn 0 0.70710456 0.707109
vn 0 0.70710456 0.70710903
vn 0 0.70710444 0.7071089
vn 0.707109 0.70710456 1.110223E-16
vn 0.707109 0.70710456 1.110223E-16
vn 0.707109 0.70710456 1.110223E-16
vn 0.70710903 0.7071046 1.110223E-16
vn 0 0.70710975 -0.7071038
vn 0 0.7071098 -0.7071038
vn 0 0.70710975 -0.7071037
vn 0 0.7071097 -0.7071037
vn -0.7071038 0.70710975 1.110223E-16
vn -0.70710385 0.70710975 1.110223E-16
vn -0.70710385 0.70710975 1.110223E-16
vn -0.7071038 0.7071098 2.220446E-16
vn 0 0.70710456 0.707109
vn 0 0.70710456 0.707109
vn 0 0.7071046 0.70710903
vn 0 0.70710456 0.707109
vn 0.707109 0.7071045 1.110223E-16
vn 0.707109 0.7071045 1.110223E-16
vn 0.707109 0.70710444 1.110223E-16
vn 0.707109 0.70710444 1.110223E-16
vn 0 0.7071097 -0.70710385
vn 0 0.70710975 -0.70710385
vn 0 0.7071098 -0.70710385
vn 0 0.7071097 -0.7071038
vn -0.7071038 0.7071098 2.220446E-16
vn -0.7071038 0.7071098 2.220446E-16
vn -0.7071037 0.70710975 1.110223E-16
vn -0.7071037 0.70710975 1.110223E-16
vn 0 0.70710975 0.70710385
vn 0 0.7071097 0.70710385
vn 0 0.7071097 0.7071038
vn 0 0.7071098 0.70710385
vn 0.707109 0.70710456 1.110223E-16
vn 0.707109 0.70710456 1.110223E-16
vn 0.707109 0.70710456 1.110223E-16
vn 0.707109 0.70710456 1.110223E-16
vn 0 0.70710975 -0.7071038
vn 0 0.7071098 -0.7071038
vn 0 0.70710975 -0.7071037
vn 0 0.7071097 -0.7071037
vn -0.7071038 0.7071098 8.011936E-07
vn -0.7071038 0.70710975 8.011936E-07
vn -0.70710385 0.7071098 8.0119366E-07
vn -0.7071038 0.70710975 8.011936E-07
vn 0 0.70710975 0.7071038
vn 0 0.70710975 0.7071039
vn 0 0.70710975 0.70710385
vn 0 0.70710975 0.70710385
vn 0.707109 0.70710456 1.110223E-16
vn 0.707109 0.70710456 1.110223E-16
vn 0.707109 0.70710456 1.110223E-16
vn 0.707109 0.70710456 1.110223E-16
vn -0.70710385 0.7071097 2.220446E-16
vn -0.70710385 0.7071097 2.220446E-16
vn -0.70710385 0.7071097 2.220446E-16
vn -0.70710385 0.7071097 2.220446E-16
vn 0 0.70710975 0.7071037
vn 0 0.70710975 0.70710385
vn 0 0.70710975 0.7071038
vn 0 0.70710975 0.7071038
vn 0 0.7071066 -0.70710707
vn 0 0.70710653 -0.707107
vn 0 0.70710653 -0.70710707
vn 0 0.7071065 -0.70710707
vn -0.7071041 0.7071095 1.1335887E-06
vn -0.70710415 0.7071095 1.1335887E-06
vn -0.707104 0.70710945 1.1335886E-06
vn -0.7071041 0.7071095 1.1335887E-06
vn -0.7071038 0.7071098 2.220446E-16
vn -0.70710385 0.70710975 1.110223E-16
vn -0.7071038 0.70710975 1.110223E-16
vn -0.70710385 0.70710975 1.110223E-16
vn 0 0.70710653 0.707107
vn 0 0.70710653 0.707107
vn 0 0.70710653 0.70710707
vn 0 0.70710653 0.70710707
vn 0.70710385 0.7071097 2.220446E-16
vn 0.7071038 0.7071097 2.220446E-16
vn 0.7071039 0.70710975 1.110223E-16
vn 0.7071038 0.70710975 1.110223E-16
vn 0 0.7071072 -0.7071065
vn 0 0.7071072 -0.7071065
vn 0 0.7071071 -0.7071064
vn 0 0.7071071 -0.7071064
vn -0.7071038 0.7071098 2.220446E-16
vn -0.7071038 0.7071098 2.220446E-16
vn -0.70710385 0.70710975 1.110223E-16
vn -0.70710385 0.70710975 1.110223E-16
vn 0 0.7071071 0.7071065
vn 0 0.7071071 0.7071065
vn 0 0.7071071 0.7071065
vn 0 0.7071071 0.7071065
vn 0.7071038 0.7071098 2.220446E-16
vn 0.7071038 0.7071098 2.220446E-16
vn 0.70710385 0.70710975 1.110223E-16
vn 0.70710385 0.70710975 1.110223E-16
vn 0 0.7071071 -0.7071065
vn 0 0.7071071 -0.7071065
vn 0 0.7071071 -0.7071065
vn 0 0.7071071 -0.7071065
vn -0.7071038 0.7071098 2.220446E-16
vn -0.7071038 0.7071098 2.220446E-16
vn -0.70710385 0.70710975 1.110223E-16
vn -0.70710385 0.70710975 1.110223E-16
vn 0 0.7071071 0.7071065
vn 0 0.7071071 0.7071065
vn 0 0.7071071 0.7071065
vn 0 0.7071071 0.7071065
vn 0.7071038 0.7071098 2.220446E-16
vn 0.7071038 0.7071098 2.220446E-16
vn 0.70710385 0.70710975 1.110223E-16
vn 0.70710385 0.70710975 1.110223E-16
vn 0 0.7071071 -0.7071064
vn 0 0.7071071 -0.7071064
vn 0 0.7071071 -0.7071064
vn 0 0.7071071 -0.7071064
vn -0.70710385 0.7071097 2.220446E-16
vn -0.7071038 0.7071097 2.220446E-16
vn -0.7071039 0.70710975 1.110223E-16
vn -0.7071038 0.7071097 2.220446E-16
vn 0 0.7071071 0.7071065
vn 0 0.7071071 0.7071065
vn 0 0.7071071 0.7071064
vn 0 0.7071071 0.7071064
vn 0.7071038 0.7071097 2.220446E-16
vn 0.70710385 0.7071097 2.220446E-16
vn 0.7071038 0.7071097 2.220446E-16
vn 0.7071039 0.70710975 1.110223E-16
vn 0 0.70710456 -0.70710903
vn 0 0.70710456 -0.70710903
vn 0 0.7071045 -0.70710903
vn 0 0.7071045 -0.70710903
vn -0.7071039 0.7071097 2.220446E-16
vn -0.7071039 0.7071097 2.220446E-16
vn -0.70710385 0.7071097 2.220446E-16
vn -0.70710385 0.7071097 2.220446E-16
vn 0 0.70710456 0.707109
vn 0 0.70710456 0.707109
vn 0 0.7071045 0.707109
vn 0 0.7071045 0.707109
vn 0.7071039 0.70710975 1.110223E-16
vn 0.7071039 0.70710975 1.110223E-16
vn 0.70710385 0.70710975 1.110223E-16
vn 0.70710385 0.70710975 1.110223E-16
vn 0 0.7071045 -0.707109
vn 0 0.7071045 -0.707109
vn 0 0.70710444 -0.707109
vn 0 0.70710444 -0.707109
vn -0.7071039 0.70710975 1.110223E-16
vn -0.7071039 0.70710975 1.110223E-16
vn -0.70710385 0.70710975 1.110223E-16
vn -0.70710385 0.70710975 1.110223E-16
vn 0 0.70710456 0.7071089
vn 0 0.70710456 0.7071089
vn 0 0.7071045 0.7071089
vn 0 0.7071045 0.7071089
vn 0.7071038 0.70710975 7.9968993E-07
vn 0.70710385 0.7071097 7.9968993E-07
vn 0.70710385 0.70710975 7.9969E-07
vn 0.70710385 0.70710975 7.9969E-07
vn 0 0.70710456 -0.707109
vn 0 0.70710456 -0.707109
vn 0 0.7071045 -0.707109
vn 0 0.7071045 -0.707109
vn -0.70710903 0.7071046 1.110223E-16
vn -0.70710903 0.7071046 1.110223E-16
vn -0.70710903 0.70710456 1.110223E-16
vn -0.70710903 0.70710456 1.110223E-16
vn 0 0.7071045 0.70710903
vn 0 0.70710456 0.70710903
vn 0 0.7071045 0.707109
vn 0 0.70710456 0.70710903
vn 0.7071039 0.70710975 1.110223E-16
vn 0.7071039 0.70710975 1.110223E-16
vn 0.70710385 0.70710975 1.110223E-16
vn 0.70710385 0.70710975 1.110223E-16
vn 0 0.70710456 -0.70710903
vn 0 0.7071045 -0.70710903
vn 0 0.70710456 -0.70710903
vn 0 0.7071045 -0.707109
vn -0.7071039 0.70710975 1.110223E-16
vn -0.7071039 0.70710975 1.110223E-16
vn -0.70710385 0.70710975 1.110223E-16
vn -0.70710385 0.70710975 1.110223E-16
vn 0 0.7071046 0.7071089
vn 0 0.7071046 0.7071089
vn 0 0.7071046 0.707109
vn 0 0.7071046 0.707109
vn 0.70710385 0.7071097 -7.9968993E-07
vn 0.7071038 0.70710975 -7.9968993E-07
vn 0.70710385 0.70710975 -7.9969E-07
vn 0.70710385 0.70710975 -7.9969E-07
vn 0 0.70710456 -0.707109
vn 0 0.70710456 -0.707109
vn 0 0.7071045 -0.7071089
vn 0 0.7071045 -0.7071089
vn -0.707109 0.70710456 1.110223E-16
vn -0.707109 0.70710456 1.110223E-16
vn -0.70710903 0.7071046 1.110223E-16
vn -0.707109 0.70710456 1.110223E-16
vn 0 0.7071046 0.707109
vn 0 0.70710456 0.7071089
vn 0 0.7071045 0.7071089
vn 0 0.7071046 0.70710903
vn 0.7071038 0.7071097 -1.6008835E-06
vn 0.7071038 0.70710975 -1.6008835E-06
vn 0.7071038 0.70710975 -1.6008836E-06
vn 0.70710385 0.70710975 -1.6008836E-06
vn 0 0.70710975 -0.7071037
vn 0 0.70710975 -0.70710385
vn 0 0.70710975 -0.7071038
vn 0 0.70710975 -0.7071038
vn -0.707109 0.7071045 1.110223E-16
vn -0.707109 0.7071045 1.110223E-16
vn -0.707109 0.70710444 1.110223E-16
vn -0.707109 0.70710444 1.110223E-16
vn 0 0.70710975 0.70710385
vn 0 0.7071097 0.7071038
vn 0 0.70710975 0.70710385
vn 0 0.70710975 0.70710385
vn 0.7071038 0.7071098 2.220446E-16
vn 0.7071038 0.7071098 2.220446E-16
vn 0.7071037 0.70710975 1.110223E-16
vn 0.7071037 0.70710975 1.110223E-16
vn 0 0.7071097 -0.7071038
vn 0 0.70710975 -0.70710385
vn 0 0.70710975 -0.70710385
vn 0 0.70710975 -0.70710385
vn -0.707109 0.70710456 1.110223E-16
vn -0.707109 0.70710456 1.110223E-16
vn -0.707109 0.70710456 1.110223E-16
vn -0.707109 0.70710456 1.110223E-16
vn 0 0.70710975 0.7071039
vn 0 0.70710975 0.7071038
vn 0 0.70710975 0.70710385
vn 0 0.70710975 0.70710385
vn 0.7071038 0.7071098 2.220446E-16
vn 0.7071038 0.7071098 2.220446E-16
vn 0.7071037 0.70710975 1.110223E-16
vn 0.7071037 0.70710975 1.110223E-16
vn 0 0.70710975 -0.7071037
vn 0 0.70710975 -0.70710385
vn 0 0.70710975 -0.7071038
vn 0 0.70710975 -0.7071038
vn -0.707109 0.70710456 1.110223E-16
vn -0.707109 0.70710456 1.110223E-16
vn -0.707109 0.70710456 1.110223E-16
vn -0.707109 0.70710456 1.110223E-16
vn 0 0.7071097 0.7071039
vn 0 0.7071097 0.7071038
vn 0 0.70710975 0.70710385
vn 0 0.7071097 0.70710385
vn 0.70710385 0.70710975 1.110223E-16
vn 0.70710385 0.7071097 2.220446E-16
vn 0.70710385 0.7071097 2.220446E-16
vn 0.70710385 0.7071098 2.220446E-16
vn 0 0.70710653 -0.707107
vn 0 0.7071066 -0.70710707
vn 0 0.7071065 -0.70710707
vn 0 0.70710653 -0.70710707
vn 0.70710385 0.7071098 2.220446E-16
vn 0.70710385 0.70710975 1.110223E-16
vn 0.7071038 0.7071098 2.220446E-16
vn 0.70710385 0.7071098 2.220446E-16
vn 0 0.7070994 0.70711416
vn 0 0.7070994 0.70711416
vn 0 0.7070994 0.70711416
vn 0 0.7070994 0.70711416
vn 5.849734E-06 0.70710826 -0.7071053
vn 5.8497344E-06 0.70710826 -0.70710534
vn 5.849734E-06 0.70710826 -0.70710534
vn 5.8497344E-06 0.70710826 -0.70710534
vn -0.70710903 0.70710456 1.110223E-16
vn -0.707109 0.70710456 1.110223E-16
vn -0.70710903 0.70710456 1.110223E-16
vn -0.707109 0.7071045 1.110223E-16
vn 0.707109 0.70710456 1.110223E-16
vn 0.707109 0.70710456 1.110223E-16
vn 0.707109 0.70710456 1.110223E-16
vn 0.707109 0.70710456 1.110223E-16
vn 0 0.70710975 -0.7071039
vn 0 0.70710975 -0.7071038
vn 0 0.70710975 -0.70710385
vn 0 0.70710975 -0.70710385
vn -0.7071038 0.7071098 7.9969044E-07
vn -0.7071038 0.70710975 7.9969044E-07
vn -0.70710385 0.7071098 7.996905E-07
vn -0.7071038 0.70710975 7.9969044E-07
vn 0 0.7071097 0.7071038
vn 0 0.70710975 0.70710385
vn 0 0.7071097 0.7071038
vn 0 0.70710975 0.7071038
vn 0.7071038 0.70710975 1.110223E-16
vn 0.7071038 0.70710975 1.110223E-16
vn 0.70710385 0.70710975 1.110223E-16
vn 0.70710385 0.70710975 1.110223E-16
vn 0 0.70710975 -0.7071038
vn 0 0.70710975 -0.7071038
vn 0 0.70710975 -0.70710385
vn 0 0.70710975 -0.70710385
vn -0.7071038 0.7071098 8.011936E-07
vn -0.7071038 0.70710975 8.011936E-07
vn -0.70710385 0.7071098 8.0119366E-07
vn -0.7071038 0.70710975 8.011936E-07
vn 0 0.7071097 0.7071038
vn 0 0.7071097 0.7071038
vn 0 0.70710975 0.70710385
vn 0 0.70710975 0.70710385
vn 0.707109 0.70710456 1.110223E-16
vn 0.707109 0.70710456 1.110223E-16
vn 0.707109 0.70710456 1.110223E-16
vn 0.707109 0.70710456 1.110223E-16
vn 0 0.7071097 -0.70710385
vn 0 0.70710975 -0.70710385
vn 0 0.7071097 -0.7071038
vn 0 0.70710963 -0.7071038
vn -0.7071038 0.7071098 8.011936E-07
vn -0.7071038 0.70710975 8.011936E-07
vn -0.70710385 0.7071098 8.0119366E-07
vn -0.7071038 0.70710975 8.011936E-07
vn 0 0.7071097 0.7071038
vn 0 0.70710975 0.70710385
vn 0 0.70710975 0.70710385
vn 0 0.70710975 0.70710385
vn 0.7071038 0.70710975 1.110223E-16
vn 0.7071038 0.70710975 1.110223E-16
vn 0.70710385 0.70710975 1.110223E-16
vn 0.70710385 0.70710975 1.110223E-16
vn 0 0.70710975 -0.70710385
vn 0 0.70710975 -0.70710385
vn 0 0.70710975 -0.70710385
vn 0 0.70710975 -0.70710385
vn -0.7071038 0.7071098 2.220446E-16
vn -0.7071038 0.7071098 2.220446E-16
vn -0.7071037 0.70710975 1.110223E-16
vn -0.7071037 0.70710975 1.110223E-16
vn 0 0.70710975 0.70710385
vn 0 0.70710975 0.70710385
vn 0 0.70710975 0.70710385
vn 0 0.70710975 0.70710385
vn 0.7071038 0.70710975 1.110223E-16
vn 0.7071038 0.70710975 1.110223E-16
vn 0.70710385 0.70710975 1.110223E-16
vn 0.70710385 0.70710975 1.110223E-16
vn 0 0.7071097 -0.7071039
vn 0 0.7071097 -0.7071039
vn 0 0.7071097 -0.7071039
vn 0 0.7071097 -0.7071039
vn -0.7071038 0.7071098 8.011936E-07
vn -0.7071038 0.70710975 8.011936E-07
vn -0.70710385 0.7071098 8.0119366E-07
vn -0.7071038 0.70710975 8.011936E-07
vn 0 0.7071097 0.7071038
vn 0 0.7071097 0.7071038
vn 0 0.70710975 0.70710385
vn 0 0.70710975 0.70710385
vn 0.7071037 0.70710975 1.110223E-16
vn 0.70710385 0.7071098 2.220446E-16
vn 0.7071038 0.70710975 1.110223E-16
vn 0.7071038 0.70710975 1.110223E-16
vn 0 0.7070993 -0.70711416
vn 0 0.7070993 -0.70711416
vn 0 0.7070994 -0.7071142
vn 0 0.7070994 -0.7071142
vn -0.70710385 0.7071097 2.220446E-16
vn -0.7071038 0.70710975 1.110223E-16
vn -0.70710385 0.70710975 1.110223E-16
vn -0.70710385 0.70710975 1.110223E-16
vn 0 0.7071098 0.7071038
vn 0 0.7071098 0.7071038
vn 0 0.7071098 0.70710385
vn 0 0.7071098 0.70710385
vn 0.70710385 0.7071098 2.220446E-16
vn 0.70710385 0.7071098 2.220446E-16
vn 0.7071038 0.70710975 1.110223E-16
vn 0.7071038 0.70710975 1.110223E-16
vn 0 0.7070993 -0.7071142
vn 0 0.7070993 -0.7071142
vn 0 0.7070993 -0.7071142
vn 0 0.7070993 -0.7071142
vn -0.70710385 0.7071098 2.220446E-16
vn -0.70710385 0.7071098 2.220446E-16
vn -0.7071038 0.70710975 1.110223E-16
vn -0.7071038 0.70710975 1.110223E-16
vn 0 0.7070993 0.70711416
vn 0 0.7070993 0.70711416
vn 0 0.7070994 0.7071142
vn 0 0.7070994 0.7071142
vn 0.70710385 0.7071098 2.220446E-16
vn 0.70710385 0.7071098 2.220446E-16
vn 0.7071038 0.70710975 1.110223E-16
vn 0.7071038 0.70710975 1.110223E-16
vn 0 0.7070993 -0.70711416
vn 0 0.7070993 -0.70711416
vn 0 0.70709944 -0.7071142
vn 0 0.70709944 -0.7071142
vn -0.70710385 0.7071098 2.220446E-16
vn -0.70710385 0.7071098 2.220446E-16
vn -0.7071038 0.70710975 1.110223E-16
vn -0.7071038 0.70710975 1.110223E-16
vn 0 0.7070993 0.70711416
vn 0 0.7070993 0.70711416
vn 0 0.70709944 0.7071142
vn 0 0.70709944 0.7071142
vn 0.7071089 0.70710456 1.110223E-16
vn 0.7071089 0.70710456 1.110223E-16
vn 0.707109 0.70710456 1.110223E-16
vn 0.707109 0.70710456 1.110223E-16
vn 0 0.7070994 -0.70711416
vn 0 0.7070994 -0.70711416
vn 0 0.7070994 -0.70711416
vn 0 0.7070994 -0.70711416
vn -0.70710385 0.7071098 2.220446E-16
vn -0.70710385 0.7071098 2.220446E-16
vn -0.7071038 0.70710975 1.110223E-16
vn -0.7071038 0.70710975 1.110223E-16
vn 0 0.7070993 0.7071142
vn 0 0.7070993 0.7071142
vn 0 0.7070993 0.7071142
vn 0 0.7070993 0.7071142
vn 0.7071089 0.70710456 1.110223E-16
vn 0.7071089 0.70710456 1.110223E-16
vn 0.707109 0.70710456 1.110223E-16
vn 0.707109 0.70710456 1.110223E-16
vn 0 0.7070993 -0.70711416
vn 0 0.7070994 -0.7071142
vn 0 0.7070994 -0.7071142
vn 0 0.7070994 -0.7071142
vn -0.70710385 0.7071098 2.220446E-16
vn -0.70710385 0.7071098 2.220446E-16
vn -0.7071038 0.70710975 1.110223E-16
vn -0.7071038 0.70710975 1.110223E-16
vn 0 0.7070994 0.7071142
vn 0 0.7070993 0.70711416
vn 0 0.7070994 0.7071142
vn 0 0.7070994 0.7071142
vn 0.7071089 0.70710456 1.110223E-16
vn 0.7071089 0.70710456 1.110223E-16
vn 0.707109 0.70710456 1.110223E-16
vn 0.707109 0.70710456 1.110223E-16
vn 0 0.7070994 -0.70711416
vn 0 0.7070994 -0.70711416
vn 0 0.7070994 -0.70711416
vn 0 0.7070994 -0.70711416
vn -0.70710385 0.7071098 2.220446E-16
vn -0.70710385 0.7071098 2.220446E-16
vn -0.7071038 0.70710975 1.110223E-16
vn -0.7071038 0.70710975 1.110223E-16
vn 0 0.7070994 0.70711416
vn 0 0.7070994 0.70711416
vn 0 0.7070994 0.70711416
vn 0 0.7070994 0.70711416
vn 0 0.70710975 -0.70710385
vn 0 0.70710975 -0.7071037
vn 0 0.70710975 -0.7071038
vn 0 0.70710975 -0.7071038
vn -0.7071038 0.7071097 2.220446E-16
vn -0.70710385 0.7071098 2.220446E-16
vn -0.70710385 0.7071098 2.220446E-16
vn -0.70710385 0.70710975 1.110223E-16
vn 0.707109 0.7071045 1.110223E-16
vn 0.707109 0.7071045 1.110223E-16
vn 0.70710903 0.7071045 1.110223E-16
vn 0.70710903 0.7071045 1.110223E-16
vn 0 0.7070993 -0.70711416
vn 0 0.7070993 -0.70711416
vn 0 0.70709944 -0.7071142
vn 0 0.7070993 -0.70711416
vn -0.70710385 0.7071098 2.220446E-16
vn -0.70710385 0.7071098 2.220446E-16
vn -0.70710385 0.7071098 2.220446E-16
vn -0.70710385 0.7071098 2.220446E-16
vn 0 0.7070994 0.70711416
vn 0 0.7070994 0.70711416
vn 0 0.7070994 0.70711416
vn 0 0.7070994 0.70711416
vn 0 0.7070995 -0.7071142
vn 0 0.7070995 -0.7071142
vn 0 0.7070995 -0.7071142
vn 0 0.7070995 -0.7071142
vn 0 0.7070995 -0.7071142
vn 0 0.7070995 -0.7071142
vn 0 0.7070995 -0.7071142
vn 0 0.7070995 -0.7071142
vn -0.707109 0.70710456 1.110223E-16
vn -0.707109 0.70710456 1.110223E-16
vn -0.707109 0.70710456 1.110223E-16
vn -0.707109 0.70710456 1.110223E-16
vn 0 0.7071097 0.70710385
vn 0 0.70710975 0.70710385
vn 0 0.7071097 0.7071038
vn 0 0.70710963 0.7071038
vn 0.7071038 0.7071098 2.220446E-16
vn 0.7071038 0.7071098 2.220446E-16
vn 0.7071037 0.70710975 1.110223E-16
vn 0.7071037 0.70710975 1.110223E-16
vn 0 0.7071098 -0.7071038
vn 0 0.70710975 -0.7071038
vn 0 0.7071097 -0.7071037
vn 0 0.70710975 -0.7071037
vn -0.7071038 0.70710975 1.110223E-16
vn -0.7071038 0.70710975 1.110223E-16
vn -0.70710385 0.70710975 1.110223E-16
vn -0.70710385 0.70710975 1.110223E-16
vn 0 0.7071097 0.7071038
vn 0 0.7071097 0.7071038
vn 0 0.70710975 0.70710385
vn 0 0.70710975 0.70710385
vn 0.7071038 0.70710975 1.110223E-16
vn 0.7071038 0.70710975 1.110223E-16
vn 0.70710385 0.70710975 1.110223E-16
vn 0.70710385 0.70710975 1.110223E-16
vn 0 0.7071097 -0.7071038
vn 0 0.7071097 -0.7071038
vn 0 0.70710975 -0.70710385
vn 0 0.70710975 -0.70710385
vn -0.7071038 0.7071098 2.220446E-16
vn -0.7071038 0.7071098 2.220446E-16
vn -0.7071037 0.70710975 1.110223E-16
vn -0.7071037 0.70710975 1.110223E-16
vn 0 0.70710975 0.7071038
vn 0 0.70710975 0.7071038
vn 0 0.70710975 0.70710385
vn 0 0.70710975 0.70710385
vn 0.7071038 0.7071098 2.220446E-16
vn 0.7071038 0.7071098 2.220446E-16
vn 0.7071037 0.70710975 1.110223E-16
vn 0.7071037 0.70710975 1.110223E-16
vn 0 0.70710975 -0.7071038
vn 0 0.70710975 -0.7071038
vn 0 0.70710975 -0.70710385
vn 0 0.70710975 -0.70710385
vn -0.7071038 0.70710975 1.110223E-16
vn -0.7071038 0.70710975 1.110223E-16
vn -0.70710385 0.70710975 1.110223E-16
vn -0.70710385 0.70710975 1.110223E-16
vn 0 0.70710975 0.7071038
vn 0 0.70710975 0.7071038
vn 0 0.70710975 0.70710385
vn 0 0.70710975 0.70710385
vn 0.7071038 0.7071098 2.220446E-16
vn 0.7071038 0.7071098 2.220446E-16
vn 0.7071037 0.70710975 1.110223E-16
vn 0.7071037 0.70710975 1.110223E-16
vn 0 0.70710975 -0.7071038
vn 0 0.70710975 -0.7071038
vn 0 0.70710975 -0.70710385
vn 0 0.70710975 -0.70710385
vn -0.7071038 0.7071098 2.220446E-16
vn -0.7071038 0.7071098 2.220446E-16
vn -0.7071037 0.70710975 1.110223E-16
vn -0.7071037 0.70710975 1.110223E-16
vn -2.706525E-07 0.70710975 0.7071039
vn -2.706525E-07 0.70710975 0.70710385
vn -2.7065246E-07 0.7071097 0.7071038
vn -2.7065252E-07 0.70710975 0.70710385
vn 0.7071037 0.70710975 1.110223E-16
vn 0.7071037 0.70710975 1.110223E-16
vn 0.7071038 0.70710975 1.110223E-16
vn 0.7071038 0.70710975 1.110223E-16
vn 0 0.70710975 -0.7071038
vn 0 0.70710975 -0.7071038
vn 0 0.70710975 -0.70710385
vn 0 0.70710975 -0.70710385
vn -0.7071039 0.70710975 1.110223E-16
vn -0.7071038 0.7071097 2.220446E-16
vn -0.70710385 0.70710975 1.110223E-16
vn -0.70710385 0.7071097 2.220446E-16
vn 0 0.70710975 0.7071038
vn 0 0.70710975 0.7071038
vn 0 0.70710975 0.70710385
vn 0 0.70710975 0.70710385
vn 0.70710385 0.70710975 -8.01195E-07
vn 0.70710385 0.70710975 -8.01195E-07
vn 0.7071038 0.7071097 -8.0119486E-07
vn 0.7071038 0.7071097 -8.011949E-07
vn 1.6360573E-07 0.7070994 -0.7071142
vn 1.6360572E-07 0.7070993 -0.70711416
vn 1.6360573E-07 0.7070993 -0.7071142
vn 1.6360573E-07 0.7070994 -0.7071142
vn -0.70710385 0.7071098 2.220446E-16
vn -0.70710385 0.7071098 2.220446E-16
vn -0.7071038 0.70710975 1.110223E-16
vn -0.7071038 0.70710975 1.110223E-16
vn 0 0.70709926 0.7071142
vn 0 0.70709926 0.7071142
vn 0 0.7070994 0.7071143
vn 0 0.7070994 0.7071143
vn 0.70710385 0.7071098 2.220446E-16
vn 0.70710385 0.7071098 2.220446E-16
vn 0.7071038 0.70710975 1.110223E-16
vn 0.7071038 0.70710975 1.110223E-16
vn 0 0.70709926 -0.7071142
vn 0 0.70709926 -0.7071142
vn 0 0.7070994 -0.7071143
vn 0 0.7070994 -0.7071143
vn -0.7071089 0.70710456 1.110223E-16
vn -0.7071089 0.70710456 1.110223E-16
vn -0.707109 0.70710456 1.110223E-16
vn -0.707109 0.70710456 1.110223E-16
vn 0 0.7070993 0.70711416
vn 0 0.7070994 0.7071142
vn 0 0.7070994 0.7071142
vn 0 0.7070994 0.7071142
vn 0.70710385 0.7071097 2.220446E-16
vn 0.70710385 0.7071097 2.220446E-16
vn 0.70710385 0.70710975 1.110223E-16
vn 0.70710385 0.70710975 1.110223E-16
vn -1.8619068E-07 0.7070993 -0.7071141
vn -1.8619069E-07 0.7070994 -0.70711416
vn -1.861907E-07 0.7070994 -0.70711416
vn -1.8619072E-07 0.70709944 -0.7071142
vn -0.70710385 0.7071098 2.220446E-16
vn -0.70710385 0.7071098 2.220446E-16
vn -0.7071038 0.70710975 1.110223E-16
vn -0.7071038 0.70710975 1.110223E-16
vn 0 0.7070994 0.7071141
vn 0 0.7070994 0.7071141
vn 0 0.7070995 0.7071142
vn 0 0.7070995 0.7071142
vn 0.70710385 0.7071098 2.220446E-16
vn 0.70710385 0.7071098 2.220446E-16
vn 0.7071038 0.70710975 1.110223E-16
vn 0.7071038 0.70710975 1.110223E-16
vn 0 0.7070994 -0.7071141
vn 0 0.7070994 -0.7071141
vn 0 0.7070995 -0.7071142
vn 0 0.7070995 -0.7071142
vn -0.7071089 0.70710456 1.110223E-16
vn -0.7071089 0.70710456 1.110223E-16
vn -0.707109 0.70710456 1.110223E-16
vn -0.707109 0.70710456 1.110223E-16
vn 0 0.7070993 0.7071142
vn 0 0.7070993 0.7071142
vn 0 0.7070993 0.7071142
vn 0 0.7070993 0.7071142
vn 0.70710385 0.7071098 -8.011946E-07
vn 0.70710385 0.70710975 -8.011946E-07
vn 0.7071038 0.7071097 -8.0119446E-07
vn 0.70710385 0.70710975 -8.011945E-07
vn 2.1601413E-07 0.7070993 -0.70711416
vn 2.1601413E-07 0.7070993 -0.70711416
vn 2.1601413E-07 0.7070994 -0.7071142
vn 2.1601416E-07 0.70709944 -0.7071142
vn -0.7071089 0.70710456 1.110223E-16
vn -0.7071089 0.70710456 1.110223E-16
vn -0.707109 0.70710456 1.110223E-16
vn -0.707109 0.70710456 1.110223E-16
vn 0 0.7070994 0.70711416
vn 0 0.7070994 0.70711416
vn 0 0.7070994 0.70711416
vn 0 0.7070994 0.70711416
vn 0.70710385 0.7071098 2.220446E-16
vn 0.70710385 0.7071098 2.220446E-16
vn 0.7071038 0.70710975 1.110223E-16
vn 0.7071038 0.70710975 1.110223E-16
vn 0 0.7070994 -0.70711416
vn 0 0.7070994 -0.70711416
vn 0 0.7070994 -0.70711416
vn 0 0.7070994 -0.70711416
vn -6.003254E-08 0.7071097 -0.7071039
vn -6.003254E-08 0.7071097 -0.70710385
vn -6.003254E-08 0.7071097 -0.70710385
vn -6.003254E-08 0.70710975 -0.70710385
vn 0.7071038 0.70710963 1.110223E-16
vn 0.70710385 0.70710975 1.110223E-16
vn 0.7071039 0.70710975 1.110223E-16
vn 0.7071038 0.70710963 1.110223E-16
vn 0.707109 0.7071045 1.110223E-16
vn 0.707109 0.7071045 1.110223E-16
vn 0.70710903 0.7071045 1.110223E-16
vn 0.70710903 0.7071045 1.110223E-16
vn 0 0.7070994 -0.7071142
vn 0 0.7070993 -0.70711416
vn 0 0.7070993 -0.70711416
vn 0 0.7070994 -0.7071142
vn 0 0.7070994 0.7071142
vn 0 0.7070993 0.70711416
vn 0 0.7070994 0.7071142
vn 0 0.7070994 0.7071142
vn 0.70710385 0.7071098 2.220446E-16
vn 0.70710385 0.7071098 2.220446E-16
vn 0.70710385 0.7071098 2.220446E-16
vn 0.70710385 0.7071098 2.220446E-16
vn 2.5720172E-07 0.7070994 -0.7071141
vn 2.5720172E-07 0.7070994 -0.7071141
vn 2.5720175E-07 0.70709944 -0.70711416
vn 2.5720175E-07 0.7070995 -0.7071142
vn -0.707109 0.7071045 1.110223E-16
vn -0.707109 0.7071045 1.110223E-16
vn -0.70710903 0.7071045 1.110223E-16
vn -0.70710903 0.7071045 1.110223E-16
# 5148 vertex normals

vt 0.72551256 -5.9604645E-08 0
vt 0.72551256 1 0
vt 0.30545673 1 0
vt 0.31545672 1 0
vt 0.31545672 0 0
vt 0.30545673 0 0
vt 0.1546318 -5.9604645E-08 0
vt 0.1546318 1 0
vt 0.08921933 -5.9604645E-08 0
vt 0.08921933 1 0
vt 0.5709708 -5.9604645E-08 0
vt 0.5609708 -5.9604645E-08 0
vt 0.5609708 1 0
vt 0.5709708 1 0
vt 0.46860802 1 0
vt 0.46860802 0 0
vt 0.684875 1 0
vt 0.684875 0 0
vt 0.02087742 1 0
vt 0.030877411 1 0
vt 0.030877411 0 0
vt 0.02087742 0 0
vt 0.75243205 -5.9604645E-08 0
vt 0.75243205 1 0
vt 0.8471206 1 0
vt 0.8471206 0 0
vt 0.4625962 1 0
vt 0.4725962 1 0
vt 0.4725962 0 0
vt 0.4625962 0 0
vt 0.6824586 1 0
vt 0.6824586 0 0
vt 0.96743065 -5.9604645E-08 0
vt 0.96743065 1 0
vt 0.4077282 1 0
vt 0.3977282 1 0
vt 0.3977282 0 0
vt 0.4077282 0 0
vt 0.9496344 1 0
vt 0.9496344 0 0
vt 0.84138066 1 0
vt 0.84138066 0 0
vt 0.6072878 -5.9604645E-08 0
vt 0.6172878 -5.9604645E-08 0
vt 0.6172878 1 0
vt 0.6072878 1 0
vt 0.65822744 1 0
vt 0.65822744 0 0
vt 0.70324534 1 0
vt 0.70324534 0 0
vt 0.3752791 1 0
vt 0.3652791 1 0
vt 0.3652791 0 0
vt 0.3752791 0 0
vt 0.015921801 -5.9604645E-08 0
vt 0.015921801 1 0
vt 0.33660665 1 0
vt 0.33660665 0 0
vt 0.96613085 -5.9604645E-08 0
vt 0.95613086 -5.9604645E-08 0
vt 0.95613086 1 0
vt 0.96613085 1 0
vt 0.32098576 -5.9604645E-08 0
vt 0.32098576 1 0
vt 0.5910029 1.0430813E-06 0
vt 0.5910029 1 0
vt 0.89349806 0.9999989 0
vt 0.8834981 0.9999989 0
vt 0.8834981 0 0
vt 0.89349806 0 0
vt 0.9591522 1.0430813E-06 0
vt 0.9591522 1 0
vt 0.16523606 -5.9604645E-08 0
vt 0.16523606 1 0
vt 0.6046895 1 0
vt 0.6046895 0 0
vt 0.3405948 1 0
vt 0.3405948 0 0
vt 0.16300029 -5.9604645E-08 0
vt 0.1530003 -5.9604645E-08 0
vt 0.1530003 1 0
vt 0.16300029 1 0
vt 0.6483175 1 0
vt 0.6483175 0 0
vt 0.05550188 -5.9604645E-08 0
vt 0.05550188 1 0
vt 0.7693515 -5.9604645E-08 0
vt 0.7593515 -5.9604645E-08 0
vt 0.7593515 1 0
vt 0.7693515 1 0
vt 0.7222187 1 0
vt 0.7222187 0 0
vt 0.26342997 -5.9604645E-08 0
vt 0.26342997 1 0
vt 0.10846585 -5.9604645E-08 0
vt 0.11846584 -5.9604645E-08 0
vt 0.11846584 1 0
vt 0.10846585 1 0
vt 0.4737147 1 0
vt 0.4737147 0 0
vt 0.37394968 1 0
vt 0.37394968 0 0
vt 0.15405712 -5.9604645E-08 0
vt 0.14405712 -5.9604645E-08 0
vt 0.14405712 1 0
vt 0.15405712 1 0
vt 0.29065156 1 0
vt 0.29065156 0 0
vt 0.07211858 1 0
vt 0.07211858 0 0
vt 0.364554 1 0
vt 0.37455398 1 0
vt 0.37455398 0 0
vt 0.364554 0 0
vt 0.2219767 -5.9604645E-08 0
vt 0.2219767 1 0
vt 0.44815361 -5.9604645E-08 0
vt 0.44815361 1 0
vt 0.775938 1 0
vt 0.765938 1 0
vt 0.765938 0 0
vt 0.775938 0 0
vt 0.26639026 1 0
vt 0.26639026 0 0
vt 0.95634174 -5.9604645E-08 0
vt 0.95634174 1 0
vt 0.44739828 1 0
vt 0.43739828 1 0
vt 0.43739828 0 0
vt 0.44739828 0 0
vt 0.13311929 -5.9604645E-08 0
vt 0.13311929 1 0
vt 0.43969387 0.9999989 0
vt 0.43969387 0 0
vt 0.17469281 1.0430813E-06 0
vt 0.16469282 1.0430813E-06 0
vt 0.16469282 1 0
vt 0.17469281 1 0
vt 0.25663197 0.9999989 0
vt 0.25663197 0 0
vt 0.69702137 1 0
vt 0.69702137 0 0
vt 0.9879449 -5.9604645E-08 0
vt 0.9779449 -5.9604645E-08 0
vt 0.9779449 1 0
vt 0.9879449 1 0
vt 0.7606204 -5.9604645E-08 0
vt 0.7606204 1 0
vt 0.60604846 1 0
vt 0.60604846 0 0
vt 0.48093507 -5.9604645E-08 0
vt 0.47093508 -5.9604645E-08 0
vt 0.47093508 1 0
vt 0.48093507 1 0
vt 0.46477094 1 0
vt 0.46477094 0 0
vt 0.3942839 -5.9604645E-08 0
vt 0.3942839 1 0
vt 0.6421534 -5.9604645E-08 0
vt 0.6321534 -5.9604645E-08 0
vt 0.6321534 1 0
vt 0.6421534 1 0
vt 0.08302623 1 0
vt 0.08302623 0 0
vt 0.17774498 -5.9604645E-08 0
vt 0.17774498 1 0
vt 0.86552113 -5.9604645E-08 0
vt 0.8755211 -5.9604645E-08 0
vt 0.8755211 1 0
vt 0.86552113 1 0
vt 0.17170173 1 0
vt 0.17170173 0 0
vt 0.5163155 -5.9604645E-08 0
vt 0.5163155 1 0
vt 0.13626146 1 0
vt 0.13626146 0 0
vt 0.9299057 1 0
vt 0.9299057 0 0
vt 0.084506035 -5.9604645E-08 0
vt 0.074506044 -5.9604645E-08 0
vt 0.074506044 1 0
vt 0.084506035 1 0
vt 0.5874975 1 0
vt 0.5874975 0 0
vt 0.51707023 1 0
vt 0.51707023 0 0
vt 0.6753578 -5.9604645E-08 0
vt 0.6653578 -5.9604645E-08 0
vt 0.6653578 1 0
vt 0.6753578 1 0
vt 0.86041504 1 0
vt 0.86041504 0 0
vt 0.28391397 -5.9604645E-08 0
vt 0.28391397 1 0
vt 0.8170583 -5.9604645E-08 0
vt 0.80705833 -5.9604645E-08 0
vt 0.80705833 1 0
vt 0.8170583 1 0
vt 0.76131475 -5.9604645E-08 0
vt 0.76131475 1 0
vt 0.87376934 -5.9604645E-08 0
vt 0.87376934 1 0
vt 0.010121465 -5.9604645E-08 0
vt 0.020121455 -5.9604645E-08 0
vt 0.020121455 1 0
vt 0.010121465 1 0
vt 0.10864651 -5.9604645E-08 0
vt 0.10864651 1 0
vt 0.6988946 -5.9604645E-08 0
vt 0.6988946 1 0
vt 0.5505466 -5.9604645E-08 0
vt 0.5405466 -5.9604645E-08 0
vt 0.5405466 1 0
vt 0.5505466 1 0
vt 0.08408368 1 0
vt 0.08408368 0 0
vt 0.9729289 1 0
vt 0.9729289 0 0
vt 0.39540178 -5.9604645E-08 0
vt 0.40540177 -5.9604645E-08 0
vt 0.40540177 1 0
vt 0.39540178 1 0
vt 0.21097904 1 0
vt 0.21097904 0 0
vt 0.651641 -5.9604645E-08 0
vt 0.651641 1 0
vt 0.96446913 -5.9604645E-08 0
vt 0.95446914 -5.9604645E-08 0
vt 0.95446914 1 0
vt 0.96446913 1 0
vt 0.79143804 -5.9604645E-08 0
vt 0.79143804 1 0
vt 0.56296426 -5.9604645E-08 0
vt 0.56296426 1 0
vt 0.08541307 1 0
vt 0.09541306 1 0
vt 0.09541306 0 0
vt 0.08541307 0 0
vt 0.048763692 -5.9604645E-08 0
vt 0.048763692 1 0
vt 0.43609852 -5.9604645E-08 0
vt 0.43609852 1 0
vt 0.2709833 1 0
vt 0.2809833 1 0
vt 0.2809833 0 0
vt 0.2709833 0 0
vt 0.13478166 -5.9604645E-08 0
vt 0.13478166 1 0
vt 0.27204075 -5.9604645E-08 0
vt 0.27204075 1 0
vt 0.507463 -5.9604645E-08 0
vt 0.51746297 -5.9604645E-08 0
vt 0.51746297 1 0
vt 0.507463 1 0
vt 0.79406595 1 0
vt 0.79406595 0 0
vt 0.33778495 1 0
vt 0.33778495 0 0
vt 0.437156 -5.9604645E-08 0
vt 0.437156 1 0
vt 0.06426376 1 0
vt 0.06426376 0 0
vt 0.08659077 1 0
vt 0.07659078 1 0
vt 0.07659078 0 0
vt 0.08659077 0 0
vt 0.23545182 -5.9604645E-08 0
vt 0.23545182 1 0
vt 0.6160793 -5.9604645E-08 0
vt 0.6160793 0.99999785 0
vt 0.07456648 -5.9604645E-08 0
vt 0.07456648 0.99999785 0
vt 0.37808955 1 0
vt 0.37808955 0 0
vt 0.6935469 -5.9604645E-08 0
vt 0.7035469 -5.9604645E-08 0
vt 0.7035469 1 0
vt 0.6935469 1 0
vt 0.12130588 -5.9604645E-08 0
vt 0.12130588 1 0
vt 0.21835107 -5.9604645E-08 0
vt 0.21835107 1 0
vt 0.27648214 -5.9604645E-08 0
vt 0.28648213 -5.9604645E-08 0
vt 0.28648213 1 0
vt 0.27648214 1 0
vt 0.22517991 -5.9604645E-08 0
vt 0.22517991 1 0
vt 0.10607898 1 0
vt 0.10607898 0 0
vt 0.18880245 -5.9604645E-08 0
vt 0.17880246 -5.9604645E-08 0
vt 0.17880246 1 0
vt 0.18880245 1 0
vt 0.610792 1 0
vt 0.610792 0 0
vt 0.3610486 1 0
vt 0.3610486 0 0
vt 0.24472731 1 0
vt 0.23472732 1 0
vt 0.23472732 0 0
vt 0.24472731 0 0
vt 0.36959958 -5.9604645E-08 0
vt 0.36959958 1 0
vt 0.047222793 -5.9604645E-08 0
vt 0.047222793 1 0
vt 0.42715535 1 0
vt 0.41715536 1 0
vt 0.41715536 0 0
vt 0.42715535 0 0
vt 0.9743489 1 0
vt 0.9743489 0 0
vt 0.7362383 1 0
vt 0.7362383 0 0
vt 0.1390109 1 0
vt 0.12901092 1 0
vt 0.12901092 0 0
vt 0.1390109 0 0
vt 0.8471514 1 0
vt 0.8471514 0 0
vt 0.23258215 -5.9604645E-08 0
vt 0.23258215 1 0
vt 0.7953047 -5.9604645E-08 0
vt 0.7853047 -5.9604645E-08 0
vt 0.7853047 1 0
vt 0.7953047 1 0
vt 0.12623125 -5.9604645E-08 0
vt 0.12623125 1 0
vt 0.85660815 -5.9604645E-08 0
vt 0.85660815 1 0
vt 0.41857478 -5.9604645E-08 0
vt 0.4085748 -5.9604645E-08 0
vt 0.4085748 1 0
vt 0.41857478 1 0
vt 0.030847192 1 0
vt 0.030847192 0 0
vt 0.16988891 1 0
vt 0.16988891 0 0
vt 0.82083565 1 0
vt 0.83083564 1 0
vt 0.83083564 0 0
vt 0.82083565 0 0
vt 0.38431287 -5.9604645E-08 0
vt 0.38431287 1 0
vt 0.31627247 1 0
vt 0.31627247 0 0
vt 0.3328898 1 0
vt 0.3228898 1 0
vt 0.3228898 0 0
vt 0.3328898 0 0
vt 0.61405563 1 0
vt 0.61405563 0 0
vt 0.9126835 -5.9604645E-08 0
vt 0.9126835 1 0
vt 0.8053059 1 0
vt 0.8053059 0 0
vt 0.67644554 -5.9604645E-08 0
vt 0.41062868 1 0
vt 0.4006287 1 0
vt 0.23421371 1 0
vt 0.7309126 -2.2053719E-06 0
vt 0.7262073 -5.9604645E-08 0
vt 0.7309126 1 0
vt 0.08841926 -5.9604645E-08 0
vt 0.08841926 1 0
vt 0.67867494 1 0
vt 0.67867494 0 0
vt 0.8455205 1 0
vt 0.8455205 0 0
vt 0.97443074 -2.2053719E-06 0
vt 0.97443074 1 0
vt 0.84378076 1 0
vt 0.84378076 0 0
vt 0.36780006 -5.9604645E-08 0
vt 0.3678 1 0
vt 0.70644546 1 0
vt 0.70644546 0 0
vt 0.34520677 1 0
vt 0.34520677 0 0
vt 0.59500295 1.0430813E-06 0
vt 0.59500295 0.9999989 0
vt 0.15583596 1.0430813E-06 0
vt 0.15583596 1 0
vt 0.34539488 1 0
vt 0.34539488 0 0
vt 0.05570197 -5.9604645E-08 0
vt 0.05570197 0.15109032 0
vt 0.3094673 1.0000021 0
vt 0.3141726 1 0
vt 0.15805298 -5.9604645E-08 0
vt 0.15805298 1 0
vt 0.46058685 0 0
vt 0.46058685 0.99999785 0
vt 0.7498109 1 0
vt 0.7498109 -5.9604645E-08 0
vt 0.68967974 0 0
vt 0.68967974 1 0
vt 0.9478132 0 0
vt 0.9478132 1 0
vt 0.66464865 0 0
vt 0.66464865 1 0
vt 0.0103006065 0.9999989 0
vt 0.0103006065 -5.9604645E-08 0
vt 0.32076457 1 0
vt 0.32076457 -5.9604645E-08 0
vt 0.9639734 1 0
vt 0.9639734 1.0430813E-06 0
vt 0.61411065 0 0
vt 0.61411065 1 0
vt 0.65233874 0 0
vt 0.65233874 1 0
vt 0.7135975 0.8489097 0
vt 0.7135975 1 0
vt 0.34897876 1 0
vt 0.34897876 -5.9604645E-08 0
vt 0.26903006 -1.1324883E-06 0
vt 0.26903006 1 0
vt 0.37294957 1 0
vt 0.37294957 0 0
vt 0.0657185 1 0
vt 0.0657185 0 0
vt 0.4463535 -5.9604645E-08 0
vt 0.4463535 1 0
vt 0.9491416 -5.9604645E-08 0
vt 0.9491416 1 0
vt 0.4370938 0.9999989 0
vt 0.4370938 0 0
vt 0.7050215 1 0
vt 0.7050215 0 0
vt 0.6026484 1 0
vt 0.6026484 0 0
vt 0.40308398 -5.9604645E-08 0
vt 0.40308398 1 0
vt 0.18194509 -5.9604645E-08 0
vt 0.18194509 1 0
vt 0.5259156 -5.9604645E-08 0
vt 0.5259156 1 0
vt 0.9349058 1 0
vt 0.9349058 0.6978193 0
vt 0.05570197 1 0
vt 0.4769359 0 0
vt 0.4769359 0.9999989 0
vt 0.28283036 0 0
vt 0.28283036 1 0
vt 0.2195555 1 0
vt 0.2195555 -5.9604645E-08 0
vt 0.25936908 0 0
vt 0.25936908 1 0
vt 0.1314981 1 0
vt 0.1314981 -5.9604645E-08 0
vt 0.26285315 0 0
vt 0.26285315 0.9999989 0
vt 0.7614416 1 0
vt 0.7614416 -5.9604645E-08 0
vt 0.45934978 0 0
vt 0.45934978 1 0
vt 0.08304742 0 0
vt 0.08304742 1.0000002 0
vt 0.16708058 0 0
vt 0.16708058 1 0
vt 0.12704027 0 0
vt 0.12704027 1 0
vt 0.5836763 0.6978193 0
vt 0.5836763 1 0
vt 0.7135975 0 0
vt 0.51667017 1 0
vt 0.51667017 0 0
vt 0.27811387 -5.9604645E-08 0
vt 0.27811387 1 0
vt 0.8749694 -5.9604645E-08 0
vt 0.8749694 0.99999976 0
vt 0.7054947 -5.9604645E-08 0
vt 0.7054947 1 0
vt 0.9709288 1 0
vt 0.9709288 0 0
vt 0.6590411 -5.9604645E-08 0
vt 0.6590411 1 0
vt 0.56016415 -5.9604645E-08 0
vt 0.56016415 1 0
vt 0.42789844 -5.9604645E-08 0
vt 0.42789844 1 0
vt 0.27564088 -5.9604645E-08 0
vt 0.27564088 1 0
vt 0.346785 1 0
vt 0.346785 0 0
vt 0.068663836 1 0
vt 0.068663836 0 0
vt 0.6062792 -5.9604645E-08 0
vt 0.6062792 0.45326996 0
vt 0.9349058 0 0
vt 0.8688362 0 0
vt 0.8688362 1 0
vt 0.75829357 1 0
vt 0.75829357 -5.9604645E-08 0
vt 0.10102534 1 0
vt 0.10102534 -5.9604645E-08 0
vt 0.08630487 0 0
vt 0.08630487 1 0
vt 0.20415783 0 0
vt 0.20415783 1 0
vt 0.7928592 1 0
vt 0.7928592 -5.9604645E-08 0
vt 0.04274249 1 0
vt 0.04274249 -5.9604645E-08 0
vt 0.13540286 1 0
vt 0.13540286 -5.9604645E-08 0
vt 0.78884476 0 0
vt 0.78884476 1 0
vt 0.42733482 1 0
vt 0.42733482 -5.9604645E-08 0
vt 0.23103058 1 0
vt 0.23103058 -5.9604645E-08 0
vt 0.08358765 0.45326996 0
vt 0.08358765 -5.9604645E-08 0
vt 0.5836763 0 0
vt 0.67184544 0.6043614 0
vt 0.67644554 0.6043614 0
vt 0.41062868 0.39563644 0
vt 0.4105234 0.39563859 0
vt 0.38328964 1 0
vt 0.38328964 0 0
vt 0.21775097 -5.9604645E-08 0
vt 0.21775097 1 0
vt 0.112079084 1 0
vt 0.112079084 0 0
vt 0.3596485 1 0
vt 0.3596485 0 0
vt 0.040422708 -5.9604645E-08 0
vt 0.040422708 1 0
vt 0.73843837 1 0
vt 0.73843837 0 0
vt 0.24018222 -5.9604645E-08 0
vt 0.24018222 1 0
vt 0.85960823 -5.9604645E-08 0
vt 0.85960823 1 0
vt 0.16148871 1 0
vt 0.16148871 0 0
vt 0.31247225 1 0
vt 0.31247225 0 0
vt 0.9034833 -5.9604645E-08 0
vt 0.9034833 1 0
vt 0.6062792 0.99999785 0
vt 0.67184544 -5.9604645E-08 0
vt 0.4058181 0.39563859 0
vt 0.4011128 0.39563859 0
vt 0.11768466 1 0
vt 0.11768466 -5.9604645E-08 0
vt 0.23340112 1 0
vt 0.23340112 -5.9604645E-08 0
vt 0.6079708 0 0
vt 0.6079708 1 0
vt 0.37702078 1 0
vt 0.37702078 -5.9604645E-08 0
vt 0.9723277 0 0
vt 0.9723277 1.0000012 0
vt 0.8537726 2.1457672E-06 0
vt 0.8537726 1 0
vt 0.12745243 1 0
vt 0.12745243 -5.9604645E-08 0
vt 0.025026023 -2.1457672E-06 0
vt 0.025026023 1 0
vt 0.38389182 1 0
vt 0.38389182 -5.9604645E-08 0
vt 0.6190767 2.1457672E-06 0
vt 0.6190767 1 0
vt 0.814927 0 0
vt 0.814927 1 0
vt 0.23843491 0.39563859 0
vt 0.23843491 1 0
vt 0.08358765 0.9999989 0
vt 0.4006287 0.39563859 0
vt 0.23421371 0.39563644 0
vt 0.72551256 -5.9604645E-08 0
vt 0.72551256 1 0
vt 0.30545673 1 0
vt 0.31545672 1 0
vt 0.31545672 0 0
vt 0.30545673 0 0
vt 0.1546318 -5.9604645E-08 0
vt 0.1546318 1 0
vt 0.08921933 -5.9604645E-08 0
vt 0.08921933 1 0
vt 0.5709708 -5.9604645E-08 0
vt 0.5609708 -5.9604645E-08 0
vt 0.5609708 1 0
vt 0.5709708 1 0
vt 0.46860802 1 0
vt 0.46860802 0 0
vt 0.684875 1 0
vt 0.684875 0 0
vt 0.02087742 1 0
vt 0.030877411 1 0
vt 0.030877411 0 0
vt 0.02087742 0 0
vt 0.75243205 -5.9604645E-08 0
vt 0.75243205 1 0
vt 0.8471206 1 0
vt 0.8471206 0 0
vt 0.4625962 1 0
vt 0.4725962 1 0
vt 0.4725962 0 0
vt 0.4625962 0 0
vt 0.6824586 1 0
vt 0.6824586 0 0
vt 0.96743065 -5.9604645E-08 0
vt 0.96743065 1 0
vt 0.4077282 1 0
vt 0.3977282 1 0
vt 0.3977282 0 0
vt 0.4077282 0 0
vt 0.9496344 1 0
vt 0.9496344 0 0
vt 0.84138066 1 0
vt 0.84138066 0 0
vt 0.6072878 -5.9604645E-08 0
vt 0.6172878 -5.9604645E-08 0
vt 0.6172878 1 0
vt 0.6072878 1 0
vt 0.65822744 1 0
vt 0.65822744 0 0
vt 0.70324534 1 0
vt 0.70324534 0 0
vt 0.3752791 1 0
vt 0.3652791 1 0
vt 0.3652791 0 0
vt 0.3752791 0 0
vt 0.015921801 -5.9604645E-08 0
vt 0.015921801 1 0
vt 0.33660665 1 0
vt 0.33660665 0 0
vt 0.96613085 -5.9604645E-08 0
vt 0.95613086 -5.9604645E-08 0
vt 0.95613086 1 0
vt 0.96613085 1 0
vt 0.32098576 -5.9604645E-08 0
vt 0.32098576 1 0
vt 0.5910029 1.0430813E-06 0
vt 0.5910029 1 0
vt 0.89349806 0.9999989 0
vt 0.8834981 0.9999989 0
vt 0.8834981 0 0
vt 0.89349806 0 0
vt 0.9591522 1.0430813E-06 0
vt 0.9591522 1 0
vt 0.16523606 -5.9604645E-08 0
vt 0.16523606 1 0
vt 0.6046895 1 0
vt 0.6046895 0 0
vt 0.3405948 1 0
vt 0.3405948 0 0
vt 0.16300029 -5.9604645E-08 0
vt 0.1530003 -5.9604645E-08 0
vt 0.1530003 1 0
vt 0.16300029 1 0
vt 0.6483175 1 0
vt 0.6483175 0 0
vt 0.05550188 -5.9604645E-08 0
vt 0.05550188 1 0
vt 0.7693515 -5.9604645E-08 0
vt 0.7593515 -5.9604645E-08 0
vt 0.7593515 1 0
vt 0.7693515 1 0
vt 0.7222187 1 0
vt 0.7222187 0 0
vt 0.26342997 -5.9604645E-08 0
vt 0.26342997 1 0
vt 0.10846585 -5.9604645E-08 0
vt 0.11846584 -5.9604645E-08 0
vt 0.11846584 1 0
vt 0.10846585 1 0
vt 0.4737147 1 0
vt 0.4737147 0 0
vt 0.37394968 1 0
vt 0.37394968 0 0
vt 0.15405712 -5.9604645E-08 0
vt 0.14405712 -5.9604645E-08 0
vt 0.14405712 1 0
vt 0.15405712 1 0
vt 0.29065156 1 0
vt 0.29065156 0 0
vt 0.07211858 1 0
vt 0.07211858 0 0
vt 0.364554 1 0
vt 0.37455398 1 0
vt 0.37455398 0 0
vt 0.364554 0 0
vt 0.2219767 -5.9604645E-08 0
vt 0.2219767 1 0
vt 0.44815361 -5.9604645E-08 0
vt 0.44815361 1 0
vt 0.775938 1 0
vt 0.765938 1 0
vt 0.765938 0 0
vt 0.775938 0 0
vt 0.26639026 1 0
vt 0.26639026 0 0
vt 0.95634174 -5.9604645E-08 0
vt 0.95634174 1 0
vt 0.44739828 1 0
vt 0.43739828 1 0
vt 0.43739828 0 0
vt 0.44739828 0 0
vt 0.13311929 -5.9604645E-08 0
vt 0.13311929 1 0
vt 0.43969387 0.9999989 0
vt 0.43969387 0 0
vt 0.17469281 1.0430813E-06 0
vt 0.16469282 1.0430813E-06 0
vt 0.16469282 1 0
vt 0.17469281 1 0
vt 0.25663197 0.9999989 0
vt 0.25663197 0 0
vt 0.69702137 1 0
vt 0.69702137 0 0
vt 0.9879449 -5.9604645E-08 0
vt 0.9779449 -5.9604645E-08 0
vt 0.9779449 1 0
vt 0.9879449 1 0
vt 0.7606204 -5.9604645E-08 0
vt 0.7606204 1 0
vt 0.60604846 1 0
vt 0.60604846 0 0
vt 0.48093507 -5.9604645E-08 0
vt 0.47093508 -5.9604645E-08 0
vt 0.47093508 1 0
vt 0.48093507 1 0
vt 0.46477094 1 0
vt 0.46477094 0 0
vt 0.3942839 -5.9604645E-08 0
vt 0.3942839 1 0
vt 0.6421534 -5.9604645E-08 0
vt 0.6321534 -5.9604645E-08 0
vt 0.6321534 1 0
vt 0.6421534 1 0
vt 0.08302623 1 0
vt 0.08302623 0 0
vt 0.17774498 -5.9604645E-08 0
vt 0.17774498 1 0
vt 0.86552113 -5.9604645E-08 0
vt 0.8755211 -5.9604645E-08 0
vt 0.8755211 1 0
vt 0.86552113 1 0
vt 0.17170173 1 0
vt 0.17170173 0 0
vt 0.5163155 -5.9604645E-08 0
vt 0.5163155 1 0
vt 0.13626146 1 0
vt 0.13626146 0 0
vt 0.9299057 1 0
vt 0.9299057 0 0
vt 0.084506035 -5.9604645E-08 0
vt 0.074506044 -5.9604645E-08 0
vt 0.074506044 1 0
vt 0.084506035 1 0
vt 0.5874975 1 0
vt 0.5874975 0 0
vt 0.51707023 1 0
vt 0.51707023 0 0
vt 0.6753578 -5.9604645E-08 0
vt 0.6653578 -5.9604645E-08 0
vt 0.6653578 1 0
vt 0.6753578 1 0
vt 0.86041504 1 0
vt 0.86041504 0 0
vt 0.28391397 -5.9604645E-08 0
vt 0.28391397 1 0
vt 0.8170583 -5.9604645E-08 0
vt 0.80705833 -5.9604645E-08 0
vt 0.80705833 1 0
vt 0.8170583 1 0
vt 0.76131475 -5.9604645E-08 0
vt 0.76131475 1 0
vt 0.87376934 -5.9604645E-08 0
vt 0.87376934 1 0
vt 0.010121465 -5.9604645E-08 0
vt 0.020121455 -5.9604645E-08 0
vt 0.020121455 1 0
vt 0.010121465 1 0
vt 0.10864651 -5.9604645E-08 0
vt 0.10864651 1 0
vt 0.6988946 -5.9604645E-08 0
vt 0.6988946 1 0
vt 0.5505466 -5.9604645E-08 0
vt 0.5405466 -5.9604645E-08 0
vt 0.5405466 1 0
vt 0.5505466 1 0
vt 0.08408368 1 0
vt 0.08408368 0 0
vt 0.9729289 1 0
vt 0.9729289 0 0
vt 0.39540178 -5.9604645E-08 0
vt 0.40540177 -5.9604645E-08 0
vt 0.40540177 1 0
vt 0.39540178 1 0
vt 0.21097904 1 0
vt 0.21097904 0 0
vt 0.651641 -5.9604645E-08 0
vt 0.651641 1 0
vt 0.96446913 -5.9604645E-08 0
vt 0.95446914 -5.9604645E-08 0
vt 0.95446914 1 0
vt 0.96446913 1 0
vt 0.79143804 -5.9604645E-08 0
vt 0.79143804 1 0
vt 0.56296426 -5.9604645E-08 0
vt 0.56296426 1 0
vt 0.08541307 1 0
vt 0.09541306 1 0
vt 0.09541306 0 0
vt 0.08541307 0 0
vt 0.048763692 -5.9604645E-08 0
vt 0.048763692 1 0
vt 0.43609852 -5.9604645E-08 0
vt 0.43609852 1 0
vt 0.2709833 1 0
vt 0.2809833 1 0
vt 0.2809833 0 0
vt 0.2709833 0 0
vt 0.13478166 -5.9604645E-08 0
vt 0.13478166 1 0
vt 0.27204075 -5.9604645E-08 0
vt 0.27204075 1 0
vt 0.507463 -5.9604645E-08 0
vt 0.51746297 -5.9604645E-08 0
vt 0.51746297 1 0
vt 0.507463 1 0
vt 0.79406595 1 0
vt 0.79406595 0 0
vt 0.33778495 1 0
vt 0.33778495 0 0
vt 0.437156 -5.9604645E-08 0
vt 0.437156 1 0
vt 0.06426376 1 0
vt 0.06426376 0 0
vt 0.08659077 1 0
vt 0.07659078 1 0
vt 0.07659078 0 0
vt 0.08659077 0 0
vt 0.23545182 -5.9604645E-08 0
vt 0.23545182 1 0
vt 0.6160793 -5.9604645E-08 0
vt 0.6160793 0.99999785 0
vt 0.07456648 -5.9604645E-08 0
vt 0.07456648 0.99999785 0
vt 0.37808955 1 0
vt 0.37808955 0 0
vt 0.6935469 -5.9604645E-08 0
vt 0.7035469 -5.9604645E-08 0
vt 0.7035469 1 0
vt 0.6935469 1 0
vt 0.12130588 -5.9604645E-08 0
vt 0.12130588 1 0
vt 0.21835107 -5.9604645E-08 0
vt 0.21835107 1 0
vt 0.27648214 -5.9604645E-08 0
vt 0.28648213 -5.9604645E-08 0
vt 0.28648213 1 0
vt 0.27648214 1 0
vt 0.22517991 -5.9604645E-08 0
vt 0.22517991 1 0
vt 0.10607898 1 0
vt 0.10607898 0 0
vt 0.18880245 -5.9604645E-08 0
vt 0.17880246 -5.9604645E-08 0
vt 0.17880246 1 0
vt 0.18880245 1 0
vt 0.610792 1 0
vt 0.610792 0 0
vt 0.3610486 1 0
vt 0.3610486 0 0
vt 0.24472731 1 0
vt 0.23472732 1 0
vt 0.23472732 0 0
vt 0.24472731 0 0
vt 0.36959958 -5.9604645E-08 0
vt 0.36959958 1 0
vt 0.047222793 -5.9604645E-08 0
vt 0.047222793 1 0
vt 0.42715535 1 0
vt 0.41715536 1 0
vt 0.41715536 0 0
vt 0.42715535 0 0
vt 0.9743489 1 0
vt 0.9743489 0 0
vt 0.7362383 1 0
vt 0.7362383 0 0
vt 0.1390109 1 0
vt 0.12901092 1 0
vt 0.12901092 0 0
vt 0.1390109 0 0
vt 0.8471514 1 0
vt 0.8471514 0 0
vt 0.23258215 -5.9604645E-08 0
vt 0.23258215 1 0
vt 0.7953047 -5.9604645E-08 0
vt 0.7853047 -5.9604645E-08 0
vt 0.7853047 1 0
vt 0.7953047 1 0
vt 0.12623125 -5.9604645E-08 0
vt 0.12623125 1 0
vt 0.85660815 -5.9604645E-08 0
vt 0.85660815 1 0
vt 0.41857478 -5.9604645E-08 0
vt 0.4085748 -5.9604645E-08 0
vt 0.4085748 1 0
vt 0.41857478 1 0
vt 0.030847192 1 0
vt 0.030847192 0 0
vt 0.16988891 1 0
vt 0.16988891 0 0
vt 0.82083565 1 0
vt 0.83083564 1 0
vt 0.83083564 0 0
vt 0.82083565 0 0
vt 0.38431287 -5.9604645E-08 0
vt 0.38431287 1 0
vt 0.31627247 1 0
vt 0.31627247 0 0
vt 0.3328898 1 0
vt 0.3228898 1 0
vt 0.3228898 0 0
vt 0.3328898 0 0
vt 0.61405563 1 0
vt 0.61405563 0 0
vt 0.9126835 -5.9604645E-08 0
vt 0.9126835 1 0
vt 0.8053059 1 0
vt 0.8053059 0 0
vt 0.67644554 -5.9604645E-08 0
vt 0.41062868 1 0
vt 0.4006287 1 0
vt 0.23421371 1 0
vt 0.7309126 -2.2053719E-06 0
vt 0.7262073 -5.9604645E-08 0
vt 0.7309126 1 0
vt 0.08841926 -5.9604645E-08 0
vt 0.08841926 1 0
vt 0.67867494 1 0
vt 0.67867494 0 0
vt 0.8455205 1 0
vt 0.8455205 0 0
vt 0.97443074 -2.2053719E-06 0
vt 0.97443074 1 0
vt 0.84378076 1 0
vt 0.84378076 0 0
vt 0.36780006 -5.9604645E-08 0
vt 0.3678 1 0
vt 0.70644546 1 0
vt 0.70644546 0 0
vt 0.34520677 1 0
vt 0.34520677 0 0
vt 0.59500295 1.0430813E-06 0
vt 0.59500295 0.9999989 0
vt 0.15583596 1.0430813E-06 0
vt 0.15583596 1 0
vt 0.34539488 1 0
vt 0.34539488 0 0
vt 0.05570197 -5.9604645E-08 0
vt 0.05570197 0.15109032 0
vt 0.3094673 1.0000021 0
vt 0.3141726 1 0
vt 0.15805298 -5.9604645E-08 0
vt 0.15805298 1 0
vt 0.46058685 0 0
vt 0.46058685 0.99999785 0
vt 0.7498109 1 0
vt 0.7498109 -5.9604645E-08 0
vt 0.68967974 0 0
vt 0.68967974 1 0
vt 0.9478132 0 0
vt 0.9478132 1 0
vt 0.66464865 0 0
vt 0.66464865 1 0
vt 0.0103006065 0.9999989 0
vt 0.0103006065 -5.9604645E-08 0
vt 0.32076457 1 0
vt 0.32076457 -5.9604645E-08 0
vt 0.9639734 1 0
vt 0.9639734 1.0430813E-06 0
vt 0.61411065 0 0
vt 0.61411065 1 0
vt 0.65233874 0 0
vt 0.65233874 1 0
vt 0.7135975 0.8489097 0
vt 0.7135975 1 0
vt 0.34897876 1 0
vt 0.34897876 -5.9604645E-08 0
vt 0.26903006 -1.1324883E-06 0
vt 0.26903006 1 0
vt 0.37294957 1 0
vt 0.37294957 0 0
vt 0.0657185 1 0
vt 0.0657185 0 0
vt 0.4463535 -5.9604645E-08 0
vt 0.4463535 1 0
vt 0.9491416 -5.9604645E-08 0
vt 0.9491416 1 0
vt 0.4370938 0.9999989 0
vt 0.4370938 0 0
vt 0.7050215 1 0
vt 0.7050215 0 0
vt 0.6026484 1 0
vt 0.6026484 0 0
vt 0.40308398 -5.9604645E-08 0
vt 0.40308398 1 0
vt 0.18194509 -5.9604645E-08 0
vt 0.18194509 1 0
vt 0.5259156 -5.9604645E-08 0
vt 0.5259156 1 0
vt 0.9349058 1 0
vt 0.9349058 0.6978193 0
vt 0.05570197 1 0
vt 0.4769359 0 0
vt 0.4769359 0.9999989 0
vt 0.28283036 0 0
vt 0.28283036 1 0
vt 0.2195555 1 0
vt 0.2195555 -5.9604645E-08 0
vt 0.25936908 0 0
vt 0.25936908 1 0
vt 0.1314981 1 0
vt 0.1314981 -5.9604645E-08 0
vt 0.26285315 0 0
vt 0.26285315 0.9999989 0
vt 0.7614416 1 0
vt 0.7614416 -5.9604645E-08 0
vt 0.45934978 0 0
vt 0.45934978 1 0
vt 0.08304742 0 0
vt 0.08304742 1.0000002 0
vt 0.16708058 0 0
vt 0.16708058 1 0
vt 0.12704027 0 0
vt 0.12704027 1 0
vt 0.5836763 0.6978193 0
vt 0.5836763 1 0
vt 0.7135975 0 0
vt 0.51667017 1 0
vt 0.51667017 0 0
vt 0.27811387 -5.9604645E-08 0
vt 0.27811387 1 0
vt 0.8749694 -5.9604645E-08 0
vt 0.8749694 0.99999976 0
vt 0.7054947 -5.9604645E-08 0
vt 0.7054947 1 0
vt 0.9709288 1 0
vt 0.9709288 0 0
vt 0.6590411 -5.9604645E-08 0
vt 0.6590411 1 0
vt 0.56016415 -5.9604645E-08 0
vt 0.56016415 1 0
vt 0.42789844 -5.9604645E-08 0
vt 0.42789844 1 0
vt 0.27564088 -5.9604645E-08 0
vt 0.27564088 1 0
vt 0.346785 1 0
vt 0.346785 0 0
vt 0.068663836 1 0
vt 0.068663836 0 0
vt 0.6062792 -5.9604645E-08 0
vt 0.6062792 0.45326996 0
vt 0.9349058 0 0
vt 0.8688362 0 0
vt 0.8688362 1 0
vt 0.75829357 1 0
vt 0.75829357 -5.9604645E-08 0
vt 0.10102534 1 0
vt 0.10102534 -5.9604645E-08 0
vt 0.08630487 0 0
vt 0.08630487 1 0
vt 0.20415783 0 0
vt 0.20415783 1 0
vt 0.7928592 1 0
vt 0.7928592 -5.9604645E-08 0
vt 0.04274249 1 0
vt 0.04274249 -5.9604645E-08 0
vt 0.13540286 1 0
vt 0.13540286 -5.9604645E-08 0
vt 0.78884476 0 0
vt 0.78884476 1 0
vt 0.42733482 1 0
vt 0.42733482 -5.9604645E-08 0
vt 0.23103058 1 0
vt 0.23103058 -5.9604645E-08 0
vt 0.08358765 0.45326996 0
vt 0.08358765 -5.9604645E-08 0
vt 0.5836763 0 0
vt 0.67184544 0.6043614 0
vt 0.67644554 0.6043614 0
vt 0.41062868 0.39563644 0
vt 0.4105234 0.39563859 0
vt 0.38328964 1 0
vt 0.38328964 0 0
vt 0.21775097 -5.9604645E-08 0
vt 0.21775097 1 0
vt 0.112079084 1 0
vt 0.112079084 0 0
vt 0.3596485 1 0
vt 0.3596485 0 0
vt 0.040422708 -5.9604645E-08 0
vt 0.040422708 1 0
vt 0.73843837 1 0
vt 0.73843837 0 0
vt 0.24018222 -5.9604645E-08 0
vt 0.24018222 1 0
vt 0.85960823 -5.9604645E-08 0
vt 0.85960823 1 0
vt 0.16148871 1 0
vt 0.16148871 0 0
vt 0.31247225 1 0
vt 0.31247225 0 0
vt 0.9034833 -5.9604645E-08 0
vt 0.9034833 1 0
vt 0.6062792 0.99999785 0
vt 0.67184544 -5.9604645E-08 0
vt 0.4058181 0.39563859 0
vt 0.4011128 0.39563859 0
vt 0.11768466 1 0
vt 0.11768466 -5.9604645E-08 0
vt 0.23340112 1 0
vt 0.23340112 -5.9604645E-08 0
vt 0.6079708 0 0
vt 0.6079708 1 0
vt 0.37702078 1 0
vt 0.37702078 -5.9604645E-08 0
vt 0.9723277 0 0
vt 0.9723277 1.0000012 0
vt 0.8537726 2.1457672E-06 0
vt 0.8537726 1 0
vt 0.12745243 1 0
vt 0.12745243 -5.9604645E-08 0
vt 0.025026023 -2.1457672E-06 0
vt 0.025026023 1 0
vt 0.38389182 1 0
vt 0.38389182 -5.9604645E-08 0
vt 0.6190767 2.1457672E-06 0
vt 0.6190767 1 0
vt 0.814927 0 0
vt 0.814927 1 0
vt 0.23843491 0.39563859 0
vt 0.23843491 1 0
vt 0.08358765 0.9999989 0
vt 0.4006287 0.39563859 0
vt 0.23421371 0.39563644 0
vt 0.72553855 0.03714204 0
vt 0.72553855 0.96285796 0
vt 0.30548272 0.96285796 0
vt 0.31543073 0.96285796 0
vt 0.31543073 0.03714204 0
vt 0.30548272 0.03714204 0
vt 0.15465778 0.03714204 0
vt 0.15465778 0.96285796 0
vt 0.089193344 0.03714204 0
vt 0.089193344 0.96285796 0
vt 0.5709448 0.03714204 0
vt 0.5609968 0.03714204 0
vt 0.5609968 0.96285796 0
vt 0.5709448 0.96285796 0
vt 0.46858203 0.96285796 0
vt 0.46858203 0.03714204 0
vt 0.684849 0.96285796 0
vt 0.684849 0.03714204 0
vt 0.020903409 0.96285796 0
vt 0.030851424 0.96285796 0
vt 0.030851424 0.03714204 0
vt 0.020903409 0.03714204 0
vt 0.75240606 0.03714204 0
vt 0.75240606 0.96285796 0
vt 0.8470946 0.96285796 0
vt 0.8470946 0.03714204 0
vt 0.4626222 0.96285796 0
vt 0.4725702 0.96285796 0
vt 0.4725702 0.03714204 0
vt 0.4626222 0.03714204 0
vt 0.68248457 0.96285796 0
vt 0.68248457 0.03714204 0
vt 0.96745664 0.03714204 0
vt 0.96745664 0.96285796 0
vt 0.4077022 0.96285796 0
vt 0.3977542 0.96285796 0
vt 0.3977542 0.03714204 0
vt 0.4077022 0.03714204 0
vt 0.9496084 0.96285796 0
vt 0.9496084 0.03714204 0
vt 0.84140664 0.96285796 0
vt 0.84140664 0.03714204 0
vt 0.6073138 0.03714204 0
vt 0.6172618 0.03714204 0
vt 0.6172618 0.96285796 0
vt 0.6073138 0.96285796 0
vt 0.65825343 0.96285796 0
vt 0.65825343 0.03714204 0
vt 0.7032713 0.9628569 0
vt 0.7032713 0.03714311 0
vt 0.3752531 0.9628569 0
vt 0.3653051 0.9628569 0
vt 0.3653051 0.03714311 0
vt 0.3752531 0.03714311 0
vt 0.015895814 0.03714314 0
vt 0.015895814 0.9628569 0
vt 0.33663264 0.9628569 0
vt 0.33663264 0.03714311 0
vt 0.96610487 0.03714314 0
vt 0.95615685 0.03714314 0
vt 0.95615685 0.9628569 0
vt 0.96610487 0.9628569 0
vt 0.32095978 0.03714314 0
vt 0.32095978 0.9628569 0
vt 0.59102887 0.037144214 0
vt 0.59102887 0.9628569 0
vt 0.8934721 0.9628558 0
vt 0.88352406 0.9628558 0
vt 0.88352406 0.03714311 0
vt 0.8934721 0.03714311 0
vt 0.9591782 0.037144214 0
vt 0.9591782 0.9628569 0
vt 0.16521007 0.03714314 0
vt 0.16521007 0.9628569 0
vt 0.60471547 0.9628569 0
vt 0.60471547 0.03714311 0
vt 0.3406208 0.9628569 0
vt 0.3406208 0.03714311 0
vt 0.1629743 0.03714314 0
vt 0.15302628 0.03714314 0
vt 0.15302628 0.9628569 0
vt 0.1629743 0.9628569 0
vt 0.6483435 0.9628569 0
vt 0.6483435 0.03714311 0
vt 0.055527866 0.03714314 0
vt 0.055527866 0.9628569 0
vt 0.7693255 0.03714314 0
vt 0.7593775 0.03714314 0
vt 0.7593775 0.9628569 0
vt 0.7693255 0.9628569 0
vt 0.7221927 0.9628569 0
vt 0.7221927 0.03714311 0
vt 0.26345596 0.03714314 0
vt 0.26345596 0.9628569 0
vt 0.10849184 0.03714314 0
vt 0.11843985 0.03714314 0
vt 0.11843985 0.9628569 0
vt 0.10849184 0.9628569 0
vt 0.4737407 0.9628569 0
vt 0.4737407 0.03714311 0
vt 0.3739237 0.9628569 0
vt 0.3739237 0.03714311 0
vt 0.15403113 0.03714314 0
vt 0.14408311 0.03714314 0
vt 0.14408311 0.9628569 0
vt 0.15403113 0.9628569 0
vt 0.29062557 0.9628569 0
vt 0.29062557 0.03714311 0
vt 0.07209259 0.9628569 0
vt 0.07209259 0.037142575 0
vt 0.36457998 0.9628569 0
vt 0.374528 0.9628569 0
vt 0.374528 0.037142575 0
vt 0.36457998 0.037142575 0
vt 0.22195071 0.03714314 0
vt 0.22195071 0.9628574 0
vt 0.44812763 0.037142575 0
vt 0.44812763 0.9628574 0
vt 0.775912 0.9628574 0
vt 0.765964 0.9628574 0
vt 0.765964 0.037142575 0
vt 0.775912 0.037142575 0
vt 0.26636428 0.9628574 0
vt 0.26636428 0.037142575 0
vt 0.95631576 0.037142575 0
vt 0.95631576 0.9628574 0
vt 0.4473723 0.9628574 0
vt 0.43742427 0.9628574 0
vt 0.43742427 0.037142575 0
vt 0.4473723 0.037142575 0
vt 0.1330933 0.037142575 0
vt 0.1330933 0.9628574 0
vt 0.43966788 0.9628563 0
vt 0.43966788 0.037142575 0
vt 0.17466682 0.037143677 0
vt 0.1647188 0.037143677 0
vt 0.1647188 0.9628574 0
vt 0.17466682 0.9628574 0
vt 0.25665796 0.9628563 0
vt 0.25665796 0.037142575 0
vt 0.69704735 0.9628574 0
vt 0.69704735 0.037142873 0
vt 0.9879189 0.037142575 0
vt 0.9779709 0.037142575 0
vt 0.9779709 0.9628571 0
vt 0.9879189 0.9628571 0
vt 0.7606464 0.037142575 0
vt 0.7606464 0.9628571 0
vt 0.6060225 0.9628571 0
vt 0.6060225 0.037142873 0
vt 0.48090908 0.037142873 0
vt 0.47096106 0.037142873 0
vt 0.47096106 0.9628571 0
vt 0.48090908 0.9628571 0
vt 0.46474496 0.9628571 0
vt 0.46474496 0.037142873 0
vt 0.39430988 0.037142873 0
vt 0.39430988 0.9628571 0
vt 0.6421274 0.037142873 0
vt 0.6321794 0.037142873 0
vt 0.6321794 0.9628571 0
vt 0.6421274 0.9628571 0
vt 0.08305222 0.9628574 0
vt 0.08305222 0.037142873 0
vt 0.17777097 0.037142873 0
vt 0.17777097 0.9628571 0
vt 0.8655471 0.037142873 0
vt 0.87549514 0.037142873 0
vt 0.87549514 0.9628571 0
vt 0.8655471 0.9628571 0
vt 0.17167574 0.9628571 0
vt 0.17167574 0.037142873 0
vt 0.5163415 0.037142873 0
vt 0.5163415 0.9628572 0
vt 0.13623548 0.9628571 0
vt 0.13623548 0.037142813 0
vt 0.9299317 0.9628572 0
vt 0.9299317 0.037142754 0
vt 0.08448005 0.037142813 0
vt 0.07453203 0.037142813 0
vt 0.07453203 0.96285725 0
vt 0.08448005 0.96285725 0
vt 0.5874715 0.9628572 0
vt 0.5874715 0.037142754 0
vt 0.51704425 0.96285725 0
vt 0.51704425 0.037142873 0
vt 0.67533183 0.037142783 0
vt 0.6653838 0.037142783 0
vt 0.6653838 0.9628571 0
vt 0.67533183 0.9628571 0
vt 0.860441 0.96285725 0
vt 0.860441 0.037142873 0
vt 0.28388798 0.037142873 0
vt 0.28388798 0.9628571 0
vt 0.81703234 0.037142873 0
vt 0.8070843 0.037142873 0
vt 0.8070843 0.9628571 0
vt 0.81703234 0.9628571 0
vt 0.76128876 0.037142873 0
vt 0.76128876 0.9628571 0
vt 0.87379533 0.037142873 0
vt 0.87379533 0.9628571 0
vt 0.010147452 0.037142873 0
vt 0.020095468 0.037142873 0
vt 0.020095468 0.9628571 0
vt 0.010147452 0.9628571 0
vt 0.108620524 0.037142873 0
vt 0.108620524 0.9628571 0
vt 0.6989206 0.037142873 0
vt 0.6989206 0.9628574 0
vt 0.5505206 0.037142873 0
vt 0.5405726 0.037142873 0
vt 0.5405726 0.9628574 0
vt 0.5505206 0.9628574 0
vt 0.084109664 0.9628571 0
vt 0.084109664 0.037142575 0
vt 0.9729029 0.9628574 0
vt 0.9729029 0.037142575 0
vt 0.39542776 0.037142575 0
vt 0.40537578 0.037142575 0
vt 0.40537578 0.9628574 0
vt 0.39542776 0.9628574 0
vt 0.21095306 0.9628574 0
vt 0.21095306 0.037142575 0
vt 0.651667 0.037142575 0
vt 0.651667 0.9628574 0
vt 0.96444315 0.037142575 0
vt 0.95449513 0.037142575 0
vt 0.95449513 0.9628574 0
vt 0.96444315 0.9628574 0
vt 0.79146403 0.037142575 0
vt 0.79146403 0.9628574 0
vt 0.5629383 0.037142575 0
vt 0.5629383 0.9628574 0
vt 0.085439056 0.9628574 0
vt 0.09538707 0.9628574 0
vt 0.09538707 0.037142575 0
vt 0.085439056 0.037142575 0
vt 0.048737705 0.037142575 0
vt 0.048737705 0.9628574 0
vt 0.43607253 0.037142575 0
vt 0.43607253 0.9628574 0
vt 0.2710093 0.9628574 0
vt 0.2809573 0.9628574 0
vt 0.2809573 0.037142575 0
vt 0.2710093 0.037142575 0
vt 0.13480765 0.037142575 0
vt 0.13480765 0.9628574 0
vt 0.27206674 0.037142575 0
vt 0.27206674 0.9628569 0
vt 0.50748897 0.037142575 0
vt 0.517437 0.037142575 0
vt 0.517437 0.9628569 0
vt 0.50748897 0.9628569 0
vt 0.79403996 0.9628574 0
vt 0.79403996 0.03714311 0
vt 0.33781093 0.9628569 0
vt 0.33781093 0.03714311 0
vt 0.43713 0.03714314 0
vt 0.43713 0.9628569 0
vt 0.06428975 0.9628569 0
vt 0.06428975 0.03714311 0
vt 0.08656478 0.9628569 0
vt 0.076616764 0.9628569 0
vt 0.076616764 0.03714311 0
vt 0.08656478 0.03714311 0
vt 0.23542583 0.03714314 0
vt 0.23542583 0.9628569 0
vt 0.6160533 0.03714314 0
vt 0.6160533 0.9628547 0
vt 0.07459247 0.03714314 0
vt 0.07459247 0.9628547 0
vt 0.37811553 0.9628569 0
vt 0.37811553 0.03714311 0
vt 0.6935729 0.03714314 0
vt 0.7035209 0.03714314 0
vt 0.7035209 0.9628569 0
vt 0.6935729 0.9628569 0
vt 0.121279895 0.03714314 0
vt 0.121279895 0.9628569 0
vt 0.21832508 0.03714314 0
vt 0.21832508 0.9628569 0
vt 0.27650812 0.03714314 0
vt 0.28645614 0.03714314 0
vt 0.28645614 0.9628569 0
vt 0.27650812 0.9628569 0
vt 0.2252059 0.03714314 0
vt 0.2252059 0.9628569 0
vt 0.10610497 0.9628569 0
vt 0.10610497 0.03714311 0
vt 0.18877646 0.03714314 0
vt 0.17882845 0.03714314 0
vt 0.17882845 0.9628569 0
vt 0.18877646 0.9628569 0
vt 0.610766 0.9628569 0
vt 0.610766 0.03714311 0
vt 0.36102262 0.9628569 0
vt 0.36102262 0.03714311 0
vt 0.24470133 0.9628569 0
vt 0.23475331 0.9628569 0
vt 0.23475331 0.03714311 0
vt 0.24470133 0.03714311 0
vt 0.36962557 0.03714314 0
vt 0.36962557 0.9628569 0
vt 0.047196805 0.03714314 0
vt 0.047196805 0.9628569 0
vt 0.42712936 0.9628569 0
vt 0.41718134 0.9628569 0
vt 0.41718134 0.03714311 0
vt 0.42712936 0.03714311 0
vt 0.9743229 0.9628569 0
vt 0.9743229 0.03714311 0
vt 0.7362643 0.9628569 0
vt 0.7362643 0.03714204 0
vt 0.13898492 0.9628569 0
vt 0.1290369 0.9628569 0
vt 0.1290369 0.03714204 0
vt 0.13898492 0.03714204 0
vt 0.8471774 0.9628569 0
vt 0.8471774 0.03714204 0
vt 0.23260814 0.03714204 0
vt 0.23260814 0.96285796 0
vt 0.7952787 0.03714204 0
vt 0.7853307 0.03714204 0
vt 0.7853307 0.96285796 0
vt 0.7952787 0.96285796 0
vt 0.12625724 0.03714204 0
vt 0.12625724 0.96285796 0
vt 0.85663414 0.03714204 0
vt 0.85663414 0.96285796 0
vt 0.4185488 0.03714204 0
vt 0.40860078 0.03714204 0
vt 0.40860078 0.96285796 0
vt 0.4185488 0.96285796 0
vt 0.030821204 0.96285796 0
vt 0.030821204 0.03714204 0
vt 0.16986293 0.96285796 0
vt 0.16986293 0.03714204 0
vt 0.82086164 0.96285796 0
vt 0.83080965 0.96285796 0
vt 0.83080965 0.03714204 0
vt 0.82086164 0.03714204 0
vt 0.38428688 0.03714204 0
vt 0.38428688 0.96285796 0
vt 0.31624648 0.96285796 0
vt 0.31624648 0.03714204 0
vt 0.3328638 0.96285796 0
vt 0.3229158 0.96285796 0
vt 0.3229158 0.03714204 0
vt 0.3328638 0.03714204 0
vt 0.6140816 0.96285796 0
vt 0.6140816 0.03714204 0
vt 0.9126575 0.03714204 0
vt 0.9126575 0.96285796 0
vt 0.8053319 0.96285796 0
vt 0.8053319 0.03714204 0
vt 0.67641956 0.03714204 0
vt 0.4106027 0.96285796 0
vt 0.40065467 0.96285796 0
vt 0.2342397 0.96285796 0
vt 0.73088664 0.037139863 0
vt 0.7262073 0.03714204 0
vt 0.73088664 0.96285796 0
vt 0.088445246 0.03714204 0
vt 0.088445246 0.96285796 0
vt 0.6787009 0.96285796 0
vt 0.6787009 0.03714204 0
vt 0.8455465 0.96285796 0
vt 0.8455465 0.03714204 0
vt 0.97440475 0.037139863 0
vt 0.97440475 0.96285796 0
vt 0.84375477 0.96285796 0
vt 0.84375477 0.03714204 0
vt 0.36777407 0.03714314 0
vt 0.367774 0.9628569 0
vt 0.7064194 0.9628569 0
vt 0.7064194 0.03714311 0
vt 0.34518078 0.9628569 0
vt 0.34518078 0.03714311 0
vt 0.59497696 0.037144214 0
vt 0.59497696 0.9628558 0
vt 0.15586197 0.037144214 0
vt 0.15586197 0.9628569 0
vt 0.3453689 0.9628569 0
vt 0.3453689 0.03714311 0
vt 0.055675983 0.03714314 0
vt 0.055675983 0.15109032 0
vt 0.3094673 0.9628601 0
vt 0.3141726 0.96285796 0
vt 0.158027 0.03714204 0
vt 0.158027 0.96285796 0
vt 0.46061283 0.03714204 0
vt 0.46061283 0.9628558 0
vt 0.74983686 0.96285796 0
vt 0.74983686 0.03714204 0
vt 0.68965375 0.03714204 0
vt 0.68965375 0.96285796 0
vt 0.9478392 0.03714204 0
vt 0.9478392 0.96285796 0
vt 0.6646226 0.03714204 0
vt 0.6646226 0.96285796 0
vt 0.010326594 0.9628558 0
vt 0.010326594 0.03714314 0
vt 0.32079062 0.9628569 0
vt 0.32079062 0.03714314 0
vt 0.9639474 0.9628569 0
vt 0.9639474 0.037144214 0
vt 0.61408466 0.03714311 0
vt 0.61408466 0.9628569 0
vt 0.6523127 0.03714311 0
vt 0.6523127 0.9628569 0
vt 0.7136235 0.8489097 0
vt 0.7136235 0.9628569 0
vt 0.34900475 0.9628569 0
vt 0.34900475 0.03714314 0
vt 0.26900408 0.03714204 0
vt 0.26900408 0.9628569 0
vt 0.37297556 0.9628569 0
vt 0.37297556 0.03714311 0
vt 0.06574449 0.9628569 0
vt 0.06574449 0.037142575 0
vt 0.44637954 0.037142575 0
vt 0.44637954 0.9628574 0
vt 0.9491676 0.037142575 0
vt 0.9491676 0.9628574 0
vt 0.43711978 0.9628563 0
vt 0.43711978 0.037142575 0
vt 0.70499545 0.9628574 0
vt 0.70499545 0.037142873 0
vt 0.60267437 0.9628571 0
vt 0.60267437 0.037142873 0
vt 0.403058 0.037142873 0
vt 0.403058 0.9628571 0
vt 0.1819191 0.037142873 0
vt 0.1819191 0.9628571 0
vt 0.5258896 0.037142873 0
vt 0.5258896 0.9628572 0
vt 0.9348798 0.9628572 0
vt 0.9348798 0.69781923 0
vt 0.055675983 0.9628569 0
vt 0.4769099 0.03714311 0
vt 0.4769099 0.9628558 0
vt 0.28285635 0.03714311 0
vt 0.28285635 0.9628569 0
vt 0.21958154 0.9628574 0
vt 0.21958154 0.03714314 0
vt 0.25939506 0.037142575 0
vt 0.25939506 0.9628574 0
vt 0.13152409 0.9628574 0
vt 0.13152409 0.037142575 0
vt 0.26282716 0.037142575 0
vt 0.26282716 0.9628563 0
vt 0.7614156 0.9628571 0
vt 0.7614156 0.037142575 0
vt 0.45937577 0.037142873 0
vt 0.45937577 0.9628571 0
vt 0.08302143 0.037142873 0
vt 0.08302143 0.9628571 0
vt 0.16710657 0.037142873 0
vt 0.16710657 0.9628571 0
vt 0.12706625 0.037142813 0
vt 0.12706625 0.9628571 0
vt 0.5837023 0.6978193 0
vt 0.5837023 0.9628572 0
vt 0.7136235 0.03714311 0
vt 0.51669616 0.96285725 0
vt 0.51669616 0.037142873 0
vt 0.2781399 0.037142873 0
vt 0.2781399 0.9628571 0
vt 0.87494344 0.037142873 0
vt 0.87494344 0.9628569 0
vt 0.7054687 0.037142873 0
vt 0.7054687 0.9628574 0
vt 0.9709548 0.9628574 0
vt 0.9709548 0.037142575 0
vt 0.65901506 0.037142575 0
vt 0.65901506 0.9628574 0
vt 0.56019014 0.037142575 0
vt 0.56019014 0.9628574 0
vt 0.42792442 0.037142575 0
vt 0.42792442 0.9628574 0
vt 0.27561483 0.037142575 0
vt 0.27561483 0.9628569 0
vt 0.34675902 0.9628569 0
vt 0.34675902 0.03714311 0
vt 0.06863785 0.9628569 0
vt 0.06863785 0.03714311 0
vt 0.6063052 0.03714314 0
vt 0.6063052 0.45326996 0
vt 0.9348798 0.037142754 0
vt 0.86881024 0.037142873 0
vt 0.86881024 0.96285725 0
vt 0.75831956 0.9628571 0
vt 0.75831956 0.037142873 0
vt 0.10105133 0.9628571 0
vt 0.10105133 0.037142873 0
vt 0.086278856 0.037142575 0
vt 0.086278856 0.9628571 0
vt 0.20418388 0.037142575 0
vt 0.20418388 0.9628574 0
vt 0.7928332 0.9628574 0
vt 0.7928332 0.037142575 0
vt 0.04276848 0.9628574 0
vt 0.04276848 0.037142575 0
vt 0.13537684 0.9628574 0
vt 0.13537684 0.037142575 0
vt 0.78887075 0.03714311 0
vt 0.78887075 0.9628574 0
vt 0.4273608 0.9628569 0
vt 0.4273608 0.03714314 0
vt 0.23105663 0.9628569 0
vt 0.23105663 0.03714314 0
vt 0.08356166 0.45326996 0
vt 0.08356166 0.03714314 0
vt 0.5837023 0.037142754 0
vt 0.6718714 0.5672193 0
vt 0.67641956 0.5672193 0
vt 0.4106027 0.43278068 0
vt 0.4105234 0.43278068 0
vt 0.38326365 0.9628569 0
vt 0.38326365 0.03714311 0
vt 0.21777695 0.03714314 0
vt 0.21777695 0.9628569 0
vt 0.11205304 0.9628569 0
vt 0.11205304 0.03714311 0
vt 0.35967454 0.9628569 0
vt 0.35967454 0.03714311 0
vt 0.040448695 0.03714314 0
vt 0.040448695 0.9628569 0
vt 0.7384124 0.9628569 0
vt 0.7384124 0.03714204 0
vt 0.24015623 0.03714204 0
vt 0.24015623 0.96285796 0
vt 0.85958225 0.03714204 0
vt 0.85958225 0.96285796 0
vt 0.16151473 0.96285796 0
vt 0.16151473 0.03714204 0
vt 0.3124983 0.96285796 0
vt 0.3124983 0.03714204 0
vt 0.90350926 0.03714204 0
vt 0.90350926 0.96285796 0
vt 0.6063052 0.9628547 0
vt 0.6718714 0.03714204 0
vt 0.4058181 0.43278068 0
vt 0.4011128 0.43278068 0
vt 0.11771065 0.9628569 0
vt 0.11771065 0.03714314 0
vt 0.23337507 0.9628569 0
vt 0.23337507 0.03714314 0
vt 0.60799676 0.03714311 0
vt 0.60799676 0.9628569 0
vt 0.3769948 0.9628569 0
vt 0.3769948 0.03714314 0
vt 0.9723537 0.03714311 0
vt 0.9723537 0.96285796 0
vt 0.8537466 0.037144184 0
vt 0.8537466 0.9628569 0
vt 0.12742645 0.96285796 0
vt 0.12742645 0.03714204 0
vt 0.025052011 0.037139893 0
vt 0.025052011 0.96285796 0
vt 0.3839178 0.96285796 0
vt 0.3839178 0.03714204 0
vt 0.61905074 0.037144184 0
vt 0.61905074 0.96285796 0
vt 0.814901 0.03714204 0
vt 0.814901 0.96285796 0
vt 0.2384089 0.43278068 0
vt 0.2384089 0.96285796 0
vt 0.08356166 0.9628558 0
vt 0.40065467 0.43278068 0
vt 0.2342397 0.43277848 0
# 1716 texture coords

usemtl Material #25
s 1
f 1532/1532/1 1533/1533/2 1148/1148/3 1149/1149/4 1150/1150/5 1147/1147/6
f 1157/1157/7 1158/1158/8 1155/1155/9 1156/1156/10
f 1165/1165/11 1166/1166/12 1163/1163/13 1164/1164/14
f 1173/1173/15 1174/1174/16 1171/1171/17 1172/1172/18
f 1181/1181/19 1182/1182/20 1179/1179/21 1180/1180/22
f 1189/1189/23 1190/1190/24 1187/1187/25 1188/1188/26
f 1197/1197/27 1198/1198/28 1195/1195/29 1196/1196/30
f 1205/1205/31 1206/1206/32 1203/1203/33 1204/1204/34
f 1213/1213/35 1214/1214/36 1211/1211/37 1212/1212/38
f 1225/1225/39 1226/1226/40 1223/1223/41 1224/1224/42
f 1233/1233/43 1234/1234/44 1231/1231/45 1232/1232/46
f 1241/1241/47 1242/1242/48 1239/1239/49 1240/1240/50
f 1249/1249/51 1250/1250/52 1247/1247/53 1248/1248/54
f 1257/1257/55 1258/1258/56 1255/1255/57 1256/1256/58
f 1265/1265/59 1266/1266/60 1263/1263/61 1264/1264/62
f 1273/1273/63 1274/1274/64 1271/1271/65 1272/1272/66
f 1281/1281/67 1282/1282/68 1279/1279/69 1280/1280/70
f 1289/1289/71 1290/1290/72 1287/1287/73 1288/1288/74
f 1297/1297/75 1298/1298/76 1295/1295/77 1296/1296/78
f 1305/1305/79 1306/1306/80 1303/1303/81 1304/1304/82
f 1313/1313/83 1314/1314/84 1311/1311/85 1312/1312/86
f 1325/1325/87 1326/1326/88 1323/1323/89 1324/1324/90
f 1333/1333/91 1334/1334/92 1331/1331/93 1332/1332/94
f 1341/1341/95 1342/1342/96 1339/1339/97 1340/1340/98
f 1349/1349/99 1350/1350/100 1347/1347/101 1348/1348/102
f 1357/1357/103 1358/1358/104 1355/1355/105 1356/1356/106
f 1365/1365/107 1366/1366/108 1363/1363/109 1364/1364/110
f 1373/1373/111 1374/1374/112 1371/1371/113 1372/1372/114
f 1381/1381/115 1382/1382/116 1379/1379/117 1380/1380/118
f 1389/1389/119 1390/1390/120 1387/1387/121 1388/1388/122
f 1397/1397/123 1398/1398/124 1395/1395/125 1396/1396/126
f 1409/1409/127 1410/1410/128 1407/1407/129 1408/1408/130
f 1421/1421/131 1422/1422/132 1419/1419/133 1420/1420/134
f 1429/1429/135 1430/1430/136 1427/1427/137 1428/1428/138
f 1437/1437/139 1438/1438/140 1435/1435/141 1436/1436/142
f 1445/1445/143 1446/1446/144 1443/1443/145 1444/1444/146
f 1453/1453/147 1454/1454/148 1451/1451/149 1452/1452/150
f 1461/1461/151 1462/1462/152 1459/1459/153 1460/1460/154
f 1469/1469/155 1470/1470/156 1467/1467/157 1468/1468/158
f 1477/1477/159 1478/1478/160 1475/1475/161 1476/1476/162
f 1485/1485/163 1486/1486/164 1483/1483/165 1484/1484/166
f 1493/1493/167 1494/1494/168 1491/1491/169 1492/1492/170
f 1145/1145/171 1146/1146/172 1507/1507/173 1505/1505/174 1506/1506/175
f 1153/1153/176 1154/1154/177 1509/1509/178 1508/1508/179
f 1161/1161/180 1162/1162/181 1511/1511/182 1510/1510/183
f 1169/1169/184 1170/1170/185 1513/1513/186 1512/1512/187
f 1177/1177/188 1178/1178/189 1515/1515/190 1514/1514/191
f 1185/1185/192 1186/1186/193 1517/1517/194 1516/1516/195
f 1193/1193/196 1194/1194/197 1521/1521/198 1520/1520/199
f 1201/1201/200 1202/1202/201 1523/1523/202 1522/1522/203
f 1209/1209/204 1210/1210/205 1525/1525/206 1524/1524/207
f 1217/1217/208 1218/1218/209 1527/1527/210 1526/1526/211
f 1221/1221/212 1222/1222/213 1529/1529/214 1528/1528/215
f 1229/1229/216 1230/1230/217 1584/1584/218 1531/1531/219 1530/1530/220
f 1152/1152/221 1151/1151/222 1534/1534/223 1535/1535/224
f 1160/1160/225 1159/1159/226 1537/1537/227 1536/1536/228
f 1168/1168/229 1167/1167/230 1539/1539/231 1538/1538/232
f 1176/1176/233 1175/1175/234 1541/1541/235 1540/1540/236
f 1184/1184/237 1183/1183/238 1543/1543/239 1542/1542/240
f 1192/1192/241 1191/1191/242 1545/1545/243 1544/1544/244
f 1200/1200/245 1199/1199/246 1547/1547/247 1546/1546/248
f 1208/1208/249 1207/1207/250 1549/1549/251 1548/1548/252
f 1216/1216/253 1215/1215/254 1551/1551/255 1550/1550/256
f 1220/1220/257 1219/1219/258 1553/1553/259 1552/1552/260
f 1228/1228/261 1227/1227/262 1555/1555/263 1554/1554/264
f 1236/1236/265 1235/1235/266 1557/1557/267 1556/1556/268 1609/1609/269
f 1519/1519/270 1518/1518/271 1559/1559/272 1558/1558/273
f 1237/1237/274 1238/1238/275 1561/1561/276 1560/1560/277
f 1245/1245/278 1246/1246/279 1563/1563/280 1562/1562/281
f 1253/1253/282 1254/1254/283 1565/1565/284 1564/1564/285
f 1261/1261/286 1262/1262/287 1567/1567/288 1566/1566/289
f 1269/1269/290 1270/1270/291 1569/1569/292 1568/1568/293
f 1277/1277/294 1278/1278/295 1571/1571/296 1570/1570/297
f 1285/1285/298 1286/1286/299 1573/1573/300 1572/1572/301
f 1293/1293/302 1294/1294/303 1575/1575/304 1574/1574/305
f 1301/1301/306 1302/1302/307 1577/1577/308 1576/1576/309
f 1309/1309/310 1310/1310/311 1579/1579/312 1578/1578/313
f 1317/1317/314 1318/1318/315 1581/1581/316 1580/1580/317
f 1321/1321/318 1322/1322/319 1634/1634/320 1583/1583/321 1582/1582/322
f 1244/1244/323 1243/1243/324 1586/1586/325 1585/1585/326
f 1252/1252/327 1251/1251/328 1588/1588/329 1587/1587/330
f 1260/1260/331 1259/1259/332 1590/1590/333 1589/1589/334
f 1268/1268/335 1267/1267/336 1592/1592/337 1591/1591/338
f 1276/1276/339 1275/1275/340 1594/1594/341 1593/1593/342
f 1284/1284/343 1283/1283/344 1596/1596/345 1595/1595/346
f 1292/1292/347 1291/1291/348 1598/1598/349 1597/1597/350
f 1300/1300/351 1299/1299/352 1600/1600/353 1599/1599/354
f 1308/1308/355 1307/1307/356 1602/1602/357 1601/1601/358
f 1316/1316/359 1315/1315/360 1604/1604/361 1603/1603/362
f 1320/1320/363 1319/1319/364 1606/1606/365 1605/1605/366
f 1607/1607/367 1659/1659/368 1328/1328/369 1327/1327/370 1608/1608/371
f 1329/1329/372 1330/1330/373 1611/1611/374 1610/1610/375
f 1337/1337/376 1338/1338/377 1613/1613/378 1612/1612/379
f 1345/1345/380 1346/1346/381 1615/1615/382 1614/1614/383
f 1353/1353/384 1354/1354/385 1617/1617/386 1616/1616/387
f 1361/1361/388 1362/1362/389 1619/1619/390 1618/1618/391
f 1369/1369/392 1370/1370/393 1621/1621/394 1620/1620/395
f 1377/1377/396 1378/1378/397 1623/1623/398 1622/1622/399
f 1385/1385/400 1386/1386/401 1625/1625/402 1624/1624/403
f 1393/1393/404 1394/1394/405 1627/1627/406 1626/1626/407
f 1401/1401/408 1402/1402/409 1629/1629/410 1628/1628/411
f 1405/1405/412 1406/1406/413 1631/1631/414 1630/1630/415
f 1413/1413/416 1414/1414/417 1686/1686/418 1633/1633/419 1632/1632/420
f 1336/1336/421 1335/1335/422 1636/1636/423 1635/1635/424
f 1344/1344/425 1343/1343/426 1638/1638/427 1637/1637/428
f 1352/1352/429 1351/1351/430 1640/1640/431 1639/1639/432
f 1360/1360/433 1359/1359/434 1642/1642/435 1641/1641/436
f 1368/1368/437 1367/1367/438 1644/1644/439 1643/1643/440
f 1376/1376/441 1375/1375/442 1646/1646/443 1645/1645/444
f 1384/1384/445 1383/1383/446 1648/1648/447 1647/1647/448
f 1392/1392/449 1391/1391/450 1650/1650/451 1649/1649/452
f 1400/1400/453 1399/1399/454 1652/1652/455 1651/1651/456
f 1404/1404/457 1403/1403/458 1654/1654/459 1653/1653/460
f 1412/1412/461 1411/1411/462 1656/1656/463 1655/1655/464
f 1416/1416/465 1415/1415/466 1658/1658/467 1657/1657/468 1714/1714/469
f 1502/1502/470 1503/1503/471 1715/1715/472 1689/1689/473 1688/1688/474 1663/1663/475 1662/1662/476
f 1417/1417/477 1418/1418/478 1665/1665/479 1664/1664/480
f 1425/1425/481 1426/1426/482 1667/1667/483 1666/1666/484
f 1433/1433/485 1434/1434/486 1669/1669/487 1668/1668/488
f 1441/1441/489 1442/1442/490 1671/1671/491 1670/1670/492
f 1449/1449/493 1450/1450/494 1673/1673/495 1672/1672/496
f 1457/1457/497 1458/1458/498 1675/1675/499 1674/1674/500
f 1465/1465/501 1466/1466/502 1677/1677/503 1676/1676/504
f 1473/1473/505 1474/1474/506 1679/1679/507 1678/1678/508
f 1481/1481/509 1482/1482/510 1681/1681/511 1680/1680/512
f 1489/1489/513 1490/1490/514 1683/1683/515 1682/1682/516
f 1497/1497/517 1498/1498/518 1685/1685/519 1684/1684/520
f 1501/1501/521 1661/1661/522 1660/1660/523 1687/1687/524
f 1424/1424/525 1423/1423/526 1691/1691/527 1690/1690/528
f 1432/1432/529 1431/1431/530 1693/1693/531 1692/1692/532
f 1440/1440/533 1439/1439/534 1695/1695/535 1694/1694/536
f 1448/1448/537 1447/1447/538 1697/1697/539 1696/1696/540
f 1456/1456/541 1455/1455/542 1699/1699/543 1698/1698/544
f 1464/1464/545 1463/1463/546 1701/1701/547 1700/1700/548
f 1472/1472/549 1471/1471/550 1703/1703/551 1702/1702/552
f 1480/1480/553 1479/1479/554 1705/1705/555 1704/1704/556
f 1488/1488/557 1487/1487/558 1707/1707/559 1706/1706/560
f 1496/1496/561 1495/1495/562 1709/1709/563 1708/1708/564
f 1500/1500/565 1499/1499/566 1711/1711/567 1710/1710/568
f 1504/1504/569 1713/1713/570 1712/1712/571 1716/1716/572
f 5/5/573 6/6/574 578/578/575 577/577/576
f 6/6/577 3/3/578 575/575/579 578/578/580
f 3/3/581 388/388/582 960/960/583 575/575/584
f 13/13/585 14/14/586 586/586/587 585/585/588
f 14/14/589 11/11/590 583/583/591 586/586/592
f 11/11/593 12/12/594 584/584/595 583/583/596
f 12/12/597 13/13/598 585/585/599 584/584/600
f 21/21/601 22/22/602 594/594/603 593/593/604
f 22/22/605 19/19/606 591/591/607 594/594/608
f 19/19/609 20/20/610 592/592/611 591/591/612
f 20/20/613 21/21/614 593/593/615 592/592/616
f 29/29/617 30/30/618 602/602/619 601/601/620
f 30/30/621 27/27/622 599/599/623 602/602/624
f 27/27/625 28/28/626 600/600/627 599/599/628
f 28/28/629 29/29/630 601/601/631 600/600/632
f 37/37/633 38/38/634 610/610/635 609/609/636
f 38/38/637 35/35/638 607/607/639 610/610/640
f 35/35/641 36/36/642 608/608/643 607/607/644
f 36/36/645 37/37/646 609/609/647 608/608/648
f 45/45/649 46/46/650 618/618/651 617/617/652
f 46/46/653 43/43/654 615/615/655 618/618/656
f 43/43/657 44/44/658 616/616/659 615/615/660
f 44/44/661 45/45/662 617/617/663 616/616/664
f 53/53/665 54/54/666 626/626/667 625/625/668
f 54/54/669 51/51/670 623/623/671 626/626/672
f 51/51/673 52/52/674 624/624/675 623/623/676
f 52/52/677 53/53/678 625/625/679 624/624/680
f 61/61/681 62/62/682 634/634/683 633/633/684
f 62/62/685 59/59/686 631/631/687 634/634/688
f 59/59/689 60/60/690 632/632/691 631/631/692
f 60/60/693 61/61/694 633/633/695 632/632/696
f 69/69/697 70/70/698 642/642/699 641/641/700
f 70/70/701 67/67/702 639/639/703 642/642/704
f 67/67/705 68/68/706 640/640/707 639/639/708
f 68/68/709 69/69/710 641/641/711 640/640/712
f 81/81/713 82/82/714 654/654/715 653/653/716
f 82/82/717 79/79/718 651/651/719 654/654/720
f 79/79/721 80/80/722 652/652/723 651/651/724
f 80/80/725 81/81/726 653/653/727 652/652/728
f 89/89/729 90/90/730 662/662/731 661/661/732
f 90/90/733 87/87/734 659/659/735 662/662/736
f 87/87/737 88/88/738 660/660/739 659/659/740
f 88/88/741 89/89/742 661/661/743 660/660/744
f 97/97/745 98/98/746 670/670/747 669/669/748
f 98/98/749 95/95/750 667/667/751 670/670/752
f 95/95/753 96/96/754 668/668/755 667/667/756
f 96/96/757 97/97/758 669/669/759 668/668/760
f 105/105/761 106/106/762 678/678/763 677/677/764
f 106/106/765 103/103/766 675/675/767 678/678/768
f 103/103/769 104/104/770 676/676/771 675/675/772
f 104/104/773 105/105/774 677/677/775 676/676/776
f 113/113/777 114/114/778 686/686/779 685/685/780
f 114/114/781 111/111/782 683/683/783 686/686/784
f 111/111/785 112/112/786 684/684/787 683/683/788
f 112/112/789 113/113/790 685/685/791 684/684/792
f 121/121/793 122/122/794 694/694/795 693/693/796
f 122/122/797 119/119/798 691/691/799 694/694/800
f 119/119/801 120/120/802 692/692/803 691/691/804
f 120/120/805 121/121/806 693/693/807 692/692/808
f 129/129/809 130/130/810 702/702/811 701/701/812
f 130/130/813 127/127/814 699/699/815 702/702/816
f 127/127/817 128/128/818 700/700/819 699/699/820
f 128/128/821 129/129/822 701/701/823 700/700/824
f 137/137/825 138/138/826 710/710/827 709/709/828
f 138/138/829 135/135/830 707/707/831 710/710/832
f 135/135/833 136/136/834 708/708/835 707/707/836
f 136/136/837 137/137/838 709/709/839 708/708/840
f 145/145/841 146/146/842 718/718/843 717/717/844
f 146/146/845 143/143/846 715/715/847 718/718/848
f 143/143/849 144/144/850 716/716/851 715/715/852
f 144/144/853 145/145/854 717/717/855 716/716/856
f 153/153/857 154/154/858 726/726/859 725/725/860
f 154/154/861 151/151/862 723/723/863 726/726/864
f 151/151/865 152/152/866 724/724/867 723/723/868
f 152/152/869 153/153/870 725/725/871 724/724/872
f 161/161/873 162/162/874 734/734/875 733/733/876
f 162/162/877 159/159/878 731/731/879 734/734/880
f 159/159/881 160/160/882 732/732/883 731/731/884
f 160/160/885 161/161/886 733/733/887 732/732/888
f 169/169/889 170/170/890 742/742/891 741/741/892
f 170/170/893 167/167/894 739/739/895 742/742/896
f 167/167/897 168/168/898 740/740/899 739/739/900
f 168/168/901 169/169/902 741/741/903 740/740/904
f 181/181/905 182/182/906 754/754/907 753/753/908
f 182/182/909 179/179/910 751/751/911 754/754/912
f 179/179/913 180/180/914 752/752/915 751/751/916
f 180/180/917 181/181/918 753/753/919 752/752/920
f 189/189/921 190/190/922 762/762/923 761/761/924
f 190/190/925 187/187/926 759/759/927 762/762/928
f 187/187/929 188/188/930 760/760/931 759/759/932
f 188/188/933 189/189/934 761/761/935 760/760/936
f 197/197/937 198/198/938 770/770/939 769/769/940
f 198/198/941 195/195/942 767/767/943 770/770/944
f 195/195/945 196/196/946 768/768/947 767/767/948
f 196/196/949 197/197/950 769/769/951 768/768/952
f 205/205/953 206/206/954 778/778/955 777/777/956
f 206/206/957 203/203/958 775/775/959 778/778/960
f 203/203/961 204/204/962 776/776/963 775/775/964
f 204/204/965 205/205/966 777/777/967 776/776/968
f 213/213/969 214/214/970 786/786/971 785/785/972
f 214/214/973 211/211/974 783/783/975 786/786/976
f 211/211/977 212/212/978 784/784/979 783/783/980
f 212/212/981 213/213/982 785/785/983 784/784/984
f 221/221/985 222/222/986 794/794/987 793/793/988
f 222/222/989 219/219/990 791/791/991 794/794/992
f 219/219/993 220/220/994 792/792/995 791/791/996
f 220/220/997 221/221/998 793/793/999 792/792/1000
f 229/229/1001 230/230/1002 802/802/1003 801/801/1004
f 230/230/1005 227/227/1006 799/799/1007 802/802/1008
f 227/227/1009 228/228/1010 800/800/1011 799/799/1012
f 228/228/1013 229/229/1014 801/801/1015 800/800/1016
f 237/237/1017 238/238/1018 810/810/1019 809/809/1020
f 238/238/1021 235/235/1022 807/807/1023 810/810/1024
f 235/235/1025 236/236/1026 808/808/1027 807/807/1028
f 236/236/1029 237/237/1030 809/809/1031 808/808/1032
f 245/245/1033 246/246/1034 818/818/1035 817/817/1036
f 246/246/1037 243/243/1038 815/815/1039 818/818/1040
f 243/243/1041 244/244/1042 816/816/1043 815/815/1044
f 244/244/1045 245/245/1046 817/817/1047 816/816/1048
f 253/253/1049 254/254/1050 826/826/1051 825/825/1052
f 254/254/1053 251/251/1054 823/823/1055 826/826/1056
f 251/251/1057 252/252/1058 824/824/1059 823/823/1060
f 252/252/1061 253/253/1062 825/825/1063 824/824/1064
f 265/265/1065 266/266/1066 838/838/1067 837/837/1068
f 266/266/1069 263/263/1070 835/835/1071 838/838/1072
f 263/263/1073 264/264/1074 836/836/1075 835/835/1076
f 264/264/1077 265/265/1078 837/837/1079 836/836/1080
f 277/277/1081 278/278/1082 850/850/1083 849/849/1084
f 278/278/1085 275/275/1086 847/847/1087 850/850/1088
f 275/275/1089 276/276/1090 848/848/1091 847/847/1092
f 276/276/1093 277/277/1094 849/849/1095 848/848/1096
f 285/285/1097 286/286/1098 858/858/1099 857/857/1100
f 286/286/1101 283/283/1102 855/855/1103 858/858/1104
f 283/283/1105 284/284/1106 856/856/1107 855/855/1108
f 284/284/1109 285/285/1110 857/857/1111 856/856/1112
f 293/293/1113 294/294/1114 866/866/1115 865/865/1116
f 294/294/1117 291/291/1118 863/863/1119 866/866/1120
f 291/291/1121 292/292/1122 864/864/1123 863/863/1124
f 292/292/1125 293/293/1126 865/865/1127 864/864/1128
f 301/301/1129 302/302/1130 874/874/1131 873/873/1132
f 302/302/1133 299/299/1134 871/871/1135 874/874/1136
f 299/299/1137 300/300/1138 872/872/1139 871/871/1140
f 300/300/1141 301/301/1142 873/873/1143 872/872/1144
f 309/309/1145 310/310/1146 882/882/1147 881/881/1148
f 310/310/1149 307/307/1150 879/879/1151 882/882/1152
f 307/307/1153 308/308/1154 880/880/1155 879/879/1156
f 308/308/1157 309/309/1158 881/881/1159 880/880/1160
f 317/317/1161 318/318/1162 890/890/1163 889/889/1164
f 318/318/1165 315/315/1166 887/887/1167 890/890/1168
f 315/315/1169 316/316/1170 888/888/1171 887/887/1172
f 316/316/1173 317/317/1174 889/889/1175 888/888/1176
f 325/325/1177 326/326/1178 898/898/1179 897/897/1180
f 326/326/1181 323/323/1182 895/895/1183 898/898/1184
f 323/323/1185 324/324/1186 896/896/1187 895/895/1188
f 324/324/1189 325/325/1190 897/897/1191 896/896/1192
f 333/333/1193 334/334/1194 906/906/1195 905/905/1196
f 334/334/1197 331/331/1198 903/903/1199 906/906/1200
f 331/331/1201 332/332/1202 904/904/1203 903/903/1204
f 332/332/1205 333/333/1206 905/905/1207 904/904/1208
f 341/341/1209 342/342/1210 914/914/1211 913/913/1212
f 342/342/1213 339/339/1214 911/911/1215 914/914/1216
f 339/339/1217 340/340/1218 912/912/1219 911/911/1220
f 340/340/1221 341/341/1222 913/913/1223 912/912/1224
f 349/349/1225 350/350/1226 922/922/1227 921/921/1228
f 350/350/1229 347/347/1230 919/919/1231 922/922/1232
f 347/347/1233 348/348/1234 920/920/1235 919/919/1236
f 348/348/1237 349/349/1238 921/921/1239 920/920/1240
f 1/1/1241 2/2/1242 574/574/1243 573/573/1244
f 362/362/1245 1/1/1246 573/573/1247 934/934/1248
f 2/2/1249 363/363/1250 935/935/1251 574/574/1252
f 363/363/1253 361/361/1254 933/933/1255 935/935/1256
f 361/361/1257 362/362/1258 934/934/1259 933/933/1260
f 9/9/1261 10/10/1262 582/582/1263 581/581/1264
f 10/10/1265 365/365/1266 937/937/1267 582/582/1268
f 365/365/1269 364/364/1270 936/936/1271 937/937/1272
f 364/364/1273 9/9/1274 581/581/1275 936/936/1276
f 17/17/1277 18/18/1278 590/590/1279 589/589/1280
f 18/18/1281 367/367/1282 939/939/1283 590/590/1284
f 367/367/1285 366/366/1286 938/938/1287 939/939/1288
f 366/366/1289 17/17/1290 589/589/1291 938/938/1292
f 25/25/1293 26/26/1294 598/598/1295 597/597/1296
f 26/26/1297 369/369/1298 941/941/1299 598/598/1300
f 369/369/1301 368/368/1302 940/940/1303 941/941/1304
f 368/368/1305 25/25/1306 597/597/1307 940/940/1308
f 33/33/1309 34/34/1310 606/606/1311 605/605/1312
f 34/34/1313 371/371/1314 943/943/1315 606/606/1316
f 371/371/1317 370/370/1318 942/942/1319 943/943/1320
f 370/370/1321 33/33/1322 605/605/1323 942/942/1324
f 41/41/1325 42/42/1326 614/614/1327 613/613/1328
f 42/42/1329 373/373/1330 945/945/1331 614/614/1332
f 373/373/1333 372/372/1334 944/944/1335 945/945/1336
f 372/372/1337 41/41/1338 613/613/1339 944/944/1340
f 49/49/1341 50/50/1342 622/622/1343 621/621/1344
f 50/50/1345 377/377/1346 949/949/1347 622/622/1348
f 377/377/1349 376/376/1350 948/948/1351 949/949/1352
f 376/376/1353 49/49/1354 621/621/1355 948/948/1356
f 57/57/1357 58/58/1358 630/630/1359 629/629/1360
f 58/58/1361 379/379/1362 951/951/1363 630/630/1364
f 379/379/1365 378/378/1366 950/950/1367 951/951/1368
f 378/378/1369 57/57/1370 629/629/1371 950/950/1372
f 65/65/1373 66/66/1374 638/638/1375 637/637/1376
f 66/66/1377 381/381/1378 953/953/1379 638/638/1380
f 381/381/1381 380/380/1382 952/952/1383 953/953/1384
f 380/380/1385 65/65/1386 637/637/1387 952/952/1388
f 73/73/1389 74/74/1390 646/646/1391 645/645/1392
f 74/74/1393 383/383/1394 955/955/1395 646/646/1396
f 383/383/1397 382/382/1398 954/954/1399 955/955/1400
f 382/382/1401 73/73/1402 645/645/1403 954/954/1404
f 77/77/1405 78/78/1406 650/650/1407 649/649/1408
f 78/78/1409 385/385/1410 957/957/1411 650/650/1412
f 385/385/1413 384/384/1414 956/956/1415 957/957/1416
f 384/384/1417 77/77/1418 649/649/1419 956/956/1420
f 85/85/1421 86/86/1422 658/658/1423 657/657/1424
f 387/387/1425 386/386/1426 958/958/1427 959/959/1428
f 386/386/1429 85/85/1430 657/657/1431 958/958/1432
f 388/388/1433 389/389/1434 961/961/1435 960/960/1436
f 4/4/1437 5/5/1438 577/577/1439 576/576/1440
f 389/389/1441 4/4/1442 576/576/1443 961/961/1444
f 8/8/1445 7/7/1446 579/579/1447 580/580/1448
f 7/7/1449 390/390/1450 962/962/1451 579/579/1452
f 390/390/1453 391/391/1454 963/963/1455 962/962/1456
f 391/391/1457 8/8/1458 580/580/1459 963/963/1460
f 16/16/1461 15/15/1462 587/587/1463 588/588/1464
f 15/15/1465 393/393/1466 965/965/1467 587/587/1468
f 393/393/1469 392/392/1470 964/964/1471 965/965/1472
f 392/392/1473 16/16/1474 588/588/1475 964/964/1476
f 24/24/1477 23/23/1478 595/595/1479 596/596/1480
f 23/23/1481 395/395/1482 967/967/1483 595/595/1484
f 395/395/1485 394/394/1486 966/966/1487 967/967/1488
f 394/394/1489 24/24/1490 596/596/1491 966/966/1492
f 32/32/1493 31/31/1494 603/603/1495 604/604/1496
f 31/31/1497 397/397/1498 969/969/1499 603/603/1500
f 397/397/1501 396/396/1502 968/968/1503 969/969/1504
f 396/396/1505 32/32/1506 604/604/1507 968/968/1508
f 40/40/1509 39/39/1510 611/611/1511 612/612/1512
f 39/39/1513 399/399/1514 971/971/1515 611/611/1516
f 399/399/1517 398/398/1518 970/970/1519 971/971/1520
f 398/398/1521 40/40/1522 612/612/1523 970/970/1524
f 48/48/1525 47/47/1526 619/619/1527 620/620/1528
f 47/47/1529 401/401/1530 973/973/1531 619/619/1532
f 401/401/1533 400/400/1534 972/972/1535 973/973/1536
f 400/400/1537 48/48/1538 620/620/1539 972/972/1540
f 56/56/1541 55/55/1542 627/627/1543 628/628/1544
f 55/55/1545 403/403/1546 975/975/1547 627/627/1548
f 403/403/1549 402/402/1550 974/974/1551 975/975/1552
f 402/402/1553 56/56/1554 628/628/1555 974/974/1556
f 64/64/1557 63/63/1558 635/635/1559 636/636/1560
f 63/63/1561 405/405/1562 977/977/1563 635/635/1564
f 405/405/1565 404/404/1566 976/976/1567 977/977/1568
f 404/404/1569 64/64/1570 636/636/1571 976/976/1572
f 72/72/1573 71/71/1574 643/643/1575 644/644/1576
f 71/71/1577 407/407/1578 979/979/1579 643/643/1580
f 407/407/1581 406/406/1582 978/978/1583 979/979/1584
f 406/406/1585 72/72/1586 644/644/1587 978/978/1588
f 76/76/1589 75/75/1590 647/647/1591 648/648/1592
f 75/75/1593 409/409/1594 981/981/1595 647/647/1596
f 409/409/1597 408/408/1598 980/980/1599 981/981/1600
f 408/408/1601 76/76/1602 648/648/1603 980/980/1604
f 84/84/1605 83/83/1606 655/655/1607 656/656/1608
f 83/83/1609 411/411/1610 983/983/1611 655/655/1612
f 411/411/1613 410/410/1614 982/982/1615 983/983/1616
f 410/410/1617 84/84/1618 656/656/1619 982/982/1620
f 92/92/1621 91/91/1622 663/663/1623 664/664/1624
f 91/91/1625 413/413/1626 985/985/1627 663/663/1628
f 413/413/1629 412/412/1630 984/984/1631 985/985/1632
f 375/375/1633 374/374/1634 946/946/1635 947/947/1636
f 374/374/1637 415/415/1638 987/987/1639 946/946/1640
f 415/415/1641 414/414/1642 986/986/1643 987/987/1644
f 414/414/1645 375/375/1646 947/947/1647 986/986/1648
f 93/93/1649 94/94/1650 666/666/1651 665/665/1652
f 94/94/1653 417/417/1654 989/989/1655 666/666/1656
f 417/417/1657 416/416/1658 988/988/1659 989/989/1660
f 416/416/1661 93/93/1662 665/665/1663 988/988/1664
f 101/101/1665 102/102/1666 674/674/1667 673/673/1668
f 102/102/1669 419/419/1670 991/991/1671 674/674/1672
f 419/419/1673 418/418/1674 990/990/1675 991/991/1676
f 418/418/1677 101/101/1678 673/673/1679 990/990/1680
f 109/109/1681 110/110/1682 682/682/1683 681/681/1684
f 110/110/1685 421/421/1686 993/993/1687 682/682/1688
f 421/421/1689 420/420/1690 992/992/1691 993/993/1692
f 420/420/1693 109/109/1694 681/681/1695 992/992/1696
f 117/117/1697 118/118/1698 690/690/1699 689/689/1700
f 118/118/1701 423/423/1702 995/995/1703 690/690/1704
f 423/423/1705 422/422/1706 994/994/1707 995/995/1708
f 422/422/1709 117/117/1710 689/689/1711 994/994/1712
f 125/125/1713 126/126/1714 698/698/1715 697/697/1716
f 126/126/1717 425/425/1718 997/997/1719 698/698/1720
f 425/425/1721 424/424/1722 996/996/1723 997/997/1724
f 424/424/1725 125/125/1726 697/697/1727 996/996/1728
f 133/133/1729 134/134/1730 706/706/1731 705/705/1732
f 134/134/1733 427/427/1734 999/999/1735 706/706/1736
f 427/427/1737 426/426/1738 998/998/1739 999/999/1740
f 426/426/1741 133/133/1742 705/705/1743 998/998/1744
f 141/141/1745 142/142/1746 714/714/1747 713/713/1748
f 142/142/1749 429/429/1750 1001/1001/1751 714/714/1752
f 429/429/1753 428/428/1754 1000/1000/1755 1001/1001/1756
f 428/428/1757 141/141/1758 713/713/1759 1000/1000/1760
f 149/149/1761 150/150/1762 722/722/1763 721/721/1764
f 150/150/1765 431/431/1766 1003/1003/1767 722/722/1768
f 431/431/1769 430/430/1770 1002/1002/1771 1003/1003/1772
f 430/430/1773 149/149/1774 721/721/1775 1002/1002/1776
f 157/157/1777 158/158/1778 730/730/1779 729/729/1780
f 158/158/1781 433/433/1782 1005/1005/1783 730/730/1784
f 433/433/1785 432/432/1786 1004/1004/1787 1005/1005/1788
f 432/432/1789 157/157/1790 729/729/1791 1004/1004/1792
f 165/165/1793 166/166/1794 738/738/1795 737/737/1796
f 166/166/1797 435/435/1798 1007/1007/1799 738/738/1800
f 435/435/1801 434/434/1802 1006/1006/1803 1007/1007/1804
f 434/434/1805 165/165/1806 737/737/1807 1006/1006/1808
f 173/173/1809 174/174/1810 746/746/1811 745/745/1812
f 174/174/1813 437/437/1814 1009/1009/1815 746/746/1816
f 437/437/1817 436/436/1818 1008/1008/1819 1009/1009/1820
f 436/436/1821 173/173/1822 745/745/1823 1008/1008/1824
f 177/177/1825 178/178/1826 750/750/1827 749/749/1828
f 439/439/1829 438/438/1830 1010/1010/1831 1011/1011/1832
f 438/438/1833 177/177/1834 749/749/1835 1010/1010/1836
f 86/86/1837 440/440/1838 1012/1012/1839 658/658/1840
f 440/440/1841 387/387/1842 959/959/1843 1012/1012/1844
f 100/100/1845 99/99/1846 671/671/1847 672/672/1848
f 99/99/1849 442/442/1850 1014/1014/1851 671/671/1852
f 442/442/1853 441/441/1854 1013/1013/1855 1014/1014/1856
f 441/441/1857 100/100/1858 672/672/1859 1013/1013/1860
f 108/108/1861 107/107/1862 679/679/1863 680/680/1864
f 107/107/1865 444/444/1866 1016/1016/1867 679/679/1868
f 444/444/1869 443/443/1870 1015/1015/1871 1016/1016/1872
f 443/443/1873 108/108/1874 680/680/1875 1015/1015/1876
f 116/116/1877 115/115/1878 687/687/1879 688/688/1880
f 115/115/1881 446/446/1882 1018/1018/1883 687/687/1884
f 446/446/1885 445/445/1886 1017/1017/1887 1018/1018/1888
f 445/445/1889 116/116/1890 688/688/1891 1017/1017/1892
f 124/124/1893 123/123/1894 695/695/1895 696/696/1896
f 123/123/1897 448/448/1898 1020/1020/1899 695/695/1900
f 448/448/1901 447/447/1902 1019/1019/1903 1020/1020/1904
f 447/447/1905 124/124/1906 696/696/1907 1019/1019/1908
f 132/132/1909 131/131/1910 703/703/1911 704/704/1912
f 131/131/1913 450/450/1914 1022/1022/1915 703/703/1916
f 450/450/1917 449/449/1918 1021/1021/1919 1022/1022/1920
f 449/449/1921 132/132/1922 704/704/1923 1021/1021/1924
f 140/140/1925 139/139/1926 711/711/1927 712/712/1928
f 139/139/1929 452/452/1930 1024/1024/1931 711/711/1932
f 452/452/1933 451/451/1934 1023/1023/1935 1024/1024/1936
f 451/451/1937 140/140/1938 712/712/1939 1023/1023/1940
f 148/148/1941 147/147/1942 719/719/1943 720/720/1944
f 147/147/1945 454/454/1946 1026/1026/1947 719/719/1948
f 454/454/1949 453/453/1950 1025/1025/1951 1026/1026/1952
f 453/453/1953 148/148/1954 720/720/1955 1025/1025/1956
f 156/156/1957 155/155/1958 727/727/1959 728/728/1960
f 155/155/1961 456/456/1962 1028/1028/1963 727/727/1964
f 456/456/1965 455/455/1966 1027/1027/1967 1028/1028/1968
f 455/455/1969 156/156/1970 728/728/1971 1027/1027/1972
f 164/164/1973 163/163/1974 735/735/1975 736/736/1976
f 163/163/1977 458/458/1978 1030/1030/1979 735/735/1980
f 458/458/1981 457/457/1982 1029/1029/1983 1030/1030/1984
f 457/457/1985 164/164/1986 736/736/1987 1029/1029/1988
f 172/172/1989 171/171/1990 743/743/1991 744/744/1992
f 171/171/1993 460/460/1994 1032/1032/1995 743/743/1996
f 460/460/1997 459/459/1998 1031/1031/1999 1032/1032/2000
f 459/459/2001 172/172/2002 744/744/2003 1031/1031/2004
f 176/176/2005 175/175/2006 747/747/2007 748/748/2008
f 175/175/2009 462/462/2010 1034/1034/2011 747/747/2012
f 462/462/2013 461/461/2014 1033/1033/2015 1034/1034/2016
f 461/461/2017 176/176/2018 748/748/2019 1033/1033/2020
f 184/184/2021 183/183/2022 755/755/2023 756/756/2024
f 183/183/2025 464/464/2026 1036/1036/2027 755/755/2028
f 464/464/2029 463/463/2030 1035/1035/2031 1036/1036/2032
f 465/465/2033 92/92/2034 664/664/2035 1037/1037/2036
f 412/412/2037 465/465/2038 1037/1037/2039 984/984/2040
f 185/185/2041 186/186/2042 758/758/2043 757/757/2044
f 186/186/2045 467/467/2046 1039/1039/2047 758/758/2048
f 467/467/2049 466/466/2050 1038/1038/2051 1039/1039/2052
f 466/466/2053 185/185/2054 757/757/2055 1038/1038/2056
f 193/193/2057 194/194/2058 766/766/2059 765/765/2060
f 194/194/2061 469/469/2062 1041/1041/2063 766/766/2064
f 469/469/2065 468/468/2066 1040/1040/2067 1041/1041/2068
f 468/468/2069 193/193/2070 765/765/2071 1040/1040/2072
f 201/201/2073 202/202/2074 774/774/2075 773/773/2076
f 202/202/2077 471/471/2078 1043/1043/2079 774/774/2080
f 471/471/2081 470/470/2082 1042/1042/2083 1043/1043/2084
f 470/470/2085 201/201/2086 773/773/2087 1042/1042/2088
f 209/209/2089 210/210/2090 782/782/2091 781/781/2092
f 210/210/2093 473/473/2094 1045/1045/2095 782/782/2096
f 473/473/2097 472/472/2098 1044/1044/2099 1045/1045/2100
f 472/472/2101 209/209/2102 781/781/2103 1044/1044/2104
f 217/217/2105 218/218/2106 790/790/2107 789/789/2108
f 218/218/2109 475/475/2110 1047/1047/2111 790/790/2112
f 475/475/2113 474/474/2114 1046/1046/2115 1047/1047/2116
f 474/474/2117 217/217/2118 789/789/2119 1046/1046/2120
f 225/225/2121 226/226/2122 798/798/2123 797/797/2124
f 226/226/2125 477/477/2126 1049/1049/2127 798/798/2128
f 477/477/2129 476/476/2130 1048/1048/2131 1049/1049/2132
f 476/476/2133 225/225/2134 797/797/2135 1048/1048/2136
f 233/233/2137 234/234/2138 806/806/2139 805/805/2140
f 234/234/2141 479/479/2142 1051/1051/2143 806/806/2144
f 479/479/2145 478/478/2146 1050/1050/2147 1051/1051/2148
f 478/478/2149 233/233/2150 805/805/2151 1050/1050/2152
f 241/241/2153 242/242/2154 814/814/2155 813/813/2156
f 242/242/2157 481/481/2158 1053/1053/2159 814/814/2160
f 481/481/2161 480/480/2162 1052/1052/2163 1053/1053/2164
f 480/480/2165 241/241/2166 813/813/2167 1052/1052/2168
f 249/249/2169 250/250/2170 822/822/2171 821/821/2172
f 250/250/2173 483/483/2174 1055/1055/2175 822/822/2176
f 483/483/2177 482/482/2178 1054/1054/2179 1055/1055/2180
f 482/482/2181 249/249/2182 821/821/2183 1054/1054/2184
f 257/257/2185 258/258/2186 830/830/2187 829/829/2188
f 258/258/2189 485/485/2190 1057/1057/2191 830/830/2192
f 485/485/2193 484/484/2194 1056/1056/2195 1057/1057/2196
f 484/484/2197 257/257/2198 829/829/2199 1056/1056/2200
f 261/261/2201 262/262/2202 834/834/2203 833/833/2204
f 262/262/2205 487/487/2206 1059/1059/2207 834/834/2208
f 487/487/2209 486/486/2210 1058/1058/2211 1059/1059/2212
f 486/486/2213 261/261/2214 833/833/2215 1058/1058/2216
f 269/269/2217 270/270/2218 842/842/2219 841/841/2220
f 489/489/2221 488/488/2222 1060/1060/2223 1061/1061/2224
f 488/488/2225 269/269/2226 841/841/2227 1060/1060/2228
f 178/178/2229 490/490/2230 1062/1062/2231 750/750/2232
f 490/490/2233 439/439/2234 1011/1011/2235 1062/1062/2236
f 192/192/2237 191/191/2238 763/763/2239 764/764/2240
f 191/191/2241 492/492/2242 1064/1064/2243 763/763/2244
f 492/492/2245 491/491/2246 1063/1063/2247 1064/1064/2248
f 491/491/2249 192/192/2250 764/764/2251 1063/1063/2252
f 200/200/2253 199/199/2254 771/771/2255 772/772/2256
f 199/199/2257 494/494/2258 1066/1066/2259 771/771/2260
f 494/494/2261 493/493/2262 1065/1065/2263 1066/1066/2264
f 493/493/2265 200/200/2266 772/772/2267 1065/1065/2268
f 208/208/2269 207/207/2270 779/779/2271 780/780/2272
f 207/207/2273 496/496/2274 1068/1068/2275 779/779/2276
f 496/496/2277 495/495/2278 1067/1067/2279 1068/1068/2280
f 495/495/2281 208/208/2282 780/780/2283 1067/1067/2284
f 216/216/2285 215/215/2286 787/787/2287 788/788/2288
f 215/215/2289 498/498/2290 1070/1070/2291 787/787/2292
f 498/498/2293 497/497/2294 1069/1069/2295 1070/1070/2296
f 497/497/2297 216/216/2298 788/788/2299 1069/1069/2300
f 224/224/2301 223/223/2302 795/795/2303 796/796/2304
f 223/223/2305 500/500/2306 1072/1072/2307 795/795/2308
f 500/500/2309 499/499/2310 1071/1071/2311 1072/1072/2312
f 499/499/2313 224/224/2314 796/796/2315 1071/1071/2316
f 232/232/2317 231/231/2318 803/803/2319 804/804/2320
f 231/231/2321 502/502/2322 1074/1074/2323 803/803/2324
f 502/502/2325 501/501/2326 1073/1073/2327 1074/1074/2328
f 501/501/2329 232/232/2330 804/804/2331 1073/1073/2332
f 240/240/2333 239/239/2334 811/811/2335 812/812/2336
f 239/239/2337 504/504/2338 1076/1076/2339 811/811/2340
f 504/504/2341 503/503/2342 1075/1075/2343 1076/1076/2344
f 503/503/2345 240/240/2346 812/812/2347 1075/1075/2348
f 248/248/2349 247/247/2350 819/819/2351 820/820/2352
f 247/247/2353 506/506/2354 1078/1078/2355 819/819/2356
f 506/506/2357 505/505/2358 1077/1077/2359 1078/1078/2360
f 505/505/2361 248/248/2362 820/820/2363 1077/1077/2364
f 256/256/2365 255/255/2366 827/827/2367 828/828/2368
f 255/255/2369 508/508/2370 1080/1080/2371 827/827/2372
f 508/508/2373 507/507/2374 1079/1079/2375 1080/1080/2376
f 507/507/2377 256/256/2378 828/828/2379 1079/1079/2380
f 260/260/2381 259/259/2382 831/831/2383 832/832/2384
f 259/259/2385 510/510/2386 1082/1082/2387 831/831/2388
f 510/510/2389 509/509/2390 1081/1081/2391 1082/1082/2392
f 509/509/2393 260/260/2394 832/832/2395 1081/1081/2396
f 268/268/2397 267/267/2398 839/839/2399 840/840/2400
f 267/267/2401 512/512/2402 1084/1084/2403 839/839/2404
f 512/512/2405 511/511/2406 1083/1083/2407 1084/1084/2408
f 511/511/2409 268/268/2410 840/840/2411 1083/1083/2412
f 272/272/2413 271/271/2414 843/843/2415 844/844/2416
f 271/271/2417 514/514/2418 1086/1086/2419 843/843/2420
f 514/514/2421 513/513/2422 1085/1085/2423 1086/1086/2424
f 515/515/2425 184/184/2426 756/756/2427 1087/1087/2428
f 463/463/2429 515/515/2430 1087/1087/2431 1035/1035/2432
f 358/358/2433 359/359/2434 931/931/2435 930/930/2436
f 519/519/2437 518/518/2438 1090/1090/2439 1091/1091/2440
f 518/518/2441 358/358/2442 930/930/2443 1090/1090/2444
f 273/273/2445 274/274/2446 846/846/2447 845/845/2448
f 274/274/2449 521/521/2450 1093/1093/2451 846/846/2452
f 521/521/2453 520/520/2454 1092/1092/2455 1093/1093/2456
f 520/520/2457 273/273/2458 845/845/2459 1092/1092/2460
f 281/281/2461 282/282/2462 854/854/2463 853/853/2464
f 282/282/2465 523/523/2466 1095/1095/2467 854/854/2468
f 523/523/2469 522/522/2470 1094/1094/2471 1095/1095/2472
f 522/522/2473 281/281/2474 853/853/2475 1094/1094/2476
f 289/289/2477 290/290/2478 862/862/2479 861/861/2480
f 290/290/2481 525/525/2482 1097/1097/2483 862/862/2484
f 525/525/2485 524/524/2486 1096/1096/2487 1097/1097/2488
f 524/524/2489 289/289/2490 861/861/2491 1096/1096/2492
f 297/297/2493 298/298/2494 870/870/2495 869/869/2496
f 298/298/2497 527/527/2498 1099/1099/2499 870/870/2500
f 527/527/2501 526/526/2502 1098/1098/2503 1099/1099/2504
f 526/526/2505 297/297/2506 869/869/2507 1098/1098/2508
f 305/305/2509 306/306/2510 878/878/2511 877/877/2512
f 306/306/2513 529/529/2514 1101/1101/2515 878/878/2516
f 529/529/2517 528/528/2518 1100/1100/2519 1101/1101/2520
f 528/528/2521 305/305/2522 877/877/2523 1100/1100/2524
f 313/313/2525 314/314/2526 886/886/2527 885/885/2528
f 314/314/2529 531/531/2530 1103/1103/2531 886/886/2532
f 531/531/2533 530/530/2534 1102/1102/2535 1103/1103/2536
f 530/530/2537 313/313/2538 885/885/2539 1102/1102/2540
f 321/321/2541 322/322/2542 894/894/2543 893/893/2544
f 322/322/2545 533/533/2546 1105/1105/2547 894/894/2548
f 533/533/2549 532/532/2550 1104/1104/2551 1105/1105/2552
f 532/532/2553 321/321/2554 893/893/2555 1104/1104/2556
f 329/329/2557 330/330/2558 902/902/2559 901/901/2560
f 330/330/2561 535/535/2562 1107/1107/2563 902/902/2564
f 535/535/2565 534/534/2566 1106/1106/2567 1107/1107/2568
f 534/534/2569 329/329/2570 901/901/2571 1106/1106/2572
f 337/337/2573 338/338/2574 910/910/2575 909/909/2576
f 338/338/2577 537/537/2578 1109/1109/2579 910/910/2580
f 537/537/2581 536/536/2582 1108/1108/2583 1109/1109/2584
f 536/536/2585 337/337/2586 909/909/2587 1108/1108/2588
f 345/345/2589 346/346/2590 918/918/2591 917/917/2592
f 346/346/2593 539/539/2594 1111/1111/2595 918/918/2596
f 539/539/2597 538/538/2598 1110/1110/2599 1111/1111/2600
f 538/538/2601 345/345/2602 917/917/2603 1110/1110/2604
f 353/353/2605 354/354/2606 926/926/2607 925/925/2608
f 354/354/2609 541/541/2610 1113/1113/2611 926/926/2612
f 541/541/2613 540/540/2614 1112/1112/2615 1113/1113/2616
f 540/540/2617 353/353/2618 925/925/2619 1112/1112/2620
f 270/270/2621 542/542/2622 1114/1114/2623 842/842/2624
f 542/542/2625 489/489/2626 1061/1061/2627 1114/1114/2628
f 357/357/2629 517/517/2630 1089/1089/2631 929/929/2632
f 517/517/2633 516/516/2634 1088/1088/2635 1089/1089/2636
f 516/516/2637 543/543/2638 1115/1115/2639 1088/1088/2640
f 543/543/2641 357/357/2642 929/929/2643 1115/1115/2644
f 544/544/2645 519/519/2646 1091/1091/2647 1116/1116/2648
f 545/545/2649 544/544/2650 1116/1116/2651 1117/1117/2652
f 280/280/2653 279/279/2654 851/851/2655 852/852/2656
f 279/279/2657 547/547/2658 1119/1119/2659 851/851/2660
f 547/547/2661 546/546/2662 1118/1118/2663 1119/1119/2664
f 546/546/2665 280/280/2666 852/852/2667 1118/1118/2668
f 288/288/2669 287/287/2670 859/859/2671 860/860/2672
f 287/287/2673 549/549/2674 1121/1121/2675 859/859/2676
f 549/549/2677 548/548/2678 1120/1120/2679 1121/1121/2680
f 548/548/2681 288/288/2682 860/860/2683 1120/1120/2684
f 296/296/2685 295/295/2686 867/867/2687 868/868/2688
f 295/295/2689 551/551/2690 1123/1123/2691 867/867/2692
f 551/551/2693 550/550/2694 1122/1122/2695 1123/1123/2696
f 550/550/2697 296/296/2698 868/868/2699 1122/1122/2700
f 304/304/2701 303/303/2702 875/875/2703 876/876/2704
f 303/303/2705 553/553/2706 1125/1125/2707 875/875/2708
f 553/553/2709 552/552/2710 1124/1124/2711 1125/1125/2712
f 552/552/2713 304/304/2714 876/876/2715 1124/1124/2716
f 312/312/2717 311/311/2718 883/883/2719 884/884/2720
f 311/311/2721 555/555/2722 1127/1127/2723 883/883/2724
f 555/555/2725 554/554/2726 1126/1126/2727 1127/1127/2728
f 554/554/2729 312/312/2730 884/884/2731 1126/1126/2732
f 320/320/2733 319/319/2734 891/891/2735 892/892/2736
f 319/319/2737 557/557/2738 1129/1129/2739 891/891/2740
f 557/557/2741 556/556/2742 1128/1128/2743 1129/1129/2744
f 556/556/2745 320/320/2746 892/892/2747 1128/1128/2748
f 328/328/2749 327/327/2750 899/899/2751 900/900/2752
f 327/327/2753 559/559/2754 1131/1131/2755 899/899/2756
f 559/559/2757 558/558/2758 1130/1130/2759 1131/1131/2760
f 558/558/2761 328/328/2762 900/900/2763 1130/1130/2764
f 336/336/2765 335/335/2766 907/907/2767 908/908/2768
f 335/335/2769 561/561/2770 1133/1133/2771 907/907/2772
f 561/561/2773 560/560/2774 1132/1132/2775 1133/1133/2776
f 560/560/2777 336/336/2778 908/908/2779 1132/1132/2780
f 344/344/2781 343/343/2782 915/915/2783 916/916/2784
f 343/343/2785 563/563/2786 1135/1135/2787 915/915/2788
f 563/563/2789 562/562/2790 1134/1134/2791 1135/1135/2792
f 562/562/2793 344/344/2794 916/916/2795 1134/1134/2796
f 352/352/2797 351/351/2798 923/923/2799 924/924/2800
f 351/351/2801 565/565/2802 1137/1137/2803 923/923/2804
f 565/565/2805 564/564/2806 1136/1136/2807 1137/1137/2808
f 564/564/2809 352/352/2810 924/924/2811 1136/1136/2812
f 356/356/2813 355/355/2814 927/927/2815 928/928/2816
f 355/355/2817 567/567/2818 1139/1139/2819 927/927/2820
f 567/567/2821 566/566/2822 1138/1138/2823 1139/1139/2824
f 566/566/2825 356/356/2826 928/928/2827 1138/1138/2828
f 570/570/2829 272/272/2830 844/844/2831 1142/1142/2832
f 513/513/2833 570/570/2834 1142/1142/2835 1085/1085/2836
f 359/359/2837 571/571/2838 1143/1143/2839 931/931/2840
f 571/571/2841 545/545/2842 1117/1117/2843 1143/1143/2844
f 360/360/2845 569/569/2846 1141/1141/2847 932/932/2848
f 569/569/2849 568/568/2850 1140/1140/2851 1141/1141/2852
f 568/568/2853 572/572/2854 1144/1144/2855 1140/1140/2856
f 572/572/2857 360/360/2858 932/932/2859 1144/1144/2860
f 577/577/2861 578/578/2862 1150/1150/2863 1149/1149/2864
f 578/578/2865 575/575/2866 1147/1147/2867 1150/1150/2868
f 575/575/2869 960/960/2870 1532/1532/2871 1147/1147/2872
f 585/585/2873 586/586/2874 1158/1158/2875 1157/1157/2876
f 586/586/2877 583/583/2878 1155/1155/2879 1158/1158/2880
f 583/583/2881 584/584/2882 1156/1156/2883 1155/1155/2884
f 584/584/2885 585/585/2886 1157/1157/2887 1156/1156/2888
f 593/593/2889 594/594/2890 1166/1166/2891 1165/1165/2892
f 594/594/2893 591/591/2894 1163/1163/2895 1166/1166/2896
f 591/591/2897 592/592/2898 1164/1164/2899 1163/1163/2900
f 592/592/2901 593/593/2902 1165/1165/2903 1164/1164/2904
f 601/601/2905 602/602/2906 1174/1174/2907 1173/1173/2908
f 602/602/2909 599/599/2910 1171/1171/2911 1174/1174/2912
f 599/599/2913 600/600/2914 1172/1172/2915 1171/1171/2916
f 600/600/2917 601/601/2918 1173/1173/2919 1172/1172/2920
f 609/609/2921 610/610/2922 1182/1182/2923 1181/1181/2924
f 610/610/2925 607/607/2926 1179/1179/2927 1182/1182/2928
f 607/607/2929 608/608/2930 1180/1180/2931 1179/1179/2932
f 608/608/2933 609/609/2934 1181/1181/2935 1180/1180/2936
f 617/617/2937 618/618/2938 1190/1190/2939 1189/1189/2940
f 618/618/2941 615/615/2942 1187/1187/2943 1190/1190/2944
f 615/615/2945 616/616/2946 1188/1188/2947 1187/1187/2948
f 616/616/2949 617/617/2950 1189/1189/2951 1188/1188/2952
f 625/625/2953 626/626/2954 1198/1198/2955 1197/1197/2956
f 626/626/2957 623/623/2958 1195/1195/2959 1198/1198/2960
f 623/623/2961 624/624/2962 1196/1196/2963 1195/1195/2964
f 624/624/2965 625/625/2966 1197/1197/2967 1196/1196/2968
f 633/633/2969 634/634/2970 1206/1206/2971 1205/1205/2972
f 634/634/2973 631/631/2974 1203/1203/2975 1206/1206/2976
f 631/631/2977 632/632/2978 1204/1204/2979 1203/1203/2980
f 632/632/2981 633/633/2982 1205/1205/2983 1204/1204/2984
f 641/641/2985 642/642/2986 1214/1214/2987 1213/1213/2988
f 642/642/2989 639/639/2990 1211/1211/2991 1214/1214/2992
f 639/639/2993 640/640/2994 1212/1212/2995 1211/1211/2996
f 640/640/2997 641/641/2998 1213/1213/2999 1212/1212/3000
f 653/653/3001 654/654/3002 1226/1226/3003 1225/1225/3004
f 654/654/3005 651/651/3006 1223/1223/3007 1226/1226/3008
f 651/651/3009 652/652/3010 1224/1224/3011 1223/1223/3012
f 652/652/3013 653/653/3014 1225/1225/3015 1224/1224/3016
f 661/661/3017 662/662/3018 1234/1234/3019 1233/1233/3020
f 662/662/3021 659/659/3022 1231/1231/3023 1234/1234/3024
f 659/659/3025 660/660/3026 1232/1232/3027 1231/1231/3028
f 660/660/3029 661/661/3030 1233/1233/3031 1232/1232/3032
f 669/669/3033 670/670/3034 1242/1242/3035 1241/1241/3036
f 670/670/3037 667/667/3038 1239/1239/3039 1242/1242/3040
f 667/667/3041 668/668/3042 1240/1240/3043 1239/1239/3044
f 668/668/3045 669/669/3046 1241/1241/3047 1240/1240/3048
f 677/677/3049 678/678/3050 1250/1250/3051 1249/1249/3052
f 678/678/3053 675/675/3054 1247/1247/3055 1250/1250/3056
f 675/675/3057 676/676/3058 1248/1248/3059 1247/1247/3060
f 676/676/3061 677/677/3062 1249/1249/3063 1248/1248/3064
f 685/685/3065 686/686/3066 1258/1258/3067 1257/1257/3068
f 686/686/3069 683/683/3070 1255/1255/3071 1258/1258/3072
f 683/683/3073 684/684/3074 1256/1256/3075 1255/1255/3076
f 684/684/3077 685/685/3078 1257/1257/3079 1256/1256/3080
f 693/693/3081 694/694/3082 1266/1266/3083 1265/1265/3084
f 694/694/3085 691/691/3086 1263/1263/3087 1266/1266/3088
f 691/691/3089 692/692/3090 1264/1264/3091 1263/1263/3092
f 692/692/3093 693/693/3094 1265/1265/3095 1264/1264/3096
f 701/701/3097 702/702/3098 1274/1274/3099 1273/1273/3100
f 702/702/3101 699/699/3102 1271/1271/3103 1274/1274/3104
f 699/699/3105 700/700/3106 1272/1272/3107 1271/1271/3108
f 700/700/3109 701/701/3110 1273/1273/3111 1272/1272/3112
f 709/709/3113 710/710/3114 1282/1282/3115 1281/1281/3116
f 710/710/3117 707/707/3118 1279/1279/3119 1282/1282/3120
f 707/707/3121 708/708/3122 1280/1280/3123 1279/1279/3124
f 708/708/3125 709/709/3126 1281/1281/3127 1280/1280/3128
f 717/717/3129 718/718/3130 1290/1290/3131 1289/1289/3132
f 718/718/3133 715/715/3134 1287/1287/3135 1290/1290/3136
f 715/715/3137 716/716/3138 1288/1288/3139 1287/1287/3140
f 716/716/3141 717/717/3142 1289/1289/3143 1288/1288/3144
f 725/725/3145 726/726/3146 1298/1298/3147 1297/1297/3148
f 726/726/3149 723/723/3150 1295/1295/3151 1298/1298/3152
f 723/723/3153 724/724/3154 1296/1296/3155 1295/1295/3156
f 724/724/3157 725/725/3158 1297/1297/3159 1296/1296/3160
f 733/733/3161 734/734/3162 1306/1306/3163 1305/1305/3164
f 734/734/3165 731/731/3166 1303/1303/3167 1306/1306/3168
f 731/731/3169 732/732/3170 1304/1304/3171 1303/1303/3172
f 732/732/3173 733/733/3174 1305/1305/3175 1304/1304/3176
f 741/741/3177 742/742/3178 1314/1314/3179 1313/1313/3180
f 742/742/3181 739/739/3182 1311/1311/3183 1314/1314/3184
f 739/739/3185 740/740/3186 1312/1312/3187 1311/1311/3188
f 740/740/3189 741/741/3190 1313/1313/3191 1312/1312/3192
f 753/753/3193 754/754/3194 1326/1326/3195 1325/1325/3196
f 754/754/3197 751/751/3198 1323/1323/3199 1326/1326/3200
f 751/751/3201 752/752/3202 1324/1324/3203 1323/1323/3204
f 752/752/3205 753/753/3206 1325/1325/3207 1324/1324/3208
f 761/761/3209 762/762/3210 1334/1334/3211 1333/1333/3212
f 762/762/3213 759/759/3214 1331/1331/3215 1334/1334/3216
f 759/759/3217 760/760/3218 1332/1332/3219 1331/1331/3220
f 760/760/3221 761/761/3222 1333/1333/3223 1332/1332/3224
f 769/769/3225 770/770/3226 1342/1342/3227 1341/1341/3228
f 770/770/3229 767/767/3230 1339/1339/3231 1342/1342/3232
f 767/767/3233 768/768/3234 1340/1340/3235 1339/1339/3236
f 768/768/3237 769/769/3238 1341/1341/3239 1340/1340/3240
f 777/777/3241 778/778/3242 1350/1350/3243 1349/1349/3244
f 778/778/3245 775/775/3246 1347/1347/3247 1350/1350/3248
f 775/775/3249 776/776/3250 1348/1348/3251 1347/1347/3252
f 776/776/3253 777/777/3254 1349/1349/3255 1348/1348/3256
f 785/785/3257 786/786/3258 1358/1358/3259 1357/1357/3260
f 786/786/3261 783/783/3262 1355/1355/3263 1358/1358/3264
f 783/783/3265 784/784/3266 1356/1356/3267 1355/1355/3268
f 784/784/3269 785/785/3270 1357/1357/3271 1356/1356/3272
f 793/793/3273 794/794/3274 1366/1366/3275 1365/1365/3276
f 794/794/3277 791/791/3278 1363/1363/3279 1366/1366/3280
f 791/791/3281 792/792/3282 1364/1364/3283 1363/1363/3284
f 792/792/3285 793/793/3286 1365/1365/3287 1364/1364/3288
f 801/801/3289 802/802/3290 1374/1374/3291 1373/1373/3292
f 802/802/3293 799/799/3294 1371/1371/3295 1374/1374/3296
f 799/799/3297 800/800/3298 1372/1372/3299 1371/1371/3300
f 800/800/3301 801/801/3302 1373/1373/3303 1372/1372/3304
f 809/809/3305 810/810/3306 1382/1382/3307 1381/1381/3308
f 810/810/3309 807/807/3310 1379/1379/3311 1382/1382/3312
f 807/807/3313 808/808/3314 1380/1380/3315 1379/1379/3316
f 808/808/3317 809/809/3318 1381/1381/3319 1380/1380/3320
f 817/817/3321 818/818/3322 1390/1390/3323 1389/1389/3324
f 818/818/3325 815/815/3326 1387/1387/3327 1390/1390/3328
f 815/815/3329 816/816/3330 1388/1388/3331 1387/1387/3332
f 816/816/3333 817/817/3334 1389/1389/3335 1388/1388/3336
f 825/825/3337 826/826/3338 1398/1398/3339 1397/1397/3340
f 826/826/3341 823/823/3342 1395/1395/3343 1398/1398/3344
f 823/823/3345 824/824/3346 1396/1396/3347 1395/1395/3348
f 824/824/3349 825/825/3350 1397/1397/3351 1396/1396/3352
f 837/837/3353 838/838/3354 1410/1410/3355 1409/1409/3356
f 838/838/3357 835/835/3358 1407/1407/3359 1410/1410/3360
f 835/835/3361 836/836/3362 1408/1408/3363 1407/1407/3364
f 836/836/3365 837/837/3366 1409/1409/3367 1408/1408/3368
f 849/849/3369 850/850/3370 1422/1422/3371 1421/1421/3372
f 850/850/3373 847/847/3374 1419/1419/3375 1422/1422/3376
f 847/847/3377 848/848/3378 1420/1420/3379 1419/1419/3380
f 848/848/3381 849/849/3382 1421/1421/3383 1420/1420/3384
f 857/857/3385 858/858/3386 1430/1430/3387 1429/1429/3388
f 858/858/3389 855/855/3390 1427/1427/3391 1430/1430/3392
f 855/855/3393 856/856/3394 1428/1428/3395 1427/1427/3396
f 856/856/3397 857/857/3398 1429/1429/3399 1428/1428/3400
f 865/865/3401 866/866/3402 1438/1438/3403 1437/1437/3404
f 866/866/3405 863/863/3406 1435/1435/3407 1438/1438/3408
f 863/863/3409 864/864/3410 1436/1436/3411 1435/1435/3412
f 864/864/3413 865/865/3414 1437/1437/3415 1436/1436/3416
f 873/873/3417 874/874/3418 1446/1446/3419 1445/1445/3420
f 874/874/3421 871/871/3422 1443/1443/3423 1446/1446/3424
f 871/871/3425 872/872/3426 1444/1444/3427 1443/1443/3428
f 872/872/3429 873/873/3430 1445/1445/3431 1444/1444/3432
f 881/881/3433 882/882/3434 1454/1454/3435 1453/1453/3436
f 882/882/3437 879/879/3438 1451/1451/3439 1454/1454/3440
f 879/879/3441 880/880/3442 1452/1452/3443 1451/1451/3444
f 880/880/3445 881/881/3446 1453/1453/3447 1452/1452/3448
f 889/889/3449 890/890/3450 1462/1462/3451 1461/1461/3452
f 890/890/3453 887/887/3454 1459/1459/3455 1462/1462/3456
f 887/887/3457 888/888/3458 1460/1460/3459 1459/1459/3460
f 888/888/3461 889/889/3462 1461/1461/3463 1460/1460/3464
f 897/897/3465 898/898/3466 1470/1470/3467 1469/1469/3468
f 898/898/3469 895/895/3470 1467/1467/3471 1470/1470/3472
f 895/895/3473 896/896/3474 1468/1468/3475 1467/1467/3476
f 896/896/3477 897/897/3478 1469/1469/3479 1468/1468/3480
f 905/905/3481 906/906/3482 1478/1478/3483 1477/1477/3484
f 906/906/3485 903/903/3486 1475/1475/3487 1478/1478/3488
f 903/903/3489 904/904/3490 1476/1476/3491 1475/1475/3492
f 904/904/3493 905/905/3494 1477/1477/3495 1476/1476/3496
f 913/913/3497 914/914/3498 1486/1486/3499 1485/1485/3500
f 914/914/3501 911/911/3502 1483/1483/3503 1486/1486/3504
f 911/911/3505 912/912/3506 1484/1484/3507 1483/1483/3508
f 912/912/3509 913/913/3510 1485/1485/3511 1484/1484/3512
f 921/921/3513 922/922/3514 1494/1494/3515 1493/1493/3516
f 922/922/3517 919/919/3518 1491/1491/3519 1494/1494/3520
f 919/919/3521 920/920/3522 1492/1492/3523 1491/1491/3524
f 920/920/3525 921/921/3526 1493/1493/3527 1492/1492/3528
f 573/573/3529 574/574/3530 1146/1146/3531 1145/1145/3532
f 934/934/3533 573/573/3534 1145/1145/3535 1506/1506/3536
f 574/574/3537 935/935/3538 1507/1507/3539 1146/1146/3540
f 935/935/3541 933/933/3542 1505/1505/3543 1507/1507/3544
f 933/933/3545 934/934/3546 1506/1506/3547 1505/1505/3548
f 581/581/3549 582/582/3550 1154/1154/3551 1153/1153/3552
f 582/582/3553 937/937/3554 1509/1509/3555 1154/1154/3556
f 937/937/3557 936/936/3558 1508/1508/3559 1509/1509/3560
f 936/936/3561 581/581/3562 1153/1153/3563 1508/1508/3564
f 589/589/3565 590/590/3566 1162/1162/3567 1161/1161/3568
f 590/590/3569 939/939/3570 1511/1511/3571 1162/1162/3572
f 939/939/3573 938/938/3574 1510/1510/3575 1511/1511/3576
f 938/938/3577 589/589/3578 1161/1161/3579 1510/1510/3580
f 597/597/3581 598/598/3582 1170/1170/3583 1169/1169/3584
f 598/598/3585 941/941/3586 1513/1513/3587 1170/1170/3588
f 941/941/3589 940/940/3590 1512/1512/3591 1513/1513/3592
f 940/940/3593 597/597/3594 1169/1169/3595 1512/1512/3596
f 605/605/3597 606/606/3598 1178/1178/3599 1177/1177/3600
f 606/606/3601 943/943/3602 1515/1515/3603 1178/1178/3604
f 943/943/3605 942/942/3606 1514/1514/3607 1515/1515/3608
f 942/942/3609 605/605/3610 1177/1177/3611 1514/1514/3612
f 613/613/3613 614/614/3614 1186/1186/3615 1185/1185/3616
f 614/614/3617 945/945/3618 1517/1517/3619 1186/1186/3620
f 945/945/3621 944/944/3622 1516/1516/3623 1517/1517/3624
f 944/944/3625 613/613/3626 1185/1185/3627 1516/1516/3628
f 621/621/3629 622/622/3630 1194/1194/3631 1193/1193/3632
f 622/622/3633 949/949/3634 1521/1521/3635 1194/1194/3636
f 949/949/3637 948/948/3638 1520/1520/3639 1521/1521/3640
f 948/948/3641 621/621/3642 1193/1193/3643 1520/1520/3644
f 629/629/3645 630/630/3646 1202/1202/3647 1201/1201/3648
f 630/630/3649 951/951/3650 1523/1523/3651 1202/1202/3652
f 951/951/3653 950/950/3654 1522/1522/3655 1523/1523/3656
f 950/950/3657 629/629/3658 1201/1201/3659 1522/1522/3660
f 637/637/3661 638/638/3662 1210/1210/3663 1209/1209/3664
f 638/638/3665 953/953/3666 1525/1525/3667 1210/1210/3668
f 953/953/3669 952/952/3670 1524/1524/3671 1525/1525/3672
f 952/952/3673 637/637/3674 1209/1209/3675 1524/1524/3676
f 645/645/3677 646/646/3678 1218/1218/3679 1217/1217/3680
f 646/646/3681 955/955/3682 1527/1527/3683 1218/1218/3684
f 955/955/3685 954/954/3686 1526/1526/3687 1527/1527/3688
f 954/954/3689 645/645/3690 1217/1217/3691 1526/1526/3692
f 649/649/3693 650/650/3694 1222/1222/3695 1221/1221/3696
f 650/650/3697 957/957/3698 1529/1529/3699 1222/1222/3700
f 957/957/3701 956/956/3702 1528/1528/3703 1529/1529/3704
f 956/956/3705 649/649/3706 1221/1221/3707 1528/1528/3708
f 657/657/3709 658/658/3710 1230/1230/3711 1229/1229/3712
f 959/959/3713 958/958/3714 1530/1530/3715 1531/1531/3716
f 958/958/3717 657/657/3718 1229/1229/3719 1530/1530/3720
f 960/960/3721 961/961/3722 1533/1533/3723 1532/1532/3724
f 576/576/3725 577/577/3726 1149/1149/3727 1148/1148/3728
f 961/961/3729 576/576/3730 1148/1148/3731 1533/1533/3732
f 580/580/3733 579/579/3734 1151/1151/3735 1152/1152/3736
f 579/579/3737 962/962/3738 1534/1534/3739 1151/1151/3740
f 962/962/3741 963/963/3742 1535/1535/3743 1534/1534/3744
f 963/963/3745 580/580/3746 1152/1152/3747 1535/1535/3748
f 588/588/3749 587/587/3750 1159/1159/3751 1160/1160/3752
f 587/587/3753 965/965/3754 1537/1537/3755 1159/1159/3756
f 965/965/3757 964/964/3758 1536/1536/3759 1537/1537/3760
f 964/964/3761 588/588/3762 1160/1160/3763 1536/1536/3764
f 596/596/3765 595/595/3766 1167/1167/3767 1168/1168/3768
f 595/595/3769 967/967/3770 1539/1539/3771 1167/1167/3772
f 967/967/3773 966/966/3774 1538/1538/3775 1539/1539/3776
f 966/966/3777 596/596/3778 1168/1168/3779 1538/1538/3780
f 604/604/3781 603/603/3782 1175/1175/3783 1176/1176/3784
f 603/603/3785 969/969/3786 1541/1541/3787 1175/1175/3788
f 969/969/3789 968/968/3790 1540/1540/3791 1541/1541/3792
f 968/968/3793 604/604/3794 1176/1176/3795 1540/1540/3796
f 612/612/3797 611/611/3798 1183/1183/3799 1184/1184/3800
f 611/611/3801 971/971/3802 1543/1543/3803 1183/1183/3804
f 971/971/3805 970/970/3806 1542/1542/3807 1543/1543/3808
f 970/970/3809 612/612/3810 1184/1184/3811 1542/1542/3812
f 620/620/3813 619/619/3814 1191/1191/3815 1192/1192/3816
f 619/619/3817 973/973/3818 1545/1545/3819 1191/1191/3820
f 973/973/3821 972/972/3822 1544/1544/3823 1545/1545/3824
f 972/972/3825 620/620/3826 1192/1192/3827 1544/1544/3828
f 628/628/3829 627/627/3830 1199/1199/3831 1200/1200/3832
f 627/627/3833 975/975/3834 1547/1547/3835 1199/1199/3836
f 975/975/3837 974/974/3838 1546/1546/3839 1547/1547/3840
f 974/974/3841 628/628/3842 1200/1200/3843 1546/1546/3844
f 636/636/3845 635/635/3846 1207/1207/3847 1208/1208/3848
f 635/635/3849 977/977/3850 1549/1549/3851 1207/1207/3852
f 977/977/3853 976/976/3854 1548/1548/3855 1549/1549/3856
f 976/976/3857 636/636/3858 1208/1208/3859 1548/1548/3860
f 644/644/3861 643/643/3862 1215/1215/3863 1216/1216/3864
f 643/643/3865 979/979/3866 1551/1551/3867 1215/1215/3868
f 979/979/3869 978/978/3870 1550/1550/3871 1551/1551/3872
f 978/978/3873 644/644/3874 1216/1216/3875 1550/1550/3876
f 648/648/3877 647/647/3878 1219/1219/3879 1220/1220/3880
f 647/647/3881 981/981/3882 1553/1553/3883 1219/1219/3884
f 981/981/3885 980/980/3886 1552/1552/3887 1553/1553/3888
f 980/980/3889 648/648/3890 1220/1220/3891 1552/1552/3892
f 656/656/3893 655/655/3894 1227/1227/3895 1228/1228/3896
f 655/655/3897 983/983/3898 1555/1555/3899 1227/1227/3900
f 983/983/3901 982/982/3902 1554/1554/3903 1555/1555/3904
f 982/982/3905 656/656/3906 1228/1228/3907 1554/1554/3908
f 664/664/3909 663/663/3910 1235/1235/3911 1236/1236/3912
f 663/663/3913 985/985/3914 1557/1557/3915 1235/1235/3916
f 985/985/3917 984/984/3918 1556/1556/3919 1557/1557/3920
f 947/947/3921 946/946/3922 1518/1518/3923 1519/1519/3924
f 946/946/3925 987/987/3926 1559/1559/3927 1518/1518/3928
f 987/987/3929 986/986/3930 1558/1558/3931 1559/1559/3932
f 986/986/3933 947/947/3934 1519/1519/3935 1558/1558/3936
f 665/665/3937 666/666/3938 1238/1238/3939 1237/1237/3940
f 666/666/3941 989/989/3942 1561/1561/3943 1238/1238/3944
f 989/989/3945 988/988/3946 1560/1560/3947 1561/1561/3948
f 988/988/3949 665/665/3950 1237/1237/3951 1560/1560/3952
f 673/673/3953 674/674/3954 1246/1246/3955 1245/1245/3956
f 674/674/3957 991/991/3958 1563/1563/3959 1246/1246/3960
f 991/991/3961 990/990/3962 1562/1562/3963 1563/1563/3964
f 990/990/3965 673/673/3966 1245/1245/3967 1562/1562/3968
f 681/681/3969 682/682/3970 1254/1254/3971 1253/1253/3972
f 682/682/3973 993/993/3974 1565/1565/3975 1254/1254/3976
f 993/993/3977 992/992/3978 1564/1564/3979 1565/1565/3980
f 992/992/3981 681/681/3982 1253/1253/3983 1564/1564/3984
f 689/689/3985 690/690/3986 1262/1262/3987 1261/1261/3988
f 690/690/3989 995/995/3990 1567/1567/3991 1262/1262/3992
f 995/995/3993 994/994/3994 1566/1566/3995 1567/1567/3996
f 994/994/3997 689/689/3998 1261/1261/3999 1566/1566/4000
f 697/697/4001 698/698/4002 1270/1270/4003 1269/1269/4004
f 698/698/4005 997/997/4006 1569/1569/4007 1270/1270/4008
f 997/997/4009 996/996/4010 1568/1568/4011 1569/1569/4012
f 996/996/4013 697/697/4014 1269/1269/4015 1568/1568/4016
f 705/705/4017 706/706/4018 1278/1278/4019 1277/1277/4020
f 706/706/4021 999/999/4022 1571/1571/4023 1278/1278/4024
f 999/999/4025 998/998/4026 1570/1570/4027 1571/1571/4028
f 998/998/4029 705/705/4030 1277/1277/4031 1570/1570/4032
f 713/713/4033 714/714/4034 1286/1286/4035 1285/1285/4036
f 714/714/4037 1001/1001/4038 1573/1573/4039 1286/1286/4040
f 1001/1001/4041 1000/1000/4042 1572/1572/4043 1573/1573/4044
f 1000/1000/4045 713/713/4046 1285/1285/4047 1572/1572/4048
f 721/721/4049 722/722/4050 1294/1294/4051 1293/1293/4052
f 722/722/4053 1003/1003/4054 1575/1575/4055 1294/1294/4056
f 1003/1003/4057 1002/1002/4058 1574/1574/4059 1575/1575/4060
f 1002/1002/4061 721/721/4062 1293/1293/4063 1574/1574/4064
f 729/729/4065 730/730/4066 1302/1302/4067 1301/1301/4068
f 730/730/4069 1005/1005/4070 1577/1577/4071 1302/1302/4072
f 1005/1005/4073 1004/1004/4074 1576/1576/4075 1577/1577/4076
f 1004/1004/4077 729/729/4078 1301/1301/4079 1576/1576/4080
f 737/737/4081 738/738/4082 1310/1310/4083 1309/1309/4084
f 738/738/4085 1007/1007/4086 1579/1579/4087 1310/1310/4088
f 1007/1007/4089 1006/1006/4090 1578/1578/4091 1579/1579/4092
f 1006/1006/4093 737/737/4094 1309/1309/4095 1578/1578/4096
f 745/745/4097 746/746/4098 1318/1318/4099 1317/1317/4100
f 746/746/4101 1009/1009/4102 1581/1581/4103 1318/1318/4104
f 1009/1009/4105 1008/1008/4106 1580/1580/4107 1581/1581/4108
f 1008/1008/4109 745/745/4110 1317/1317/4111 1580/1580/4112
f 749/749/4113 750/750/4114 1322/1322/4115 1321/1321/4116
f 1011/1011/4117 1010/1010/4118 1582/1582/4119 1583/1583/4120
f 1010/1010/4121 749/749/4122 1321/1321/4123 1582/1582/4124
f 658/658/4125 1012/1012/4126 1584/1584/4127 1230/1230/4128
f 1012/1012/4129 959/959/4130 1531/1531/4131 1584/1584/4132
f 672/672/4133 671/671/4134 1243/1243/4135 1244/1244/4136
f 671/671/4137 1014/1014/4138 1586/1586/4139 1243/1243/4140
f 1014/1014/4141 1013/1013/4142 1585/1585/4143 1586/1586/4144
f 1013/1013/4145 672/672/4146 1244/1244/4147 1585/1585/4148
f 680/680/4149 679/679/4150 1251/1251/4151 1252/1252/4152
f 679/679/4153 1016/1016/4154 1588/1588/4155 1251/1251/4156
f 1016/1016/4157 1015/1015/4158 1587/1587/4159 1588/1588/4160
f 1015/1015/4161 680/680/4162 1252/1252/4163 1587/1587/4164
f 688/688/4165 687/687/4166 1259/1259/4167 1260/1260/4168
f 687/687/4169 1018/1018/4170 1590/1590/4171 1259/1259/4172
f 1018/1018/4173 1017/1017/4174 1589/1589/4175 1590/1590/4176
f 1017/1017/4177 688/688/4178 1260/1260/4179 1589/1589/4180
f 696/696/4181 695/695/4182 1267/1267/4183 1268/1268/4184
f 695/695/4185 1020/1020/4186 1592/1592/4187 1267/1267/4188
f 1020/1020/4189 1019/1019/4190 1591/1591/4191 1592/1592/4192
f 1019/1019/4193 696/696/4194 1268/1268/4195 1591/1591/4196
f 704/704/4197 703/703/4198 1275/1275/4199 1276/1276/4200
f 703/703/4201 1022/1022/4202 1594/1594/4203 1275/1275/4204
f 1022/1022/4205 1021/1021/4206 1593/1593/4207 1594/1594/4208
f 1021/1021/4209 704/704/4210 1276/1276/4211 1593/1593/4212
f 712/712/4213 711/711/4214 1283/1283/4215 1284/1284/4216
f 711/711/4217 1024/1024/4218 1596/1596/4219 1283/1283/4220
f 1024/1024/4221 1023/1023/4222 1595/1595/4223 1596/1596/4224
f 1023/1023/4225 712/712/4226 1284/1284/4227 1595/1595/4228
f 720/720/4229 719/719/4230 1291/1291/4231 1292/1292/4232
f 719/719/4233 1026/1026/4234 1598/1598/4235 1291/1291/4236
f 1026/1026/4237 1025/1025/4238 1597/1597/4239 1598/1598/4240
f 1025/1025/4241 720/720/4242 1292/1292/4243 1597/1597/4244
f 728/728/4245 727/727/4246 1299/1299/4247 1300/1300/4248
f 727/727/4249 1028/1028/4250 1600/1600/4251 1299/1299/4252
f 1028/1028/4253 1027/1027/4254 1599/1599/4255 1600/1600/4256
f 1027/1027/4257 728/728/4258 1300/1300/4259 1599/1599/4260
f 736/736/4261 735/735/4262 1307/1307/4263 1308/1308/4264
f 735/735/4265 1030/1030/4266 1602/1602/4267 1307/1307/4268
f 1030/1030/4269 1029/1029/4270 1601/1601/4271 1602/1602/4272
f 1029/1029/4273 736/736/4274 1308/1308/4275 1601/1601/4276
f 744/744/4277 743/743/4278 1315/1315/4279 1316/1316/4280
f 743/743/4281 1032/1032/4282 1604/1604/4283 1315/1315/4284
f 1032/1032/4285 1031/1031/4286 1603/1603/4287 1604/1604/4288
f 1031/1031/4289 744/744/4290 1316/1316/4291 1603/1603/4292
f 748/748/4293 747/747/4294 1319/1319/4295 1320/1320/4296
f 747/747/4297 1034/1034/4298 1606/1606/4299 1319/1319/4300
f 1034/1034/4301 1033/1033/4302 1605/1605/4303 1606/1606/4304
f 1033/1033/4305 748/748/4306 1320/1320/4307 1605/1605/4308
f 756/756/4309 755/755/4310 1327/1327/4311 1328/1328/4312
f 755/755/4313 1036/1036/4314 1608/1608/4315 1327/1327/4316
f 1036/1036/4317 1035/1035/4318 1607/1607/4319 1608/1608/4320
f 1037/1037/4321 664/664/4322 1236/1236/4323 1609/1609/4324
f 984/984/4325 1037/1037/4326 1609/1609/4327 1556/1556/4328
f 757/757/4329 758/758/4330 1330/1330/4331 1329/1329/4332
f 758/758/4333 1039/1039/4334 1611/1611/4335 1330/1330/4336
f 1039/1039/4337 1038/1038/4338 1610/1610/4339 1611/1611/4340
f 1038/1038/4341 757/757/4342 1329/1329/4343 1610/1610/4344
f 765/765/4345 766/766/4346 1338/1338/4347 1337/1337/4348
f 766/766/4349 1041/1041/4350 1613/1613/4351 1338/1338/4352
f 1041/1041/4353 1040/1040/4354 1612/1612/4355 1613/1613/4356
f 1040/1040/4357 765/765/4358 1337/1337/4359 1612/1612/4360
f 773/773/4361 774/774/4362 1346/1346/4363 1345/1345/4364
f 774/774/4365 1043/1043/4366 1615/1615/4367 1346/1346/4368
f 1043/1043/4369 1042/1042/4370 1614/1614/4371 1615/1615/4372
f 1042/1042/4373 773/773/4374 1345/1345/4375 1614/1614/4376
f 781/781/4377 782/782/4378 1354/1354/4379 1353/1353/4380
f 782/782/4381 1045/1045/4382 1617/1617/4383 1354/1354/4384
f 1045/1045/4385 1044/1044/4386 1616/1616/4387 1617/1617/4388
f 1044/1044/4389 781/781/4390 1353/1353/4391 1616/1616/4392
f 789/789/4393 790/790/4394 1362/1362/4395 1361/1361/4396
f 790/790/4397 1047/1047/4398 1619/1619/4399 1362/1362/4400
f 1047/1047/4401 1046/1046/4402 1618/1618/4403 1619/1619/4404
f 1046/1046/4405 789/789/4406 1361/1361/4407 1618/1618/4408
f 797/797/4409 798/798/4410 1370/1370/4411 1369/1369/4412
f 798/798/4413 1049/1049/4414 1621/1621/4415 1370/1370/4416
f 1049/1049/4417 1048/1048/4418 1620/1620/4419 1621/1621/4420
f 1048/1048/4421 797/797/4422 1369/1369/4423 1620/1620/4424
f 805/805/4425 806/806/4426 1378/1378/4427 1377/1377/4428
f 806/806/4429 1051/1051/4430 1623/1623/4431 1378/1378/4432
f 1051/1051/4433 1050/1050/4434 1622/1622/4435 1623/1623/4436
f 1050/1050/4437 805/805/4438 1377/1377/4439 1622/1622/4440
f 813/813/4441 814/814/4442 1386/1386/4443 1385/1385/4444
f 814/814/4445 1053/1053/4446 1625/1625/4447 1386/1386/4448
f 1053/1053/4449 1052/1052/4450 1624/1624/4451 1625/1625/4452
f 1052/1052/4453 813/813/4454 1385/1385/4455 1624/1624/4456
f 821/821/4457 822/822/4458 1394/1394/4459 1393/1393/4460
f 822/822/4461 1055/1055/4462 1627/1627/4463 1394/1394/4464
f 1055/1055/4465 1054/1054/4466 1626/1626/4467 1627/1627/4468
f 1054/1054/4469 821/821/4470 1393/1393/4471 1626/1626/4472
f 829/829/4473 830/830/4474 1402/1402/4475 1401/1401/4476
f 830/830/4477 1057/1057/4478 1629/1629/4479 1402/1402/4480
f 1057/1057/4481 1056/1056/4482 1628/1628/4483 1629/1629/4484
f 1056/1056/4485 829/829/4486 1401/1401/4487 1628/1628/4488
f 833/833/4489 834/834/4490 1406/1406/4491 1405/1405/4492
f 834/834/4493 1059/1059/4494 1631/1631/4495 1406/1406/4496
f 1059/1059/4497 1058/1058/4498 1630/1630/4499 1631/1631/4500
f 1058/1058/4501 833/833/4502 1405/1405/4503 1630/1630/4504
f 841/841/4505 842/842/4506 1414/1414/4507 1413/1413/4508
f 1061/1061/4509 1060/1060/4510 1632/1632/4511 1633/1633/4512
f 1060/1060/4513 841/841/4514 1413/1413/4515 1632/1632/4516
f 750/750/4517 1062/1062/4518 1634/1634/4519 1322/1322/4520
f 1062/1062/4521 1011/1011/4522 1583/1583/4523 1634/1634/4524
f 764/764/4525 763/763/4526 1335/1335/4527 1336/1336/4528
f 763/763/4529 1064/1064/4530 1636/1636/4531 1335/1335/4532
f 1064/1064/4533 1063/1063/4534 1635/1635/4535 1636/1636/4536
f 1063/1063/4537 764/764/4538 1336/1336/4539 1635/1635/4540
f 772/772/4541 771/771/4542 1343/1343/4543 1344/1344/4544
f 771/771/4545 1066/1066/4546 1638/1638/4547 1343/1343/4548
f 1066/1066/4549 1065/1065/4550 1637/1637/4551 1638/1638/4552
f 1065/1065/4553 772/772/4554 1344/1344/4555 1637/1637/4556
f 780/780/4557 779/779/4558 1351/1351/4559 1352/1352/4560
f 779/779/4561 1068/1068/4562 1640/1640/4563 1351/1351/4564
f 1068/1068/4565 1067/1067/4566 1639/1639/4567 1640/1640/4568
f 1067/1067/4569 780/780/4570 1352/1352/4571 1639/1639/4572
f 788/788/4573 787/787/4574 1359/1359/4575 1360/1360/4576
f 787/787/4577 1070/1070/4578 1642/1642/4579 1359/1359/4580
f 1070/1070/4581 1069/1069/4582 1641/1641/4583 1642/1642/4584
f 1069/1069/4585 788/788/4586 1360/1360/4587 1641/1641/4588
f 796/796/4589 795/795/4590 1367/1367/4591 1368/1368/4592
f 795/795/4593 1072/1072/4594 1644/1644/4595 1367/1367/4596
f 1072/1072/4597 1071/1071/4598 1643/1643/4599 1644/1644/4600
f 1071/1071/4601 796/796/4602 1368/1368/4603 1643/1643/4604
f 804/804/4605 803/803/4606 1375/1375/4607 1376/1376/4608
f 803/803/4609 1074/1074/4610 1646/1646/4611 1375/1375/4612
f 1074/1074/4613 1073/1073/4614 1645/1645/4615 1646/1646/4616
f 1073/1073/4617 804/804/4618 1376/1376/4619 1645/1645/4620
f 812/812/4621 811/811/4622 1383/1383/4623 1384/1384/4624
f 811/811/4625 1076/1076/4626 1648/1648/4627 1383/1383/4628
f 1076/1076/4629 1075/1075/4630 1647/1647/4631 1648/1648/4632
f 1075/1075/4633 812/812/4634 1384/1384/4635 1647/1647/4636
f 820/820/4637 819/819/4638 1391/1391/4639 1392/1392/4640
f 819/819/4641 1078/1078/4642 1650/1650/4643 1391/1391/4644
f 1078/1078/4645 1077/1077/4646 1649/1649/4647 1650/1650/4648
f 1077/1077/4649 820/820/4650 1392/1392/4651 1649/1649/4652
f 828/828/4653 827/827/4654 1399/1399/4655 1400/1400/4656
f 827/827/4657 1080/1080/4658 1652/1652/4659 1399/1399/4660
f 1080/1080/4661 1079/1079/4662 1651/1651/4663 1652/1652/4664
f 1079/1079/4665 828/828/4666 1400/1400/4667 1651/1651/4668
f 832/832/4669 831/831/4670 1403/1403/4671 1404/1404/4672
f 831/831/4673 1082/1082/4674 1654/1654/4675 1403/1403/4676
f 1082/1082/4677 1081/1081/4678 1653/1653/4679 1654/1654/4680
f 1081/1081/4681 832/832/4682 1404/1404/4683 1653/1653/4684
f 840/840/4685 839/839/4686 1411/1411/4687 1412/1412/4688
f 839/839/4689 1084/1084/4690 1656/1656/4691 1411/1411/4692
f 1084/1084/4693 1083/1083/4694 1655/1655/4695 1656/1656/4696
f 1083/1083/4697 840/840/4698 1412/1412/4699 1655/1655/4700
f 844/844/4701 843/843/4702 1415/1415/4703 1416/1416/4704
f 843/843/4705 1086/1086/4706 1658/1658/4707 1415/1415/4708
f 1086/1086/4709 1085/1085/4710 1657/1657/4711 1658/1658/4712
f 1087/1087/4713 756/756/4714 1328/1328/4715 1659/1659/4716
f 1035/1035/4717 1087/1087/4718 1659/1659/4719 1607/1607/4720
f 930/930/4721 931/931/4722 1503/1503/4723 1502/1502/4724
f 1091/1091/4725 1090/1090/4726 1662/1662/4727 1663/1663/4728
f 1090/1090/4729 930/930/4730 1502/1502/4731 1662/1662/4732
f 845/845/4733 846/846/4734 1418/1418/4735 1417/1417/4736
f 846/846/4737 1093/1093/4738 1665/1665/4739 1418/1418/4740
f 1093/1093/4741 1092/1092/4742 1664/1664/4743 1665/1665/4744
f 1092/1092/4745 845/845/4746 1417/1417/4747 1664/1664/4748
f 853/853/4749 854/854/4750 1426/1426/4751 1425/1425/4752
f 854/854/4753 1095/1095/4754 1667/1667/4755 1426/1426/4756
f 1095/1095/4757 1094/1094/4758 1666/1666/4759 1667/1667/4760
f 1094/1094/4761 853/853/4762 1425/1425/4763 1666/1666/4764
f 861/861/4765 862/862/4766 1434/1434/4767 1433/1433/4768
f 862/862/4769 1097/1097/4770 1669/1669/4771 1434/1434/4772
f 1097/1097/4773 1096/1096/4774 1668/1668/4775 1669/1669/4776
f 1096/1096/4777 861/861/4778 1433/1433/4779 1668/1668/4780
f 869/869/4781 870/870/4782 1442/1442/4783 1441/1441/4784
f 870/870/4785 1099/1099/4786 1671/1671/4787 1442/1442/4788
f 1099/1099/4789 1098/1098/4790 1670/1670/4791 1671/1671/4792
f 1098/1098/4793 869/869/4794 1441/1441/4795 1670/1670/4796
f 877/877/4797 878/878/4798 1450/1450/4799 1449/1449/4800
f 878/878/4801 1101/1101/4802 1673/1673/4803 1450/1450/4804
f 1101/1101/4805 1100/1100/4806 1672/1672/4807 1673/1673/4808
f 1100/1100/4809 877/877/4810 1449/1449/4811 1672/1672/4812
f 885/885/4813 886/886/4814 1458/1458/4815 1457/1457/4816
f 886/886/4817 1103/1103/4818 1675/1675/4819 1458/1458/4820
f 1103/1103/4821 1102/1102/4822 1674/1674/4823 1675/1675/4824
f 1102/1102/4825 885/885/4826 1457/1457/4827 1674/1674/4828
f 893/893/4829 894/894/4830 1466/1466/4831 1465/1465/4832
f 894/894/4833 1105/1105/4834 1677/1677/4835 1466/1466/4836
f 1105/1105/4837 1104/1104/4838 1676/1676/4839 1677/1677/4840
f 1104/1104/4841 893/893/4842 1465/1465/4843 1676/1676/4844
f 901/901/4845 902/902/4846 1474/1474/4847 1473/1473/4848
f 902/902/4849 1107/1107/4850 1679/1679/4851 1474/1474/4852
f 1107/1107/4853 1106/1106/4854 1678/1678/4855 1679/1679/4856
f 1106/1106/4857 901/901/4858 1473/1473/4859 1678/1678/4860
f 909/909/4861 910/910/4862 1482/1482/4863 1481/1481/4864
f 910/910/4865 1109/1109/4866 1681/1681/4867 1482/1482/4868
f 1109/1109/4869 1108/1108/4870 1680/1680/4871 1681/1681/4872
f 1108/1108/4873 909/909/4874 1481/1481/4875 1680/1680/4876
f 917/917/4877 918/918/4878 1490/1490/4879 1489/1489/4880
f 918/918/4881 1111/1111/4882 1683/1683/4883 1490/1490/4884
f 1111/1111/4885 1110/1110/4886 1682/1682/4887 1683/1683/4888
f 1110/1110/4889 917/917/4890 1489/1489/4891 1682/1682/4892
f 925/925/4893 926/926/4894 1498/1498/4895 1497/1497/4896
f 926/926/4897 1113/1113/4898 1685/1685/4899 1498/1498/4900
f 1113/1113/4901 1112/1112/4902 1684/1684/4903 1685/1685/4904
f 1112/1112/4905 925/925/4906 1497/1497/4907 1684/1684/4908
f 842/842/4909 1114/1114/4910 1686/1686/4911 1414/1414/4912
f 1114/1114/4913 1061/1061/4914 1633/1633/4915 1686/1686/4916
f 929/929/4917 1089/1089/4918 1661/1661/4919 1501/1501/4920
f 1089/1089/4921 1088/1088/4922 1660/1660/4923 1661/1661/4924
f 1088/1088/4925 1115/1115/4926 1687/1687/4927 1660/1660/4928
f 1115/1115/4929 929/929/4930 1501/1501/4931 1687/1687/4932
f 1116/1116/4933 1091/1091/4934 1663/1663/4935 1688/1688/4936
f 1117/1117/4937 1116/1116/4938 1688/1688/4939 1689/1689/4940
f 852/852/4941 851/851/4942 1423/1423/4943 1424/1424/4944
f 851/851/4945 1119/1119/4946 1691/1691/4947 1423/1423/4948
f 1119/1119/4949 1118/1118/4950 1690/1690/4951 1691/1691/4952
f 1118/1118/4953 852/852/4954 1424/1424/4955 1690/1690/4956
f 860/860/4957 859/859/4958 1431/1431/4959 1432/1432/4960
f 859/859/4961 1121/1121/4962 1693/1693/4963 1431/1431/4964
f 1121/1121/4965 1120/1120/4966 1692/1692/4967 1693/1693/4968
f 1120/1120/4969 860/860/4970 1432/1432/4971 1692/1692/4972
f 868/868/4973 867/867/4974 1439/1439/4975 1440/1440/4976
f 867/867/4977 1123/1123/4978 1695/1695/4979 1439/1439/4980
f 1123/1123/4981 1122/1122/4982 1694/1694/4983 1695/1695/4984
f 1122/1122/4985 868/868/4986 1440/1440/4987 1694/1694/4988
f 876/876/4989 875/875/4990 1447/1447/4991 1448/1448/4992
f 875/875/4993 1125/1125/4994 1697/1697/4995 1447/1447/4996
f 1125/1125/4997 1124/1124/4998 1696/1696/4999 1697/1697/5000
f 1124/1124/5001 876/876/5002 1448/1448/5003 1696/1696/5004
f 884/884/5005 883/883/5006 1455/1455/5007 1456/1456/5008
f 883/883/5009 1127/1127/5010 1699/1699/5011 1455/1455/5012
f 1127/1127/5013 1126/1126/5014 1698/1698/5015 1699/1699/5016
f 1126/1126/5017 884/884/5018 1456/1456/5019 1698/1698/5020
f 892/892/5021 891/891/5022 1463/1463/5023 1464/1464/5024
f 891/891/5025 1129/1129/5026 1701/1701/5027 1463/1463/5028
f 1129/1129/5029 1128/1128/5030 1700/1700/5031 1701/1701/5032
f 1128/1128/5033 892/892/5034 1464/1464/5035 1700/1700/5036
f 900/900/5037 899/899/5038 1471/1471/5039 1472/1472/5040
f 899/899/5041 1131/1131/5042 1703/1703/5043 1471/1471/5044
f 1131/1131/5045 1130/1130/5046 1702/1702/5047 1703/1703/5048
f 1130/1130/5049 900/900/5050 1472/1472/5051 1702/1702/5052
f 908/908/5053 907/907/5054 1479/1479/5055 1480/1480/5056
f 907/907/5057 1133/1133/5058 1705/1705/5059 1479/1479/5060
f 1133/1133/5061 1132/1132/5062 1704/1704/5063 1705/1705/5064
f 1132/1132/5065 908/908/5066 1480/1480/5067 1704/1704/5068
f 916/916/5069 915/915/5070 1487/1487/5071 1488/1488/5072
f 915/915/5073 1135/1135/5074 1707/1707/5075 1487/1487/5076
f 1135/1135/5077 1134/1134/5078 1706/1706/5079 1707/1707/5080
f 1134/1134/5081 916/916/5082 1488/1488/5083 1706/1706/5084
f 924/924/5085 923/923/5086 1495/1495/5087 1496/1496/5088
f 923/923/5089 1137/1137/5090 1709/1709/5091 1495/1495/5092
f 1137/1137/5093 1136/1136/5094 1708/1708/5095 1709/1709/5096
f 1136/1136/5097 924/924/5098 1496/1496/5099 1708/1708/5100
f 928/928/5101 927/927/5102 1499/1499/5103 1500/1500/5104
f 927/927/5105 1139/1139/5106 1711/1711/5107 1499/1499/5108
f 1139/1139/5109 1138/1138/5110 1710/1710/5111 1711/1711/5112
f 1138/1138/5113 928/928/5114 1500/1500/5115 1710/1710/5116
f 1142/1142/5117 844/844/5118 1416/1416/5119 1714/1714/5120
f 1085/1085/5121 1142/1142/5122 1714/1714/5123 1657/1657/5124
f 931/931/5125 1143/1143/5126 1715/1715/5127 1503/1503/5128
f 1143/1143/5129 1117/1117/5130 1689/1689/5131 1715/1715/5132
f 932/932/5133 1141/1141/5134 1713/1713/5135 1504/1504/5136
f 1141/1141/5137 1140/1140/5138 1712/1712/5139 1713/1713/5140
f 1140/1140/5141 1144/1144/5142 1716/1716/5143 1712/1712/5144
f 1144/1144/5145 932/932/5146 1504/1504/5147 1716/1716/5148
#1284 polygons

