o pTorus3
usemtl lambert1
v 0.09060433390806243 11.281243443347439 -11.677508544377442
v 0.1588014382520169 11.338168702090249 -11.67750854188916
v 0.1588014382520169 11.33816935306189 11.89750108058699
v 0.09060433390806243 11.281243443347439 -11.677508544377442
v 0.1588014382520169 11.33816935306189 11.89750108058699
v 0.09060431420335918 11.281242412851071 11.897501078098633
v 0.09060431420335918 11.281242412851071 11.897501078098633
v 0.004461920276070713 11.259545590384697 11.897501077150235
v 0.004461920276070713 11.259544939413056 -11.677508545325914
v 0.09060433390806243 11.281243443347439 -11.677508544377442
v 0.09060431420335918 11.281242412851071 11.897501078098633
v 0.004461920276070713 11.259544939413056 -11.677508545325914
v -0.0825642172761634 11.277372703988537 -11.677508544546637
v 0.004461920276070713 11.259544939413056 -11.677508545325914
v 0.004461920276070713 11.259545590384697 11.897501077150235
v -0.0825642172761634 11.277372703988537 -11.677508544546637
v 0.004461920276070713 11.259545590384697 11.897501077150235
v -0.0825642172761634 11.27737335496018 11.897501077929512
v -0.0825642172761634 11.27737335496018 11.897501077929512
v -0.15323748688003422 11.331192101554608 11.897501080282003
v -0.15323748688003422 11.33119229131697 -11.67750854219411
v -0.0825642172761634 11.277372703988537 -11.677508544546637
v -0.0825642172761634 11.27737335496018 11.897501077929512
v -0.15323748688003422 11.33119229131697 -11.67750854219411
v -0.1935601932219863 11.410344875683293 -11.677508538734239
v -0.15323748688003422 11.33119229131697 -11.67750854219411
v -0.15323748688003422 11.331192101554608 11.897501080282003
v -0.1935601932219863 11.410344875683293 -11.677508538734239
v -0.15323748688003422 11.331192101554608 11.897501080282003
v -0.1935601932219863 11.41034636738894 11.897501083741947
v -0.1935601932219863 11.41034636738894 11.897501083741947
v -0.19554595439586045 11.499157304004406 11.897501087623995
v -0.19554595439586045 11.49915581229876 -11.67750853485219
v -0.1935601932219863 11.410344875683293 -11.677508538734239
v -0.1935601932219863 11.41034636738894 11.897501083741947
v -0.19554595439586045 11.49915581229876 -11.67750853485219
v -0.15880142511554807 11.580034423577294 -11.677508531316874
v -0.19554595439586045 11.49915581229876 -11.67750853485219
v -0.19554595439586045 11.499157304004406 11.897501087623995
v -0.15880142511554807 11.580034423577294 -11.677508531316874
v -0.19554595439586045 11.499157304004406 11.897501087623995
v -0.15880142511554807 11.580033393080924 11.897501091159201
v -0.15880142511554807 11.580033393080924 11.897501091159201
v -0.09060431420335918 11.636960333291745 11.897501093647557
v -0.09060429449865595 11.636958841586097 -11.677508528828628
v -0.15880142511554807 11.580034423577294 -11.677508531316874
v -0.15880142511554807 11.580033393080924 11.897501091159201
v -0.09060429449865595 11.636958841586097 -11.677508528828628
v -0.004461906318572583 11.658658186254486 -11.67750852788012
v -0.09060429449865595 11.636958841586097 -11.677508528828628
v -0.09060431420335918 11.636960333291745 11.897501093647557
v -0.004461906318572583 11.658658186254486 -11.67750852788012
v -0.09060431420335918 11.636960333291745 11.897501093647557
v -0.004461905908057932 11.658657155758117 11.897501094595956
v -0.004461905908057932 11.658657155758117 11.897501094595956
v 0.08256424354910105 11.640831072650647 11.897501093816752
v 0.0825642632538043 11.640832103147014 -11.677508528659324
v -0.004461906318572583 11.658658186254486 -11.67750852788012
v -0.004461905908057932 11.658657155758117 11.897501094595956
v 0.0825642632538043 11.640832103147014 -11.677508528659324
v 0.1532375262894407 11.587013356552585 -11.677508531011815
v 0.0825642632538043 11.640832103147014 -11.677508528659324
v 0.08256424354910105 11.640831072650647 11.897501093816752
v 0.1532375262894407 11.587013356552585 -11.677508531011815
v 0.08256424354910105 11.640831072650647 11.897501093816752
v 0.1532375262894407 11.587012326056218 11.89750109146426
v 0.1532375262894407 11.587012326056218 11.89750109146426
v 0.1935602457678616 11.507854697285866 11.897501088004171
v 0.1935602457678616 11.507856568516239 -11.677508534471869
v 0.1532375262894407 11.587013356552585 -11.677508531011815
v 0.1532375262894407 11.587012326056218 11.89750109146426
v 0.1935602457678616 11.507856568516239 -11.677508534471869
v 0.19554596753232925 11.419045631900772 -11.677508538353917
v 0.1935602457678616 11.507856568516239 -11.677508534471869
v 0.1935602457678616 11.507854697285866 11.897501088004171
v 0.19554596753232925 11.419045631900772 -11.677508538353917
v 0.1935602457678616 11.507854697285866 11.897501088004171
v 0.19554596753232925 11.419044601404405 11.897501084122158
v 0.19554596753232925 11.419044601404405 11.897501084122158
v 0.1588014382520169 11.33816935306189 11.89750108058699
v 0.1588014382520169 11.338168702090249 -11.67750854188916
v 0.19554596753232925 11.419045631900772 -11.677508538353917
v 0.19554596753232925 11.419044601404405 11.897501084122158
v 0.1588014382520169 11.338168702090249 -11.67750854188916
v 0 11.459099691603399 11.897501085873023
v 0.004461920276070713 11.259545590384697 11.897501077150235
v 0.09060431420335918 11.281242412851071 11.897501078098633
v 0.09060431420335918 11.281242412851071 11.897501078098633
v 0.1588014382520169 11.33816935306189 11.89750108058699
v 0 11.459099691603399 11.897501085873023
v 0 11.459099691603399 11.897501085873023
v -0.15323748688003422 11.331192101554608 11.897501080282003
v -0.0825642172761634 11.27737335496018 11.897501077929512
v -0.0825642172761634 11.27737335496018 11.897501077929512
v 0.004461920276070713 11.259545590384697 11.897501077150235
v 0 11.459099691603399 11.897501085873023
v 0 11.459099691603399 11.897501085873023
v -0.19554595439586045 11.499157304004406 11.897501087623995
v -0.1935601932219863 11.41034636738894 11.897501083741947
v -0.1935601932219863 11.41034636738894 11.897501083741947
v -0.15323748688003422 11.331192101554608 11.897501080282003
v 0 11.459099691603399 11.897501085873023
v 0 11.459099691603399 11.897501085873023
v -0.09060431420335918 11.636960333291745 11.897501093647557
v -0.15880142511554807 11.580033393080924 11.897501091159201
v -0.15880142511554807 11.580033393080924 11.897501091159201
v -0.19554595439586045 11.499157304004406 11.897501087623995
v 0 11.459099691603399 11.897501085873023
v 0 11.459099691603399 11.897501085873023
v 0.08256424354910105 11.640831072650647 11.897501093816752
v -0.004461905908057932 11.658657155758117 11.897501094595956
v -0.004461905908057932 11.658657155758117 11.897501094595956
v -0.09060431420335918 11.636960333291745 11.897501093647557
v 0 11.459099691603399 11.897501085873023
v 0 11.459099691603399 11.897501085873023
v 0.1935602457678616 11.507854697285866 11.897501088004171
v 0.1532375262894407 11.587012326056218 11.89750109146426
v 0.1532375262894407 11.587012326056218 11.89750109146426
v 0.08256424354910105 11.640831072650647 11.897501093816752
v 0 11.459099691603399 11.897501085873023
v 0 11.459099691603399 11.897501085873023
v 0.1588014382520169 11.33816935306189 11.89750108058699
v 0.19554596753232925 11.419044601404405 11.897501084122158
v 0.19554596753232925 11.419044601404405 11.897501084122158
v 0.1935602457678616 11.507854697285866 11.897501088004171
v 0 11.459099691603399 11.897501085873023
v 0 11.459100722099766 -11.677508536603053
v 0.19554596753232925 11.419045631900772 -11.677508538353917
v 0.1588014382520169 11.338168702090249 -11.67750854188916
v 0.1588014382520169 11.338168702090249 -11.67750854188916
v 0.09060433390806243 11.281243443347439 -11.677508544377442
v 0 11.459100722099766 -11.677508536603053
v 0.004461920276070713 11.259544939413056 -11.677508545325914
v -0.0825642172761634 11.277372703988537 -11.677508544546637
v 0 11.459100722099766 -11.677508536603053
v 0 11.459100722099766 -11.677508536603053
v 0.09060433390806243 11.281243443347439 -11.677508544377442
v 0.004461920276070713 11.259544939413056 -11.677508545325914
v -0.15323748688003422 11.33119229131697 -11.67750854219411
v -0.1935601932219863 11.410344875683293 -11.677508538734239
v 0 11.459100722099766 -11.677508536603053
v 0 11.459100722099766 -11.677508536603053
v -0.0825642172761634 11.277372703988537 -11.677508544546637
v -0.15323748688003422 11.33119229131697 -11.67750854219411
v -0.19554595439586045 11.49915581229876 -11.67750853485219
v -0.15880142511554807 11.580034423577294 -11.677508531316874
v 0 11.459100722099766 -11.677508536603053
v 0 11.459100722099766 -11.677508536603053
v -0.1935601932219863 11.410344875683293 -11.677508538734239
v -0.19554595439586045 11.49915581229876 -11.67750853485219
v -0.09060429449865595 11.636958841586097 -11.677508528828628
v -0.004461906318572583 11.658658186254486 -11.67750852788012
v 0 11.459100722099766 -11.677508536603053
v 0 11.459100722099766 -11.677508536603053
v -0.15880142511554807 11.580034423577294 -11.677508531316874
v -0.09060429449865595 11.636958841586097 -11.677508528828628
v 0.0825642632538043 11.640832103147014 -11.677508528659324
v 0.1532375262894407 11.587013356552585 -11.677508531011815
v 0 11.459100722099766 -11.677508536603053
v 0 11.459100722099766 -11.677508536603053
v -0.004461906318572583 11.658658186254486 -11.67750852788012
v 0.0825642632538043 11.640832103147014 -11.677508528659324
v 0.1935602457678616 11.507856568516239 -11.677508534471869
v 0.19554596753232925 11.419045631900772 -11.677508538353917
v 0 11.459100722099766 -11.677508536603053
v 0 11.459100722099766 -11.677508536603053
v 0.1532375262894407 11.587013356552585 -11.677508531011815
v 0.1935602457678616 11.507856568516239 -11.677508534471869
v 0.09060433390806243 11.287300851819673 9.38719965328077
v 0.1588014382520169 11.287300849331428 9.444124071289574
v 0.1588014382520169 5.028270747084674 9.444123797698687
v 0.09060433390806243 11.287300851819673 9.38719965328077
v 0.1588014382520169 5.028270747084674 9.444123797698687
v 0.09060431420335918 5.028270749572956 9.387198538955879
v 0.09060431420335918 5.028270749572956 9.387198538955879
v 0.004461919865556062 5.028270750521428 9.365500035021494
v 0.004461919865556062 11.287300852768182 9.365500308612381
v 0.09060433390806243 11.287300851819673 9.38719965328077
v 0.09060431420335918 5.028270749572956 9.387198538955879
v 0.004461919865556062 11.287300852768182 9.365500308612381
v -0.08256421070792899 11.287300851988906 9.383328073187863
v 0.004461919865556062 11.287300852768182 9.365500308612381
v 0.004461919865556062 5.028270750521428 9.365500035021494
v -0.08256421070792899 11.287300851988906 9.383328073187863
v 0.004461919865556062 5.028270750521428 9.365500035021494
v -0.0825642172761634 5.028270749742188 9.383326958862972
v -0.0825642172761634 5.028270749742188 9.383326958862972
v -0.15323748688003422 5.0282707473896595 9.437146546191405
v -0.15323748688003422 11.287300849636377 9.437147660516297
v -0.08256421070792899 11.287300851988906 9.383328073187863
v -0.0825642172761634 5.028270749742188 9.383326958862972
v -0.15323748688003422 11.287300849636377 9.437147660516297
v -0.1935601932219863 11.287300005442466 9.516301085616588
v -0.15323748688003422 11.287300849636377 9.437147660516297
v -0.15323748688003422 5.0282707473896595 9.437146546191405
v -0.1935601932219863 11.287300005442466 9.516301085616588
v -0.15323748688003422 5.0282707473896595 9.437146546191405
v -0.1935602063584551 5.028270743929717 9.516300812025737
v -0.1935602063584551 5.028270743929717 9.516300812025737
v -0.19554595439586045 5.028270740047668 9.605111748641203
v -0.19554595439586045 11.287300001560418 9.605112022232055
v -0.1935601932219863 11.287300005442466 9.516301085616588
v -0.1935602063584551 5.028270743929717 9.516300812025737
v -0.19554595439586045 11.287300001560418 9.605112022232055
v -0.15880142511554807 11.287299998025137 9.685989792776583
v -0.19554595439586045 11.287300001560418 9.605112022232055
v -0.19554595439586045 5.028270740047668 9.605111748641203
v -0.15880142511554807 11.287299998025137 9.685989792776583
v -0.19554595439586045 5.028270740047668 9.605111748641203
v -0.15880142511554807 5.028270736512388 9.685989519185732
v -0.15880142511554807 5.028270736512388 9.685989519185732
v -0.09060431420335918 5.028270734024106 9.742914777928542
v -0.09060429449865595 11.287299995536856 9.742915051519393
v -0.15880142511554807 11.287299998025137 9.685989792776583
v -0.15880142511554807 5.028270736512388 9.685989519185732
v -0.09060429449865595 11.287299995536856 9.742915051519393
v -0.004461906729087234 11.287299994588384 9.764613555453776
v -0.09060429449865595 11.287299995536856 9.742915051519393
v -0.09060431420335918 5.028270734024106 9.742914777928542
v -0.004461906729087234 11.287299994588384 9.764613555453776
v -0.09060431420335918 5.028270734024106 9.742914777928542
v -0.004461906729087234 5.028270733075634 9.764613281862925
v -0.004461906729087234 5.028270733075634 9.764613281862925
v 0.08256424354910105 5.028270733854874 9.746786358021449
v 0.0825642632538043 11.287299995367587 9.746787472346305
v -0.004461906729087234 11.287299994588384 9.764613555453776
v -0.004461906729087234 5.028270733075634 9.764613281862925
v 0.0825642632538043 11.287299995367587 9.746787472346305
v 0.1532375262894407 11.28729999772004 9.69296956648588
v 0.0825642632538043 11.287299995367587 9.746787472346305
v 0.08256424354910105 5.028270733854874 9.746786358021449
v 0.1532375262894407 11.28729999772004 9.69296956648588
v 0.08256424354910105 5.028270733854874 9.746786358021449
v 0.1532375262894407 5.028270736207403 9.692966770693014
v 0.1532375262894407 5.028270736207403 9.692966770693014
v 0.1935602457678616 5.028270739667345 9.613812504858682
v 0.1935602457678616 11.287300001180132 9.61381193771553
v 0.1532375262894407 11.28729999772004 9.69296956648588
v 0.1532375262894407 5.028270736207403 9.692966770693014
v 0.1935602457678616 11.287300001180132 9.61381193771553
v 0.19554596753232925 11.28730000506218 9.525001001100062
v 0.1935602457678616 11.287300001180132 9.61381193771553
v 0.1935602457678616 5.028270739667345 9.613812504858682
v 0.19554596753232925 11.28730000506218 9.525001001100062
v 0.1935602457678616 5.028270739667345 9.613812504858682
v 0.19554596753232925 5.0282707435493945 9.525001568243216
v 0.19554596753232925 5.0282707435493945 9.525001568243216
v 0.1588014382520169 5.028270747084674 9.444123797698687
v 0.1588014382520169 11.287300849331428 9.444124071289574
v 0.19554596753232925 11.28730000506218 9.525001001100062
v 0.19554596753232925 5.0282707435493945 9.525001568243216
v 0.1588014382520169 11.287300849331428 9.444124071289574
v -0.09060431420335918 5.028270734024106 9.742914777928542
v -0.15880142511554807 5.028270736512388 9.685989519185732
v -0.19554595439586045 5.028270740047668 9.605111748641203
v -0.09060431420335918 5.028270734024106 9.742914777928542
v -0.19554595439586045 5.028270740047668 9.605111748641203
v -0.1935602063584551 5.028270743929717 9.516300812025737
v -0.09060431420335918 5.028270734024106 9.742914777928542
v -0.1935602063584551 5.028270743929717 9.516300812025737
v -0.15323748688003422 5.0282707473896595 9.437146546191405
v -0.09060431420335918 5.028270734024106 9.742914777928542
v -0.15323748688003422 5.0282707473896595 9.437146546191405
v -0.0825642172761634 5.028270749742188 9.383326958862972
v -0.09060431420335918 5.028270734024106 9.742914777928542
v -0.0825642172761634 5.028270749742188 9.383326958862972
v 0.004461919865556062 5.028270750521428 9.365500035021494
v -0.09060431420335918 5.028270734024106 9.742914777928542
v 0.004461919865556062 5.028270750521428 9.365500035021494
v 0.09060431420335918 5.028270749572956 9.387198538955879
v -0.09060431420335918 5.028270734024106 9.742914777928542
v 0.09060431420335918 5.028270749572956 9.387198538955879
v 0.1588014382520169 5.028270747084674 9.444123797698687
v -0.09060431420335918 5.028270734024106 9.742914777928542
v 0.1588014382520169 5.028270747084674 9.444123797698687
v 0.19554596753232925 5.0282707435493945 9.525001568243216
v -0.09060431420335918 5.028270734024106 9.742914777928542
v 0.19554596753232925 5.0282707435493945 9.525001568243216
v 0.1935602457678616 5.028270739667345 9.613812504858682
v -0.09060431420335918 5.028270734024106 9.742914777928542
v 0.1935602457678616 5.028270739667345 9.613812504858682
v 0.1532375262894407 5.028270736207403 9.692966770693014
v -0.09060431420335918 5.028270734024106 9.742914777928542
v 0.1532375262894407 5.028270736207403 9.692966770693014
v 0.08256424354910105 5.028270733854874 9.746786358021449
v -0.09060431420335918 5.028270734024106 9.742914777928542
v 0.08256424354910105 5.028270733854874 9.746786358021449
v -0.004461906729087234 5.028270733075634 9.764613281862925
v 0.1532375262894407 11.28729999772004 9.69296956648588
v 0.1935602457678616 11.287300001180132 9.61381193771553
v 0.19554596753232925 11.28730000506218 9.525001001100062
v 0.1532375262894407 11.28729999772004 9.69296956648588
v 0.19554596753232925 11.28730000506218 9.525001001100062
v 0.1588014382520169 11.287300849331428 9.444124071289574
v 0.1532375262894407 11.28729999772004 9.69296956648588
v 0.1588014382520169 11.287300849331428 9.444124071289574
v 0.09060433390806243 11.287300851819673 9.38719965328077
v 0.1532375262894407 11.28729999772004 9.69296956648588
v 0.09060433390806243 11.287300851819673 9.38719965328077
v 0.004461919865556062 11.287300852768182 9.365500308612381
v 0.1532375262894407 11.28729999772004 9.69296956648588
v 0.004461919865556062 11.287300852768182 9.365500308612381
v -0.08256421070792899 11.287300851988906 9.383328073187863
v 0.1532375262894407 11.28729999772004 9.69296956648588
v -0.08256421070792899 11.287300851988906 9.383328073187863
v -0.15323748688003422 11.287300849636377 9.437147660516297
v 0.1532375262894407 11.28729999772004 9.69296956648588
v -0.15323748688003422 11.287300849636377 9.437147660516297
v -0.1935601932219863 11.287300005442466 9.516301085616588
v 0.1532375262894407 11.28729999772004 9.69296956648588
v -0.1935601932219863 11.287300005442466 9.516301085616588
v -0.19554595439586045 11.287300001560418 9.605112022232055
v 0.1532375262894407 11.28729999772004 9.69296956648588
v -0.19554595439586045 11.287300001560418 9.605112022232055
v -0.15880142511554807 11.287299998025137 9.685989792776583
v 0.1532375262894407 11.28729999772004 9.69296956648588
v -0.15880142511554807 11.287299998025137 9.685989792776583
v -0.09060429449865595 11.287299995536856 9.742915051519393
v 0.1532375262894407 11.28729999772004 9.69296956648588
v -0.09060429449865595 11.287299995536856 9.742915051519393
v -0.004461906729087234 11.287299994588384 9.764613555453776
v 0.1532375262894407 11.28729999772004 9.69296956648588
v -0.004461906729087234 11.287299994588384 9.764613555453776
v 0.0825642632538043 11.287299995367587 9.746787472346305
v 0.08842304296392202 11.287300094137267 7.487200494153023
v 0.1588014382520169 11.287300932383063 7.54412407142786
v 0.1588014382520169 5.028270830136346 7.544122957102968
v 0.08842304296392202 11.287300094137267 7.487200494153023
v 0.1588014382520169 5.028270830136346 7.544122957102968
v 0.09060431420335918 5.0282708326245915 7.487198539094163
v 0.09060431420335918 5.0282708326245915 7.487198539094163
v 0.004461919865556062 5.0282708335730995 7.465499194425775
v 0.004461919865556062 11.287300935819816 7.465500308750667
v 0.08842304296392202 11.287300094137267 7.487200494153023
v 0.09060431420335918 5.0282708326245915 7.487198539094163
v 0.004461919865556062 11.287300935819816 7.465500308750667
v -0.08256421070792899 11.287300935040541 7.483328073326149
v 0.004461919865556062 11.287300935819816 7.465500308750667
v 0.004461919865556062 5.0282708335730995 7.465499194425775
v -0.08256421070792899 11.287300935040541 7.483328073326149
v 0.004461919865556062 5.0282708335730995 7.465499194425775
v -0.0825642172761634 5.028270832793861 7.483326118267252
v -0.0825642172761634 5.028270832793861 7.483326118267252
v -0.15323748688003422 5.028270830441294 7.537146546329691
v -0.15323748688003422 11.287300932688012 7.537147660654583
v -0.08256421070792899 11.287300935040541 7.483328073326149
v -0.0825642172761634 5.028270832793861 7.483326118267252
v -0.15323748688003422 11.287300932688012 7.537147660654583
v -0.1935601932219863 11.287300088494101 7.616301085754872
v -0.15323748688003422 11.287300932688012 7.537147660654583
v -0.15323748688003422 5.028270830441294 7.537146546329691
v -0.1935601932219863 11.287300088494101 7.616301085754872
v -0.15323748688003422 5.028270830441294 7.537146546329691
v -0.1935602063584551 5.028270826981388 7.616299971430017
v -0.1935602063584551 5.028270826981388 7.616299971430017
v -0.19554595439586045 5.0282708230993025 7.70511174877949
v -0.19554595439586045 11.287300084612053 7.705112022370339
v -0.1935601932219863 11.287300088494101 7.616301085754872
v -0.1935602063584551 5.028270826981388 7.616299971430017
v -0.19554595439586045 11.287300084612053 7.705112022370339
v -0.15880142511554807 11.287300081076772 7.785989792914868
v -0.19554595439586045 11.287300084612053 7.705112022370339
v -0.19554595439586045 5.0282708230993025 7.70511174877949
v -0.15880142511554807 11.287300081076772 7.785989792914868
v -0.19554595439586045 5.0282708230993025 7.70511174877949
v -0.15880142511554807 5.02827081956406 7.785988678590013
v -0.15880142511554807 5.02827081956406 7.785988678590013
v -0.09060431420335918 5.028270817075741 7.842914778066827
v -0.09060429449865595 11.28730007858849 7.842915051657677
v -0.15880142511554807 11.287300081076772 7.785989792914868
v -0.15880142511554807 5.02827081956406 7.785988678590013
v -0.09060429449865595 11.28730007858849 7.842915051657677
v -0.004461906729087234 11.287300077640019 7.86461355559206
v -0.09060429449865595 11.28730007858849 7.842915051657677
v -0.09060431420335918 5.028270817075741 7.842914778066827
v -0.004461906729087234 11.287300077640019 7.86461355559206
v -0.09060431420335918 5.028270817075741 7.842914778066827
v -0.004461906729087234 5.028270816127306 7.864612441267206
v -0.004461906729087234 5.028270816127306 7.864612441267206
v 0.08256424354910105 5.028270816906546 7.8467855174257295
v 0.0825642632538043 11.287300078419221 7.846787472484588
v -0.004461906729087234 11.287300077640019 7.86461355559206
v -0.004461906729087234 5.028270816127306 7.864612441267206
v 0.0825642632538043 11.287300078419221 7.846787472484588
v 0.1532375262894407 11.287300080771677 7.792969566624165
v 0.0825642632538043 11.287300078419221 7.846787472484588
v 0.08256424354910105 5.028270816906546 7.8467855174257295
v 0.1532375262894407 11.287300080771677 7.792969566624165
v 0.08256424354910105 5.028270816906546 7.8467855174257295
v 0.1532375262894407 5.0282708192590375 7.7929667708313
v 0.1532375262894407 5.0282708192590375 7.7929667708313
v 0.1935602457678616 5.028270822719017 7.7138116642629635
v 0.1935602457678616 11.287300084231767 7.713811937853813
v 0.1532375262894407 11.287300080771677 7.792969566624165
v 0.1532375262894407 5.0282708192590375 7.7929667708313
v 0.1935602457678616 11.287300084231767 7.713811937853813
v 0.19554596753232925 11.287300088113817 7.6250010012383465
v 0.1935602457678616 11.287300084231767 7.713811937853813
v 0.1935602457678616 5.028270822719017 7.7138116642629635
v 0.19554596753232925 11.287300088113817 7.6250010012383465
v 0.1935602457678616 5.028270822719017 7.7138116642629635
v 0.19554596753232925 5.028270826601029 7.625001568381502
v 0.19554596753232925 5.028270826601029 7.625001568381502
v 0.1588014382520169 5.028270830136346 7.544122957102968
v 0.1588014382520169 11.287300932383063 7.54412407142786
v 0.19554596753232925 11.287300088113817 7.6250010012383465
v 0.19554596753232925 5.028270826601029 7.625001568381502
v 0.1588014382520169 11.287300932383063 7.54412407142786
v 0.004461919865556062 5.0282708335730995 7.465499194425775
v 0.09060431420335918 5.0282708326245915 7.487198539094163
v 0.1588014382520169 5.028270830136346 7.544122957102968
v 0.004461919865556062 5.0282708335730995 7.465499194425775
v 0.1588014382520169 5.028270830136346 7.544122957102968
v 0.19554596753232925 5.028270826601029 7.625001568381502
v 0.004461919865556062 5.0282708335730995 7.465499194425775
v 0.19554596753232925 5.028270826601029 7.625001568381502
v 0.1935602457678616 5.028270822719017 7.7138116642629635
v 0.004461919865556062 5.0282708335730995 7.465499194425775
v 0.1935602457678616 5.028270822719017 7.7138116642629635
v 0.1532375262894407 5.0282708192590375 7.7929667708313
v 0.004461919865556062 5.0282708335730995 7.465499194425775
v 0.1532375262894407 5.0282708192590375 7.7929667708313
v 0.08256424354910105 5.028270816906546 7.8467855174257295
v 0.004461919865556062 5.0282708335730995 7.465499194425775
v 0.08256424354910105 5.028270816906546 7.8467855174257295
v -0.004461906729087234 5.028270816127306 7.864612441267206
v 0.004461919865556062 5.0282708335730995 7.465499194425775
v -0.004461906729087234 5.028270816127306 7.864612441267206
v -0.09060431420335918 5.028270817075741 7.842914778066827
v 0.004461919865556062 5.0282708335730995 7.465499194425775
v -0.09060431420335918 5.028270817075741 7.842914778066827
v -0.15880142511554807 5.02827081956406 7.785988678590013
v 0.004461919865556062 5.0282708335730995 7.465499194425775
v -0.15880142511554807 5.02827081956406 7.785988678590013
v -0.19554595439586045 5.0282708230993025 7.70511174877949
v 0.004461919865556062 5.0282708335730995 7.465499194425775
v -0.19554595439586045 5.0282708230993025 7.70511174877949
v -0.1935602063584551 5.028270826981388 7.616299971430017
v 0.004461919865556062 5.0282708335730995 7.465499194425775
v -0.1935602063584551 5.028270826981388 7.616299971430017
v -0.15323748688003422 5.028270830441294 7.537146546329691
v 0.004461919865556062 5.0282708335730995 7.465499194425775
v -0.15323748688003422 5.028270830441294 7.537146546329691
v -0.0825642172761634 5.028270832793861 7.483326118267252
v 0.1532375262894407 11.287300080771677 7.792969566624165
v 0.1935602457678616 11.287300084231767 7.713811937853813
v 0.19554596753232925 11.287300088113817 7.6250010012383465
v 0.1532375262894407 11.287300080771677 7.792969566624165
v 0.19554596753232925 11.287300088113817 7.6250010012383465
v 0.1588014382520169 11.287300932383063 7.54412407142786
v 0.1532375262894407 11.287300080771677 7.792969566624165
v 0.1588014382520169 11.287300932383063 7.54412407142786
v 0.08842304296392202 11.287300094137267 7.487200494153023
v 0.1532375262894407 11.287300080771677 7.792969566624165
v 0.08842304296392202 11.287300094137267 7.487200494153023
v 0.004461919865556062 11.287300935819816 7.465500308750667
v 0.1532375262894407 11.287300080771677 7.792969566624165
v 0.004461919865556062 11.287300935819816 7.465500308750667
v -0.08256421070792899 11.287300935040541 7.483328073326149
v 0.1532375262894407 11.287300080771677 7.792969566624165
v -0.08256421070792899 11.287300935040541 7.483328073326149
v -0.15323748688003422 11.287300932688012 7.537147660654583
v 0.1532375262894407 11.287300080771677 7.792969566624165
v -0.15323748688003422 11.287300932688012 7.537147660654583
v -0.1935601932219863 11.287300088494101 7.616301085754872
v 0.1532375262894407 11.287300080771677 7.792969566624165
v -0.1935601932219863 11.287300088494101 7.616301085754872
v -0.19554595439586045 11.287300084612053 7.705112022370339
v 0.1532375262894407 11.287300080771677 7.792969566624165
v -0.19554595439586045 11.287300084612053 7.705112022370339
v -0.15880142511554807 11.287300081076772 7.785989792914868
v 0.1532375262894407 11.287300080771677 7.792969566624165
v -0.15880142511554807 11.287300081076772 7.785989792914868
v -0.09060429449865595 11.28730007858849 7.842915051657677
v 0.1532375262894407 11.287300080771677 7.792969566624165
v -0.09060429449865595 11.28730007858849 7.842915051657677
v -0.004461906729087234 11.287300077640019 7.86461355559206
v 0.1532375262894407 11.287300080771677 7.792969566624165
v -0.004461906729087234 11.287300077640019 7.86461355559206
v 0.0825642632538043 11.287300078419221 7.846787472484588
v 0.09060433390806243 11.287301017923035 5.587197551722328
v 0.1588014382520169 11.28730101543479 5.644121969731132
v 0.1588014382520169 5.028270913188055 5.644121275773243
v 0.09060433390806243 11.287301017923035 5.587197551722328
v 0.1588014382520169 5.028270913188055 5.644121275773243
v 0.09060431420335918 5.0282709156763365 5.587196017030434
v 0.09060431420335918 5.0282709156763365 5.587196017030434
v 0.004461919865556062 5.028270916624808 5.565497513096051
v 0.004461919865556062 11.287301018871544 5.56549820705394
v 0.09060433390806243 11.287301017923035 5.587197551722328
v 0.09060431420335918 5.0282709156763365 5.587196017030434
v 0.004461919865556062 11.287301018871544 5.56549820705394
v -0.08256421070792899 11.287301018092268 5.583325971629421
v 0.004461919865556062 11.287301018871544 5.56549820705394
v 0.004461919865556062 5.028270916624808 5.565497513096051
v -0.08256421070792899 11.287301018092268 5.583325971629421
v 0.004461919865556062 5.028270916624808 5.565497513096051
v -0.0825642172761634 5.028270915845569 5.583324436937527
v -0.0825642172761634 5.028270915845569 5.583324436937527
v -0.15323748688003422 5.02827091349304 5.637144024265961
v -0.15323748688003422 11.28730101573974 5.637145558957855
v -0.08256421070792899 11.287301018092268 5.583325971629421
v -0.0825642172761634 5.028270915845569 5.583324436937527
v -0.15323748688003422 11.28730101573974 5.637145558957855
v -0.1935601932219863 11.287300171545828 5.716298984058144
v -0.15323748688003422 11.28730101573974 5.637145558957855
v -0.15323748688003422 5.02827091349304 5.637144024265961
v -0.1935601932219863 11.287300171545828 5.716298984058144
v -0.15323748688003422 5.02827091349304 5.637144024265961
v -0.1935602063584551 5.028270910033098 5.716298290100292
v -0.1935602063584551 5.028270910033098 5.716298290100292
v -0.19554595439586045 5.028270906151048 5.805109226715759
v -0.19554595439586045 11.28730016766378 5.805109920673611
v -0.1935601932219863 11.287300171545828 5.716298984058144
v -0.1935602063584551 5.028270910033098 5.716298290100292
v -0.19554595439586045 11.28730016766378 5.805109920673611
v -0.15880142511554807 11.2873001641285 5.88598769121814
v -0.19554595439586045 11.28730016766378 5.805109920673611
v -0.19554595439586045 5.028270906151048 5.805109226715759
v -0.15880142511554807 11.2873001641285 5.88598769121814
v -0.19554595439586045 5.028270906151048 5.805109226715759
v -0.15880142511554807 5.028270902615769 5.885986997260288
v -0.15880142511554807 5.028270902615769 5.885986997260288
v -0.09060431420335918 5.028270900127486 5.942912256003098
v -0.09060429449865595 11.287300161640218 5.94291294996095
v -0.15880142511554807 11.2873001641285 5.88598769121814
v -0.15880142511554807 5.028270902615769 5.885986997260288
v -0.09060429449865595 11.287300161640218 5.94291294996095
v -0.004461906729087234 11.287300160691746 5.9646114538953325
v -0.09060429449865595 11.287300161640218 5.94291294996095
v -0.09060431420335918 5.028270900127486 5.942912256003098
v -0.004461906729087234 11.287300160691746 5.9646114538953325
v -0.09060431420335918 5.028270900127486 5.942912256003098
v -0.004461906729087234 5.028270899179015 5.9646107599374805
v -0.004461906729087234 5.028270899179015 5.9646107599374805
v 0.08256424354910105 5.028270899958255 5.946783836096004
v 0.0825642632538043 11.287300161470949 5.946785370787861
v -0.004461906729087234 11.287300160691746 5.9646114538953325
v -0.004461906729087234 5.028270899179015 5.9646107599374805
v 0.0825642632538043 11.287300161470949 5.946785370787861
v 0.1532375262894407 11.287300163823403 5.8929674649274375
v 0.0825642632538043 11.287300161470949 5.946785370787861
v 0.08256424354910105 5.028270899958255 5.946783836096004
v 0.1532375262894407 11.287300163823403 5.8929674649274375
v 0.08256424354910105 5.028270899958255 5.946783836096004
v 0.1532375262894407 5.028270902310783 5.89296424876757
v 0.1532375262894407 5.028270902310783 5.89296424876757
v 0.1935602457678616 5.028270905770726 5.813809982933239
v 0.1935602457678616 11.287300167283494 5.813809836157086
v 0.1532375262894407 11.287300163823403 5.8929674649274375
v 0.1532375262894407 5.028270902310783 5.89296424876757
v 0.1935602457678616 11.287300167283494 5.813809836157086
v 0.19554596753232925 11.287300171165542 5.724998899541619
v 0.1935602457678616 11.287300167283494 5.813809836157086
v 0.1935602457678616 5.028270905770726 5.813809982933239
v 0.19554596753232925 11.287300171165542 5.724998899541619
v 0.1935602457678616 5.028270905770726 5.813809982933239
v 0.19554596753232925 5.028270909652775 5.724999046317772
v 0.19554596753232925 5.028270909652775 5.724999046317772
v 0.1588014382520169 5.028270913188055 5.644121275773243
v 0.1588014382520169 11.28730101543479 5.644121969731132
v 0.19554596753232925 11.287300171165542 5.724998899541619
v 0.19554596753232925 5.028270909652775 5.724999046317772
v 0.1588014382520169 11.28730101543479 5.644121969731132
v 0.004461919865556062 5.028270916624808 5.565497513096051
v 0.09060431420335918 5.0282709156763365 5.587196017030434
v 0.1588014382520169 5.028270913188055 5.644121275773243
v 0.004461919865556062 5.028270916624808 5.565497513096051
v 0.1588014382520169 5.028270913188055 5.644121275773243
v 0.19554596753232925 5.028270909652775 5.724999046317772
v 0.004461919865556062 5.028270916624808 5.565497513096051
v 0.19554596753232925 5.028270909652775 5.724999046317772
v 0.1935602457678616 5.028270905770726 5.813809982933239
v 0.004461919865556062 5.028270916624808 5.565497513096051
v 0.1935602457678616 5.028270905770726 5.813809982933239
v 0.1532375262894407 5.028270902310783 5.89296424876757
v 0.004461919865556062 5.028270916624808 5.565497513096051
v 0.1532375262894407 5.028270902310783 5.89296424876757
v 0.08256424354910105 5.028270899958255 5.946783836096004
v 0.004461919865556062 5.028270916624808 5.565497513096051
v 0.08256424354910105 5.028270899958255 5.946783836096004
v -0.004461906729087234 5.028270899179015 5.9646107599374805
v 0.004461919865556062 5.028270916624808 5.565497513096051
v -0.004461906729087234 5.028270899179015 5.9646107599374805
v -0.09060431420335918 5.028270900127486 5.942912256003098
v 0.004461919865556062 5.028270916624808 5.565497513096051
v -0.09060431420335918 5.028270900127486 5.942912256003098
v -0.15880142511554807 5.028270902615769 5.885986997260288
v 0.004461919865556062 5.028270916624808 5.565497513096051
v -0.15880142511554807 5.028270902615769 5.885986997260288
v -0.19554595439586045 5.028270906151048 5.805109226715759
v 0.004461919865556062 5.028270916624808 5.565497513096051
v -0.19554595439586045 5.028270906151048 5.805109226715759
v -0.1935602063584551 5.028270910033098 5.716298290100292
v 0.004461919865556062 5.028270916624808 5.565497513096051
v -0.1935602063584551 5.028270910033098 5.716298290100292
v -0.15323748688003422 5.02827091349304 5.637144024265961
v 0.004461919865556062 5.028270916624808 5.565497513096051
v -0.15323748688003422 5.02827091349304 5.637144024265961
v -0.0825642172761634 5.028270915845569 5.583324436937527
v -0.1935601932219863 11.287300171545828 5.716298984058144
v -0.19554595439586045 11.28730016766378 5.805109920673611
v -0.15880142511554807 11.2873001641285 5.88598769121814
v -0.1935601932219863 11.287300171545828 5.716298984058144
v -0.15880142511554807 11.2873001641285 5.88598769121814
v -0.09060429449865595 11.287300161640218 5.94291294996095
v -0.1935601932219863 11.287300171545828 5.716298984058144
v -0.09060429449865595 11.287300161640218 5.94291294996095
v -0.004461906729087234 11.287300160691746 5.9646114538953325
v -0.1935601932219863 11.287300171545828 5.716298984058144
v -0.004461906729087234 11.287300160691746 5.9646114538953325
v 0.0825642632538043 11.287300161470949 5.946785370787861
v -0.1935601932219863 11.287300171545828 5.716298984058144
v 0.0825642632538043 11.287300161470949 5.946785370787861
v 0.1532375262894407 11.287300163823403 5.8929674649274375
v -0.1935601932219863 11.287300171545828 5.716298984058144
v 0.1532375262894407 11.287300163823403 5.8929674649274375
v 0.1935602457678616 11.287300167283494 5.813809836157086
v -0.1935601932219863 11.287300171545828 5.716298984058144
v 0.1935602457678616 11.287300167283494 5.813809836157086
v 0.19554596753232925 11.287300171165542 5.724998899541619
v -0.1935601932219863 11.287300171545828 5.716298984058144
v 0.19554596753232925 11.287300171165542 5.724998899541619
v 0.1588014382520169 11.28730101543479 5.644121969731132
v -0.1935601932219863 11.287300171545828 5.716298984058144
v 0.1588014382520169 11.28730101543479 5.644121969731132
v 0.09060433390806243 11.287301017923035 5.587197551722328
v -0.1935601932219863 11.287300171545828 5.716298984058144
v 0.09060433390806243 11.287301017923035 5.587197551722328
v 0.004461919865556062 11.287301018871544 5.56549820705394
v -0.1935601932219863 11.287300171545828 5.716298984058144
v 0.004461919865556062 11.287301018871544 5.56549820705394
v -0.08256421070792899 11.287301018092268 5.583325971629421
v -0.1935601932219863 11.287300171545828 5.716298984058144
v -0.08256421070792899 11.287301018092268 5.583325971629421
v -0.15323748688003422 11.28730101573974 5.637145558957855
v 0.09060433390806243 11.28730194170864 3.6871983925946545
v 0.1588014382520169 11.287301939220393 3.7441228106034585
v 0.1588014382520169 5.0282709962396535 3.7441221166455323
v 0.09060433390806243 11.28730194170864 3.6871983925946545
v 0.1588014382520169 5.0282709962396535 3.7441221166455323
v 0.09060431420335918 5.028270998727935 3.6871968579027232
v 0.09060431420335918 5.028270998727935 3.6871968579027232
v 0.004461919865556062 5.028270999676407 3.66549835396834
v 0.004461919865556062 11.287301942657148 3.665499047926266
v 0.09060433390806243 11.28730194170864 3.6871983925946545
v 0.09060431420335918 5.028270998727935 3.6871968579027232
v 0.004461919865556062 11.287301942657148 3.665499047926266
v -0.08256421070792899 11.287301941877871 3.6833268125017473
v 0.004461919865556062 11.287301942657148 3.665499047926266
v 0.004461919865556062 5.028270999676407 3.66549835396834
v -0.08256421070792899 11.287301941877871 3.6833268125017473
v 0.004461919865556062 5.028270999676407 3.66549835396834
v -0.0825642172761634 5.028270998897168 3.6833252778098164
v -0.0825642172761634 5.028270998897168 3.6833252778098164
v -0.15323748688003422 5.028270996544639 3.73714486513825
v -0.15323748688003422 11.287301939525342 3.7371463998301815
v -0.08256421070792899 11.287301941877871 3.6833268125017473
v -0.0825642172761634 5.028270998897168 3.6833252778098164
v -0.15323748688003422 11.287301939525342 3.7371463998301815
v -0.1935601932219863 11.287301095331431 3.816299824930471
v -0.15323748688003422 11.287301939525342 3.7371463998301815
v -0.15323748688003422 5.028270996544639 3.73714486513825
v -0.1935601932219863 11.287301095331431 3.816299824930471
v -0.15323748688003422 5.028270996544639 3.73714486513825
v -0.1935602063584551 5.028270993084696 3.8162991309725816
v -0.1935602063584551 5.028270993084696 3.8162991309725816
v -0.19554595439586045 5.028270989202647 3.9051100675880486
v -0.19554595439586045 11.287301091449383 3.905110761545938
v -0.1935601932219863 11.287301095331431 3.816299824930471
v -0.1935602063584551 5.028270993084696 3.8162991309725816
v -0.19554595439586045 11.287301091449383 3.905110761545938
v -0.15880142511554807 11.287301087914102 3.9859885320904667
v -0.19554595439586045 11.287301091449383 3.905110761545938
v -0.19554595439586045 5.028270989202647 3.9051100675880486
v -0.15880142511554807 11.287301087914102 3.9859885320904667
v -0.19554595439586045 5.028270989202647 3.9051100675880486
v -0.15880142511554807 5.028270985667367 3.9859878381325773
v -0.15880142511554807 5.028270985667367 3.9859878381325773
v -0.09060431420335918 5.028270983179085 4.042913096875387
v -0.09060429449865595 11.28730108542582 4.042913790833277
v -0.15880142511554807 11.287301087914102 3.9859885320904667
v -0.15880142511554807 5.028270985667367 3.9859878381325773
v -0.09060429449865595 11.28730108542582 4.042913790833277
v -0.004461906729087234 11.287301084477349 4.0646122947676595
v -0.09060429449865595 11.28730108542582 4.042913790833277
v -0.09060431420335918 5.028270983179085 4.042913096875387
v -0.004461906729087234 11.287301084477349 4.0646122947676595
v -0.09060431420335918 5.028270983179085 4.042913096875387
v -0.004461906729087234 5.028270982230613 4.06461160080977
v -0.004461906729087234 5.028270982230613 4.06461160080977
v 0.08256424354910105 5.028270983009853 4.0467846769682945
v 0.0825642632538043 11.287301085256551 4.046786211660188
v -0.004461906729087234 11.287301084477349 4.0646122947676595
v -0.004461906729087234 5.028270982230613 4.06461160080977
v 0.0825642632538043 11.287301085256551 4.046786211660188
v 0.1532375262894407 11.287301087609007 3.992968305799764
v 0.0825642632538043 11.287301085256551 4.046786211660188
v 0.08256424354910105 5.028270983009853 4.0467846769682945
v 0.1532375262894407 11.287301087609007 3.992968305799764
v 0.08256424354910105 5.028270983009853 4.0467846769682945
v 0.1532375262894407 5.028270985362382 3.99296508963986
v 0.1532375262894407 5.028270985362382 3.99296508963986
v 0.1935602457678616 5.0282709888223245 3.9138108238055285
v 0.1935602457678616 11.287301091069097 3.9138106770294128
v 0.1532375262894407 11.287301087609007 3.992968305799764
v 0.1532375262894407 5.028270985362382 3.99296508963986
v 0.1935602457678616 11.287301091069097 3.9138106770294128
v 0.19554596753232925 11.287301094951147 3.8249997404139457
v 0.1935602457678616 11.287301091069097 3.9138106770294128
v 0.1935602457678616 5.0282709888223245 3.9138108238055285
v 0.19554596753232925 11.287301094951147 3.8249997404139457
v 0.1935602457678616 5.0282709888223245 3.9138108238055285
v 0.19554596753232925 5.028270992704374 3.8249998871900615
v 0.19554596753232925 5.028270992704374 3.8249998871900615
v 0.1588014382520169 5.0282709962396535 3.7441221166455323
v 0.1588014382520169 11.287301939220393 3.7441228106034585
v 0.19554596753232925 11.287301094951147 3.8249997404139457
v 0.19554596753232925 5.028270992704374 3.8249998871900615
v 0.1588014382520169 11.287301939220393 3.7441228106034585
v 0.004461919865556062 5.028270999676407 3.66549835396834
v 0.09060431420335918 5.028270998727935 3.6871968579027232
v 0.1588014382520169 5.0282709962396535 3.7441221166455323
v 0.004461919865556062 5.028270999676407 3.66549835396834
v 0.1588014382520169 5.0282709962396535 3.7441221166455323
v 0.19554596753232925 5.028270992704374 3.8249998871900615
v 0.004461919865556062 5.028270999676407 3.66549835396834
v 0.19554596753232925 5.028270992704374 3.8249998871900615
v 0.1935602457678616 5.0282709888223245 3.9138108238055285
v 0.004461919865556062 5.028270999676407 3.66549835396834
v 0.1935602457678616 5.0282709888223245 3.9138108238055285
v 0.1532375262894407 5.028270985362382 3.99296508963986
v 0.004461919865556062 5.028270999676407 3.66549835396834
v 0.1532375262894407 5.028270985362382 3.99296508963986
v 0.08256424354910105 5.028270983009853 4.0467846769682945
v 0.004461919865556062 5.028270999676407 3.66549835396834
v 0.08256424354910105 5.028270983009853 4.0467846769682945
v -0.004461906729087234 5.028270982230613 4.06461160080977
v 0.004461919865556062 5.028270999676407 3.66549835396834
v -0.004461906729087234 5.028270982230613 4.06461160080977
v -0.09060431420335918 5.028270983179085 4.042913096875387
v 0.004461919865556062 5.028270999676407 3.66549835396834
v -0.09060431420335918 5.028270983179085 4.042913096875387
v -0.15880142511554807 5.028270985667367 3.9859878381325773
v 0.004461919865556062 5.028270999676407 3.66549835396834
v -0.15880142511554807 5.028270985667367 3.9859878381325773
v -0.19554595439586045 5.028270989202647 3.9051100675880486
v 0.004461919865556062 5.028270999676407 3.66549835396834
v -0.19554595439586045 5.028270989202647 3.9051100675880486
v -0.1935602063584551 5.028270993084696 3.8162991309725816
v 0.004461919865556062 5.028270999676407 3.66549835396834
v -0.1935602063584551 5.028270993084696 3.8162991309725816
v -0.15323748688003422 5.028270996544639 3.73714486513825
v 0.004461919865556062 5.028270999676407 3.66549835396834
v -0.15323748688003422 5.028270996544639 3.73714486513825
v -0.0825642172761634 5.028270998897168 3.6833252778098164
v -0.1935601932219863 11.287301095331431 3.816299824930471
v -0.19554595439586045 11.287301091449383 3.905110761545938
v -0.15880142511554807 11.287301087914102 3.9859885320904667
v -0.1935601932219863 11.287301095331431 3.816299824930471
v -0.15880142511554807 11.287301087914102 3.9859885320904667
v -0.09060429449865595 11.28730108542582 4.042913790833277
v -0.1935601932219863 11.287301095331431 3.816299824930471
v -0.09060429449865595 11.28730108542582 4.042913790833277
v -0.004461906729087234 11.287301084477349 4.0646122947676595
v -0.1935601932219863 11.287301095331431 3.816299824930471
v -0.004461906729087234 11.287301084477349 4.0646122947676595
v 0.0825642632538043 11.287301085256551 4.046786211660188
v -0.1935601932219863 11.287301095331431 3.816299824930471
v 0.0825642632538043 11.287301085256551 4.046786211660188
v 0.1532375262894407 11.287301087609007 3.992968305799764
v -0.1935601932219863 11.287301095331431 3.816299824930471
v 0.1532375262894407 11.287301087609007 3.992968305799764
v 0.1935602457678616 11.287301091069097 3.9138106770294128
v -0.1935601932219863 11.287301095331431 3.816299824930471
v 0.1935602457678616 11.287301091069097 3.9138106770294128
v 0.19554596753232925 11.287301094951147 3.8249997404139457
v -0.1935601932219863 11.287301095331431 3.816299824930471
v 0.19554596753232925 11.287301094951147 3.8249997404139457
v 0.1588014382520169 11.287301939220393 3.7441228106034585
v -0.1935601932219863 11.287301095331431 3.816299824930471
v 0.1588014382520169 11.287301939220393 3.7441228106034585
v 0.09060433390806243 11.28730194170864 3.6871983925946545
v -0.1935601932219863 11.287301095331431 3.816299824930471
v 0.09060433390806243 11.28730194170864 3.6871983925946545
v 0.004461919865556062 11.287301942657148 3.665499047926266
v -0.1935601932219863 11.287301095331431 3.816299824930471
v 0.004461919865556062 11.287301942657148 3.665499047926266
v -0.08256421070792899 11.287301941877871 3.6833268125017473
v -0.1935601932219863 11.287301095331431 3.816299824930471
v -0.08256421070792899 11.287301941877871 3.6833268125017473
v -0.15323748688003422 11.287301939525342 3.7371463998301815
v 0.09060433390806243 11.287302024760274 1.7871983927329393
v 0.1588014382520169 11.28730202227203 1.8441228107417436
v 0.1588014382520169 5.02827107929127 1.84412253715082
v 0.09060433390806243 11.287302024760274 1.7871983927329393
v 0.1588014382520169 5.02827107929127 1.84412253715082
v 0.09060431420335918 5.028271081779552 1.7871972784080108
v 0.09060431420335918 5.028271081779552 1.7871972784080108
v 0.004461919865556062 5.028271082728024 1.7654987744736275
v 0.004461919865556062 11.287302025708783 1.765499048064551
v 0.09060433390806243 11.287302024760274 1.7871983927329393
v 0.09060431420335918 5.028271081779552 1.7871972784080108
v 0.004461919865556062 11.287302025708783 1.765499048064551
v -0.08256421070792899 11.287302024929506 1.7833268126400323
v 0.004461919865556062 11.287302025708783 1.765499048064551
v 0.004461919865556062 5.028271082728024 1.7654987744736275
v -0.08256421070792899 11.287302024929506 1.7833268126400323
v 0.004461919865556062 5.028271082728024 1.7654987744736275
v -0.0825642172761634 5.028271081948784 1.7833256983151038
v -0.0825642172761634 5.028271081948784 1.7833256983151038
v -0.15323748688003422 5.028271079596255 1.8371452856435377
v -0.15323748688003422 11.287302022576977 1.8371463999684663
v -0.08256421070792899 11.287302024929506 1.7833268126400323
v -0.0825642172761634 5.028271081948784 1.7833256983151038
v -0.15323748688003422 11.287302022576977 1.8371463999684663
v -0.1935601932219863 11.287301178383066 1.9162998250687557
v -0.15323748688003422 11.287302022576977 1.8371463999684663
v -0.15323748688003422 5.028271079596255 1.8371452856435377
v -0.1935601932219863 11.287301178383066 1.9162998250687557
v -0.15323748688003422 5.028271079596255 1.8371452856435377
v -0.1935602063584551 5.0282710761363125 1.9162995514778691
v -0.1935602063584551 5.0282710761363125 1.9162995514778691
v -0.19554595439586045 5.028271072254263 2.005110488093336
v -0.19554595439586045 11.287301174501017 2.005110761684223
v -0.1935601932219863 11.287301178383066 1.9162998250687557
v -0.1935602063584551 5.0282710761363125 1.9162995514778691
v -0.19554595439586045 11.287301174501017 2.005110761684223
v -0.15880142511554807 11.287301170965737 2.0859885322287517
v -0.19554595439586045 11.287301174501017 2.005110761684223
v -0.19554595439586045 5.028271072254263 2.005110488093336
v -0.15880142511554807 11.287301170965737 2.0859885322287517
v -0.19554595439586045 5.028271072254263 2.005110488093336
v -0.15880142511554807 5.0282710687189835 2.085988258637865
v -0.15880142511554807 5.0282710687189835 2.085988258637865
v -0.09060431420335918 5.028271066230702 2.142913517380674
v -0.09060429449865595 11.287301168477455 2.1429137909715608
v -0.15880142511554807 11.287301170965737 2.0859885322287517
v -0.15880142511554807 5.0282710687189835 2.085988258637865
v -0.09060429449865595 11.287301168477455 2.1429137909715608
v -0.004461906729087234 11.287301167528984 2.164612294905944
v -0.09060429449865595 11.287301168477455 2.1429137909715608
v -0.09060431420335918 5.028271066230702 2.142913517380674
v -0.004461906729087234 11.287301167528984 2.164612294905944
v -0.09060431420335918 5.028271066230702 2.142913517380674
v -0.004461906729087234 5.0282710652822304 2.1646120213150573
v -0.004461906729087234 5.0282710652822304 2.1646120213150573
v 0.08256424354910105 5.02827106606147 2.146785097473581
v 0.0825642632538043 11.287301168308186 2.1467862117984726
v -0.004461906729087234 11.287301167528984 2.164612294905944
v -0.004461906729087234 5.0282710652822304 2.1646120213150573
v 0.0825642632538043 11.287301168308186 2.1467862117984726
v 0.1532375262894407 11.287301170660642 2.092968305938049
v 0.0825642632538043 11.287301168308186 2.1467862117984726
v 0.08256424354910105 5.02827106606147 2.146785097473581
v 0.1532375262894407 11.287301170660642 2.092968305938049
v 0.08256424354910105 5.02827106606147 2.146785097473581
v 0.1532375262894407 5.028271068413998 2.092965510145147
v 0.1532375262894407 5.028271068413998 2.092965510145147
v 0.1935602457678616 5.028271071873942 2.0138112443108156
v 0.1935602457678616 11.287301174120731 2.0138106771676973
v 0.1532375262894407 11.287301170660642 2.092968305938049
v 0.1532375262894407 5.028271068413998 2.092965510145147
v 0.1935602457678616 11.287301174120731 2.0138106771676973
v 0.19554596753232925 11.287301178002782 1.9249997405522306
v 0.1935602457678616 11.287301174120731 2.0138106771676973
v 0.1935602457678616 5.028271071873942 2.0138112443108156
v 0.19554596753232925 11.287301178002782 1.9249997405522306
v 0.1935602457678616 5.028271071873942 2.0138112443108156
v 0.19554596753232925 5.028271075755991 1.925000307695349
v 0.19554596753232925 5.028271075755991 1.925000307695349
v 0.1588014382520169 5.02827107929127 1.84412253715082
v 0.1588014382520169 11.28730202227203 1.8441228107417436
v 0.19554596753232925 11.287301178002782 1.9249997405522306
v 0.19554596753232925 5.028271075755991 1.925000307695349
v 0.1588014382520169 11.28730202227203 1.8441228107417436
v 0.004461919865556062 5.028271082728024 1.7654987744736275
v 0.09060431420335918 5.028271081779552 1.7871972784080108
v 0.1588014382520169 5.02827107929127 1.84412253715082
v 0.004461919865556062 5.028271082728024 1.7654987744736275
v 0.1588014382520169 5.02827107929127 1.84412253715082
v 0.19554596753232925 5.028271075755991 1.925000307695349
v 0.004461919865556062 5.028271082728024 1.7654987744736275
v 0.19554596753232925 5.028271075755991 1.925000307695349
v 0.1935602457678616 5.028271071873942 2.0138112443108156
v 0.004461919865556062 5.028271082728024 1.7654987744736275
v 0.1935602457678616 5.028271071873942 2.0138112443108156
v 0.1532375262894407 5.028271068413998 2.092965510145147
v 0.004461919865556062 5.028271082728024 1.7654987744736275
v 0.1532375262894407 5.028271068413998 2.092965510145147
v 0.08256424354910105 5.02827106606147 2.146785097473581
v 0.004461919865556062 5.028271082728024 1.7654987744736275
v 0.08256424354910105 5.02827106606147 2.146785097473581
v -0.004461906729087234 5.0282710652822304 2.1646120213150573
v 0.004461919865556062 5.028271082728024 1.7654987744736275
v -0.004461906729087234 5.0282710652822304 2.1646120213150573
v -0.09060431420335918 5.028271066230702 2.142913517380674
v 0.004461919865556062 5.028271082728024 1.7654987744736275
v -0.09060431420335918 5.028271066230702 2.142913517380674
v -0.15880142511554807 5.0282710687189835 2.085988258637865
v 0.004461919865556062 5.028271082728024 1.7654987744736275
v -0.15880142511554807 5.0282710687189835 2.085988258637865
v -0.19554595439586045 5.028271072254263 2.005110488093336
v 0.004461919865556062 5.028271082728024 1.7654987744736275
v -0.19554595439586045 5.028271072254263 2.005110488093336
v -0.1935602063584551 5.0282710761363125 1.9162995514778691
v 0.004461919865556062 5.028271082728024 1.7654987744736275
v -0.1935602063584551 5.0282710761363125 1.9162995514778691
v -0.15323748688003422 5.028271079596255 1.8371452856435377
v 0.004461919865556062 5.028271082728024 1.7654987744736275
v -0.15323748688003422 5.028271079596255 1.8371452856435377
v -0.0825642172761634 5.028271081948784 1.7833256983151038
v 0.09060433390806243 11.287302024760274 1.7871983927329393
v 0.004461919865556062 11.287302025708783 1.765499048064551
v -0.08256421070792899 11.287302024929506 1.7833268126400323
v 0.09060433390806243 11.287302024760274 1.7871983927329393
v -0.08256421070792899 11.287302024929506 1.7833268126400323
v -0.15323748688003422 11.287302022576977 1.8371463999684663
v 0.09060433390806243 11.287302024760274 1.7871983927329393
v -0.15323748688003422 11.287302022576977 1.8371463999684663
v -0.1935601932219863 11.287301178383066 1.9162998250687557
v 0.09060433390806243 11.287302024760274 1.7871983927329393
v -0.1935601932219863 11.287301178383066 1.9162998250687557
v -0.19554595439586045 11.287301174501017 2.005110761684223
v 0.09060433390806243 11.287302024760274 1.7871983927329393
v -0.19554595439586045 11.287301174501017 2.005110761684223
v -0.15880142511554807 11.287301170965737 2.0859885322287517
v 0.09060433390806243 11.287302024760274 1.7871983927329393
v -0.15880142511554807 11.287301170965737 2.0859885322287517
v -0.09060429449865595 11.287301168477455 2.1429137909715608
v 0.09060433390806243 11.287302024760274 1.7871983927329393
v -0.09060429449865595 11.287301168477455 2.1429137909715608
v -0.004461906729087234 11.287301167528984 2.164612294905944
v 0.09060433390806243 11.287302024760274 1.7871983927329393
v -0.004461906729087234 11.287301167528984 2.164612294905944
v 0.0825642632538043 11.287301168308186 2.1467862117984726
v 0.09060433390806243 11.287302024760274 1.7871983927329393
v 0.0825642632538043 11.287301168308186 2.1467862117984726
v 0.1532375262894407 11.287301170660642 2.092968305938049
v 0.09060433390806243 11.287302024760274 1.7871983927329393
v 0.1532375262894407 11.287301170660642 2.092968305938049
v 0.1935602457678616 11.287301174120731 2.0138106771676973
v 0.09060433390806243 11.287302024760274 1.7871983927329393
v 0.1935602457678616 11.287301174120731 2.0138106771676973
v 0.19554596753232925 11.287301178002782 1.9249997405522306
v 0.09060433390806243 11.287302024760274 1.7871983927329393
v 0.19554596753232925 11.287301178002782 1.9249997405522306
v 0.1588014382520169 11.28730202227203 1.8441228107417436
v 0.09060433390806243 11.287300509395498 -2.0128007662565595
v 0.1588014382520169 11.287300506907252 -1.9558763482477552
v 0.1588014382520169 5.028271245394504 -1.9558766218386052
v 0.09060433390806243 11.287300509395498 -2.0128007662565595
v 0.1588014382520169 5.028271245394504 -1.9558766218386052
v 0.09060431420335918 5.028271247882786 -2.0128018805814145
v 0.09060431420335918 5.028271247882786 -2.0128018805814145
v 0.004461919865556062 5.028271248831257 -2.034500384515798
v 0.004461919865556062 11.287300510344007 -2.034500110924948
v 0.09060433390806243 11.287300509395498 -2.0128007662565595
v 0.09060431420335918 5.028271247882786 -2.0128018805814145
v 0.004461919865556062 11.287300510344007 -2.034500110924948
v -0.08256421070792899 11.28730050956473 -2.0166723463494667
v 0.004461919865556062 11.287300510344007 -2.034500110924948
v 0.004461919865556062 5.028271248831257 -2.034500384515798
v -0.08256421070792899 11.28730050956473 -2.0166723463494667
v 0.004461919865556062 5.028271248831257 -2.034500384515798
v -0.0825642172761634 5.028271248052018 -2.0166734606743217
v -0.0825642172761634 5.028271248052018 -2.0166734606743217
v -0.15323748688003422 5.028271245699489 -1.9628538733458873
v -0.15323748688003422 11.287300507212201 -1.9628527590210325
v -0.08256421070792899 11.28730050956473 -2.0166723463494667
v -0.0825642172761634 5.028271248052018 -2.0166734606743217
v -0.15323748688003422 11.287300507212201 -1.9628527590210325
v -0.1935601932219863 11.28729966301829 -1.8836993339207428
v -0.15323748688003422 11.287300507212201 -1.9628527590210325
v -0.15323748688003422 5.028271245699489 -1.9628538733458873
v -0.1935601932219863 11.28729966301829 -1.8836993339207428
v -0.15323748688003422 5.028271245699489 -1.9628538733458873
v -0.1935602063584551 5.028271242239546 -1.883699607511556
v -0.1935602063584551 5.028271242239546 -1.883699607511556
v -0.19554595439586045 5.0282712383574975 -1.794888670896089
v -0.19554595439586045 11.287299659136242 -1.7948883973052758
v -0.1935601932219863 11.28729966301829 -1.8836993339207428
v -0.1935602063584551 5.028271242239546 -1.883699607511556
v -0.19554595439586045 11.287299659136242 -1.7948883973052758
v -0.15880142511554807 11.287299655600957 -1.7140105216689965
v -0.19554595439586045 11.287299659136242 -1.7948883973052758
v -0.19554595439586045 5.0282712383574975 -1.794888670896089
v -0.15880142511554807 11.287299655600957 -1.7140105216689965
v -0.19554595439586045 5.0282712383574975 -1.794888670896089
v -0.15880142511554807 5.028271234822213 -1.7140107952598096
v -0.15880142511554807 5.028271234822213 -1.7140107952598096
v -0.09060431420335918 5.028271232333931 -1.6570855365170003
v -0.09060429449865595 11.287299653112676 -1.6570852629261872
v -0.15880142511554807 11.287299655600957 -1.7140105216689965
v -0.15880142511554807 5.028271234822213 -1.7140107952598096
v -0.09060429449865595 11.287299653112676 -1.6570852629261872
v -0.004461906729087234 11.287299652164204 -1.6353867589918039
v -0.09060429449865595 11.287299653112676 -1.6570852629261872
v -0.09060431420335918 5.028271232333931 -1.6570855365170003
v -0.004461906729087234 11.287299652164204 -1.6353867589918039
v -0.09060431420335918 5.028271232333931 -1.6570855365170003
v -0.004461906729087234 5.028271231385459 -1.635387032582617
v -0.004461906729087234 5.028271231385459 -1.635387032582617
v 0.08256424354910105 5.028271232164699 -1.6532139564240933
v 0.0825642632538043 11.287299652943407 -1.6532128420992753
v -0.004461906729087234 11.287299652164204 -1.6353867589918039
v -0.004461906729087234 5.028271231385459 -1.635387032582617
v 0.0825642632538043 11.287299652943407 -1.6532128420992753
v 0.1532375262894407 11.287299655295861 -1.7070307479596993
v 0.0825642632538043 11.287299652943407 -1.6532128420992753
v 0.08256424354910105 5.028271232164699 -1.6532139564240933
v 0.1532375262894407 11.287299655295861 -1.7070307479596993
v 0.08256424354910105 5.028271232164699 -1.6532139564240933
v 0.1532375262894407 5.028271234517228 -1.7070335437525272
v 0.1532375262894407 5.028271234517228 -1.7070335437525272
v 0.1935602457678616 5.028271237977175 -1.7861879146786093
v 0.1935602457678616 11.287299658755956 -1.7861884818218012
v 0.1532375262894407 11.287299655295861 -1.7070307479596993
v 0.1532375262894407 5.028271234517228 -1.7070335437525272
v 0.1935602457678616 11.287299658755956 -1.7861884818218012
v 0.19554596753232925 11.287299662638006 -1.8749994184372683
v 0.1935602457678616 11.287299658755956 -1.7861884818218012
v 0.1935602457678616 5.028271237977175 -1.7861879146786093
v 0.19554596753232925 11.287299662638006 -1.8749994184372683
v 0.1935602457678616 5.028271237977175 -1.7861879146786093
v 0.19554596753232925 5.028271241859224 -1.8749988512940763
v 0.19554596753232925 5.028271241859224 -1.8749988512940763
v 0.1588014382520169 5.028271245394504 -1.9558766218386052
v 0.1588014382520169 11.287300506907252 -1.9558763482477552
v 0.19554596753232925 11.287299662638006 -1.8749994184372683
v 0.19554596753232925 5.028271241859224 -1.8749988512940763
v 0.1588014382520169 11.287300506907252 -1.9558763482477552
v 0.004461919865556062 5.028271248831257 -2.034500384515798
v 0.09060431420335918 5.028271247882786 -2.0128018805814145
v 0.1588014382520169 5.028271245394504 -1.9558766218386052
v 0.004461919865556062 5.028271248831257 -2.034500384515798
v 0.1588014382520169 5.028271245394504 -1.9558766218386052
v 0.19554596753232925 5.028271241859224 -1.8749988512940763
v 0.004461919865556062 5.028271248831257 -2.034500384515798
v 0.19554596753232925 5.028271241859224 -1.8749988512940763
v 0.1935602457678616 5.028271237977175 -1.7861879146786093
v 0.004461919865556062 5.028271248831257 -2.034500384515798
v 0.1935602457678616 5.028271237977175 -1.7861879146786093
v 0.1532375262894407 5.028271234517228 -1.7070335437525272
v 0.004461919865556062 5.028271248831257 -2.034500384515798
v 0.1532375262894407 5.028271234517228 -1.7070335437525272
v 0.08256424354910105 5.028271232164699 -1.6532139564240933
v 0.004461919865556062 5.028271248831257 -2.034500384515798
v 0.08256424354910105 5.028271232164699 -1.6532139564240933
v -0.004461906729087234 5.028271231385459 -1.635387032582617
v 0.004461919865556062 5.028271248831257 -2.034500384515798
v -0.004461906729087234 5.028271231385459 -1.635387032582617
v -0.09060431420335918 5.028271232333931 -1.6570855365170003
v 0.004461919865556062 5.028271248831257 -2.034500384515798
v -0.09060431420335918 5.028271232333931 -1.6570855365170003
v -0.15880142511554807 5.028271234822213 -1.7140107952598096
v 0.004461919865556062 5.028271248831257 -2.034500384515798
v -0.15880142511554807 5.028271234822213 -1.7140107952598096
v -0.19554595439586045 5.0282712383574975 -1.794888670896089
v 0.004461919865556062 5.028271248831257 -2.034500384515798
v -0.19554595439586045 5.0282712383574975 -1.794888670896089
v -0.1935602063584551 5.028271242239546 -1.883699607511556
v 0.004461919865556062 5.028271248831257 -2.034500384515798
v -0.1935602063584551 5.028271242239546 -1.883699607511556
v -0.15323748688003422 5.028271245699489 -1.9628538733458873
v 0.004461919865556062 5.028271248831257 -2.034500384515798
v -0.15323748688003422 5.028271245699489 -1.9628538733458873
v -0.0825642172761634 5.028271248052018 -2.0166734606743217
v 0.09060433390806243 11.287300509395498 -2.0128007662565595
v 0.004461919865556062 11.287300510344007 -2.034500110924948
v -0.08256421070792899 11.28730050956473 -2.0166723463494667
v 0.09060433390806243 11.287300509395498 -2.0128007662565595
v -0.08256421070792899 11.28730050956473 -2.0166723463494667
v -0.15323748688003422 11.287300507212201 -1.9628527590210325
v 0.09060433390806243 11.287300509395498 -2.0128007662565595
v -0.15323748688003422 11.287300507212201 -1.9628527590210325
v -0.1935601932219863 11.28729966301829 -1.8836993339207428
v 0.09060433390806243 11.287300509395498 -2.0128007662565595
v -0.1935601932219863 11.28729966301829 -1.8836993339207428
v -0.19554595439586045 11.287299659136242 -1.7948883973052758
v 0.09060433390806243 11.287300509395498 -2.0128007662565595
v -0.19554595439586045 11.287299659136242 -1.7948883973052758
v -0.15880142511554807 11.287299655600957 -1.7140105216689965
v 0.09060433390806243 11.287300509395498 -2.0128007662565595
v -0.15880142511554807 11.287299655600957 -1.7140105216689965
v -0.09060429449865595 11.287299653112676 -1.6570852629261872
v 0.09060433390806243 11.287300509395498 -2.0128007662565595
v -0.09060429449865595 11.287299653112676 -1.6570852629261872
v -0.004461906729087234 11.287299652164204 -1.6353867589918039
v 0.09060433390806243 11.287300509395498 -2.0128007662565595
v -0.004461906729087234 11.287299652164204 -1.6353867589918039
v 0.0825642632538043 11.287299652943407 -1.6532128420992753
v 0.09060433390806243 11.287300509395498 -2.0128007662565595
v 0.0825642632538043 11.287299652943407 -1.6532128420992753
v 0.1532375262894407 11.287299655295861 -1.7070307479596993
v 0.09060433390806243 11.287300509395498 -2.0128007662565595
v 0.1532375262894407 11.287299655295861 -1.7070307479596993
v 0.1935602457678616 11.287299658755956 -1.7861884818218012
v 0.09060433390806243 11.287300509395498 -2.0128007662565595
v 0.1935602457678616 11.287299658755956 -1.7861884818218012
v 0.19554596753232925 11.287299662638006 -1.8749994184372683
v 0.09060433390806243 11.287300509395498 -2.0128007662565595
v 0.19554596753232925 11.287299662638006 -1.8749994184372683
v 0.1588014382520169 11.287300506907252 -1.9558763482477552
v 0.09060433390806243 11.28730059244717 -3.91280160685228
v 0.1588014382520169 11.287300589958924 -3.8558771888434755
v 0.1588014382520169 5.028271328446175 -3.8558774624343255
v 0.09060433390806243 11.28730059244717 -3.91280160685228
v 0.1588014382520169 5.028271328446175 -3.8558774624343255
v 0.09060431420335918 5.028271330934458 -3.9128027211771346
v 0.09060431420335918 5.028271330934458 -3.9128027211771346
v 0.004461919865556062 5.028271331882929 -3.934501225111518
v 0.004461919865556062 11.287300593395678 -3.934500951520668
v 0.09060433390806243 11.28730059244717 -3.91280160685228
v 0.09060431420335918 5.028271330934458 -3.9128027211771346
v 0.004461919865556062 11.287300593395678 -3.934500951520668
v -0.08256421070792899 11.287300592616402 -3.9166731869451867
v 0.004461919865556062 11.287300593395678 -3.934500951520668
v 0.004461919865556062 5.028271331882929 -3.934501225111518
v -0.08256421070792899 11.287300592616402 -3.9166731869451867
v 0.004461919865556062 5.028271331882929 -3.934501225111518
v -0.0825642172761634 5.0282713311036895 -3.916674301270042
v -0.0825642172761634 5.0282713311036895 -3.916674301270042
v -0.15323748688003422 5.028271328751161 -3.8628547139416076
v -0.15323748688003422 11.287300590263873 -3.8628535996167526
v -0.08256421070792899 11.287300592616402 -3.9166731869451867
v -0.0825642172761634 5.0282713311036895 -3.916674301270042
v -0.15323748688003422 11.287300590263873 -3.8628535996167526
v -0.1935601932219863 11.287299746069962 -3.7837001745164627
v -0.15323748688003422 11.287300590263873 -3.8628535996167526
v -0.15323748688003422 5.028271328751161 -3.8628547139416076
v -0.1935601932219863 11.287299746069962 -3.7837001745164627
v -0.15323748688003422 5.028271328751161 -3.8628547139416076
v -0.1935602063584551 5.028271325291218 -3.7837004481072762
v -0.1935602063584551 5.028271325291218 -3.7837004481072762
v -0.19554595439586045 5.028271321409169 -3.694889511491809
v -0.19554595439586045 11.287299742187914 -3.6948892379009957
v -0.1935601932219863 11.287299746069962 -3.7837001745164627
v -0.1935602063584551 5.028271325291218 -3.7837004481072762
v -0.19554595439586045 11.287299742187914 -3.6948892379009957
v -0.15880142511554807 11.287299738652633 -3.614011467356467
v -0.19554595439586045 11.287299742187914 -3.6948892379009957
v -0.19554595439586045 5.028271321409169 -3.694889511491809
v -0.15880142511554807 11.287299738652633 -3.614011467356467
v -0.19554595439586045 5.028271321409169 -3.694889511491809
v -0.15880142511554807 5.028271317873889 -3.6140117409472805
v -0.15880142511554807 5.028271317873889 -3.6140117409472805
v -0.09060431420335918 5.028271315385608 -3.557086482204471
v -0.09060429449865595 11.287299736164352 -3.5570862086136574
v -0.15880142511554807 11.287299738652633 -3.614011467356467
v -0.15880142511554807 5.028271317873889 -3.6140117409472805
v -0.09060429449865595 11.287299736164352 -3.5570862086136574
v -0.004461906729087234 11.28729973521588 -3.535387704679274
v -0.09060429449865595 11.287299736164352 -3.5570862086136574
v -0.09060431420335918 5.028271315385608 -3.557086482204471
v -0.004461906729087234 11.28729973521588 -3.535387704679274
v -0.09060431420335918 5.028271315385608 -3.557086482204471
v -0.004461906729087234 5.028271314437136 -3.5353879782700877
v -0.004461906729087234 5.028271314437136 -3.5353879782700877
v 0.08256424354910105 5.028271315216376 -3.553214902111564
v 0.0825642632538043 11.287299735995083 -3.5532137877867456
v -0.004461906729087234 11.28729973521588 -3.535387704679274
v -0.004461906729087234 5.028271314437136 -3.5353879782700877
v 0.0825642632538043 11.287299735995083 -3.5532137877867456
v 0.1532375262894407 11.287299738347539 -3.6070316936471696
v 0.0825642632538043 11.287299735995083 -3.5532137877867456
v 0.08256424354910105 5.028271315216376 -3.553214902111564
v 0.1532375262894407 11.287299738347539 -3.6070316936471696
v 0.08256424354910105 5.028271315216376 -3.553214902111564
v 0.1532375262894407 5.028271317568905 -3.6070344894399984
v 0.1532375262894407 5.028271317568905 -3.6070344894399984
v 0.1935602457678616 5.028271321028847 -3.6861887552743298
v 0.1935602457678616 11.287299741807628 -3.686189322417521
v 0.1532375262894407 11.287299738347539 -3.6070316936471696
v 0.1532375262894407 5.028271317568905 -3.6070344894399984
v 0.1935602457678616 11.287299741807628 -3.686189322417521
v 0.19554596753232925 11.287299745689676 -3.775000259032988
v 0.1935602457678616 11.287299741807628 -3.686189322417521
v 0.1935602457678616 5.028271321028847 -3.6861887552743298
v 0.19554596753232925 11.287299745689676 -3.775000259032988
v 0.1935602457678616 5.028271321028847 -3.6861887552743298
v 0.19554596753232925 5.028271324910897 -3.774999691889797
v 0.19554596753232925 5.028271324910897 -3.774999691889797
v 0.1588014382520169 5.028271328446175 -3.8558774624343255
v 0.1588014382520169 11.287300589958924 -3.8558771888434755
v 0.19554596753232925 11.287299745689676 -3.775000259032988
v 0.19554596753232925 5.028271324910897 -3.774999691889797
v 0.1588014382520169 11.287300589958924 -3.8558771888434755
v 0.08256424354910105 5.028271315216376 -3.553214902111564
v -0.004461906729087234 5.028271314437136 -3.5353879782700877
v -0.09060431420335918 5.028271315385608 -3.557086482204471
v 0.08256424354910105 5.028271315216376 -3.553214902111564
v -0.09060431420335918 5.028271315385608 -3.557086482204471
v -0.15880142511554807 5.028271317873889 -3.6140117409472805
v 0.08256424354910105 5.028271315216376 -3.553214902111564
v -0.15880142511554807 5.028271317873889 -3.6140117409472805
v -0.19554595439586045 5.028271321409169 -3.694889511491809
v 0.08256424354910105 5.028271315216376 -3.553214902111564
v -0.19554595439586045 5.028271321409169 -3.694889511491809
v -0.1935602063584551 5.028271325291218 -3.7837004481072762
v 0.08256424354910105 5.028271315216376 -3.553214902111564
v -0.1935602063584551 5.028271325291218 -3.7837004481072762
v -0.15323748688003422 5.028271328751161 -3.8628547139416076
v 0.08256424354910105 5.028271315216376 -3.553214902111564
v -0.15323748688003422 5.028271328751161 -3.8628547139416076
v -0.0825642172761634 5.0282713311036895 -3.916674301270042
v 0.08256424354910105 5.028271315216376 -3.553214902111564
v -0.0825642172761634 5.0282713311036895 -3.916674301270042
v 0.004461919865556062 5.028271331882929 -3.934501225111518
v 0.08256424354910105 5.028271315216376 -3.553214902111564
v 0.004461919865556062 5.028271331882929 -3.934501225111518
v 0.09060431420335918 5.028271330934458 -3.9128027211771346
v 0.08256424354910105 5.028271315216376 -3.553214902111564
v 0.09060431420335918 5.028271330934458 -3.9128027211771346
v 0.1588014382520169 5.028271328446175 -3.8558774624343255
v 0.08256424354910105 5.028271315216376 -3.553214902111564
v 0.1588014382520169 5.028271328446175 -3.8558774624343255
v 0.19554596753232925 5.028271324910897 -3.774999691889797
v 0.08256424354910105 5.028271315216376 -3.553214902111564
v 0.19554596753232925 5.028271324910897 -3.774999691889797
v 0.1935602457678616 5.028271321028847 -3.6861887552743298
v 0.08256424354910105 5.028271315216376 -3.553214902111564
v 0.1935602457678616 5.028271321028847 -3.6861887552743298
v 0.1532375262894407 5.028271317568905 -3.6070344894399984
v 0.1532375262894407 11.287299738347539 -3.6070316936471696
v 0.1935602457678616 11.287299741807628 -3.686189322417521
v 0.19554596753232925 11.287299745689676 -3.775000259032988
v 0.1532375262894407 11.287299738347539 -3.6070316936471696
v 0.19554596753232925 11.287299745689676 -3.775000259032988
v 0.1588014382520169 11.287300589958924 -3.8558771888434755
v 0.1532375262894407 11.287299738347539 -3.6070316936471696
v 0.1588014382520169 11.287300589958924 -3.8558771888434755
v 0.09060433390806243 11.28730059244717 -3.91280160685228
v 0.1532375262894407 11.287299738347539 -3.6070316936471696
v 0.09060433390806243 11.28730059244717 -3.91280160685228
v 0.004461919865556062 11.287300593395678 -3.934500951520668
v 0.1532375262894407 11.287299738347539 -3.6070316936471696
v 0.004461919865556062 11.287300593395678 -3.934500951520668
v -0.08256421070792899 11.287300592616402 -3.9166731869451867
v 0.1532375262894407 11.287299738347539 -3.6070316936471696
v -0.08256421070792899 11.287300592616402 -3.9166731869451867
v -0.15323748688003422 11.287300590263873 -3.8628535996167526
v 0.1532375262894407 11.287299738347539 -3.6070316936471696
v -0.15323748688003422 11.287300590263873 -3.8628535996167526
v -0.1935601932219863 11.287299746069962 -3.7837001745164627
v 0.1532375262894407 11.287299738347539 -3.6070316936471696
v -0.1935601932219863 11.287299746069962 -3.7837001745164627
v -0.19554595439586045 11.287299742187914 -3.6948892379009957
v 0.1532375262894407 11.287299738347539 -3.6070316936471696
v -0.19554595439586045 11.287299742187914 -3.6948892379009957
v -0.15880142511554807 11.287299738652633 -3.614011467356467
v 0.1532375262894407 11.287299738347539 -3.6070316936471696
v -0.15880142511554807 11.287299738652633 -3.614011467356467
v -0.09060429449865595 11.287299736164352 -3.5570862086136574
v 0.1532375262894407 11.287299738347539 -3.6070316936471696
v -0.09060429449865595 11.287299736164352 -3.5570862086136574
v -0.004461906729087234 11.28729973521588 -3.535387704679274
v 0.1532375262894407 11.287299738347539 -3.6070316936471696
v -0.004461906729087234 11.28729973521588 -3.535387704679274
v 0.0825642632538043 11.287299735995083 -3.5532137877867456
v 0.09060433390806243 11.287300675498768 -5.81280076597999
v 0.1588014382520169 11.287300673010524 -5.755876347971186
v 0.1588014382520169 5.0282714114978475 -5.755878303030045
v 0.09060433390806243 11.287300675498768 -5.81280076597999
v 0.1588014382520169 5.0282714114978475 -5.755878303030045
v 0.09060431420335918 5.028271413986093 -5.8128027210388495
v 0.09060431420335918 5.028271413986093 -5.8128027210388495
v 0.004461919865556062 5.0282714149346015 -5.8345020657072375
v 0.004461919865556062 11.287300676447277 -5.834500110648378
v 0.09060433390806243 11.287300675498768 -5.81280076597999
v 0.09060431420335918 5.028271413986093 -5.8128027210388495
v 0.004461919865556062 11.287300676447277 -5.834500110648378
v -0.08256421070792899 11.287300675667964 -5.816671505338892
v 0.004461919865556062 11.287300676447277 -5.834500110648378
v 0.004461919865556062 5.0282714149346015 -5.8345020657072375
v -0.08256421070792899 11.287300675667964 -5.816671505338892
v 0.004461919865556062 5.0282714149346015 -5.8345020657072375
v -0.0825642172761634 5.028271414155362 -5.816675141865761
v -0.0825642172761634 5.028271414155362 -5.816675141865761
v -0.15323748688003422 5.0282714118027965 -5.762854713803322
v -0.15323748688003422 11.287300673315471 -5.7628527587444625
v -0.08256421070792899 11.287300675667964 -5.816671505338892
v -0.0825642172761634 5.028271414155362 -5.816675141865761
v -0.15323748688003422 11.287300673315471 -5.7628527587444625
v -0.1935601932219863 11.287299829121562 -5.683699333644173
v -0.15323748688003422 11.287300673315471 -5.7628527587444625
v -0.15323748688003422 5.0282714118027965 -5.762854713803322
v -0.1935601932219863 11.287299829121562 -5.683699333644173
v -0.15323748688003422 5.0282714118027965 -5.762854713803322
v -0.1935602063584551 5.02827140834289 -5.683701288702996
v -0.1935602063584551 5.02827140834289 -5.683701288702996
v -0.19554595439586045 5.028271404460805 -5.594889511353524
v -0.19554595439586045 11.287299825239476 -5.594887556294701
v -0.1935601932219863 11.287299829121562 -5.683699333644173
v -0.1935602063584551 5.02827140834289 -5.683701288702996
v -0.19554595439586045 11.287299825239476 -5.594887556294701
v -0.15880142511554807 11.287299821704233 -5.514010626484177
v -0.19554595439586045 11.287299825239476 -5.594887556294701
v -0.19554595439586045 5.028271404460805 -5.594889511353524
v -0.15880142511554807 11.287299821704233 -5.514010626484177
v -0.19554595439586045 5.028271404460805 -5.594889511353524
v -0.15880142511554807 5.028271400925561 -5.514012581543
v -0.15880142511554807 5.028271400925561 -5.514012581543
v -0.09060431420335918 5.0282713984372425 -5.4570864820661855
v -0.09060429449865595 11.287299819215914 -5.457084527007363
v -0.15880142511554807 11.287299821704233 -5.514010626484177
v -0.15880142511554807 5.028271400925561 -5.514012581543
v -0.09060429449865595 11.287299819215914 -5.457084527007363
v -0.004461906729087234 11.287299818267478 -5.435386863806984
v -0.09060429449865595 11.287299819215914 -5.457084527007363
v -0.09060431420335918 5.0282713984372425 -5.4570864820661855
v -0.004461906729087234 11.287299818267478 -5.435386863806984
v -0.09060431420335918 5.0282713984372425 -5.4570864820661855
v -0.004461906729087234 5.028271397488808 -5.435388818865808
v -0.004461906729087234 5.028271397488808 -5.435388818865808
v 0.08256424354910105 5.028271398268047 -5.453215742707284
v 0.0825642632538043 11.287299819046645 -5.453212106180451
v -0.004461906729087234 11.287299818267478 -5.435386863806984
v -0.004461906729087234 5.028271397488808 -5.435388818865808
v 0.0825642632538043 11.287299819046645 -5.453212106180451
v 0.1532375262894407 11.287299821399136 -5.5070308527748795
v 0.0825642632538043 11.287299819046645 -5.453212106180451
v 0.08256424354910105 5.028271398268047 -5.453215742707284
v 0.1532375262894407 11.287299821399136 -5.5070308527748795
v 0.08256424354910105 5.028271398268047 -5.453215742707284
v 0.1532375262894407 5.02827140062054 -5.507034489301713
v 0.1532375262894407 5.02827140062054 -5.507034489301713
v 0.1935602457678616 5.0282714040805185 -5.586189595870049
v 0.1935602457678616 11.28729982485919 -5.586187640811226
v 0.1532375262894407 11.287299821399136 -5.5070308527748795
v 0.1532375262894407 5.02827140062054 -5.507034489301713
v 0.1935602457678616 11.28729982485919 -5.586187640811226
v 0.19554596753232925 11.287299828741276 -5.674999418160698
v 0.1935602457678616 11.28729982485919 -5.586187640811226
v 0.1935602457678616 5.0282714040805185 -5.586189595870049
v 0.19554596753232925 11.287299828741276 -5.674999418160698
v 0.1935602457678616 5.0282714040805185 -5.586189595870049
v 0.19554596753232925 5.0282714079625315 -5.674999691751511
v 0.19554596753232925 5.0282714079625315 -5.674999691751511
v 0.1588014382520169 5.0282714114978475 -5.755878303030045
v 0.1588014382520169 11.287300673010524 -5.755876347971186
v 0.19554596753232925 11.287299828741276 -5.674999418160698
v 0.19554596753232925 5.0282714079625315 -5.674999691751511
v 0.1588014382520169 11.287300673010524 -5.755876347971186
v 0.004461919865556062 5.0282714149346015 -5.8345020657072375
v 0.09060431420335918 5.028271413986093 -5.8128027210388495
v 0.1588014382520169 5.0282714114978475 -5.755878303030045
v 0.004461919865556062 5.0282714149346015 -5.8345020657072375
v 0.1588014382520169 5.0282714114978475 -5.755878303030045
v 0.19554596753232925 5.0282714079625315 -5.674999691751511
v 0.004461919865556062 5.0282714149346015 -5.8345020657072375
v 0.19554596753232925 5.0282714079625315 -5.674999691751511
v 0.1935602457678616 5.0282714040805185 -5.586189595870049
v 0.004461919865556062 5.0282714149346015 -5.8345020657072375
v 0.1935602457678616 5.0282714040805185 -5.586189595870049
v 0.1532375262894407 5.02827140062054 -5.507034489301713
v 0.004461919865556062 5.0282714149346015 -5.8345020657072375
v 0.1532375262894407 5.02827140062054 -5.507034489301713
v 0.08256424354910105 5.028271398268047 -5.453215742707284
v 0.004461919865556062 5.0282714149346015 -5.8345020657072375
v 0.08256424354910105 5.028271398268047 -5.453215742707284
v -0.004461906729087234 5.028271397488808 -5.435388818865808
v 0.004461919865556062 5.0282714149346015 -5.8345020657072375
v -0.004461906729087234 5.028271397488808 -5.435388818865808
v -0.09060431420335918 5.0282713984372425 -5.4570864820661855
v 0.004461919865556062 5.0282714149346015 -5.8345020657072375
v -0.09060431420335918 5.0282713984372425 -5.4570864820661855
v -0.15880142511554807 5.028271400925561 -5.514012581543
v 0.004461919865556062 5.0282714149346015 -5.8345020657072375
v -0.15880142511554807 5.028271400925561 -5.514012581543
v -0.19554595439586045 5.028271404460805 -5.594889511353524
v 0.004461919865556062 5.0282714149346015 -5.8345020657072375
v -0.19554595439586045 5.028271404460805 -5.594889511353524
v -0.1935602063584551 5.02827140834289 -5.683701288702996
v 0.004461919865556062 5.0282714149346015 -5.8345020657072375
v -0.1935602063584551 5.02827140834289 -5.683701288702996
v -0.15323748688003422 5.0282714118027965 -5.762854713803322
v 0.004461919865556062 5.0282714149346015 -5.8345020657072375
v -0.15323748688003422 5.0282714118027965 -5.762854713803322
v -0.0825642172761634 5.028271414155362 -5.816675141865761
v -0.004461906729087234 11.287299818267478 -5.435386863806984
v 0.0825642632538043 11.287299819046645 -5.453212106180451
v 0.1532375262894407 11.287299821399136 -5.5070308527748795
v -0.004461906729087234 11.287299818267478 -5.435386863806984
v 0.1532375262894407 11.287299821399136 -5.5070308527748795
v 0.1935602457678616 11.28729982485919 -5.586187640811226
v -0.004461906729087234 11.287299818267478 -5.435386863806984
v 0.1935602457678616 11.28729982485919 -5.586187640811226
v 0.19554596753232925 11.287299828741276 -5.674999418160698
v -0.004461906729087234 11.287299818267478 -5.435386863806984
v 0.19554596753232925 11.287299828741276 -5.674999418160698
v 0.1588014382520169 11.287300673010524 -5.755876347971186
v -0.004461906729087234 11.287299818267478 -5.435386863806984
v 0.1588014382520169 11.287300673010524 -5.755876347971186
v 0.09060433390806243 11.287300675498768 -5.81280076597999
v -0.004461906729087234 11.287299818267478 -5.435386863806984
v 0.09060433390806243 11.287300675498768 -5.81280076597999
v 0.004461919865556062 11.287300676447277 -5.834500110648378
v -0.004461906729087234 11.287299818267478 -5.435386863806984
v 0.004461919865556062 11.287300676447277 -5.834500110648378
v -0.08256421070792899 11.287300675667964 -5.816671505338892
v -0.004461906729087234 11.287299818267478 -5.435386863806984
v -0.08256421070792899 11.287300675667964 -5.816671505338892
v -0.15323748688003422 11.287300673315471 -5.7628527587444625
v -0.004461906729087234 11.287299818267478 -5.435386863806984
v -0.15323748688003422 11.287300673315471 -5.7628527587444625
v -0.1935601932219863 11.287299829121562 -5.683699333644173
v -0.004461906729087234 11.287299818267478 -5.435386863806984
v -0.1935601932219863 11.287299829121562 -5.683699333644173
v -0.19554595439586045 11.287299825239476 -5.594887556294701
v -0.004461906729087234 11.287299818267478 -5.435386863806984
v -0.19554595439586045 11.287299825239476 -5.594887556294701
v -0.15880142511554807 11.287299821704233 -5.514010626484177
v -0.004461906729087234 11.287299818267478 -5.435386863806984
v -0.15880142511554807 11.287299821704233 -5.514010626484177
v -0.09060429449865595 11.287299819215914 -5.457084527007363
v 0.09060433390806243 11.28730159928439 -7.712800345474665
v 0.1588014382520169 11.287301596796144 -7.6558759274658605
v 0.1588014382520169 5.028271494549465 -7.6558778825247575
v 0.09060433390806243 11.28730159928439 -7.712800345474665
v 0.1588014382520169 5.028271494549465 -7.6558778825247575
v 0.09060431420335918 5.02827149703771 -7.7128023005335615
v 0.09060431420335918 5.02827149703771 -7.7128023005335615
v 0.004461919865556062 5.028271497986145 -7.73449996373394
v 0.004461919865556062 11.287301600232825 -7.734498008675043
v 0.09060433390806243 11.28730159928439 -7.712800345474665
v 0.09060431420335918 5.02827149703771 -7.7128023005335615
v 0.004461919865556062 11.287301600232825 -7.734498008675043
v -0.08256421070792899 11.287301599453585 -7.716671084833568
v 0.004461919865556062 11.287301600232825 -7.734498008675043
v 0.004461919865556062 5.028271497986145 -7.73449996373394
v -0.08256421070792899 11.287301599453585 -7.716671084833568
v 0.004461919865556062 5.028271497986145 -7.73449996373394
v -0.0825642172761634 5.028271497206905 -7.716673039892464
v -0.0825642172761634 5.028271497206905 -7.716673039892464
v -0.15323748688003422 5.028271494854413 -7.662854293298035
v -0.15323748688003422 11.28730159710102 -7.662850656771128
v -0.08256421070792899 11.287301599453585 -7.716671084833568
v -0.0825642172761634 5.028271497206905 -7.716673039892464
v -0.15323748688003422 11.28730159710102 -7.662850656771128
v -0.1935601932219863 11.28730075290711 -7.583697231670839
v -0.15323748688003422 11.28730159710102 -7.662850656771128
v -0.15323748688003422 5.028271494854413 -7.662854293298035
v -0.1935601932219863 11.28730075290711 -7.583697231670839
v -0.15323748688003422 5.028271494854413 -7.662854293298035
v -0.1935602063584551 5.028271491394434 -7.583699186729699
v -0.1935602063584551 5.028271491394434 -7.583699186729699
v -0.19554595439586045 5.028271487512421 -7.494889090848236
v -0.19554595439586045 11.287300749025096 -7.494887135789377
v -0.1935601932219863 11.28730075290711 -7.583697231670839
v -0.1935602063584551 5.028271491394434 -7.583699186729699
v -0.19554595439586045 11.287300749025096 -7.494887135789377
v -0.15880142511554807 11.287300745489855 -7.414010205978853
v -0.19554595439586045 11.287300749025096 -7.494887135789377
v -0.19554595439586045 5.028271487512421 -7.494889090848236
v -0.15880142511554807 11.287300745489855 -7.414010205978853
v -0.19554595439586045 5.028271487512421 -7.494889090848236
v -0.15880142511554807 5.0282714839771785 -7.4140121610377125
v -0.15880142511554807 5.0282714839771785 -7.4140121610377125
v -0.09060431420335918 5.02827148148886 -7.357086061560898
v -0.09060429449865595 11.287300743001534 -7.357084106502039
v -0.15880142511554807 11.287300745489855 -7.414010205978853
v -0.15880142511554807 5.0282714839771785 -7.4140121610377125
v -0.09060429449865595 11.287300743001534 -7.357084106502039
v -0.004461906729087234 11.287300742053027 -7.335384761833651
v -0.09060429449865595 11.287300743001534 -7.357084106502039
v -0.09060431420335918 5.02827148148886 -7.357086061560898
v -0.004461906729087234 11.287300742053027 -7.335384761833651
v -0.09060431420335918 5.02827148148886 -7.357086061560898
v -0.004461906729087234 5.028271480540351 -7.33538671689251
v -0.004461906729087234 5.028271480540351 -7.33538671689251
v 0.08256424354910105 5.028271481319591 -7.353213640733987
v 0.0825642632538043 11.287300742832267 -7.353211685675127
v -0.004461906729087234 11.287300742053027 -7.335384761833651
v -0.004461906729087234 5.028271480540351 -7.33538671689251
v 0.0825642632538043 11.287300742832267 -7.353211685675127
v 0.1532375262894407 11.287300745184684 -7.407028750801546
v 0.0825642632538043 11.287300742832267 -7.353211685675127
v 0.08256424354910105 5.028271481319591 -7.353213640733987
v 0.1532375262894407 11.287300745184684 -7.407028750801546
v 0.08256424354910105 5.028271481319591 -7.353213640733987
v 0.1532375262894407 5.028271483672157 -7.407034068796426
v 0.1532375262894407 5.028271483672157 -7.407034068796426
v 0.1935602457678616 5.028271487132062 -7.486187493896752
v 0.1935602457678616 11.287300748644812 -7.486187220305903
v 0.1532375262894407 11.287300745184684 -7.407028750801546
v 0.1532375262894407 5.028271483672157 -7.407034068796426
v 0.1935602457678616 11.287300748644812 -7.486187220305903
v 0.19554596753232925 11.287300752526825 -7.574997316187364
v 0.1935602457678616 11.287300748644812 -7.486187220305903
v 0.1935602457678616 5.028271487132062 -7.486187493896752
v 0.19554596753232925 11.287300752526825 -7.574997316187364
v 0.1935602457678616 5.028271487132062 -7.486187493896752
v 0.19554596753232925 5.028271491014149 -7.574999271246224
v 0.19554596753232925 5.028271491014149 -7.574999271246224
v 0.1588014382520169 5.028271494549465 -7.6558778825247575
v 0.1588014382520169 11.287301596796144 -7.6558759274658605
v 0.19554596753232925 11.287300752526825 -7.574997316187364
v 0.19554596753232925 5.028271491014149 -7.574999271246224
v 0.1588014382520169 11.287301596796144 -7.6558759274658605
v 0.004461919865556062 5.028271497986145 -7.73449996373394
v 0.09060431420335918 5.02827149703771 -7.7128023005335615
v 0.1588014382520169 5.028271494549465 -7.6558778825247575
v 0.004461919865556062 5.028271497986145 -7.73449996373394
v 0.1588014382520169 5.028271494549465 -7.6558778825247575
v 0.19554596753232925 5.028271491014149 -7.574999271246224
v 0.004461919865556062 5.028271497986145 -7.73449996373394
v 0.19554596753232925 5.028271491014149 -7.574999271246224
v 0.1935602457678616 5.028271487132062 -7.486187493896752
v 0.004461919865556062 5.028271497986145 -7.73449996373394
v 0.1935602457678616 5.028271487132062 -7.486187493896752
v 0.1532375262894407 5.028271483672157 -7.407034068796426
v 0.004461919865556062 5.028271497986145 -7.73449996373394
v 0.1532375262894407 5.028271483672157 -7.407034068796426
v 0.08256424354910105 5.028271481319591 -7.353213640733987
v 0.004461919865556062 5.028271497986145 -7.73449996373394
v 0.08256424354910105 5.028271481319591 -7.353213640733987
v -0.004461906729087234 5.028271480540351 -7.33538671689251
v 0.004461919865556062 5.028271497986145 -7.73449996373394
v -0.004461906729087234 5.028271480540351 -7.33538671689251
v -0.09060431420335918 5.02827148148886 -7.357086061560898
v 0.004461919865556062 5.028271497986145 -7.73449996373394
v -0.09060431420335918 5.02827148148886 -7.357086061560898
v -0.15880142511554807 5.0282714839771785 -7.4140121610377125
v 0.004461919865556062 5.028271497986145 -7.73449996373394
v -0.15880142511554807 5.0282714839771785 -7.4140121610377125
v -0.19554595439586045 5.028271487512421 -7.494889090848236
v 0.004461919865556062 5.028271497986145 -7.73449996373394
v -0.19554595439586045 5.028271487512421 -7.494889090848236
v -0.1935602063584551 5.028271491394434 -7.583699186729699
v 0.004461919865556062 5.028271497986145 -7.73449996373394
v -0.1935602063584551 5.028271491394434 -7.583699186729699
v -0.15323748688003422 5.028271494854413 -7.662854293298035
v 0.004461919865556062 5.028271497986145 -7.73449996373394
v -0.15323748688003422 5.028271494854413 -7.662854293298035
v -0.0825642172761634 5.028271497206905 -7.716673039892464
v 0.1532375262894407 11.287300745184684 -7.407028750801546
v 0.1935602457678616 11.287300748644812 -7.486187220305903
v 0.19554596753232925 11.287300752526825 -7.574997316187364
v 0.1532375262894407 11.287300745184684 -7.407028750801546
v 0.19554596753232925 11.287300752526825 -7.574997316187364
v 0.1588014382520169 11.287301596796144 -7.6558759274658605
v 0.1532375262894407 11.287300745184684 -7.407028750801546
v 0.1588014382520169 11.287301596796144 -7.6558759274658605
v 0.09060433390806243 11.28730159928439 -7.712800345474665
v 0.1532375262894407 11.287300745184684 -7.407028750801546
v 0.09060433390806243 11.28730159928439 -7.712800345474665
v 0.004461919865556062 11.287301600232825 -7.734498008675043
v 0.1532375262894407 11.287300745184684 -7.407028750801546
v 0.004461919865556062 11.287301600232825 -7.734498008675043
v -0.08256421070792899 11.287301599453585 -7.716671084833568
v 0.1532375262894407 11.287300745184684 -7.407028750801546
v -0.08256421070792899 11.287301599453585 -7.716671084833568
v -0.15323748688003422 11.28730159710102 -7.662850656771128
v 0.1532375262894407 11.287300745184684 -7.407028750801546
v -0.15323748688003422 11.28730159710102 -7.662850656771128
v -0.1935601932219863 11.28730075290711 -7.583697231670839
v 0.1532375262894407 11.287300745184684 -7.407028750801546
v -0.1935601932219863 11.28730075290711 -7.583697231670839
v -0.19554595439586045 11.287300749025096 -7.494887135789377
v 0.1532375262894407 11.287300745184684 -7.407028750801546
v -0.19554595439586045 11.287300749025096 -7.494887135789377
v -0.15880142511554807 11.287300745489855 -7.414010205978853
v 0.1532375262894407 11.287300745184684 -7.407028750801546
v -0.15880142511554807 11.287300745489855 -7.414010205978853
v -0.09060429449865595 11.287300743001534 -7.357084106502039
v 0.1532375262894407 11.287300745184684 -7.407028750801546
v -0.09060429449865595 11.287300743001534 -7.357084106502039
v -0.004461906729087234 11.287300742053027 -7.335384761833651
v 0.1532375262894407 11.287300745184684 -7.407028750801546
v -0.004461906729087234 11.287300742053027 -7.335384761833651
v 0.0825642632538043 11.287300742832267 -7.353211685675127
v 0.09060433390806243 11.287301682335952 -9.612798663868372
v 0.1588014382520169 11.287301679847706 -9.555874245859567
v 0.1588014382520169 5.028271577601026 -9.555876200918464
v 0.09060433390806243 11.287301682335952 -9.612798663868372
v 0.1588014382520169 5.028271577601026 -9.555876200918464
v 0.09060431420335918 5.028271580089345 -9.612802300395279
v 0.09060431420335918 5.028271580089345 -9.612802300395279
v 0.004461919865556062 5.0282715810378535 -9.634501645063667
v 0.004461919865556062 11.287301683284534 -9.63449969000477
v 0.09060433390806243 11.287301682335952 -9.612798663868372
v 0.09060431420335918 5.028271580089345 -9.612802300395279
v 0.004461919865556062 11.287301683284534 -9.63449969000477
v -0.08256421070792899 11.28730168250522 -9.616671084695284
v 0.004461919865556062 11.287301683284534 -9.63449969000477
v 0.004461919865556062 5.0282715810378535 -9.634501645063667
v -0.08256421070792899 11.28730168250522 -9.616671084695284
v 0.004461919865556062 5.0282715810378535 -9.634501645063667
v -0.0825642172761634 5.028271580258614 -9.61667472122219
v -0.0825642172761634 5.028271580258614 -9.61667472122219
v -0.15323748688003422 5.0282715779060485 -9.56285429315975
v -0.15323748688003422 11.287301680152728 -9.562852338100853
v -0.08256421070792899 11.28730168250522 -9.616671084695284
v -0.0825642172761634 5.028271580258614 -9.61667472122219
v -0.15323748688003422 11.287301680152728 -9.562852338100853
v -0.1935601932219863 11.287300835958817 -9.483698913000563
v -0.15323748688003422 11.287301680152728 -9.562852338100853
v -0.15323748688003422 5.0282715779060485 -9.56285429315975
v -0.1935601932219863 11.287300835958817 -9.483698913000563
v -0.15323748688003422 5.0282715779060485 -9.56285429315975
v -0.1935602063584551 5.028271574446142 -9.483700868059424
v -0.1935602063584551 5.028271574446142 -9.483700868059424
v -0.19554595439586045 5.028271570564057 -9.394889090709952
v -0.19554595439586045 11.287300832076731 -9.394887135651091
v -0.1935601932219863 11.287300835958817 -9.483698913000563
v -0.1935602063584551 5.028271574446142 -9.483700868059424
v -0.19554595439586045 11.287300832076731 -9.394887135651091
v -0.15880142511554807 11.287300828541415 -9.314008524372557
v -0.19554595439586045 11.287300832076731 -9.394887135651091
v -0.19554595439586045 5.028271570564057 -9.394889090709952
v -0.15880142511554807 11.287300828541415 -9.314008524372557
v -0.19554595439586045 5.028271570564057 -9.394889090709952
v -0.15880142511554807 5.02827156702874 -9.314010479431419
v -0.15880142511554807 5.02827156702874 -9.314010479431419
v -0.09060431420335918 5.0282715645404945 -9.257086061422614
v -0.09060429449865595 11.28730082605317 -9.257084106363752
v -0.15880142511554807 11.287300828541415 -9.314008524372557
v -0.15880142511554807 5.02827156702874 -9.314010479431419
v -0.09060429449865595 11.28730082605317 -9.257084106363752
v -0.004461906729087234 11.287300825104737 -9.235386443163375
v -0.09060429449865595 11.28730082605317 -9.257084106363752
v -0.09060431420335918 5.0282715645404945 -9.257086061422614
v -0.004461906729087234 11.287300825104737 -9.235386443163375
v -0.09060431420335918 5.0282715645404945 -9.257086061422614
v -0.004461906729087234 5.02827156359206 -9.235388398222236
v -0.004461906729087234 5.02827156359206 -9.235388398222236
v 0.08256424354910105 5.028271564371299 -9.253215322063712
v 0.0825642632538043 11.287300825883902 -9.253211685536842
v -0.004461906729087234 11.287300825104737 -9.235386443163375
v -0.004461906729087234 5.02827156359206 -9.235388398222236
v 0.0825642632538043 11.287300825883902 -9.253211685536842
v 0.1532375262894407 11.287300828236393 -9.30703043213127
v 0.0825642632538043 11.287300825883902 -9.253211685536842
v 0.08256424354910105 5.028271564371299 -9.253215322063712
v 0.1532375262894407 11.287300828236393 -9.30703043213127
v 0.08256424354910105 5.028271564371299 -9.253215322063712
v 0.1532375262894407 5.028271566723792 -9.307034068658142
v 0.1532375262894407 5.028271566723792 -9.307034068658142
v 0.1935602457678616 5.028271570183771 -9.386189175226479
v 0.1935602457678616 11.287300831696447 -9.386187220167617
v 0.1532375262894407 11.287300828236393 -9.30703043213127
v 0.1532375262894407 5.028271566723792 -9.307034068658142
v 0.1935602457678616 11.287300831696447 -9.386187220167617
v 0.19554596753232925 11.287300835578533 -9.474998997517089
v 0.1935602457678616 11.287300831696447 -9.386187220167617
v 0.1935602457678616 5.028271570183771 -9.386189175226479
v 0.19554596753232925 11.287300835578533 -9.474998997517089
v 0.1935602457678616 5.028271570183771 -9.386189175226479
v 0.19554596753232925 5.0282715740657835 -9.47499927110794
v 0.19554596753232925 5.0282715740657835 -9.47499927110794
v 0.1588014382520169 5.028271577601026 -9.555876200918464
v 0.1588014382520169 11.287301679847706 -9.555874245859567
v 0.19554596753232925 11.287300835578533 -9.474998997517089
v 0.19554596753232925 5.0282715740657835 -9.47499927110794
v 0.1588014382520169 11.287301679847706 -9.555874245859567
v 0.1588014382520169 5.028271577601026 -9.555876200918464
v 0.19554596753232925 5.0282715740657835 -9.47499927110794
v 0.1935602457678616 5.028271570183771 -9.386189175226479
v 0.1588014382520169 5.028271577601026 -9.555876200918464
v 0.1935602457678616 5.028271570183771 -9.386189175226479
v 0.1532375262894407 5.028271566723792 -9.307034068658142
v 0.1588014382520169 5.028271577601026 -9.555876200918464
v 0.1532375262894407 5.028271566723792 -9.307034068658142
v 0.08256424354910105 5.028271564371299 -9.253215322063712
v 0.1588014382520169 5.028271577601026 -9.555876200918464
v 0.08256424354910105 5.028271564371299 -9.253215322063712
v -0.004461906729087234 5.02827156359206 -9.235388398222236
v 0.1588014382520169 5.028271577601026 -9.555876200918464
v -0.004461906729087234 5.02827156359206 -9.235388398222236
v -0.09060431420335918 5.0282715645404945 -9.257086061422614
v 0.1588014382520169 5.028271577601026 -9.555876200918464
v -0.09060431420335918 5.0282715645404945 -9.257086061422614
v -0.15880142511554807 5.02827156702874 -9.314010479431419
v 0.1588014382520169 5.028271577601026 -9.555876200918464
v -0.15880142511554807 5.02827156702874 -9.314010479431419
v -0.19554595439586045 5.028271570564057 -9.394889090709952
v 0.1588014382520169 5.028271577601026 -9.555876200918464
v -0.19554595439586045 5.028271570564057 -9.394889090709952
v -0.1935602063584551 5.028271574446142 -9.483700868059424
v 0.1588014382520169 5.028271577601026 -9.555876200918464
v -0.1935602063584551 5.028271574446142 -9.483700868059424
v -0.15323748688003422 5.0282715779060485 -9.56285429315975
v 0.1588014382520169 5.028271577601026 -9.555876200918464
v -0.15323748688003422 5.0282715779060485 -9.56285429315975
v -0.0825642172761634 5.028271580258614 -9.61667472122219
v 0.1588014382520169 5.028271577601026 -9.555876200918464
v -0.0825642172761634 5.028271580258614 -9.61667472122219
v 0.004461919865556062 5.0282715810378535 -9.634501645063667
v 0.1588014382520169 5.028271577601026 -9.555876200918464
v 0.004461919865556062 5.0282715810378535 -9.634501645063667
v 0.09060431420335918 5.028271580089345 -9.612802300395279
v -0.08256421070792899 11.28730168250522 -9.616671084695284
v -0.15323748688003422 11.287301680152728 -9.562852338100853
v -0.1935601932219863 11.287300835958817 -9.483698913000563
v -0.08256421070792899 11.28730168250522 -9.616671084695284
v -0.1935601932219863 11.287300835958817 -9.483698913000563
v -0.19554595439586045 11.287300832076731 -9.394887135651091
v -0.08256421070792899 11.28730168250522 -9.616671084695284
v -0.19554595439586045 11.287300832076731 -9.394887135651091
v -0.15880142511554807 11.287300828541415 -9.314008524372557
v -0.08256421070792899 11.28730168250522 -9.616671084695284
v -0.15880142511554807 11.287300828541415 -9.314008524372557
v -0.09060429449865595 11.28730082605317 -9.257084106363752
v -0.08256421070792899 11.28730168250522 -9.616671084695284
v -0.09060429449865595 11.28730082605317 -9.257084106363752
v -0.004461906729087234 11.287300825104737 -9.235386443163375
v -0.08256421070792899 11.28730168250522 -9.616671084695284
v -0.004461906729087234 11.287300825104737 -9.235386443163375
v 0.0825642632538043 11.287300825883902 -9.253211685536842
v -0.08256421070792899 11.28730168250522 -9.616671084695284
v 0.0825642632538043 11.287300825883902 -9.253211685536842
v 0.1532375262894407 11.287300828236393 -9.30703043213127
v -0.08256421070792899 11.28730168250522 -9.616671084695284
v 0.1532375262894407 11.287300828236393 -9.30703043213127
v 0.1935602457678616 11.287300831696447 -9.386187220167617
v -0.08256421070792899 11.28730168250522 -9.616671084695284
v 0.1935602457678616 11.287300831696447 -9.386187220167617
v 0.19554596753232925 11.287300835578533 -9.474998997517089
v -0.08256421070792899 11.28730168250522 -9.616671084695284
v 0.19554596753232925 11.287300835578533 -9.474998997517089
v 0.1588014382520169 11.287301679847706 -9.555874245859567
v -0.08256421070792899 11.28730168250522 -9.616671084695284
v 0.1588014382520169 11.287301679847706 -9.555874245859567
v 0.09060433390806243 11.287301682335952 -9.612798663868372
v -0.08256421070792899 11.28730168250522 -9.616671084695284
v 0.09060433390806243 11.287301682335952 -9.612798663868372
v 0.004461919865556062 11.287301683284534 -9.63449969000477
v -0.15685176295801254 11.580324262803785 12.452113136637385
v -0.14131854539266975 11.5803251065126 12.384057400402757
v -0.20818495828554778 11.58032510792015 12.351856447278234
v -0.15685176295801254 11.580324262803785 12.452113136637385
v -0.20818495828554778 11.58032510792015 12.351856447278234
v -0.23106791193178297 11.580324262803785 12.452113136637385
v -0.14406842868531494 11.580325111434519 12.271457054382536
v -0.20818495828554778 11.58032510792015 12.351856447278234
v -0.14131854539266975 11.5803251065126 12.384057400402757
v -0.14406842868531494 11.580325111434519 12.271457054382536
v -0.14131854539266975 11.5803251065126 12.384057400402757
v -0.09779544712786004 11.580325108898204 12.329481152469846
v -0.05141739680860378 11.580325113384859 12.226838460004542
v -0.14406842868531494 11.580325111434519 12.271457054382536
v -0.09779544712786004 11.580325108898204 12.329481152469846
v 0.05141749204800278 11.580325113384859 12.226838460004542
v -0.05141739680860378 11.580325113384859 12.226838460004542
v -0.09779544712786004 11.580325108898204 12.329481152469846
v 0.05141749204800278 11.580325113384859 12.226838460004542
v -0.09779544712786004 11.580325108898204 12.329481152469846
v 0.034902832475954666 11.580325110222109 12.299193709940646
v 0.14406852064059675 11.580325111434519 12.271457054382536
v 0.05141749204800278 11.580325113384859 12.226838460004542
v 0.034902832475954666 11.580325110222109 12.299193709940646
v 0.14406852064059675 11.580325111434519 12.271457054382536
v 0.034902832475954666 11.580325110222109 12.299193709940646
v 0.09779549967373535 11.580325108898204 12.329481152469846
v 0.2081850108314231 11.58032510792015 12.351856447278234
v 0.14406852064059675 11.580325111434519 12.271457054382536
v 0.09779549967373535 11.580325108898204 12.329481152469846
v 0.2081850108314231 11.58032510792015 12.351856447278234
v 0.09779549967373535 11.580325108898204 12.329481152469846
v 0.1413185716656074 11.5803251065126 12.384057400402757
v 0.23106791193178297 11.580324262803785 12.452113136637385
v 0.2081850108314231 11.58032510792015 12.351856447278234
v 0.1413185716656074 11.5803251065126 12.384057400402757
v 0.23106791193178297 11.580324262803785 12.452113136637385
v 0.1413185716656074 11.5803251065126 12.384057400402757
v 0.15685177609448134 11.580324262803785 12.452113136637385
v 0.2081850108314231 11.580324258421426 12.552369825996573
v 0.23106791193178297 11.580324262803785 12.452113136637385
v 0.15685177609448134 11.580324262803785 12.452113136637385
v 0.2081850108314231 11.580324258421426 12.552369825996573
v 0.15685177609448134 11.580324262803785 12.452113136637385
v 0.14131855852913858 11.580324259828974 12.52016887287205
v 0.14406846809472143 11.580324254907056 12.632769218892271
v 0.2081850108314231 11.580324258421426 12.552369825996573
v 0.14131855852913858 11.580324259828974 12.52016887287205
v 0.14406846809472143 11.580324254907056 12.632769218892271
v 0.14131855852913858 11.580324259828974 12.52016887287205
v 0.09779547996903211 11.58032425744337 12.57474512080496
v 0.05141742308154144 11.580324252956716 12.677387813270265
v 0.14406846809472143 11.580324254907056 12.632769218892271
v 0.09779547996903211 11.58032425744337 12.57474512080496
v 0.05141742308154144 11.580324252956716 12.677387813270265
v 0.09779547996903211 11.58032425744337 12.57474512080496
v 0.03490278649831377 11.580324256119464 12.605032563334161
v -0.05141747562741675 11.580324252956716 12.677387813270265
v 0.05141742308154144 11.580324252956716 12.677387813270265
v 0.03490278649831377 11.580324256119464 12.605032563334161
v -0.05141747562741675 11.580324252956716 12.677387813270265
v 0.03490278649831377 11.580324256119464 12.605032563334161
v -0.034902822623603044 11.580324256119464 12.605032563334161
v -0.14406850750412792 11.580324254907056 12.632769218892271
v -0.05141747562741675 11.580324252956716 12.677387813270265
v -0.034902822623603044 11.580324256119464 12.605032563334161
v -0.14406850750412792 11.580324254907056 12.632769218892271
v -0.034902822623603044 11.580324256119464 12.605032563334161
v -0.09779549310550094 11.58032425744337 12.57474512080496
v -0.2081850108314231 11.580324258421426 12.552369825996573
v -0.14406850750412792 11.580324254907056 12.632769218892271
v -0.09779549310550094 11.58032425744337 12.57474512080496
v -0.2081850108314231 11.580324258421426 12.552369825996573
v -0.09779549310550094 11.58032425744337 12.57474512080496
v -0.14131855852913858 11.580324259828974 12.52016887287205
v -0.23106791193178297 11.580324262803785 12.452113136637385
v -0.2081850108314231 11.580324258421426 12.552369825996573
v -0.14131855852913858 11.580324259828974 12.52016887287205
v -0.15685176295801254 11.580324262803785 12.452113136637385
v -0.23106791193178297 11.580324262803785 12.452113136637385
v -0.14131855852913858 11.580324259828974 12.52016887287205
v 0.14406852064059675 11.580325111434519 12.271457054382536
v 0.2081850108314231 11.58032510792015 12.351856447278234
v 0.20818498455848544 11.187874678068141 12.35185643012368
v 0.20818498455848544 11.187874678068141 12.35185643012368
v 0.14406850750412792 11.18787468158251 12.271457037227982
v 0.14406852064059675 11.580325111434519 12.271457054382536
v 0.05141749204800278 11.580325113384859 12.226838460004542
v 0.14406852064059675 11.580325111434519 12.271457054382536
v 0.14406850750412792 11.18787468158251 12.271457037227982
v 0.14406850750412792 11.18787468158251 12.271457037227982
v 0.05141748547976836 11.18787468353285 12.226838442849989
v 0.05141749204800278 11.580325113384859 12.226838460004542
v -0.05141739680860378 11.580325113384859 12.226838460004542
v 0.05141749204800278 11.580325113384859 12.226838460004542
v 0.05141748547976836 11.18787468353285 12.226838442849989
v 0.05141748547976836 11.18787468353285 12.226838442849989
v -0.05141739352448657 11.18787468353285 12.226838442849989
v -0.05141739680860378 11.580325113384859 12.226838460004542
v -0.14406842868531494 11.580325111434519 12.271457054382536
v -0.05141739680860378 11.580325113384859 12.226838460004542
v -0.05141739352448657 11.18787468353285 12.226838442849989
v -0.05141739352448657 11.18787468353285 12.226838442849989
v -0.14406841554884614 11.18787468158251 12.271457037227982
v -0.14406842868531494 11.580325111434519 12.271457054382536
v -0.20818495828554778 11.58032510792015 12.351856447278234
v -0.14406842868531494 11.580325111434519 12.271457054382536
v -0.14406841554884614 11.18787468158251 12.271457037227982
v -0.14406841554884614 11.18787468158251 12.271457037227982
v -0.20818494514907895 11.187874678068141 12.35185643012368
v -0.20818495828554778 11.58032510792015 12.351856447278234
v -0.23106791193178297 11.580324262803785 12.452113136637385
v -0.20818495828554778 11.58032510792015 12.351856447278234
v -0.20818494514907895 11.187874678068141 12.35185643012368
v -0.20818494514907895 11.187874678068141 12.35185643012368
v -0.2310678856588453 11.187873832951777 12.452113119482833
v -0.23106791193178297 11.580324262803785 12.452113136637385
v -0.2081850108314231 11.580324258421426 12.552369825996573
v -0.23106791193178297 11.580324262803785 12.452113136637385
v -0.2310678856588453 11.187873832951777 12.452113119482833
v -0.2310678856588453 11.187873832951777 12.452113119482833
v -0.20818498455848544 11.187873828569417 12.552369808842021
v -0.2081850108314231 11.580324258421426 12.552369825996573
v -0.14406850750412792 11.580324254907056 12.632769218892271
v -0.2081850108314231 11.580324258421426 12.552369825996573
v -0.20818498455848544 11.187873828569417 12.552369808842021
v -0.20818498455848544 11.187873828569417 12.552369808842021
v -0.1440684943676591 11.187873825055048 12.63276920173772
v -0.14406850750412792 11.580324254907056 12.632769218892271
v -0.05141747562741675 11.580324252956716 12.677387813270265
v -0.14406850750412792 11.580324254907056 12.632769218892271
v -0.1440684943676591 11.187873825055048 12.63276920173772
v -0.05141747562741675 11.580324252956716 12.677387813270265
v -0.1440684943676591 11.187873825055048 12.63276920173772
v -0.05141746905918233 11.187873823104708 12.677387796115713
v -0.05141746905918233 11.187873823104708 12.677387796115713
v 0.05141741979742423 11.187873823104708 12.677387796115713
v 0.05141742308154144 11.580324252956716 12.677387813270265
v -0.05141747562741675 11.580324252956716 12.677387813270265
v -0.05141746905918233 11.187873823104708 12.677387796115713
v 0.05141742308154144 11.580324252956716 12.677387813270265
v 0.14406846809472143 11.580324254907056 12.632769218892271
v 0.05141742308154144 11.580324252956716 12.677387813270265
v 0.05141741979742423 11.187873823104708 12.677387796115713
v 0.14406846809472143 11.580324254907056 12.632769218892271
v 0.05141741979742423 11.187873823104708 12.677387796115713
v 0.14406846809472143 11.187873825055048 12.63276920173772
v 0.14406846809472143 11.187873825055048 12.63276920173772
v 0.20818498455848544 11.187873828569417 12.552369808842021
v 0.2081850108314231 11.580324258421426 12.552369825996573
v 0.14406846809472143 11.580324254907056 12.632769218892271
v 0.14406846809472143 11.187873825055048 12.63276920173772
v 0.2081850108314231 11.580324258421426 12.552369825996573
v 0.23106791193178297 11.580324262803785 12.452113136637385
v 0.2081850108314231 11.580324258421426 12.552369825996573
v 0.20818498455848544 11.187873828569417 12.552369808842021
v 0.20818498455848544 11.187873828569417 12.552369808842021
v 0.23106791193178297 11.187873832951777 12.452113119482833
v 0.23106791193178297 11.580324262803785 12.452113136637385
v 0.2081850108314231 11.58032510792015 12.351856447278234
v 0.23106791193178297 11.580324262803785 12.452113136637385
v 0.23106791193178297 11.187873832951777 12.452113119482833
v 0.23106791193178297 11.187873832951777 12.452113119482833
v 0.20818498455848544 11.187874678068141 12.35185643012368
v 0.2081850108314231 11.58032510792015 12.351856447278234
v -0.05141746905918233 11.187873823104708 12.677387796115713
v -0.1440684943676591 11.187873825055048 12.63276920173772
v -0.09779549310550094 11.187873827591362 12.57474510365041
v -0.05141746905918233 11.187873823104708 12.677387796115713
v -0.09779549310550094 11.187873827591362 12.57474510365041
v -0.03490281933948584 11.187873826267456 12.60503254617961
v 0.034902832475954666 11.1878746803701 12.299193692786092
v -0.034902766793610526 11.1878746803701 12.299193692786092
v -0.05141739352448657 11.18787468353285 12.226838442849989
v 0.034902832475954666 11.1878746803701 12.299193692786092
v -0.05141739352448657 11.18787468353285 12.226838442849989
v 0.05141748547976836 11.18787468353285 12.226838442849989
v 0.09779549967373535 11.187874679046196 12.329481135315293
v 0.034902832475954666 11.1878746803701 12.299193692786092
v 0.05141748547976836 11.18787468353285 12.226838442849989
v 0.09779549967373535 11.187874679046196 12.329481135315293
v 0.05141748547976836 11.18787468353285 12.226838442849989
v 0.14406850750412792 11.18787468158251 12.271457037227982
v 0.14131855852913858 11.187874676660591 12.384057383248203
v 0.09779549967373535 11.187874679046196 12.329481135315293
v 0.14406850750412792 11.18787468158251 12.271457037227982
v 0.14131855852913858 11.187874676660591 12.384057383248203
v 0.14406850750412792 11.18787468158251 12.271457037227982
v 0.20818498455848544 11.187874678068141 12.35185643012368
v 0.15685177609448134 11.187873832951777 12.452113119482833
v 0.14131855852913858 11.187874676660591 12.384057383248203
v 0.20818498455848544 11.187874678068141 12.35185643012368
v 0.15685177609448134 11.187873832951777 12.452113119482833
v 0.20818498455848544 11.187874678068141 12.35185643012368
v 0.23106791193178297 11.187873832951777 12.452113119482833
v 0.14131855852913858 11.187873829976965 12.520168855717499
v 0.15685177609448134 11.187873832951777 12.452113119482833
v 0.23106791193178297 11.187873832951777 12.452113119482833
v 0.14131855852913858 11.187873829976965 12.520168855717499
v 0.23106791193178297 11.187873832951777 12.452113119482833
v 0.20818498455848544 11.187873828569417 12.552369808842021
v 0.09779546683256328 11.187873827591362 12.57474510365041
v 0.14131855852913858 11.187873829976965 12.520168855717499
v 0.20818498455848544 11.187873828569417 12.552369808842021
v 0.09779546683256328 11.187873827591362 12.57474510365041
v 0.20818498455848544 11.187873828569417 12.552369808842021
v 0.14406846809472143 11.187873825055048 12.63276920173772
v 0.03490278321419656 11.187873826267456 12.60503254617961
v 0.09779546683256328 11.187873827591362 12.57474510365041
v 0.14406846809472143 11.187873825055048 12.63276920173772
v 0.03490278321419656 11.187873826267456 12.60503254617961
v 0.14406846809472143 11.187873825055048 12.63276920173772
v 0.05141741979742423 11.187873823104708 12.677387796115713
v -0.03490281933948584 11.187873826267456 12.60503254617961
v 0.03490278321419656 11.187873826267456 12.60503254617961
v 0.05141741979742423 11.187873823104708 12.677387796115713
v -0.05141746905918233 11.187873823104708 12.677387796115713
v -0.03490281933948584 11.187873826267456 12.60503254617961
v 0.05141741979742423 11.187873823104708 12.677387796115713
v -0.14406841554884614 11.18787468158251 12.271457037227982
v -0.05141739352448657 11.18787468353285 12.226838442849989
v -0.034902766793610526 11.1878746803701 12.299193692786092
v -0.034902766793610526 11.1878746803701 12.299193692786092
v -0.09779544055962562 11.187874679046196 12.329481135315293
v -0.14406841554884614 11.18787468158251 12.271457037227982
v -0.20818494514907895 11.187874678068141 12.35185643012368
v -0.14406841554884614 11.18787468158251 12.271457037227982
v -0.09779544055962562 11.187874679046196 12.329481135315293
v -0.09779544055962562 11.187874679046196 12.329481135315293
v -0.14131853225620092 11.187874676660591 12.384057383248203
v -0.20818494514907895 11.187874678068141 12.35185643012368
v -0.2310678856588453 11.187873832951777 12.452113119482833
v -0.20818494514907895 11.187874678068141 12.35185643012368
v -0.14131853225620092 11.187874676660591 12.384057383248203
v -0.14131853225620092 11.187874676660591 12.384057383248203
v -0.1568517498215437 11.187873832951777 12.452113119482833
v -0.2310678856588453 11.187873832951777 12.452113119482833
v -0.20818498455848544 11.187873828569417 12.552369808842021
v -0.2310678856588453 11.187873832951777 12.452113119482833
v -0.1568517498215437 11.187873832951777 12.452113119482833
v -0.1568517498215437 11.187873832951777 12.452113119482833
v -0.14131855852913858 11.187873829976965 12.520168855717499
v -0.20818498455848544 11.187873828569417 12.552369808842021
v -0.1440684943676591 11.187873825055048 12.63276920173772
v -0.20818498455848544 11.187873828569417 12.552369808842021
v -0.14131855852913858 11.187873829976965 12.520168855717499
v -0.14131855852913858 11.580324259828974 12.52016887287205
v -0.09779549310550094 11.58032425744337 12.57474512080496
v -0.09779549310550094 11.187873827591362 12.57474510365041
v -0.14131855852913858 11.187873829976965 12.520168855717499
v -0.14131855852913858 11.580324259828974 12.52016887287205
v -0.09779549310550094 11.187873827591362 12.57474510365041
v -0.1440684943676591 11.187873825055048 12.63276920173772
v -0.14131855852913858 11.187873829976965 12.520168855717499
v -0.09779549310550094 11.187873827591362 12.57474510365041
v 0.09779549967373535 11.187874679046196 12.329481135315293
v 0.14131855852913858 11.187874676660591 12.384057383248203
v 0.1413185716656074 11.5803251065126 12.384057400402757
v 0.1413185716656074 11.5803251065126 12.384057400402757
v 0.09779549967373535 11.580325108898204 12.329481152469846
v 0.09779549967373535 11.187874679046196 12.329481135315293
v 0.034902832475954666 11.1878746803701 12.299193692786092
v 0.09779549967373535 11.187874679046196 12.329481135315293
v 0.09779549967373535 11.580325108898204 12.329481152469846
v 0.09779549967373535 11.580325108898204 12.329481152469846
v 0.034902832475954666 11.580325110222109 12.299193709940646
v 0.034902832475954666 11.1878746803701 12.299193692786092
v -0.034902766793610526 11.1878746803701 12.299193692786092
v 0.034902832475954666 11.1878746803701 12.299193692786092
v 0.034902832475954666 11.580325110222109 12.299193709940646
v -0.034902766793610526 11.1878746803701 12.299193692786092
v 0.034902832475954666 11.580325110222109 12.299193709940646
v -0.09779544712786004 11.580325108898204 12.329481152469846
v -0.034902766793610526 11.1878746803701 12.299193692786092
v -0.09779544712786004 11.580325108898204 12.329481152469846
v -0.09779544055962562 11.187874679046196 12.329481135315293
v -0.14131853225620092 11.187874676660591 12.384057383248203
v -0.09779544055962562 11.187874679046196 12.329481135315293
v -0.09779544712786004 11.580325108898204 12.329481152469846
v -0.14131853225620092 11.187874676660591 12.384057383248203
v -0.09779544712786004 11.580325108898204 12.329481152469846
v -0.14131854539266975 11.5803251065126 12.384057400402757
v -0.14131854539266975 11.5803251065126 12.384057400402757
v -0.15685176295801254 11.580324262803785 12.452113136637385
v -0.1568517498215437 11.187873832951777 12.452113119482833
v -0.14131853225620092 11.187874676660591 12.384057383248203
v -0.14131854539266975 11.5803251065126 12.384057400402757
v -0.1568517498215437 11.187873832951777 12.452113119482833
v -0.14131855852913858 11.187873829976965 12.520168855717499
v -0.1568517498215437 11.187873832951777 12.452113119482833
v -0.15685176295801254 11.580324262803785 12.452113136637385
v -0.15685176295801254 11.580324262803785 12.452113136637385
v -0.14131855852913858 11.580324259828974 12.52016887287205
v -0.14131855852913858 11.187873829976965 12.520168855717499
v -0.03490281933948584 11.187873826267456 12.60503254617961
v -0.09779549310550094 11.187873827591362 12.57474510365041
v -0.09779549310550094 11.58032425744337 12.57474512080496
v -0.09779549310550094 11.58032425744337 12.57474512080496
v -0.034902822623603044 11.580324256119464 12.605032563334161
v -0.03490281933948584 11.187873826267456 12.60503254617961
v 0.03490278321419656 11.187873826267456 12.60503254617961
v -0.03490281933948584 11.187873826267456 12.60503254617961
v -0.034902822623603044 11.580324256119464 12.605032563334161
v -0.034902822623603044 11.580324256119464 12.605032563334161
v 0.03490278649831377 11.580324256119464 12.605032563334161
v 0.03490278321419656 11.187873826267456 12.60503254617961
v 0.09779546683256328 11.187873827591362 12.57474510365041
v 0.03490278321419656 11.187873826267456 12.60503254617961
v 0.03490278649831377 11.580324256119464 12.605032563334161
v 0.03490278649831377 11.580324256119464 12.605032563334161
v 0.09779547996903211 11.58032425744337 12.57474512080496
v 0.09779546683256328 11.187873827591362 12.57474510365041
v 0.14131855852913858 11.187873829976965 12.520168855717499
v 0.09779546683256328 11.187873827591362 12.57474510365041
v 0.09779547996903211 11.58032425744337 12.57474512080496
v 0.09779547996903211 11.58032425744337 12.57474512080496
v 0.14131855852913858 11.580324259828974 12.52016887287205
v 0.14131855852913858 11.187873829976965 12.520168855717499
v 0.15685177609448134 11.187873832951777 12.452113119482833
v 0.14131855852913858 11.187873829976965 12.520168855717499
v 0.14131855852913858 11.580324259828974 12.52016887287205
v 0.14131855852913858 11.580324259828974 12.52016887287205
v 0.15685177609448134 11.580324262803785 12.452113136637385
v 0.15685177609448134 11.187873832951777 12.452113119482833
v 0.14131855852913858 11.187874676660591 12.384057383248203
v 0.15685177609448134 11.187873832951777 12.452113119482833
v 0.15685177609448134 11.580324262803785 12.452113136637385
v 0.15685177609448134 11.580324262803785 12.452113136637385
v 0.1413185716656074 11.5803251065126 12.384057400402757
v 0.14131855852913858 11.187874676660591 12.384057383248203
v -0.15685176295801254 8.184340250271793 12.452112988194214
v -0.14131854539266975 8.184340673613606 12.384057251959566
v -0.20818495828554778 8.184340675021154 12.351856298835044
v -0.15685176295801254 8.184340250271793 12.452112988194214
v -0.20818495828554778 8.184340675021154 12.351856298835044
v -0.23106791193178297 8.184340250271793 12.452112988194214
v -0.14406842868531494 8.184340678535523 12.271456905939345
v -0.20818495828554778 8.184340675021154 12.351856298835044
v -0.14131854539266975 8.184340673613606 12.384057251959566
v -0.14406842868531494 8.184340678535523 12.271456905939345
v -0.14131854539266975 8.184340673613606 12.384057251959566
v -0.09779544712786004 8.18434067599921 12.329481004026656
v -0.05141739680860378 8.184340680485864 12.226838311561352
v -0.14406842868531494 8.184340678535523 12.271456905939345
v -0.09779544712786004 8.18434067599921 12.329481004026656
v 0.05141749204800278 8.184340680485864 12.226838311561352
v -0.05141739680860378 8.184340680485864 12.226838311561352
v -0.09779544712786004 8.18434067599921 12.329481004026656
v 0.05141749204800278 8.184340680485864 12.226838311561352
v -0.09779544712786004 8.18434067599921 12.329481004026656
v 0.034902832475954666 8.184340677323116 12.299193561497455
v 0.14406852064059675 8.184340678535523 12.271456905939345
v 0.05141749204800278 8.184340680485864 12.226838311561352
v 0.034902832475954666 8.184340677323116 12.299193561497455
v 0.14406852064059675 8.184340678535523 12.271456905939345
v 0.034902832475954666 8.184340677323116 12.299193561497455
v 0.09779549967373535 8.18434067599921 12.329481004026656
v 0.2081850108314231 8.184340675021154 12.351856298835044
v 0.14406852064059675 8.184340678535523 12.271456905939345
v 0.09779549967373535 8.18434067599921 12.329481004026656
v 0.2081850108314231 8.184340675021154 12.351856298835044
v 0.09779549967373535 8.18434067599921 12.329481004026656
v 0.1413185716656074 8.184340673613606 12.384057251959566
v 0.23106791193178297 8.184340250271793 12.452112988194214
v 0.2081850108314231 8.184340675021154 12.351856298835044
v 0.1413185716656074 8.184340673613606 12.384057251959566
v 0.23106791193178297 8.184340250271793 12.452112988194214
v 0.1413185716656074 8.184340673613606 12.384057251959566
v 0.15685177609448134 8.184340250271793 12.452112988194214
v 0.2081850108314231 8.184340245889434 12.552369677553402
v 0.23106791193178297 8.184340250271793 12.452112988194214
v 0.15685177609448134 8.184340250271793 12.452112988194214
v 0.2081850108314231 8.184340245889434 12.552369677553402
v 0.15685177609448134 8.184340250271793 12.452112988194214
v 0.14131855852913858 8.184340247296982 12.52016872442888
v 0.14406846809472143 8.184340242375065 12.6327690704491
v 0.2081850108314231 8.184340245889434 12.552369677553402
v 0.14131855852913858 8.184340247296982 12.52016872442888
v 0.14406846809472143 8.184340242375065 12.6327690704491
v 0.14131855852913858 8.184340247296982 12.52016872442888
v 0.09779547996903211 8.184340244911379 12.57474497236179
v 0.05141742308154144 8.184340240424724 12.677387664827094
v 0.14406846809472143 8.184340242375065 12.6327690704491
v 0.09779547996903211 8.184340244911379 12.57474497236179
v 0.05141742308154144 8.184340240424724 12.677387664827094
v 0.09779547996903211 8.184340244911379 12.57474497236179
v 0.03490278649831377 8.184340243587473 12.60503241489099
v -0.05141747562741675 8.184340240424724 12.677387664827094
v 0.05141742308154144 8.184340240424724 12.677387664827094
v 0.03490278649831377 8.184340243587473 12.60503241489099
v -0.05141747562741675 8.184340240424724 12.677387664827094
v 0.03490278649831377 8.184340243587473 12.60503241489099
v -0.034902822623603044 8.184340243587473 12.60503241489099
v -0.14406850750412792 8.184340242375065 12.6327690704491
v -0.05141747562741675 8.184340240424724 12.677387664827094
v -0.034902822623603044 8.184340243587473 12.60503241489099
v -0.14406850750412792 8.184340242375065 12.6327690704491
v -0.034902822623603044 8.184340243587473 12.60503241489099
v -0.09779549310550094 8.184340244911379 12.57474497236179
v -0.2081850108314231 8.184340245889434 12.552369677553402
v -0.14406850750412792 8.184340242375065 12.6327690704491
v -0.09779549310550094 8.184340244911379 12.57474497236179
v -0.2081850108314231 8.184340245889434 12.552369677553402
v -0.09779549310550094 8.184340244911379 12.57474497236179
v -0.14131855852913858 8.184340247296982 12.52016872442888
v -0.23106791193178297 8.184340250271793 12.452112988194214
v -0.2081850108314231 8.184340245889434 12.552369677553402
v -0.14131855852913858 8.184340247296982 12.52016872442888
v -0.15685176295801254 8.184340250271793 12.452112988194214
v -0.23106791193178297 8.184340250271793 12.452112988194214
v -0.14131855852913858 8.184340247296982 12.52016872442888
v 0.14406852064059675 8.184340678535523 12.271456905939345
v 0.2081850108314231 8.184340675021154 12.351856298835044
v 0.20818498455848544 7.791890245169146 12.351856281680492
v 0.20818498455848544 7.791890245169146 12.351856281680492
v 0.14406850750412792 7.791890248683515 12.271456888784794
v 0.14406852064059675 8.184340678535523 12.271456905939345
v 0.05141749204800278 8.184340680485864 12.226838311561352
v 0.14406852064059675 8.184340678535523 12.271456905939345
v 0.14406850750412792 7.791890248683515 12.271456888784794
v 0.14406850750412792 7.791890248683515 12.271456888784794
v 0.05141748547976836 7.791890250633855 12.2268382944068
v 0.05141749204800278 8.184340680485864 12.226838311561352
v -0.05141739680860378 8.184340680485864 12.226838311561352
v 0.05141749204800278 8.184340680485864 12.226838311561352
v 0.05141748547976836 7.791890250633855 12.2268382944068
v 0.05141748547976836 7.791890250633855 12.2268382944068
v -0.05141739352448657 7.791890250633855 12.2268382944068
v -0.05141739680860378 8.184340680485864 12.226838311561352
v -0.14406842868531494 8.184340678535523 12.271456905939345
v -0.05141739680860378 8.184340680485864 12.226838311561352
v -0.05141739352448657 7.791890250633855 12.2268382944068
v -0.05141739352448657 7.791890250633855 12.2268382944068
v -0.14406841554884614 7.791890248683515 12.271456888784794
v -0.14406842868531494 8.184340678535523 12.271456905939345
v -0.20818495828554778 8.184340675021154 12.351856298835044
v -0.14406842868531494 8.184340678535523 12.271456905939345
v -0.14406841554884614 7.791890248683515 12.271456888784794
v -0.14406841554884614 7.791890248683515 12.271456888784794
v -0.20818494514907895 7.791890245169146 12.351856281680492
v -0.20818495828554778 8.184340675021154 12.351856298835044
v -0.23106791193178297 8.184340250271793 12.452112988194214
v -0.20818495828554778 8.184340675021154 12.351856298835044
v -0.20818494514907895 7.791890245169146 12.351856281680492
v -0.20818494514907895 7.791890245169146 12.351856281680492
v -0.2310678856588453 7.791889820419785 12.45211297103966
v -0.23106791193178297 8.184340250271793 12.452112988194214
v -0.2081850108314231 8.184340245889434 12.552369677553402
v -0.23106791193178297 8.184340250271793 12.452112988194214
v -0.2310678856588453 7.791889820419785 12.45211297103966
v -0.2310678856588453 7.791889820419785 12.45211297103966
v -0.20818498455848544 7.7918898160374255 12.552369660398849
v -0.2081850108314231 8.184340245889434 12.552369677553402
v -0.14406850750412792 8.184340242375065 12.6327690704491
v -0.2081850108314231 8.184340245889434 12.552369677553402
v -0.20818498455848544 7.7918898160374255 12.552369660398849
v -0.20818498455848544 7.7918898160374255 12.552369660398849
v -0.1440684943676591 7.791889812523056 12.632769053294547
v -0.14406850750412792 8.184340242375065 12.6327690704491
v -0.05141747562741675 8.184340240424724 12.677387664827094
v -0.14406850750412792 8.184340242375065 12.6327690704491
v -0.1440684943676591 7.791889812523056 12.632769053294547
v -0.05141747562741675 8.184340240424724 12.677387664827094
v -0.1440684943676591 7.791889812523056 12.632769053294547
v -0.05141746905918233 7.791889810572716 12.677387647672541
v -0.05141746905918233 7.791889810572716 12.677387647672541
v 0.05141741979742423 7.791889810572716 12.677387647672541
v 0.05141742308154144 8.184340240424724 12.677387664827094
v -0.05141747562741675 8.184340240424724 12.677387664827094
v -0.05141746905918233 7.791889810572716 12.677387647672541
v 0.05141742308154144 8.184340240424724 12.677387664827094
v 0.14406846809472143 8.184340242375065 12.6327690704491
v 0.05141742308154144 8.184340240424724 12.677387664827094
v 0.05141741979742423 7.791889810572716 12.677387647672541
v 0.14406846809472143 8.184340242375065 12.6327690704491
v 0.05141741979742423 7.791889810572716 12.677387647672541
v 0.14406846809472143 7.791889812523056 12.632769053294547
v 0.14406846809472143 7.791889812523056 12.632769053294547
v 0.20818498455848544 7.7918898160374255 12.552369660398849
v 0.2081850108314231 8.184340245889434 12.552369677553402
v 0.14406846809472143 8.184340242375065 12.6327690704491
v 0.14406846809472143 7.791889812523056 12.632769053294547
v 0.2081850108314231 8.184340245889434 12.552369677553402
v 0.23106791193178297 8.184340250271793 12.452112988194214
v 0.2081850108314231 8.184340245889434 12.552369677553402
v 0.20818498455848544 7.7918898160374255 12.552369660398849
v 0.20818498455848544 7.7918898160374255 12.552369660398849
v 0.23106791193178297 7.791889820419785 12.45211297103966
v 0.23106791193178297 8.184340250271793 12.452112988194214
v 0.2081850108314231 8.184340675021154 12.351856298835044
v 0.23106791193178297 8.184340250271793 12.452112988194214
v 0.23106791193178297 7.791889820419785 12.45211297103966
v 0.23106791193178297 7.791889820419785 12.45211297103966
v 0.20818498455848544 7.791890245169146 12.351856281680492
v 0.2081850108314231 8.184340675021154 12.351856298835044
v -0.05141746905918233 7.791889810572716 12.677387647672541
v -0.1440684943676591 7.791889812523056 12.632769053294547
v -0.09779549310550094 7.7918898150593705 12.574744955207237
v -0.05141746905918233 7.791889810572716 12.677387647672541
v -0.09779549310550094 7.7918898150593705 12.574744955207237
v -0.03490281933948584 7.791889813735464 12.605032397736437
v 0.034902832475954666 7.791890247471107 12.299193544342904
v -0.034902766793610526 7.791890247471107 12.299193544342904
v -0.05141739352448657 7.791890250633855 12.2268382944068
v 0.034902832475954666 7.791890247471107 12.299193544342904
v -0.05141739352448657 7.791890250633855 12.2268382944068
v 0.05141748547976836 7.791890250633855 12.2268382944068
v 0.09779549967373535 7.791890246147201 12.329480986872104
v 0.034902832475954666 7.791890247471107 12.299193544342904
v 0.05141748547976836 7.791890250633855 12.2268382944068
v 0.09779549967373535 7.791890246147201 12.329480986872104
v 0.05141748547976836 7.791890250633855 12.2268382944068
v 0.14406850750412792 7.791890248683515 12.271456888784794
v 0.14131855852913858 7.791890243761598 12.384057234805015
v 0.09779549967373535 7.791890246147201 12.329480986872104
v 0.14406850750412792 7.791890248683515 12.271456888784794
v 0.14131855852913858 7.791890243761598 12.384057234805015
v 0.14406850750412792 7.791890248683515 12.271456888784794
v 0.20818498455848544 7.791890245169146 12.351856281680492
v 0.15685177609448134 7.791889820419785 12.45211297103966
v 0.14131855852913858 7.791890243761598 12.384057234805015
v 0.20818498455848544 7.791890245169146 12.351856281680492
v 0.15685177609448134 7.791889820419785 12.45211297103966
v 0.20818498455848544 7.791890245169146 12.351856281680492
v 0.23106791193178297 7.791889820419785 12.45211297103966
v 0.14131855852913858 7.791889817444973 12.520168707274326
v 0.15685177609448134 7.791889820419785 12.45211297103966
v 0.23106791193178297 7.791889820419785 12.45211297103966
v 0.14131855852913858 7.791889817444973 12.520168707274326
v 0.23106791193178297 7.791889820419785 12.45211297103966
v 0.20818498455848544 7.7918898160374255 12.552369660398849
v 0.09779546683256328 7.7918898150593705 12.574744955207237
v 0.14131855852913858 7.791889817444973 12.520168707274326
v 0.20818498455848544 7.7918898160374255 12.552369660398849
v 0.09779546683256328 7.7918898150593705 12.574744955207237
v 0.20818498455848544 7.7918898160374255 12.552369660398849
v 0.14406846809472143 7.791889812523056 12.632769053294547
v 0.03490278321419656 7.791889813735464 12.605032397736437
v 0.09779546683256328 7.7918898150593705 12.574744955207237
v 0.14406846809472143 7.791889812523056 12.632769053294547
v 0.03490278321419656 7.791889813735464 12.605032397736437
v 0.14406846809472143 7.791889812523056 12.632769053294547
v 0.05141741979742423 7.791889810572716 12.677387647672541
v -0.03490281933948584 7.791889813735464 12.605032397736437
v 0.03490278321419656 7.791889813735464 12.605032397736437
v 0.05141741979742423 7.791889810572716 12.677387647672541
v -0.05141746905918233 7.791889810572716 12.677387647672541
v -0.03490281933948584 7.791889813735464 12.605032397736437
v 0.05141741979742423 7.791889810572716 12.677387647672541
v -0.14406841554884614 7.791890248683515 12.271456888784794
v -0.05141739352448657 7.791890250633855 12.2268382944068
v -0.034902766793610526 7.791890247471107 12.299193544342904
v -0.034902766793610526 7.791890247471107 12.299193544342904
v -0.09779544055962562 7.791890246147201 12.329480986872104
v -0.14406841554884614 7.791890248683515 12.271456888784794
v -0.20818494514907895 7.791890245169146 12.351856281680492
v -0.14406841554884614 7.791890248683515 12.271456888784794
v -0.09779544055962562 7.791890246147201 12.329480986872104
v -0.09779544055962562 7.791890246147201 12.329480986872104
v -0.14131853225620092 7.791890243761598 12.384057234805015
v -0.20818494514907895 7.791890245169146 12.351856281680492
v -0.2310678856588453 7.791889820419785 12.45211297103966
v -0.20818494514907895 7.791890245169146 12.351856281680492
v -0.14131853225620092 7.791890243761598 12.384057234805015
v -0.14131853225620092 7.791890243761598 12.384057234805015
v -0.1568517498215437 7.791889820419785 12.45211297103966
v -0.2310678856588453 7.791889820419785 12.45211297103966
v -0.20818498455848544 7.7918898160374255 12.552369660398849
v -0.2310678856588453 7.791889820419785 12.45211297103966
v -0.1568517498215437 7.791889820419785 12.45211297103966
v -0.1568517498215437 7.791889820419785 12.45211297103966
v -0.14131855852913858 7.791889817444973 12.520168707274326
v -0.20818498455848544 7.7918898160374255 12.552369660398849
v -0.1440684943676591 7.791889812523056 12.632769053294547
v -0.20818498455848544 7.7918898160374255 12.552369660398849
v -0.14131855852913858 7.791889817444973 12.520168707274326
v -0.14131855852913858 8.184340247296982 12.52016872442888
v -0.09779549310550094 8.184340244911379 12.57474497236179
v -0.09779549310550094 7.7918898150593705 12.574744955207237
v -0.14131855852913858 7.791889817444973 12.520168707274326
v -0.14131855852913858 8.184340247296982 12.52016872442888
v -0.09779549310550094 7.7918898150593705 12.574744955207237
v -0.1440684943676591 7.791889812523056 12.632769053294547
v -0.14131855852913858 7.791889817444973 12.520168707274326
v -0.09779549310550094 7.7918898150593705 12.574744955207237
v 0.09779549967373535 7.791890246147201 12.329480986872104
v 0.14131855852913858 7.791890243761598 12.384057234805015
v 0.1413185716656074 8.184340673613606 12.384057251959566
v 0.1413185716656074 8.184340673613606 12.384057251959566
v 0.09779549967373535 8.18434067599921 12.329481004026656
v 0.09779549967373535 7.791890246147201 12.329480986872104
v 0.034902832475954666 7.791890247471107 12.299193544342904
v 0.09779549967373535 7.791890246147201 12.329480986872104
v 0.09779549967373535 8.18434067599921 12.329481004026656
v 0.09779549967373535 8.18434067599921 12.329481004026656
v 0.034902832475954666 8.184340677323116 12.299193561497455
v 0.034902832475954666 7.791890247471107 12.299193544342904
v -0.034902766793610526 7.791890247471107 12.299193544342904
v 0.034902832475954666 7.791890247471107 12.299193544342904
v 0.034902832475954666 8.184340677323116 12.299193561497455
v -0.034902766793610526 7.791890247471107 12.299193544342904
v 0.034902832475954666 8.184340677323116 12.299193561497455
v -0.09779544712786004 8.18434067599921 12.329481004026656
v -0.034902766793610526 7.791890247471107 12.299193544342904
v -0.09779544712786004 8.18434067599921 12.329481004026656
v -0.09779544055962562 7.791890246147201 12.329480986872104
v -0.14131853225620092 7.791890243761598 12.384057234805015
v -0.09779544055962562 7.791890246147201 12.329480986872104
v -0.09779544712786004 8.18434067599921 12.329481004026656
v -0.14131853225620092 7.791890243761598 12.384057234805015
v -0.09779544712786004 8.18434067599921 12.329481004026656
v -0.14131854539266975 8.184340673613606 12.384057251959566
v -0.14131854539266975 8.184340673613606 12.384057251959566
v -0.15685176295801254 8.184340250271793 12.452112988194214
v -0.1568517498215437 7.791889820419785 12.45211297103966
v -0.14131853225620092 7.791890243761598 12.384057234805015
v -0.14131854539266975 8.184340673613606 12.384057251959566
v -0.1568517498215437 7.791889820419785 12.45211297103966
v -0.14131855852913858 7.791889817444973 12.520168707274326
v -0.1568517498215437 7.791889820419785 12.45211297103966
v -0.15685176295801254 8.184340250271793 12.452112988194214
v -0.15685176295801254 8.184340250271793 12.452112988194214
v -0.14131855852913858 8.184340247296982 12.52016872442888
v -0.14131855852913858 7.791889817444973 12.520168707274326
v -0.03490281933948584 7.791889813735464 12.605032397736437
v -0.09779549310550094 7.7918898150593705 12.574744955207237
v -0.09779549310550094 8.184340244911379 12.57474497236179
v -0.09779549310550094 8.184340244911379 12.57474497236179
v -0.034902822623603044 8.184340243587473 12.60503241489099
v -0.03490281933948584 7.791889813735464 12.605032397736437
v 0.03490278321419656 7.791889813735464 12.605032397736437
v -0.03490281933948584 7.791889813735464 12.605032397736437
v -0.034902822623603044 8.184340243587473 12.60503241489099
v -0.034902822623603044 8.184340243587473 12.60503241489099
v 0.03490278649831377 8.184340243587473 12.60503241489099
v 0.03490278321419656 7.791889813735464 12.605032397736437
v 0.09779546683256328 7.7918898150593705 12.574744955207237
v 0.03490278321419656 7.791889813735464 12.605032397736437
v 0.03490278649831377 8.184340243587473 12.60503241489099
v 0.03490278649831377 8.184340243587473 12.60503241489099
v 0.09779547996903211 8.184340244911379 12.57474497236179
v 0.09779546683256328 7.7918898150593705 12.574744955207237
v 0.14131855852913858 7.791889817444973 12.520168707274326
v 0.09779546683256328 7.7918898150593705 12.574744955207237
v 0.09779547996903211 8.184340244911379 12.57474497236179
v 0.09779547996903211 8.184340244911379 12.57474497236179
v 0.14131855852913858 8.184340247296982 12.52016872442888
v 0.14131855852913858 7.791889817444973 12.520168707274326
v 0.15685177609448134 7.791889820419785 12.45211297103966
v 0.14131855852913858 7.791889817444973 12.520168707274326
v 0.14131855852913858 8.184340247296982 12.52016872442888
v 0.14131855852913858 8.184340247296982 12.52016872442888
v 0.15685177609448134 8.184340250271793 12.452112988194214
v 0.15685177609448134 7.791889820419785 12.45211297103966
v 0.14131855852913858 7.791890243761598 12.384057234805015
v 0.15685177609448134 7.791889820419785 12.45211297103966
v 0.15685177609448134 8.184340250271793 12.452112988194214
v 0.15685177609448134 8.184340250271793 12.452112988194214
v 0.1413185716656074 8.184340673613606 12.384057251959566
v 0.14131855852913858 7.791890243761598 12.384057234805015
v -0.03513860253435746 11.60617610516083 9.87982943890199
v -0.03513860253435746 11.606176117885248 -9.645023984340593
v 0.14196179886175692 11.606176117885248 -9.645023984340593
v 0.14196179886175692 11.606176117885248 -9.645023984340593
v 0.14196179886175692 11.60617610516083 9.87982943890199
v -0.03513860253435746 11.60617610516083 9.87982943890199
v -0.03513861238670908 14.896050658558003 9.87982958270697
v 0.14196179886175692 14.896050658558003 9.87982958270697
v 0.14196179886175692 14.896049830548417 -9.645023840535652
v 0.14196179886175692 14.896049830548417 -9.645023840535652
v -0.03513861238670908 14.896049830548417 -9.645023840535652
v -0.03513861238670908 14.896050658558003 9.87982958270697
v -0.03513860253435746 11.60617610516083 9.87982943890199
v 0.14196179886175692 11.60617610516083 9.87982943890199
v 0.14196179886175692 14.896050658558003 9.87982958270697
v 0.14196179886175692 14.896050658558003 9.87982958270697
v -0.03513861238670908 14.896050658558003 9.87982958270697
v -0.03513860253435746 11.60617610516083 9.87982943890199
v 0.14196179886175692 11.60617610516083 9.87982943890199
v 0.14196179886175692 11.606176117885248 -9.645023984340593
v 0.14196179886175692 14.896049830548417 -9.645023840535652
v 0.14196179886175692 14.896049830548417 -9.645023840535652
v 0.14196179886175692 14.896050658558003 9.87982958270697
v 0.14196179886175692 11.60617610516083 9.87982943890199
v 0.14196179886175692 11.606176117885248 -9.645023984340593
v -0.03513860253435746 11.606176117885248 -9.645023984340593
v -0.03513861238670908 14.896049830548417 -9.645023840535652
v -0.03513861238670908 14.896049830548417 -9.645023840535652
v 0.14196179886175692 14.896049830548417 -9.645023840535652
v 0.14196179886175692 11.606176117885248 -9.645023984340593
v -0.03513860253435746 11.606176117885248 -9.645023984340593
v -0.03513860253435746 11.60617610516083 9.87982943890199
v -0.03513861238670908 14.896050658558003 9.87982958270697
v -0.03513861238670908 14.896050658558003 9.87982958270697
v -0.03513861238670908 14.896049830548417 -9.645023840535652
v -0.03513860253435746 11.606176117885248 -9.645023984340593
v 0.10466434904025122 11.287299585609842 -0.11280039857375394
v 0.1728614533842057 11.287299583121596 -0.055875973996715275
v 0.1728614533842057 5.028269480874877 -0.05587703577573169
v 0.10466434904025122 11.287299585609842 -0.11280039857375394
v 0.1728614533842057 5.028269480874877 -0.05587703577573169
v 0.10466434904025122 5.028269483363157 -0.11280227481383769
v 0.10466434904025122 5.028269483363157 -0.11280227481383769
v 0.01852193499774486 5.028269484311632 -0.13450083129409637
v 0.01852193499774486 11.28729958655835 -0.13449971696920465
v 0.10466434904025122 11.287299585609842 -0.11280039857375394
v 0.10466434904025122 5.028269483363157 -0.11280227481383769
v 0.01852193499774486 11.28729958655835 -0.13449971696920465
v -0.0685041955757402 11.287299585779074 -0.11667197866666089
v 0.01852193499774486 11.28729958655835 -0.13449971696920465
v 0.01852193499774486 5.028269484311632 -0.13450083129409637
v -0.0685041955757402 11.287299585779074 -0.11667197866666089
v 0.01852193499774486 5.028269484311632 -0.13450083129409637
v -0.0685041955757402 5.02826948353239 -0.11667385490674465
v -0.0685041955757402 5.02826948353239 -0.11667385490674465
v -0.13917747174784542 5.028269481179861 -0.06285427414654512
v -0.13917747174784542 11.287299583426545 -0.06285239790646137
v -0.0685041955757402 11.287299585779074 -0.11667197866666089
v -0.0685041955757402 5.02826948353239 -0.11667385490674465
v -0.13917747174784542 11.287299583426545 -0.06285239790646137
v -0.17950020436273514 11.28729957996664 0.016301014057396247
v -0.13917747174784542 11.287299583426545 -0.06285239790646137
v -0.13917747174784542 5.028269481179861 -0.06285427414654512
v -0.17950020436273514 11.28729957996664 0.016301014057396247
v -0.13917747174784542 5.028269481179861 -0.06285427414654512
v -0.17950020436273514 5.028269477719919 0.016299991687786303
v -0.17950020436273514 5.028269477719919 0.016299991687786303
v -0.18148593926367163 5.028269473837869 0.10511093487148769
v -0.18148593926367163 11.28729957608459 0.10511195067286322
v -0.17950020436273514 11.28729957996664 0.016301014057396247
v -0.17950020436273514 5.028269477719919 0.016299991687786303
v -0.18148593926367163 11.28729957608459 0.10511195067286322
v -0.14474139684689044 11.287299572549312 0.18598971464915767
v -0.18148593926367163 11.28729957608459 0.10511195067286322
v -0.18148593926367163 5.028269473837869 0.10511093487148769
v -0.14474139684689044 11.287299572549312 0.18598971464915767
v -0.18148593926367163 5.028269473837869 0.10511093487148769
v -0.14474139684689044 5.02826947030259 0.18598870541601656
v -0.14474139684689044 5.02826947030259 0.18598870541601656
v -0.07654429250293597 5.028269467814307 0.2429139641588258
v -0.07654427936646716 11.287299570061029 0.24291499966490454
v -0.14474139684689044 11.287299572549312 0.18598971464915767
v -0.14474139684689044 5.02826947030259 0.18598870541601656
v -0.07654427936646716 11.287299570061029 0.24291499966490454
v 0.009598108403101564 11.287299569112557 0.2646135035992879
v -0.07654427936646716 11.287299570061029 0.24291499966490454
v -0.07654429250293597 5.028269467814307 0.2429139641588258
v 0.009598108403101564 11.287299569112557 0.2646135035992879
v -0.07654429250293597 5.028269467814307 0.2429139641588258
v 0.009598108403101564 5.028269466865836 0.26461246809320915
v 0.009598108403101564 5.028269466865836 0.26461246809320915
v 0.09662424554482102 5.028269467645076 0.24678551797879508
v 0.09662426524952426 11.287299569891758 0.24678744676475411
v 0.009598108403101564 11.287299569112557 0.2646135035992879
v 0.009598108403101564 5.028269466865836 0.26461246809320915
v 0.09662426524952426 11.287299569891758 0.24678744676475411
v 0.1672975545580983 11.287299572244216 0.19296948835845484
v 0.09662426524952426 11.287299569891758 0.24678744676475411
v 0.09662424554482102 5.028269467645076 0.24678551797879508
v 0.1672975545580983 11.287299572244216 0.19296948835845484
v 0.09662424554482102 5.028269467645076 0.24678551797879508
v 0.1672975545580983 5.028269469997605 0.19296593065036116
v 0.1672975545580983 5.028269469997605 0.19296593065036116
v 0.20762023462711274 5.028269473457547 0.11381169108896738
v 0.20762023462711274 11.287299575704306 0.11381185958810353
v 0.1672975545580983 11.287299572244216 0.19296948835845484
v 0.1672975545580983 5.028269469997605 0.19296593065036116
v 0.20762023462711274 11.287299575704306 0.11381185958810353
v 0.20960596952804925 11.287299579586355 0.025000929540870968
v 0.20762023462711274 11.287299575704306 0.11381185958810353
v 0.20762023462711274 5.028269473457547 0.11381169108896738
v 0.20960596952804925 11.287299579586355 0.025000929540870968
v 0.20762023462711274 5.028269473457547 0.11381169108896738
v 0.20960596952804925 5.028269477339596 0.025000761041734827
v 0.20960596952804925 5.028269477339596 0.025000761041734827
v 0.1728614533842057 5.028269480874877 -0.05587703577573169
v 0.1728614533842057 11.287299583121596 -0.055875973996715275
v 0.20960596952804925 11.287299579586355 0.025000929540870968
v 0.20960596952804925 5.028269477339596 0.025000761041734827
v 0.1728614533842057 11.287299583121596 -0.055875973996715275
v 0.01852193499774486 5.028269484311632 -0.13450083129409637
v 0.10466434904025122 5.028269483363157 -0.11280227481383769
v 0.1728614533842057 5.028269480874877 -0.05587703577573169
v 0.01852193499774486 5.028269484311632 -0.13450083129409637
v 0.1728614533842057 5.028269480874877 -0.05587703577573169
v 0.20960596952804925 5.028269477339596 0.025000761041734827
v 0.01852193499774486 5.028269484311632 -0.13450083129409637
v 0.20960596952804925 5.028269477339596 0.025000761041734827
v 0.20762023462711274 5.028269473457547 0.11381169108896738
v 0.01852193499774486 5.028269484311632 -0.13450083129409637
v 0.20762023462711274 5.028269473457547 0.11381169108896738
v 0.1672975545580983 5.028269469997605 0.19296593065036116
v 0.01852193499774486 5.028269484311632 -0.13450083129409637
v 0.1672975545580983 5.028269469997605 0.19296593065036116
v 0.09662424554482102 5.028269467645076 0.24678551797879508
v 0.01852193499774486 5.028269484311632 -0.13450083129409637
v 0.09662424554482102 5.028269467645076 0.24678551797879508
v 0.009598108403101564 5.028269466865836 0.26461246809320915
v 0.01852193499774486 5.028269484311632 -0.13450083129409637
v 0.009598108403101564 5.028269466865836 0.26461246809320915
v -0.07654429250293597 5.028269467814307 0.2429139641588258
v 0.01852193499774486 5.028269484311632 -0.13450083129409637
v -0.07654429250293597 5.028269467814307 0.2429139641588258
v -0.14474139684689044 5.02826947030259 0.18598870541601656
v 0.01852193499774486 5.028269484311632 -0.13450083129409637
v -0.14474139684689044 5.02826947030259 0.18598870541601656
v -0.18148593926367163 5.028269473837869 0.10511093487148769
v 0.01852193499774486 5.028269484311632 -0.13450083129409637
v -0.18148593926367163 5.028269473837869 0.10511093487148769
v -0.17950020436273514 5.028269477719919 0.016299991687786303
v 0.01852193499774486 5.028269484311632 -0.13450083129409637
v -0.17950020436273514 5.028269477719919 0.016299991687786303
v -0.13917747174784542 5.028269481179861 -0.06285427414654512
v 0.01852193499774486 5.028269484311632 -0.13450083129409637
v -0.13917747174784542 5.028269481179861 -0.06285427414654512
v -0.0685041955757402 5.02826948353239 -0.11667385490674465
v 0.009598108403101564 11.287299569112557 0.2646135035992879
v 0.09662426524952426 11.287299569891758 0.24678744676475411
v 0.1672975545580983 11.287299572244216 0.19296948835845484
v 0.009598108403101564 11.287299569112557 0.2646135035992879
v 0.1672975545580983 11.287299572244216 0.19296948835845484
v 0.20762023462711274 11.287299575704306 0.11381185958810353
v 0.009598108403101564 11.287299569112557 0.2646135035992879
v 0.20762023462711274 11.287299575704306 0.11381185958810353
v 0.20960596952804925 11.287299579586355 0.025000929540870968
v 0.009598108403101564 11.287299569112557 0.2646135035992879
v 0.20960596952804925 11.287299579586355 0.025000929540870968
v 0.1728614533842057 11.287299583121596 -0.055875973996715275
v 0.009598108403101564 11.287299569112557 0.2646135035992879
v 0.1728614533842057 11.287299583121596 -0.055875973996715275
v 0.10466434904025122 11.287299585609842 -0.11280039857375394
v 0.009598108403101564 11.287299569112557 0.2646135035992879
v 0.10466434904025122 11.287299585609842 -0.11280039857375394
v 0.01852193499774486 11.28729958655835 -0.13449971696920465
v 0.009598108403101564 11.287299569112557 0.2646135035992879
v 0.01852193499774486 11.28729958655835 -0.13449971696920465
v -0.0685041955757402 11.287299585779074 -0.11667197866666089
v 0.009598108403101564 11.287299569112557 0.2646135035992879
v -0.0685041955757402 11.287299585779074 -0.11667197866666089
v -0.13917747174784542 11.287299583426545 -0.06285239790646137
v 0.009598108403101564 11.287299569112557 0.2646135035992879
v -0.13917747174784542 11.287299583426545 -0.06285239790646137
v -0.17950020436273514 11.28729957996664 0.016301014057396247
v 0.009598108403101564 11.287299569112557 0.2646135035992879
v -0.17950020436273514 11.28729957996664 0.016301014057396247
v -0.18148593926367163 11.28729957608459 0.10511195067286322
v 0.009598108403101564 11.287299569112557 0.2646135035992879
v -0.18148593926367163 11.28729957608459 0.10511195067286322
v -0.14474139684689044 11.287299572549312 0.18598971464915767
v 0.009598108403101564 11.287299569112557 0.2646135035992879
v -0.14474139684689044 11.287299572549312 0.18598971464915767
v -0.07654427936646716 11.287299570061029 0.24291499966490454
v 2.706815852506399 1.0875650616320396 -9.27970029694216
v 2.7637306020741463 1.1251349446006111 -9.336625554042739
v 0.1803309283784628 5.038706758486974 -9.336624542241083
v 2.706815852506399 1.0875650616320396 -9.27970029694216
v 0.1803309283784628 5.038706758486974 -9.336624542241083
v 0.12341586353546381 5.0011364551514 -9.279699285140522
v 0.12341586353546381 5.0011364551514 -9.279699285140522
v 0.05152438349485398 4.95367954182414 -9.258000783280547
v 2.6349242673740387 1.0401089890387478 -9.258000954348143
v 2.706815852506399 1.0875650616320396 -9.27970029694216
v 0.12341586353546381 5.0011364551514 -9.279699285140522
v 2.6349242673740387 1.0401089890387478 -9.258000954348143
v 2.5622951483358145 0.9921644517163504 -9.275828721019346
v 2.6349242673740387 1.0401089890387478 -9.258000954348143
v 0.05152438349485398 4.95367954182414 -9.258000783280547
v 2.5622951483358145 0.9921644517163504 -9.275828721019346
v 0.05152438349485398 4.95367954182414 -9.258000783280547
v -0.021104630451619626 4.905736265602714 -9.27582770921769
v -0.021104630451619626 4.905736265602714 -9.27582770921769
v -0.08008600929534436 4.866801876184881 -9.329647298248002
v 2.503313664400339 0.953230903032523 -9.329648310049622
v 2.5622951483358145 0.9921644517163504 -9.275828721019346
v -0.021104630451619626 4.905736265602714 -9.27582770921769
v 2.503313664400339 0.953230903032523 -9.329648310049622
v 2.4696616043832305 0.9310170326129956 -9.408801736120948
v 2.503313664400339 0.953230903032523 -9.329648310049622
v -0.08008600929534436 4.866801876184881 -9.329647298248002
v 2.4696616043832305 0.9310170326129956 -9.408801736120948
v -0.08008600929534436 4.866801876184881 -9.329647298248002
v -0.11373806931245327 4.844588005765391 -9.408801565053333
v -0.11373806931245327 4.844588005765391 -9.408801565053333
v -0.11539536621975899 4.843493794339966 -9.497612501716628
v 2.4680045176594256 0.9299215600865622 -9.497612672784298
v 2.4696616043832305 0.9310170326129956 -9.408801736120948
v -0.11373806931245327 4.844588005765391 -9.408801565053333
v 2.4680045176594256 0.9299215600865622 -9.497612672784298
v 2.4986702904908658 0.9501655977276204 -9.578490442443933
v 2.4680045176594256 0.9299215600865622 -9.497612672784298
v -0.11539536621975899 4.843493794339966 -9.497612501716628
v 2.4986702904908658 0.9501655977276204 -9.578490442443933
v -0.11539536621975899 4.843493794339966 -9.497612501716628
v -0.08472969848006964 4.8637365708800155 -9.578490271376317
v -0.08472969848006964 4.8637365708800155 -9.578490271376317
v -0.027814528545320034 4.901306874215589 -9.635415528476877
v 2.555585460425615 0.9877354806961911 -9.635415699544511
v 2.4986702904908658 0.9501655977276204 -9.578490442443933
v -0.08472969848006964 4.8637365708800155 -9.578490271376317
v 2.555585460425615 0.9877354806961911 -9.635415699544511
v 2.6274766251909734 1.0351923940234506 -9.657114201404486
v 2.555585460425615 0.9877354806961911 -9.635415699544511
v -0.027814528545320034 4.901306874215589 -9.635415528476877
v 2.6274766251909734 1.0351923940234506 -9.657114201404486
v -0.027814528545320034 4.901306874215589 -9.635415528476877
v 0.044076846403539184 4.948763787542848 -9.657114030336853
v 0.044076846403539184 4.948763787542848 -9.657114030336853
v 0.1167059654417634 4.9967070637642745 -9.639287104399708
v 2.700105954412699 1.0831360906119176 -9.639288116201328
v 2.6274766251909734 1.0351923940234506 -9.657114201404486
v 0.044076846403539184 4.948763787542848 -9.657114030336853
v 2.700105954412699 1.0831360906119176 -9.639288116201328
v 2.759087228164673 1.1220696392958196 -9.585470208639064
v 2.700105954412699 1.0831360906119176 -9.639288116201328
v 0.1167059654417634 4.9967070637642745 -9.639287104399708
v 2.759087228164673 1.1220696392958196 -9.585470208639064
v 0.1167059654417634 4.9967070637642745 -9.639287104399708
v 0.17568744937723876 5.035641032815106 -9.585467515369416
v 0.17568744937723876 5.035641032815106 -9.585467515369416
v 0.20933940430259704 5.0578557439686005 -9.506313248564048
v 2.792739498365283 1.1442843504491673 -9.506312578897678
v 2.759087228164673 1.1220696392958196 -9.585470208639064
v 0.17568744937723876 5.035641032815106 -9.585467515369416
v 2.792739498365283 1.1442843504491673 -9.506312578897678
v 2.7943965850890877 1.1453781415075897 -9.417501642234399
v 2.792739498365283 1.1442843504491673 -9.506312578897678
v 0.20933940430259704 5.0578557439686005 -9.506313248564048
v 2.7943965850890877 1.1453781415075897 -9.417501642234399
v 0.20933940430259704 5.0578557439686005 -9.506313248564048
v 0.21099659611815214 5.058949535027023 -9.41750231190077
v 0.21099659611815214 5.058949535027023 -9.41750231190077
v 0.1803309283784628 5.038706758486974 -9.336624542241083
v 2.7637306020741463 1.1251349446006111 -9.336625554042739
v 2.7943965850890877 1.1453781415075897 -9.417501642234399
v 0.21099659611815214 5.058949535027023 -9.41750231190077
v 2.7637306020741463 1.1251349446006111 -9.336625554042739
v 0.05152438349485398 4.95367954182414 -9.258000783280547
v 0.12341586353546381 5.0011364551514 -9.279699285140522
v 0.1803309283784628 5.038706758486974 -9.336624542241083
v 0.05152438349485398 4.95367954182414 -9.258000783280547
v 0.1803309283784628 5.038706758486974 -9.336624542241083
v 0.21099659611815214 5.058949535027023 -9.41750231190077
v 0.05152438349485398 4.95367954182414 -9.258000783280547
v 0.21099659611815214 5.058949535027023 -9.41750231190077
v 0.20933940430259704 5.0578557439686005 -9.506313248564048
v 0.05152438349485398 4.95367954182414 -9.258000783280547
v 0.20933940430259704 5.0578557439686005 -9.506313248564048
v 0.17568744937723876 5.035641032815106 -9.585467515369416
v 0.05152438349485398 4.95367954182414 -9.258000783280547
v 0.17568744937723876 5.035641032815106 -9.585467515369416
v 0.1167059654417634 4.9967070637642745 -9.639287104399708
v 0.05152438349485398 4.95367954182414 -9.258000783280547
v 0.1167059654417634 4.9967070637642745 -9.639287104399708
v 0.044076846403539184 4.948763787542848 -9.657114030336853
v 0.05152438349485398 4.95367954182414 -9.258000783280547
v 0.044076846403539184 4.948763787542848 -9.657114030336853
v -0.027814528545320034 4.901306874215589 -9.635415528476877
v 0.05152438349485398 4.95367954182414 -9.258000783280547
v -0.027814528545320034 4.901306874215589 -9.635415528476877
v -0.08472969848006964 4.8637365708800155 -9.578490271376317
v 0.05152438349485398 4.95367954182414 -9.258000783280547
v -0.08472969848006964 4.8637365708800155 -9.578490271376317
v -0.11539536621975899 4.843493794339966 -9.497612501716628
v 0.05152438349485398 4.95367954182414 -9.258000783280547
v -0.11539536621975899 4.843493794339966 -9.497612501716628
v -0.11373806931245327 4.844588005765391 -9.408801565053333
v 0.05152438349485398 4.95367954182414 -9.258000783280547
v -0.11373806931245327 4.844588005765391 -9.408801565053333
v -0.08008600929534436 4.866801876184881 -9.329647298248002
v 0.05152438349485398 4.95367954182414 -9.258000783280547
v -0.08008600929534436 4.866801876184881 -9.329647298248002
v -0.021104630451619626 4.905736265602714 -9.27582770921769
v 2.706815852506399 1.0875650616320396 -9.27970029694216
v 2.6349242673740387 1.0401089890387478 -9.258000954348143
v 2.5622951483358145 0.9921644517163504 -9.275828721019346
v 2.706815852506399 1.0875650616320396 -9.27970029694216
v 2.5622951483358145 0.9921644517163504 -9.275828721019346
v 2.503313664400339 0.953230903032523 -9.329648310049622
v 2.706815852506399 1.0875650616320396 -9.27970029694216
v 2.503313664400339 0.953230903032523 -9.329648310049622
v 2.4696616043832305 0.9310170326129956 -9.408801736120948
v 2.706815852506399 1.0875650616320396 -9.27970029694216
v 2.4696616043832305 0.9310170326129956 -9.408801736120948
v 2.4680045176594256 0.9299215600865622 -9.497612672784298
v 2.706815852506399 1.0875650616320396 -9.27970029694216
v 2.4680045176594256 0.9299215600865622 -9.497612672784298
v 2.4986702904908658 0.9501655977276204 -9.578490442443933
v 2.706815852506399 1.0875650616320396 -9.27970029694216
v 2.4986702904908658 0.9501655977276204 -9.578490442443933
v 2.555585460425615 0.9877354806961911 -9.635415699544511
v 2.706815852506399 1.0875650616320396 -9.27970029694216
v 2.555585460425615 0.9877354806961911 -9.635415699544511
v 2.6274766251909734 1.0351923940234506 -9.657114201404486
v 2.706815852506399 1.0875650616320396 -9.27970029694216
v 2.6274766251909734 1.0351923940234506 -9.657114201404486
v 2.700105954412699 1.0831360906119176 -9.639288116201328
v 2.706815852506399 1.0875650616320396 -9.27970029694216
v 2.700105954412699 1.0831360906119176 -9.639288116201328
v 2.759087228164673 1.1220696392958196 -9.585470208639064
v 2.706815852506399 1.0875650616320396 -9.27970029694216
v 2.759087228164673 1.1220696392958196 -9.585470208639064
v 2.792739498365283 1.1442843504491673 -9.506312578897678
v 2.706815852506399 1.0875650616320396 -9.27970029694216
v 2.792739498365283 1.1442843504491673 -9.506312578897678
v 2.7943965850890877 1.1453781415075897 -9.417501642234399
v 2.706815852506399 1.0875650616320396 -9.27970029694216
v 2.7943965850890877 1.1453781415075897 -9.417501642234399
v 2.7637306020741463 1.1251349446006111 -9.336625554042739
v -2.5817860949566365 0.8349488413636958 -8.523382722981468
v -2.6536776800889967 0.8824049139569503 -8.54508122484148
v -0.07027769111806155 4.7959763074763115 -8.54508021303984
v -2.5817860949566365 0.8349488413636958 -8.523382722981468
v -0.07027769111806155 4.7959763074763115 -8.54508021303984
v 0.0016138940142989158 4.748519814516017 -8.523380870445843
v 0.08919452150523663 4.690706734640467 -8.385579525153604
v 0.08753743478143215 4.691800946065893 -8.296768588490307
v -2.495862659281254 0.7782295525464953 -8.29676875955794
v 0.08919452150523663 4.690706734640467 -8.385579525153604
v -2.495862659281254 0.7782295525464953 -8.29676875955794
v -2.4942055725574495 0.7771357614880721 -8.38557969622122
v 0.058528643582046035 4.710949931547483 -8.46645645407927
v 0.08919452150523663 4.690706734640467 -8.385579525153604
v -2.4942055725574495 0.7771357614880721 -8.38557969622122
v 0.058528643582046035 4.710949931547483 -8.46645645407927
v -2.4942055725574495 0.7771357614880721 -8.38557969622122
v -2.5248711352053883 0.7973781176611201 -8.466457465880925
v 0.0016138940142989158 4.748519814516017 -8.523380870445843
v 0.058528643582046035 4.710949931547483 -8.46645645407927
v -2.5248711352053883 0.7973781176611201 -8.466457465880925
v -2.5817860949566365 0.8349488413636958 -8.523382722981468
v 0.0016138940142989158 4.748519814516017 -8.523380870445843
v -2.5248711352053883 0.7973781176611201 -8.466457465880925
v -0.1429069152480364 4.8439204244317065 -8.527252446368655
v -0.07027769111806155 4.7959763074763115 -8.54508021303984
v -2.6536776800889967 0.8824049139569503 -8.54508122484148
v -0.1429069152480364 4.8439204244317065 -8.527252446368655
v -2.6536776800889967 0.8824049139569503 -8.54508122484148
v -2.7263065889437197 0.93034861054538 -8.527254298904317
v -2.7263065889437197 0.93034861054538 -8.527254298904317
v -2.785288072879195 0.9692829999632142 -8.473434709874006
v -0.20188829409176112 4.882854393482538 -8.473432857338363
v -0.1429069152480364 4.8439204244317065 -8.527252446368655
v -2.7263065889437197 0.93034861054538 -8.527254298904317
v -0.20188829409176112 4.882854393482538 -8.473432857338363
v -0.23554035410887003 4.905068263902065 -8.394279431267037
v -0.20188829409176112 4.882854393482538 -8.473432857338363
v -2.785288072879195 0.9692829999632142 -8.473434709874006
v -0.23554035410887003 4.905068263902065 -8.394279431267037
v -2.785288072879195 0.9692829999632142 -8.473434709874006
v -2.818940132896304 0.9914968703827043 -8.394280443068677
v -2.818940132896304 0.9914968703827043 -8.394280443068677
v -2.82059742980361 0.9925915021751308 -8.30546950640536
v -0.23719765101617574 4.906163316061494 -8.305468494603705
v -0.23554035410887003 4.905068263902065 -8.394279431267037
v -2.818940132896304 0.9914968703827043 -8.394280443068677
v -0.23719765101617574 4.906163316061494 -8.305468494603705
v -0.20653177309298515 4.885919698787439 -8.224590724944052
v -0.23719765101617574 4.906163316061494 -8.305468494603705
v -2.82059742980361 0.9925915021751308 -8.30546950640536
v -0.20653177309298515 4.885919698787439 -8.224590724944052
v -2.82059742980361 0.9925915021751308 -8.30546950640536
v -2.7899316569721697 0.9723483052680795 -8.22459173674569
v -2.7899316569721697 0.9723483052680795 -8.22459173674569
v -2.7330164870374203 0.934777581565502 -8.167666479645149
v -0.14961670824998619 4.848349815818868 -8.167665467843474
v -0.20653177309298515 4.885919698787439 -8.224590724944052
v -2.7899316569721697 0.9723483052680795 -8.22459173674569
v -0.14961670824998619 4.848349815818868 -8.167665467843474
v -0.07772543839287759 4.800892902491608 -8.145966965983499
v -0.14961670824998619 4.848349815818868 -8.167665467843474
v -2.7330164870374203 0.934777581565502 -8.167666479645149
v -0.07772543839287759 4.800892902491608 -8.145966965983499
v -2.7330164870374203 0.934777581565502 -8.167666479645149
v -2.661125322272062 0.8873215089722475 -8.145967977785137
v -2.529514719298363 0.8004434229659854 -8.21761449275261
v -2.495862659281254 0.7782295525464953 -8.29676875955794
v 0.08753743478143215 4.691800946065893 -8.296768588490307
v -2.529514719298363 0.8004434229659854 -8.21761449275261
v 0.08753743478143215 4.691800946065893 -8.296768588490307
v 0.053885269672572615 4.714015236852238 -8.217610958748939
v -2.588495993050337 0.8393778123838196 -8.163794903722298
v -2.529514719298363 0.8004434229659854 -8.21761449275261
v 0.053885269672572615 4.714015236852238 -8.217610958748939
v -2.588495993050337 0.8393778123838196 -8.163794903722298
v 0.053885269672572615 4.714015236852238 -8.217610958748939
v -0.005096214262902737 4.7529492059031435 -8.163793051186657
v -2.661125322272062 0.8873215089722475 -8.145967977785137
v -2.588495993050337 0.8393778123838196 -8.163794903722298
v -0.005096214262902737 4.7529492059031435 -8.163793051186657
v -0.07772543839287759 4.800892902491608 -8.145966965983499
v -2.661125322272062 0.8873215089722475 -8.145967977785137
v -0.005096214262902737 4.7529492059031435 -8.163793051186657
v -2.495862659281254 0.7782295525464953 -8.29676875955794
v -2.529514719298363 0.8004434229659854 -8.21761449275261
v -2.588495993050337 0.8393778123838196 -8.163794903722298
v -2.495862659281254 0.7782295525464953 -8.29676875955794
v -2.588495993050337 0.8393778123838196 -8.163794903722298
v -2.661125322272062 0.8873215089722475 -8.145967977785137
v -2.495862659281254 0.7782295525464953 -8.29676875955794
v -2.661125322272062 0.8873215089722475 -8.145967977785137
v -2.7330164870374203 0.934777581565502 -8.167666479645149
v -2.495862659281254 0.7782295525464953 -8.29676875955794
v -2.7330164870374203 0.934777581565502 -8.167666479645149
v -2.7899316569721697 0.9723483052680795 -8.22459173674569
v -2.495862659281254 0.7782295525464953 -8.29676875955794
v -2.7899316569721697 0.9723483052680795 -8.22459173674569
v -2.82059742980361 0.9925915021751308 -8.30546950640536
v -2.495862659281254 0.7782295525464953 -8.29676875955794
v -2.82059742980361 0.9925915021751308 -8.30546950640536
v -2.818940132896304 0.9914968703827043 -8.394280443068677
v -2.495862659281254 0.7782295525464953 -8.29676875955794
v -2.818940132896304 0.9914968703827043 -8.394280443068677
v -2.785288072879195 0.9692829999632142 -8.473434709874006
v -2.495862659281254 0.7782295525464953 -8.29676875955794
v -2.785288072879195 0.9692829999632142 -8.473434709874006
v -2.7263065889437197 0.93034861054538 -8.527254298904317
v -2.495862659281254 0.7782295525464953 -8.29676875955794
v -2.7263065889437197 0.93034861054538 -8.527254298904317
v -2.6536776800889967 0.8824049139569503 -8.54508122484148
v -2.495862659281254 0.7782295525464953 -8.29676875955794
v -2.6536776800889967 0.8824049139569503 -8.54508122484148
v -2.5817860949566365 0.8349488413636958 -8.523382722981468
v -2.495862659281254 0.7782295525464953 -8.29676875955794
v -2.5817860949566365 0.8349488413636958 -8.523382722981468
v -2.5248711352053883 0.7973781176611201 -8.466457465880925
v -2.495862659281254 0.7782295525464953 -8.29676875955794
v -2.5248711352053883 0.7973781176611201 -8.466457465880925
v -2.4942055725574495 0.7771357614880721 -8.38557969622122
v -0.20653177309298515 4.885919698787439 -8.224590724944052
v -0.14961670824998619 4.848349815818868 -8.167665467843474
v -0.07772543839287759 4.800892902491608 -8.145966965983499
v -0.20653177309298515 4.885919698787439 -8.224590724944052
v -0.07772543839287759 4.800892902491608 -8.145966965983499
v -0.005096214262902737 4.7529492059031435 -8.163793051186657
v -0.20653177309298515 4.885919698787439 -8.224590724944052
v -0.005096214262902737 4.7529492059031435 -8.163793051186657
v 0.053885269672572615 4.714015236852238 -8.217610958748939
v -0.20653177309298515 4.885919698787439 -8.224590724944052
v 0.053885269672572615 4.714015236852238 -8.217610958748939
v 0.08753743478143215 4.691800946065893 -8.296768588490307
v -0.20653177309298515 4.885919698787439 -8.224590724944052
v 0.08753743478143215 4.691800946065893 -8.296768588490307
v 0.08919452150523663 4.690706734640467 -8.385579525153604
v -0.20653177309298515 4.885919698787439 -8.224590724944052
v 0.08919452150523663 4.690706734640467 -8.385579525153604
v 0.058528643582046035 4.710949931547483 -8.46645645407927
v -0.20653177309298515 4.885919698787439 -8.224590724944052
v 0.058528643582046035 4.710949931547483 -8.46645645407927
v 0.0016138940142989158 4.748519814516017 -8.523380870445843
v -0.20653177309298515 4.885919698787439 -8.224590724944052
v 0.0016138940142989158 4.748519814516017 -8.523380870445843
v -0.07027769111806155 4.7959763074763115 -8.54508021303984
v -0.20653177309298515 4.885919698787439 -8.224590724944052
v -0.07027769111806155 4.7959763074763115 -8.54508021303984
v -0.1429069152480364 4.8439204244317065 -8.527252446368655
v -0.20653177309298515 4.885919698787439 -8.224590724944052
v -0.1429069152480364 4.8439204244317065 -8.527252446368655
v -0.20188829409176112 4.882854393482538 -8.473432857338363
v -0.20653177309298515 4.885919698787439 -8.224590724944052
v -0.20188829409176112 4.882854393482538 -8.473432857338363
v -0.23554035410887003 4.905068263902065 -8.394279431267037
v -0.20653177309298515 4.885919698787439 -8.224590724944052
v -0.23554035410887003 4.905068263902065 -8.394279431267037
v -0.23719765101617574 4.906163316061494 -8.305468494603705
v 2.706815852506399 1.087565108657186 8.878242381376833
v 2.7637306020741463 1.1251349916257576 8.821317124276254
v 0.1803309283784628 5.03870680551212 8.821318136077911
v 2.706815852506399 1.087565108657186 8.878242381376833
v 0.1803309283784628 5.03870680551212 8.821318136077911
v 0.12341586353546381 5.001136502176546 8.878243393178472
v 0.12341586353546381 5.001136502176546 8.878243393178472
v 0.05152438349485398 4.953679588849287 8.899941895038447
v 2.6349242673740387 1.0401090360638943 8.89994172397085
v 2.706815852506399 1.087565108657186 8.878242381376833
v 0.12341586353546381 5.001136502176546 8.878243393178472
v 2.6349242673740387 1.0401090360638943 8.89994172397085
v 2.5622951483358145 0.9921644987414968 8.882113957299648
v 2.6349242673740387 1.0401090360638943 8.89994172397085
v 0.05152438349485398 4.953679588849287 8.899941895038447
v 2.5622951483358145 0.9921644987414968 8.882113957299648
v 0.05152438349485398 4.953679588849287 8.899941895038447
v -0.021104630451619626 4.905736312627861 8.882114969101304
v -0.021104630451619626 4.905736312627861 8.882114969101304
v -0.08008600929534436 4.866801923210026 8.828295380070992
v 2.503313664400339 0.9532309500576677 8.828294368269374
v 2.5622951483358145 0.9921644987414968 8.882113957299648
v -0.021104630451619626 4.905736312627861 8.882114969101304
v 2.503313664400339 0.9532309500576677 8.828294368269374
v 2.4696616043832305 0.9310170796381421 8.749140942198046
v 2.503313664400339 0.9532309500576677 8.828294368269374
v -0.08008600929534436 4.866801923210026 8.828295380070992
v 2.4696616043832305 0.9310170796381421 8.749140942198046
v -0.08008600929534436 4.866801923210026 8.828295380070992
v -0.11373806931245327 4.844588052790536 8.749141113265662
v -0.11373806931245327 4.844588052790536 8.749141113265662
v -0.11539536621975899 4.843493841365112 8.660330176602365
v 2.4680045176594256 0.9299216071117087 8.660330005534695
v 2.4696616043832305 0.9310170796381421 8.749140942198046
v -0.11373806931245327 4.844588052790536 8.749141113265662
v 2.4680045176594256 0.9299216071117087 8.660330005534695
v 2.4986702904908658 0.9501656447527669 8.579452235875062
v 2.4680045176594256 0.9299216071117087 8.660330005534695
v -0.11539536621975899 4.843493841365112 8.660330176602365
v 2.4986702904908658 0.9501656447527669 8.579452235875062
v -0.11539536621975899 4.843493841365112 8.660330176602365
v -0.08472969848006964 4.863736617905161 8.579452406942677
v -0.08472969848006964 4.863736617905161 8.579452406942677
v -0.027814528545320034 4.901306921240735 8.522527149842118
v 2.555585460425615 0.9877355277213375 8.522526978774485
v 2.4986702904908658 0.9501656447527669 8.579452235875062
v -0.08472969848006964 4.863736617905161 8.579452406942677
v 2.555585460425615 0.9877355277213375 8.522526978774485
v 2.6274766251909734 1.035192441048597 8.500828476914508
v 2.555585460425615 0.9877355277213375 8.522526978774485
v -0.027814528545320034 4.901306921240735 8.522527149842118
v 2.6274766251909734 1.035192441048597 8.500828476914508
v -0.027814528545320034 4.901306921240735 8.522527149842118
v 0.044076846403539184 4.948763834567995 8.500828647982141
v 0.044076846403539184 4.948763834567995 8.500828647982141
v 0.1167059654417634 4.996707110789421 8.518655573919286
v 2.700105954412699 1.0831361376370623 8.518654562117666
v 2.6274766251909734 1.035192441048597 8.500828476914508
v 0.044076846403539184 4.948763834567995 8.500828647982141
v 2.700105954412699 1.0831361376370623 8.518654562117666
v 2.759087228164673 1.122069686320966 8.572472469679928
v 2.700105954412699 1.0831361376370623 8.518654562117666
v 0.1167059654417634 4.996707110789421 8.518655573919286
v 2.759087228164673 1.122069686320966 8.572472469679928
v 0.1167059654417634 4.996707110789421 8.518655573919286
v 0.17568744937723876 5.035641079840252 8.572475162949578
v 0.17568744937723876 5.035641079840252 8.572475162949578
v 0.20933940430259704 5.057855790993747 8.651629429754944
v 2.792739498365283 1.1442843974743138 8.651630099421316
v 2.759087228164673 1.122069686320966 8.572472469679928
v 0.17568744937723876 5.035641079840252 8.572475162949578
v 2.792739498365283 1.1442843974743138 8.651630099421316
v 2.7943965850890877 1.145378188532736 8.740441036084594
v 2.792739498365283 1.1442843974743138 8.651630099421316
v 0.20933940430259704 5.057855790993747 8.651629429754944
v 2.7943965850890877 1.145378188532736 8.740441036084594
v 0.20933940430259704 5.057855790993747 8.651629429754944
v 0.21099659611815214 5.058949582052169 8.740440366418223
v 0.21099659611815214 5.058949582052169 8.740440366418223
v 0.1803309283784628 5.03870680551212 8.821318136077911
v 2.7637306020741463 1.1251349916257576 8.821317124276254
v 2.7943965850890877 1.145378188532736 8.740441036084594
v 0.21099659611815214 5.058949582052169 8.740440366418223
v 2.7637306020741463 1.1251349916257576 8.821317124276254
v -0.08008600929534436 4.866801923210026 8.828295380070992
v -0.021104630451619626 4.905736312627861 8.882114969101304
v 0.05152438349485398 4.953679588849287 8.899941895038447
v -0.08008600929534436 4.866801923210026 8.828295380070992
v 0.05152438349485398 4.953679588849287 8.899941895038447
v 0.12341586353546381 5.001136502176546 8.878243393178472
v -0.08008600929534436 4.866801923210026 8.828295380070992
v 0.12341586353546381 5.001136502176546 8.878243393178472
v 0.1803309283784628 5.03870680551212 8.821318136077911
v -0.08008600929534436 4.866801923210026 8.828295380070992
v 0.1803309283784628 5.03870680551212 8.821318136077911
v 0.21099659611815214 5.058949582052169 8.740440366418223
v -0.08008600929534436 4.866801923210026 8.828295380070992
v 0.21099659611815214 5.058949582052169 8.740440366418223
v 0.20933940430259704 5.057855790993747 8.651629429754944
v -0.08008600929534436 4.866801923210026 8.828295380070992
v 0.20933940430259704 5.057855790993747 8.651629429754944
v 0.17568744937723876 5.035641079840252 8.572475162949578
v -0.08008600929534436 4.866801923210026 8.828295380070992
v 0.17568744937723876 5.035641079840252 8.572475162949578
v 0.1167059654417634 4.996707110789421 8.518655573919286
v -0.08008600929534436 4.866801923210026 8.828295380070992
v 0.1167059654417634 4.996707110789421 8.518655573919286
v 0.044076846403539184 4.948763834567995 8.500828647982141
v -0.08008600929534436 4.866801923210026 8.828295380070992
v 0.044076846403539184 4.948763834567995 8.500828647982141
v -0.027814528545320034 4.901306921240735 8.522527149842118
v -0.08008600929534436 4.866801923210026 8.828295380070992
v -0.027814528545320034 4.901306921240735 8.522527149842118
v -0.08472969848006964 4.863736617905161 8.579452406942677
v -0.08008600929534436 4.866801923210026 8.828295380070992
v -0.08472969848006964 4.863736617905161 8.579452406942677
v -0.11539536621975899 4.843493841365112 8.660330176602365
v -0.08008600929534436 4.866801923210026 8.828295380070992
v -0.11539536621975899 4.843493841365112 8.660330176602365
v -0.11373806931245327 4.844588052790536 8.749141113265662
v 2.706815852506399 1.087565108657186 8.878242381376833
v 2.6349242673740387 1.0401090360638943 8.89994172397085
v 2.5622951483358145 0.9921644987414968 8.882113957299648
v 2.706815852506399 1.087565108657186 8.878242381376833
v 2.5622951483358145 0.9921644987414968 8.882113957299648
v 2.503313664400339 0.9532309500576677 8.828294368269374
v 2.706815852506399 1.087565108657186 8.878242381376833
v 2.503313664400339 0.9532309500576677 8.828294368269374
v 2.4696616043832305 0.9310170796381421 8.749140942198046
v 2.706815852506399 1.087565108657186 8.878242381376833
v 2.4696616043832305 0.9310170796381421 8.749140942198046
v 2.4680045176594256 0.9299216071117087 8.660330005534695
v 2.706815852506399 1.087565108657186 8.878242381376833
v 2.4680045176594256 0.9299216071117087 8.660330005534695
v 2.4986702904908658 0.9501656447527669 8.579452235875062
v 2.706815852506399 1.087565108657186 8.878242381376833
v 2.4986702904908658 0.9501656447527669 8.579452235875062
v 2.555585460425615 0.9877355277213375 8.522526978774485
v 2.706815852506399 1.087565108657186 8.878242381376833
v 2.555585460425615 0.9877355277213375 8.522526978774485
v 2.6274766251909734 1.035192441048597 8.500828476914508
v 2.706815852506399 1.087565108657186 8.878242381376833
v 2.6274766251909734 1.035192441048597 8.500828476914508
v 2.700105954412699 1.0831361376370623 8.518654562117666
v 2.706815852506399 1.087565108657186 8.878242381376833
v 2.700105954412699 1.0831361376370623 8.518654562117666
v 2.759087228164673 1.122069686320966 8.572472469679928
v 2.706815852506399 1.087565108657186 8.878242381376833
v 2.759087228164673 1.122069686320966 8.572472469679928
v 2.792739498365283 1.1442843974743138 8.651630099421316
v 2.706815852506399 1.087565108657186 8.878242381376833
v 2.792739498365283 1.1442843974743138 8.651630099421316
v 2.7943965850890877 1.145378188532736 8.740441036084594
v 2.706815852506399 1.087565108657186 8.878242381376833
v 2.7943965850890877 1.145378188532736 8.740441036084594
v 2.7637306020741463 1.1251349916257576 8.821317124276254
v -0.0019859188115000726 4.758527549517179 9.388680741215799
v 0.05492883075624704 4.720957666548644 9.44560515758237
v -2.528470948031187 0.8073854322952787 9.445604145780697
v -0.0019859188115000726 4.758527549517179 9.388680741215799
v -2.528470948031187 0.8073854322952787 9.445604145780697
v -2.5853861179659368 0.8449561559978562 9.388678888680156
v -2.5853861179659368 0.8449561559978562 9.388678888680156
v -2.6572774929147958 0.8924130693251158 9.36698038682018
v -0.07387750394386053 4.80598362211047 9.366981398621782
v -0.0019859188115000726 4.758527549517179 9.388680741215799
v -2.5853861179659368 0.8449561559978562 9.388678888680156
v -0.07387750394386053 4.80598362211047 9.366981398621782
v -0.14650672807383538 4.853928159432867 9.384809165292985
v -0.07387750394386053 4.80598362211047 9.366981398621782
v -2.6572774929147958 0.8924130693251158 9.36698038682018
v -0.14650672807383538 4.853928159432867 9.384809165292985
v -2.6572774929147958 0.8924130693251158 9.36698038682018
v -2.72990661195302 0.9403559251795386 9.384807312757305
v -2.72990661195302 0.9403559251795386 9.384807312757305
v -2.788887885704994 0.9792903145973728 9.438626901787615
v -0.20548810691756011 4.892861708116696 9.438628754323258
v -0.14650672807383538 4.853928159432867 9.384809165292985
v -2.72990661195302 0.9403559251795386 9.384807312757305
v -0.20548810691756011 4.892861708116696 9.438628754323258
v -0.23914016693466902 4.915075578536222 9.517782180394583
v -0.20548810691756011 4.892861708116696 9.438628754323258
v -2.788887885704994 0.9792903145973728 9.438626901787615
v -0.23914016693466902 4.915075578536222 9.517782180394583
v -2.788887885704994 0.9792903145973728 9.438626901787615
v -2.822539945722103 1.0015041850168611 9.517781168592945
v -2.822539945722103 1.0015041850168611 9.517781168592945
v -2.824197242629409 1.0025988168092894 9.60659210525626
v -0.24079746384197473 4.916171051062656 9.606593117057935
v -0.23914016693466902 4.915075578536222 9.517782180394583
v -2.822539945722103 1.0015041850168611 9.517781168592945
v -0.24079746384197473 4.916171051062656 9.606593117057935
v -0.21013158591878414 4.895927013421598 9.687470886717572
v -0.24079746384197473 4.916171051062656 9.606593117057935
v -2.824197242629409 1.0025988168092894 9.60659210525626
v -0.21013158591878414 4.895927013421598 9.687470886717572
v -2.824197242629409 1.0025988168092894 9.60659210525626
v -2.79353167998147 0.9823556199022381 9.687469874915932
v -2.79353167998147 0.9823556199022381 9.687469874915932
v -2.7366165100467206 0.9447857369336656 9.744395132016509
v -0.15321652107578515 4.858357130453026 9.744396143818147
v -0.21013158591878414 4.895927013421598 9.687470886717572
v -2.79353167998147 0.9823556199022381 9.687469874915932
v -0.15321652107578515 4.858357130453026 9.744396143818147
v -0.08132525121867656 4.810900217125766 9.766094645678123
v -0.15321652107578515 4.858357130453026 9.744396143818147
v -2.7366165100467206 0.9447857369336656 9.744395132016509
v -0.08132525121867656 4.810900217125766 9.766094645678123
v -2.7366165100467206 0.9447857369336656 9.744395132016509
v -2.66472492491436 0.8973288236064061 9.766093633876483
v -2.66472492491436 0.8973288236064061 9.766093633876483
v -2.592096016059637 0.8493851270179782 9.748266707939322
v -0.008696027088701725 4.762956520537301 9.748268560474967
v -0.08132525121867656 4.810900217125766 9.766094645678123
v -2.66472492491436 0.8973288236064061 9.766093633876483
v -0.008696027088701725 4.762956520537301 9.748268560474967
v 0.05028545684677362 4.724022971853399 9.694450652912703
v -0.008696027088701725 4.762956520537301 9.748268560474967
v -2.592096016059637 0.8493851270179782 9.748266707939322
v 0.05028545684677362 4.724022971853399 9.694450652912703
v -2.592096016059637 0.8493851270179782 9.748266707939322
v -2.5331143219406607 0.810451578334149 9.69444711890905
v -2.5331143219406607 0.810451578334149 9.69444711890905
v -2.499462472107053 0.7882368671806539 9.615292852103682
v 0.08393762195563316 4.701808260700051 9.615293023171317
v 0.05028545684677362 4.724022971853399 9.694450652912703
v -2.5331143219406607 0.810451578334149 9.69444711890905
v 0.08393762195563316 4.701808260700051 9.615293023171317
v 0.08559470867943764 4.700714469641628 9.526482086508038
v 0.08393762195563316 4.701808260700051 9.615293023171317
v -2.499462472107053 0.7882368671806539 9.615292852103682
v 0.08559470867943764 4.700714469641628 9.526482086508038
v -2.499462472107053 0.7882368671806539 9.615292852103682
v -2.497805175199747 0.7871430761222307 9.526481915440405
v -2.497805175199747 0.7871430761222307 9.526481915440405
v -2.528470948031187 0.8073854322952787 9.445604145780697
v 0.05492883075624704 4.720957666548644 9.44560515758237
v 0.08559470867943764 4.700714469641628 9.526482086508038
v -2.497805175199747 0.7871430761222307 9.526481915440405
v 0.05492883075624704 4.720957666548644 9.44560515758237
v -2.824197242629409 1.0025988168092894 9.60659210525626
v -2.822539945722103 1.0015041850168611 9.517781168592945
v -2.788887885704994 0.9792903145973728 9.438626901787615
v -2.824197242629409 1.0025988168092894 9.60659210525626
v -2.788887885704994 0.9792903145973728 9.438626901787615
v -2.72990661195302 0.9403559251795386 9.384807312757305
v -2.824197242629409 1.0025988168092894 9.60659210525626
v -2.72990661195302 0.9403559251795386 9.384807312757305
v -2.6572774929147958 0.8924130693251158 9.36698038682018
v -2.824197242629409 1.0025988168092894 9.60659210525626
v -2.6572774929147958 0.8924130693251158 9.36698038682018
v -2.5853861179659368 0.8449561559978562 9.388678888680156
v -2.824197242629409 1.0025988168092894 9.60659210525626
v -2.5853861179659368 0.8449561559978562 9.388678888680156
v -2.528470948031187 0.8073854322952787 9.445604145780697
v -2.824197242629409 1.0025988168092894 9.60659210525626
v -2.528470948031187 0.8073854322952787 9.445604145780697
v -2.497805175199747 0.7871430761222307 9.526481915440405
v -2.824197242629409 1.0025988168092894 9.60659210525626
v -2.497805175199747 0.7871430761222307 9.526481915440405
v -2.499462472107053 0.7882368671806539 9.615292852103682
v -2.824197242629409 1.0025988168092894 9.60659210525626
v -2.499462472107053 0.7882368671806539 9.615292852103682
v -2.5331143219406607 0.810451578334149 9.69444711890905
v -2.824197242629409 1.0025988168092894 9.60659210525626
v -2.5331143219406607 0.810451578334149 9.69444711890905
v -2.592096016059637 0.8493851270179782 9.748266707939322
v -2.824197242629409 1.0025988168092894 9.60659210525626
v -2.592096016059637 0.8493851270179782 9.748266707939322
v -2.66472492491436 0.8973288236064061 9.766093633876483
v -2.824197242629409 1.0025988168092894 9.60659210525626
v -2.66472492491436 0.8973288236064061 9.766093633876483
v -2.7366165100467206 0.9447857369336656 9.744395132016509
v -2.824197242629409 1.0025988168092894 9.60659210525626
v -2.7366165100467206 0.9447857369336656 9.744395132016509
v -2.79353167998147 0.9823556199022381 9.687469874915932
v -0.23914016693466902 4.915075578536222 9.517782180394583
v -0.24079746384197473 4.916171051062656 9.606593117057935
v -0.21013158591878414 4.895927013421598 9.687470886717572
v -0.23914016693466902 4.915075578536222 9.517782180394583
v -0.21013158591878414 4.895927013421598 9.687470886717572
v -0.15321652107578515 4.858357130453026 9.744396143818147
v -0.23914016693466902 4.915075578536222 9.517782180394583
v -0.15321652107578515 4.858357130453026 9.744396143818147
v -0.08132525121867656 4.810900217125766 9.766094645678123
v -0.23914016693466902 4.915075578536222 9.517782180394583
v -0.08132525121867656 4.810900217125766 9.766094645678123
v -0.008696027088701725 4.762956520537301 9.748268560474967
v -0.23914016693466902 4.915075578536222 9.517782180394583
v -0.008696027088701725 4.762956520537301 9.748268560474967
v 0.05028545684677362 4.724022971853399 9.694450652912703
v -0.23914016693466902 4.915075578536222 9.517782180394583
v 0.05028545684677362 4.724022971853399 9.694450652912703
v 0.08393762195563316 4.701808260700051 9.615293023171317
v -0.23914016693466902 4.915075578536222 9.517782180394583
v 0.08393762195563316 4.701808260700051 9.615293023171317
v 0.08559470867943764 4.700714469641628 9.526482086508038
v -0.23914016693466902 4.915075578536222 9.517782180394583
v 0.08559470867943764 4.700714469641628 9.526482086508038
v 0.05492883075624704 4.720957666548644 9.44560515758237
v -0.23914016693466902 4.915075578536222 9.517782180394583
v 0.05492883075624704 4.720957666548644 9.44560515758237
v -0.0019859188115000726 4.758527549517179 9.388680741215799
v -0.23914016693466902 4.915075578536222 9.517782180394583
v -0.0019859188115000726 4.758527549517179 9.388680741215799
v -0.07387750394386053 4.80598362211047 9.366981398621782
v -0.23914016693466902 4.915075578536222 9.517782180394583
v -0.07387750394386053 4.80598362211047 9.366981398621782
v -0.14650672807383538 4.853928159432867 9.384809165292985
v -0.23914016693466902 4.915075578536222 9.517782180394583
v -0.14650672807383538 4.853928159432867 9.384809165292985
v -0.20548810691756011 4.892861708116696 9.438628754323258
v 0.07766068216979131 4.680323689643906 -8.84232256628787
v 0.0776606756015569 4.764740561963866 -9.573973852628848
v 0.22166821675385534 4.8106072255043495 -9.56326962527262
v 0.22166821675385534 4.8106072255043495 -9.56326962527262
v 0.22166821675385534 4.727114740573155 -8.83963221542665
v 0.07766068216979131 4.680323689643906 -8.84232256628787
v 0.22166821675385534 4.727114740573155 -8.83963221542665
v 0.22166821675385534 4.8106072255043495 -9.56326962527262
v 0.3106697635320127 4.930686319640881 -9.53524627416999
v 0.3106697635320127 4.930686319640881 -9.53524627416999
v 0.3106697635320127 4.849614729194024 -8.832587699844325
v 0.22166821675385534 4.727114740573155 -8.83963221542665
v 0.3106697635320127 4.849614729194024 -8.832587699844325
v 0.3106697635320127 4.930686319640881 -9.53524627416999
v 0.31066973725907504 5.079112441934024 -9.500608867411138
v 0.31066973725907504 5.079112441934024 -9.500608867411138
v 0.31066973725907504 5.001033445311306 -8.823880211136082
v 0.3106697635320127 4.849614729194024 -8.832587699844325
v 0.31066973725907504 5.001033445311306 -8.823880211136082
v 0.31066973725907504 5.079112441934024 -9.500608867411138
v 0.22166819048091768 5.1991915360705185 -9.472584675574504
v 0.22166819048091768 5.1991915360705185 -9.472584675574504
v 0.22166819048091768 5.123533433932176 -8.81683569555376
v 0.31066973725907504 5.001033445311306 -8.823880211136082
v 0.22166819048091768 5.123533433932176 -8.81683569555376
v 0.22166819048091768 5.1991915360705185 -9.472584675574504
v 0.07766061648744717 5.245057779243998 -9.461880448218293
v 0.07766061648744717 5.245057779243998 -9.461880448218293
v 0.07766062305568158 5.170324484861426 -8.81414534469254
v 0.22166819048091768 5.123533433932176 -8.81683569555376
v 0.07766062305568158 5.170324484861426 -8.81414534469254
v 0.07766061648744717 5.245057779243998 -9.461880448218293
v -0.06634691809661686 5.1991915360705185 -9.472584675574504
v -0.06634691809661686 5.1991915360705185 -9.472584675574504
v -0.06634691809661686 5.123533433932176 -8.81683569555376
v 0.07766062305568158 5.170324484861426 -8.81414534469254
v -0.06634691809661686 5.123533433932176 -8.81683569555376
v -0.06634691809661686 5.1991915360705185 -9.472584675574504
v -0.15534843860183656 5.079112441934024 -9.500608867411138
v -0.15534843860183656 5.079112441934024 -9.500608867411138
v -0.15534843860183656 5.001033445311306 -8.823880211136082
v -0.06634691809661686 5.123533433932176 -8.81683569555376
v -0.15534843860183656 5.001033445311306 -8.823880211136082
v -0.15534843860183656 5.079112441934024 -9.500608867411138
v -0.1553484123288989 4.930686319640881 -9.53524627416999
v -0.1553484123288989 4.930686319640881 -9.53524627416999
v -0.1553484123288989 4.849614729194024 -8.832587699844325
v -0.15534843860183656 5.001033445311306 -8.823880211136082
v -0.1553484123288989 4.849614729194024 -8.832587699844325
v -0.1553484123288989 4.930686319640881 -9.53524627416999
v -0.06634678673192859 4.8106072255043495 -9.56326962527262
v -0.06634678673192859 4.8106072255043495 -9.56326962527262
v -0.06634678673192859 4.727114740573155 -8.83963221542665
v -0.1553484123288989 4.849614729194024 -8.832587699844325
v -0.06634678673192859 4.727114740573155 -8.83963221542665
v -0.06634678673192859 4.8106072255043495 -9.56326962527262
v 0.0776606756015569 4.764740561963866 -9.573973852628848
v 0.0776606756015569 4.764740561963866 -9.573973852628848
v 0.07766068216979131 4.680323689643906 -8.84232256628787
v -0.06634678673192859 4.727114740573155 -8.83963221542665
v 0.0776606756015569 4.764740561963866 -9.573973852628848
v 0.07766065589685366 5.010086952203785 -10.25965968168141
v 0.22166819048091768 5.052377973584378 -10.238964171566362
v 0.22166819048091768 5.052377973584378 -10.238964171566362
v 0.22166821675385534 4.8106072255043495 -9.56326962527262
v 0.0776606756015569 4.764740561963866 -9.573973852628848
v 0.22166821675385534 4.8106072255043495 -9.56326962527262
v 0.22166819048091768 5.052377973584378 -10.238964171566362
v 0.31066973725907504 5.163097595267216 -10.184784745244091
v 0.31066973725907504 5.163097595267216 -10.184784745244091
v 0.3106697635320127 4.930686319640881 -9.53524627416999
v 0.22166821675385534 4.8106072255043495 -9.56326962527262
v 0.3106697635320127 4.930686319640881 -9.53524627416999
v 0.31066973725907504 5.163097595267216 -10.184784745244091
v 0.3106697109861374 5.2999547958715905 -10.117814390627629
v 0.3106697109861374 5.2999547958715905 -10.117814390627629
v 0.31066973725907504 5.079112441934024 -9.500608867411138
v 0.3106697635320127 4.930686319640881 -9.53524627416999
v 0.31066973725907504 5.079112441934024 -9.500608867411138
v 0.3106697109861374 5.2999547958715905 -10.117814390627629
v 0.2216681379350424 5.410674417554427 -10.063634964305358
v 0.2216681379350424 5.410674417554427 -10.063634964305358
v 0.22166819048091768 5.1991915360705185 -9.472584675574504
v 0.31066973725907504 5.079112441934024 -9.500608867411138
v 0.22166819048091768 5.1991915360705185 -9.472584675574504
v 0.2216681379350424 5.410674417554427 -10.063634964305358
v 0.07766060335097835 5.45296543893502 -10.042939454190309
v 0.07766060335097835 5.45296543893502 -10.042939454190309
v 0.07766061648744717 5.245057779243998 -9.461880448218293
v 0.22166819048091768 5.1991915360705185 -9.472584675574504
v 0.07766061648744717 5.245057779243998 -9.461880448218293
v 0.07766060335097835 5.45296543893502 -10.042939454190309
v -0.06634694436955452 5.410674417554427 -10.063634964305358
v -0.06634694436955452 5.410674417554427 -10.063634964305358
v -0.06634691809661686 5.1991915360705185 -9.472584675574504
v 0.07766061648744717 5.245057779243998 -9.461880448218293
v -0.06634691809661686 5.1991915360705185 -9.472584675574504
v -0.06634694436955452 5.410674417554427 -10.063634964305358
v -0.15534846487477422 5.2999547958715905 -10.117814390627629
v -0.15534846487477422 5.2999547958715905 -10.117814390627629
v -0.15534843860183656 5.079112441934024 -9.500608867411138
v -0.06634691809661686 5.1991915360705185 -9.472584675574504
v -0.15534843860183656 5.079112441934024 -9.500608867411138
v -0.15534846487477422 5.2999547958715905 -10.117814390627629
v -0.15534843860183656 5.163097595267216 -10.184784745244091
v -0.15534843860183656 5.163097595267216 -10.184784745244091
v -0.1553484123288989 4.930686319640881 -9.53524627416999
v -0.15534843860183656 5.079112441934024 -9.500608867411138
v -0.1553484123288989 4.930686319640881 -9.53524627416999
v -0.15534843860183656 5.163097595267216 -10.184784745244091
v -0.06634681300486624 5.052377973584378 -10.238964171566362
v -0.06634681300486624 5.052377973584378 -10.238964171566362
v -0.06634678673192859 4.8106072255043495 -9.56326962527262
v -0.1553484123288989 4.930686319640881 -9.53524627416999
v -0.06634678673192859 4.8106072255043495 -9.56326962527262
v -0.06634681300486624 5.052377973584378 -10.238964171566362
v 0.07766065589685366 5.010086952203785 -10.25965968168141
v 0.07766065589685366 5.010086952203785 -10.25965968168141
v 0.0776606756015569 4.764740561963866 -9.573973852628848
v -0.06634678673192859 4.8106072255043495 -9.56326962527262
v 0.07766065589685366 5.010086952203785 -10.25965968168141
v 0.077660629623916 5.394794248304958 -10.86442149372751
v 0.22166816420798005 5.431514145418768 -10.834968057726167
v 0.22166816420798005 5.431514145418768 -10.834968057726167
v 0.22166819048091768 5.052377973584378 -10.238964171566362
v 0.07766065589685366 5.010086952203785 -10.25965968168141
v 0.22166819048091768 5.052377973584378 -10.238964171566362
v 0.22166816420798005 5.431514145418768 -10.834968057726167
v 0.3106697109861374 5.5276474514800285 -10.757859293523817
v 0.3106697109861374 5.5276474514800285 -10.757859293523817
v 0.31066973725907504 5.163097595267216 -10.184784745244091
v 0.22166819048091768 5.052377973584378 -10.238964171566362
v 0.31066973725907504 5.163097595267216 -10.184784745244091
v 0.3106697109861374 5.5276474514800285 -10.757859293523817
v 0.3106696847131997 5.646474269374855 -10.662546955653799
v 0.3106696847131997 5.646474269374855 -10.662546955653799
v 0.3106697109861374 5.2999547958715905 -10.117814390627629
v 0.31066973725907504 5.163097595267216 -10.184784745244091
v 0.3106697109861374 5.2999547958715905 -10.117814390627629
v 0.3106696847131997 5.646474269374855 -10.662546955653799
v 0.2216681379350424 5.7426075754361525 -10.585439032185455
v 0.2216681379350424 5.7426075754361525 -10.585439032185455
v 0.2216681379350424 5.410674417554427 -10.063634964305358
v 0.3106697109861374 5.2999547958715905 -10.117814390627629
v 0.2216681379350424 5.410674417554427 -10.063634964305358
v 0.2216681379350424 5.7426075754361525 -10.585439032185455
v 0.0776605770780407 5.7793270521829605 -10.555985596184128
v 0.0776605770780407 5.7793270521829605 -10.555985596184128
v 0.07766060335097835 5.45296543893502 -10.042939454190309
v 0.2216681379350424 5.410674417554427 -10.063634964305358
v 0.07766060335097835 5.45296543893502 -10.042939454190309
v 0.0776605770780407 5.7793270521829605 -10.555985596184128
v -0.06634697064249218 5.7426075754361525 -10.585439032185455
v -0.06634697064249218 5.7426075754361525 -10.585439032185455
v -0.06634694436955452 5.410674417554427 -10.063634964305358
v 0.07766060335097835 5.45296543893502 -10.042939454190309
v -0.06634694436955452 5.410674417554427 -10.063634964305358
v -0.06634697064249218 5.7426075754361525 -10.585439032185455
v -0.15534849114771188 5.646474269374855 -10.662546955653799
v -0.15534849114771188 5.646474269374855 -10.662546955653799
v -0.15534846487477422 5.2999547958715905 -10.117814390627629
v -0.06634694436955452 5.410674417554427 -10.063634964305358
v -0.15534846487477422 5.2999547958715905 -10.117814390627629
v -0.15534849114771188 5.646474269374855 -10.662546955653799
v -0.15534846487477422 5.5276474514800285 -10.757859293523817
v -0.15534846487477422 5.5276474514800285 -10.757859293523817
v -0.15534843860183656 5.163097595267216 -10.184784745244091
v -0.15534846487477422 5.2999547958715905 -10.117814390627629
v -0.15534843860183656 5.163097595267216 -10.184784745244091
v -0.15534846487477422 5.5276474514800285 -10.757859293523817
v -0.0663468392778039 5.431514145418804 -10.834968898460172
v -0.0663468392778039 5.431514145418804 -10.834968898460172
v -0.06634681300486624 5.052377973584378 -10.238964171566362
v -0.15534843860183656 5.163097595267216 -10.184784745244091
v -0.06634681300486624 5.052377973584378 -10.238964171566362
v -0.0663468392778039 5.431514145418804 -10.834968898460172
v 0.077660629623916 5.394794248304958 -10.86442149372751
v 0.077660629623916 5.394794248304958 -10.86442149372751
v 0.07766065589685366 5.010086952203785 -10.25965968168141
v -0.06634681300486624 5.052377973584378 -10.238964171566362
v 0.077660629623916 5.394794248304958 -10.86442149372751
v 0.07766059021450952 5.899148498100107 -11.3687761197976
v 0.2216681379350424 5.928598988322205 -11.332054538641007
v 0.2216681379350424 5.928598988322205 -11.332054538641007
v 0.22166816420798005 5.431514145418768 -10.834968057726167
v 0.077660629623916 5.394794248304958 -10.86442149372751
v 0.22166816420798005 5.431514145418768 -10.834968057726167
v 0.2216681379350424 5.928598988322205 -11.332054538641007
v 0.31066965844026206 6.005701018248036 -11.235915761067947
v 0.31066965844026206 6.005701018248036 -11.235915761067947
v 0.3106697109861374 5.5276474514800285 -10.757859293523817
v 0.22166816420798005 5.431514145418768 -10.834968057726167
v 0.3106697109861374 5.5276474514800285 -10.757859293523817
v 0.31066965844026206 6.005701018248036 -11.235915761067947
v 0.31066965844026206 6.101004518022538 -11.117082208968997
v 0.31066965844026206 6.101004518022538 -11.117082208968997
v 0.3106696847131997 5.646474269374855 -10.662546955653799
v 0.3106697109861374 5.5276474514800285 -10.757859293523817
v 0.3106696847131997 5.646474269374855 -10.662546955653799
v 0.31066965844026206 6.101004518022538 -11.117082208968997
v 0.22166808538916707 6.178106547948332 -11.020942590661932
v 0.22166808538916707 6.178106547948332 -11.020942590661932
v 0.2216681379350424 5.7426075754361525 -10.585439032185455
v 0.3106696847131997 5.646474269374855 -10.662546955653799
v 0.2216681379350424 5.7426075754361525 -10.585439032185455
v 0.22166808538916707 6.178106547948332 -11.020942590661932
v 0.07766054423686862 6.20755703817043 -10.98422100950534
v 0.07766054423686862 6.20755703817043 -10.98422100950534
v 0.0776605770780407 5.7793270521829605 -10.555985596184128
v 0.2216681379350424 5.7426075754361525 -10.585439032185455
v 0.0776605770780407 5.7793270521829605 -10.555985596184128
v 0.07766054423686862 6.20755703817043 -10.98422100950534
v -0.06634699691542983 6.178106547948332 -11.020942590661932
v -0.06634699691542983 6.178106547948332 -11.020942590661932
v -0.06634697064249218 5.7426075754361525 -10.585439032185455
v 0.0776605770780407 5.7793270521829605 -10.555985596184128
v -0.06634697064249218 5.7426075754361525 -10.585439032185455
v -0.06634699691542983 6.178106547948332 -11.020942590661932
v -0.15534851742064953 6.101004518022538 -11.117082208968997
v -0.15534851742064953 6.101004518022538 -11.117082208968997
v -0.15534849114771188 5.646474269374855 -10.662546955653799
v -0.06634697064249218 5.7426075754361525 -10.585439032185455
v -0.15534849114771188 5.646474269374855 -10.662546955653799
v -0.15534851742064953 6.101004518022538 -11.117082208968997
v -0.15534851742064953 6.005701018248036 -11.235915761067947
v -0.15534851742064953 6.005701018248036 -11.235915761067947
v -0.15534846487477422 5.5276474514800285 -10.757859293523817
v -0.15534849114771188 5.646474269374855 -10.662546955653799
v -0.15534846487477422 5.5276474514800285 -10.757859293523817
v -0.15534851742064953 6.005701018248036 -11.235915761067947
v -0.06634687868721038 5.928598988322205 -11.332054538641007
v -0.06634687868721038 5.928598988322205 -11.332054538641007
v -0.0663468392778039 5.431514145418804 -10.834968898460172
v -0.15534846487477422 5.5276474514800285 -10.757859293523817
v -0.0663468392778039 5.431514145418804 -10.834968898460172
v -0.06634687868721038 5.928598988322205 -11.332054538641007
v 0.07766059021450952 5.899148498100107 -11.3687761197976
v 0.07766059021450952 5.899148498100107 -11.3687761197976
v 0.077660629623916 5.394794248304958 -10.86442149372751
v -0.0663468392778039 5.431514145418804 -10.834968898460172
v 0.07766059021450952 5.899148498100107 -11.3687761197976
v 0.07766054423686862 6.50390508919045 -11.75347411495499
v 0.22166808538916707 6.52459870395677 -11.71118267139822
v 0.22166808538916707 6.52459870395677 -11.71118267139822
v 0.2216681379350424 5.928598988322205 -11.332054538641007
v 0.07766059021450952 5.899148498100107 -11.3687761197976
v 0.2216681379350424 5.928598988322205 -11.332054538641007
v 0.22166808538916707 6.52459870395677 -11.71118267139822
v 0.3106696321673244 6.578775808581038 -11.600461363510957
v 0.3106696321673244 6.578775808581038 -11.600461363510957
v 0.31066965844026206 6.005701018248036 -11.235915761067947
v 0.2216681379350424 5.928598988322205 -11.332054538641007
v 0.31066965844026206 6.005701018248036 -11.235915761067947
v 0.3106696321673244 6.578775808581038 -11.600461363510957
v 0.3106696321673244 6.645742367930003 -11.463603316318009
v 0.3106696321673244 6.645742367930003 -11.463603316318009
v 0.31066965844026206 6.101004518022538 -11.117082208968997
v 0.31066965844026206 6.005701018248036 -11.235915761067947
v 0.31066965844026206 6.101004518022538 -11.117082208968997
v 0.3106696321673244 6.645742367930003 -11.463603316318009
v 0.22166805911622942 6.6999194725542335 -11.352881167696744
v 0.22166805911622942 6.6999194725542335 -11.352881167696744
v 0.22166808538916707 6.178106547948332 -11.020942590661932
v 0.31066965844026206 6.101004518022538 -11.117082208968997
v 0.22166808538916707 6.178106547948332 -11.020942590661932
v 0.22166805911622942 6.6999194725542335 -11.352881167696744
v 0.07766050482746213 6.7206130873205545 -11.310589724139971
v 0.07766050482746213 6.7206130873205545 -11.310589724139971
v 0.07766054423686862 6.20755703817043 -10.98422100950534
v 0.22166808538916707 6.178106547948332 -11.020942590661932
v 0.07766054423686862 6.20755703817043 -10.98422100950534
v 0.07766050482746213 6.7206130873205545 -11.310589724139971
v -0.06634703632483631 6.6999194725542335 -11.352881167696744
v -0.06634703632483631 6.6999194725542335 -11.352881167696744
v -0.06634699691542983 6.178106547948332 -11.020942590661932
v 0.07766054423686862 6.20755703817043 -10.98422100950534
v -0.06634699691542983 6.178106547948332 -11.020942590661932
v -0.06634703632483631 6.6999194725542335 -11.352881167696744
v -0.1553485436935872 6.645742367930003 -11.463603316318009
v -0.1553485436935872 6.645742367930003 -11.463603316318009
v -0.15534851742064953 6.101004518022538 -11.117082208968997
v -0.06634699691542983 6.178106547948332 -11.020942590661932
v -0.15534851742064953 6.101004518022538 -11.117082208968997
v -0.1553485436935872 6.645742367930003 -11.463603316318009
v -0.1553485436935872 6.578775808581038 -11.600461363510957
v -0.1553485436935872 6.578775808581038 -11.600461363510957
v -0.15534851742064953 6.005701018248036 -11.235915761067947
v -0.15534851742064953 6.101004518022538 -11.117082208968997
v -0.15534851742064953 6.005701018248036 -11.235915761067947
v -0.1553485436935872 6.578775808581038 -11.600461363510957
v -0.06634691809661686 6.52459870395677 -11.71118267139822
v -0.06634691809661686 6.52459870395677 -11.71118267139822
v -0.06634687868721038 5.928598988322205 -11.332054538641007
v -0.15534851742064953 6.005701018248036 -11.235915761067947
v -0.06634687868721038 5.928598988322205 -11.332054538641007
v -0.06634691809661686 6.52459870395677 -11.71118267139822
v 0.07766054423686862 6.50390508919045 -11.75347411495499
v 0.07766054423686862 6.50390508919045 -11.75347411495499
v 0.07766059021450952 5.899148498100107 -11.3687761197976
v -0.06634687868721038 5.928598988322205 -11.332054538641007
v 0.07766054423686862 6.50390508919045 -11.75347411495499
v 0.07766049169099332 7.189604601619489 -11.998821285983759
v 0.22166803284329176 7.200305041662887 -11.952954201140646
v 0.22166803284329176 7.200305041662887 -11.952954201140646
v 0.22166808538916707 6.52459870395677 -11.71118267139822
v 0.07766054423686862 6.50390508919045 -11.75347411495499
v 0.22166808538916707 6.52459870395677 -11.71118267139822
v 0.22166803284329176 7.200305041662887 -11.952954201140646
v 0.31066957962144914 7.228318713826683 -11.832872161985641
v 0.31066957962144914 7.228318713826683 -11.832872161985641
v 0.3106696321673244 6.578775808581038 -11.600461363510957
v 0.22166808538916707 6.52459870395677 -11.71118267139822
v 0.3106696321673244 6.578775808581038 -11.600461363510957
v 0.31066957962144914 7.228318713826683 -11.832872161985641
v 0.31066957962144914 7.26294517806759 -11.68444477556387
v 0.31066957962144914 7.26294517806759 -11.68444477556387
v 0.3106696321673244 6.645742367930003 -11.463603316318009
v 0.3106696321673244 6.578775808581038 -11.600461363510957
v 0.3106696321673244 6.645742367930003 -11.463603316318009
v 0.31066957962144914 7.26294517806759 -11.68444477556387
v 0.22166803284329176 7.290958429864384 -11.564362736408883
v 0.22166803284329176 7.290958429864384 -11.564362736408883
v 0.22166805911622942 6.6999194725542335 -11.352881167696744
v 0.3106696321673244 6.645742367930003 -11.463603316318009
v 0.22166805911622942 6.6999194725542335 -11.352881167696744
v 0.22166803284329176 7.290958429864384 -11.564362736408883
v 0.07766046541805566 7.301658449540779 -11.51849565156579
v 0.07766046541805566 7.301658449540779 -11.51849565156579
v 0.07766050482746213 6.7206130873205545 -11.310589724139971
v 0.22166805911622942 6.6999194725542335 -11.352881167696744
v 0.07766050482746213 6.7206130873205545 -11.310589724139971
v 0.07766046541805566 7.301658449540779 -11.51849565156579
v -0.0663470757342428 7.290958429864384 -11.564362736408883
v -0.0663470757342428 7.290958429864384 -11.564362736408883
v -0.06634703632483631 6.6999194725542335 -11.352881167696744
v 0.07766050482746213 6.7206130873205545 -11.310589724139971
v -0.06634703632483631 6.6999194725542335 -11.352881167696744
v -0.0663470757342428 7.290958429864384 -11.564362736408883
v -0.15534859623946248 7.26294517806759 -11.68444477556387
v -0.15534859623946248 7.26294517806759 -11.68444477556387
v -0.1553485436935872 6.645742367930003 -11.463603316318009
v -0.06634703632483631 6.6999194725542335 -11.352881167696744
v -0.1553485436935872 6.645742367930003 -11.463603316318009
v -0.15534859623946248 7.26294517806759 -11.68444477556387
v -0.15534859623946248 7.228318713826683 -11.832872161985641
v -0.15534859623946248 7.228318713826683 -11.832872161985641
v -0.1553485436935872 6.578775808581038 -11.600461363510957
v -0.1553485436935872 6.645742367930003 -11.463603316318009
v -0.1553485436935872 6.578775808581038 -11.600461363510957
v -0.15534859623946248 7.228318713826683 -11.832872161985641
v -0.06634697064249218 7.200305041662887 -11.952954201140646
v -0.06634697064249218 7.200305041662887 -11.952954201140646
v -0.06634691809661686 6.52459870395677 -11.71118267139822
v -0.1553485436935872 6.578775808581038 -11.600461363510957
v -0.06634691809661686 6.52459870395677 -11.71118267139822
v -0.06634697064249218 7.200305041662887 -11.952954201140646
v 0.07766049169099332 7.189604601619489 -11.998821285983759
v 0.07766049169099332 7.189604601619489 -11.998821285983759
v 0.07766054423686862 6.50390508919045 -11.75347411495499
v -0.06634691809661686 6.52459870395677 -11.71118267139822
v 0.07766049169099332 7.189604601619489 -11.998821285983759
v 0.077660439145118 7.921244125064224 -12.083235151772232
v 0.22166798029741644 7.923933210733833 -12.036444100607838
v 0.22166798029741644 7.923933210733833 -12.036444100607838
v 0.22166803284329176 7.200305041662887 -11.952954201140646
v 0.07766049169099332 7.189604601619489 -11.998821285983759
v 0.22166803284329176 7.200305041662887 -11.952954201140646
v 0.22166798029741644 7.923933210733833 -12.036444100607838
v 0.3106695270755738 7.9309735119368066 -11.913943270637297
v 0.3106695270755738 7.9309735119368066 -11.913943270637297
v 0.31066957962144914 7.228318713826683 -11.832872161985641
v 0.22166803284329176 7.200305041662887 -11.952954201140646
v 0.31066957962144914 7.228318713826683 -11.832872161985641
v 0.3106695270755738 7.9309735119368066 -11.913943270637297
v 0.3106695270755738 7.939675522636572 -11.762524553759022
v 0.3106695270755738 7.939675522636572 -11.762524553759022
v 0.31066957962144914 7.26294517806759 -11.68444477556387
v 0.31066957962144914 7.228318713826683 -11.832872161985641
v 0.31066957962144914 7.26294517806759 -11.68444477556387
v 0.3106695270755738 7.939675522636572 -11.762524553759022
v 0.22166798029741644 7.946715403472581 -11.640024564522504
v 0.22166798029741644 7.946715403472581 -11.640024564522504
v 0.22166803284329176 7.290958429864384 -11.564362736408883
v 0.31066957962144914 7.26294517806759 -11.68444477556387
v 0.22166803284329176 7.290958429864384 -11.564362736408883
v 0.22166798029741644 7.946715403472581 -11.640024564522504
v 0.07766041287218034 7.949404489142189 -11.593233513358113
v 0.07766041287218034 7.949404489142189 -11.593233513358113
v 0.07766046541805566 7.301658449540779 -11.51849565156579
v 0.22166803284329176 7.290958429864384 -11.564362736408883
v 0.07766046541805566 7.301658449540779 -11.51849565156579
v 0.07766041287218034 7.949404489142189 -11.593233513358113
v -0.06634712828011811 7.946715403472581 -11.640024564522504
v -0.06634712828011811 7.946715403472581 -11.640024564522504
v -0.0663470757342428 7.290958429864384 -11.564362736408883
v 0.07766046541805566 7.301658449540779 -11.51849565156579
v -0.0663470757342428 7.290958429864384 -11.564362736408883
v -0.06634712828011811 7.946715403472581 -11.640024564522504
v -0.1553486487853378 7.939675522636572 -11.762524553759022
v -0.1553486487853378 7.939675522636572 -11.762524553759022
v -0.15534859623946248 7.26294517806759 -11.68444477556387
v -0.0663470757342428 7.290958429864384 -11.564362736408883
v -0.15534859623946248 7.26294517806759 -11.68444477556387
v -0.1553486487853378 7.939675522636572 -11.762524553759022
v -0.1553486487853378 7.9309735119368066 -11.913943270637297
v -0.1553486487853378 7.9309735119368066 -11.913943270637297
v -0.15534859623946248 7.228318713826683 -11.832872161985641
v -0.15534859623946248 7.26294517806759 -11.68444477556387
v -0.15534859623946248 7.228318713826683 -11.832872161985641
v -0.1553486487853378 7.9309735119368066 -11.913943270637297
v -0.0663470231883675 7.923933210733833 -12.036444100607838
v -0.0663470231883675 7.923933210733833 -12.036444100607838
v -0.06634697064249218 7.200305041662887 -11.952954201140646
v -0.15534859623946248 7.228318713826683 -11.832872161985641
v -0.06634697064249218 7.200305041662887 -11.952954201140646
v -0.0663470231883675 7.923933210733833 -12.036444100607838
v 0.077660439145118 7.921244125064224 -12.083235151772232
v 0.077660439145118 7.921244125064224 -12.083235151772232
v 0.07766049169099332 7.189604601619489 -11.998821285983759
v -0.06634697064249218 7.200305041662887 -11.952954201140646
v 0.077660439145118 7.921244125064224 -12.083235151772232
v 0.07766012386986614 12.057594896689737 -12.083234970966602
v 0.2216676650221646 12.054905386562524 -12.036443920037316
v 0.2216676650221646 12.054905386562524 -12.036443920037316
v 0.22166798029741644 7.923933210733833 -12.036444100607838
v 0.077660439145118 7.921244125064224 -12.083235151772232
v 0.22166798029741644 7.923933210733833 -12.036444100607838
v 0.2216676650221646 12.054905386562524 -12.036443920037316
v 0.3106692118003219 12.047865915384191 -11.91394309068222
v 0.3106692118003219 12.047865915384191 -11.91394309068222
v 0.3106695270755738 7.9309735119368066 -11.913943270637297
v 0.22166798029741644 7.923933210733833 -12.036444100607838
v 0.3106695270755738 7.9309735119368066 -11.913943270637297
v 0.3106692118003219 12.047865915384191 -11.91394309068222
v 0.3106692118003219 12.03916347107998 -11.762524374564718
v 0.3106692118003219 12.03916347107998 -11.762524374564718
v 0.3106695270755738 7.939675522636572 -11.762524553759022
v 0.3106695270755738 7.9309735119368066 -11.913943270637297
v 0.3106695270755738 7.939675522636572 -11.762524553759022
v 0.3106692118003219 12.03916347107998 -11.762524374564718
v 0.2216676650221646 12.03212315916768 -11.640024385943665
v 0.2216676650221646 12.03212315916768 -11.640024385943665
v 0.22166798029741644 7.946715403472581 -11.640024564522504
v 0.3106695270755738 7.939675522636572 -11.762524553759022
v 0.22166798029741644 7.946715403472581 -11.640024564522504
v 0.2216676650221646 12.03212315916768 -11.640024385943665
v 0.07766010416516289 12.02943448977447 -11.593233335014343
v 0.07766010416516289 12.02943448977447 -11.593233335014343
v 0.07766041287218034 7.949404489142189 -11.593233513358113
v 0.22166798029741644 7.946715403472581 -11.640024564522504
v 0.07766041287218034 7.949404489142189 -11.593233513358113
v 0.07766010416516289 12.02943448977447 -11.593233335014343
v -0.06634744355536998 12.03212315916768 -11.640024385943665
v -0.06634744355536998 12.03212315916768 -11.640024385943665
v -0.06634712828011811 7.946715403472581 -11.640024564522504
v 0.07766041287218034 7.949404489142189 -11.593233513358113
v -0.06634712828011811 7.946715403472581 -11.640024564522504
v -0.06634744355536998 12.03212315916768 -11.640024385943665
v -0.15534896406058968 12.03916347107998 -11.762524374564718
v -0.15534896406058968 12.03916347107998 -11.762524374564718
v -0.1553486487853378 7.939675522636572 -11.762524553759022
v -0.06634712828011811 7.946715403472581 -11.640024564522504
v -0.1553486487853378 7.939675522636572 -11.762524553759022
v -0.15534896406058968 12.03916347107998 -11.762524374564718
v -0.15534896406058968 12.047865915384191 -11.91394309068222
v -0.15534896406058968 12.047865915384191 -11.91394309068222
v -0.1553486487853378 7.9309735119368066 -11.913943270637297
v -0.1553486487853378 7.939675522636572 -11.762524553759022
v -0.1553486487853378 7.9309735119368066 -11.913943270637297
v -0.15534896406058968 12.047865915384191 -11.91394309068222
v -0.06634733846361936 12.054905386562524 -12.036443920037316
v -0.06634733846361936 12.054905386562524 -12.036443920037316
v -0.0663470231883675 7.923933210733833 -12.036444100607838
v -0.1553486487853378 7.9309735119368066 -11.913943270637297
v -0.0663470231883675 7.923933210733833 -12.036444100607838
v -0.06634733846361936 12.054905386562524 -12.036443920037316
v 0.07766012386986614 12.057594896689737 -12.083234970966602
v 0.07766012386986614 12.057594896689737 -12.083234970966602
v 0.077660439145118 7.921244125064224 -12.083235151772232
v -0.0663470231883675 7.923933210733833 -12.036444100607838
v 0.07766012386986614 12.057594896689737 -12.083234970966602
v 0.07766007132399082 12.789233572020807 -11.998821881950215
v 0.22166761247628927 12.77853438906859 -11.952954798042509
v 0.22166761247628927 12.77853438906859 -11.952954798042509
v 0.2216676650221646 12.054905386562524 -12.036443920037316
v 0.07766012386986614 12.057594896689737 -12.083234970966602
v 0.2216676650221646 12.054905386562524 -12.036443920037316
v 0.22166761247628927 12.77853438906859 -11.952954798042509
v 0.3106691592544466 12.750521126773927 -11.832873602070524
v 0.3106691592544466 12.750521126773927 -11.832873602070524
v 0.3106692118003219 12.047865915384191 -11.91394309068222
v 0.2216676650221646 12.054905386562524 -12.036443920037316
v 0.3106692118003219 12.047865915384191 -11.91394309068222
v 0.3106691592544466 12.750521126773927 -11.832873602070524
v 0.3106691592544466 12.71589464955705 -11.684445377941891
v 0.3106691592544466 12.71589464955705 -11.684445377941891
v 0.3106692118003219 12.03916347107998 -11.762524374564718
v 0.3106692118003219 12.047865915384191 -11.91394309068222
v 0.3106692118003219 12.03916347107998 -11.762524374564718
v 0.3106691592544466 12.71589464955705 -11.684445377941891
v 0.22166761247628927 12.687880546528348 -11.564363341235937
v 0.22166761247628927 12.687880546528348 -11.564363341235937
v 0.2216676650221646 12.03212315916768 -11.640024385943665
v 0.3106692118003219 12.03916347107998 -11.762524374564718
v 0.2216676650221646 12.03212315916768 -11.640024385943665
v 0.22166761247628927 12.687880546528348 -11.564363341235937
v 0.07766005818752199 12.677180522842125 -11.51849625732827
v 0.07766005818752199 12.677180522842125 -11.51849625732827
v 0.07766010416516289 12.02943448977447 -11.593233335014343
v 0.2216676650221646 12.03212315916768 -11.640024385943665
v 0.07766010416516289 12.02943448977447 -11.593233335014343
v 0.07766005818752199 12.677180522842125 -11.51849625732827
v -0.06634749610124528 12.687880546528348 -11.564363341235937
v -0.06634749610124528 12.687880546528348 -11.564363341235937
v -0.06634744355536998 12.03212315916768 -11.640024385943665
v 0.07766010416516289 12.02943448977447 -11.593233335014343
v -0.06634744355536998 12.03212315916768 -11.640024385943665
v -0.06634749610124528 12.687880546528348 -11.564363341235937
v -0.155349016606465 12.71589464955705 -11.684445377941891
v -0.155349016606465 12.71589464955705 -11.684445377941891
v -0.15534896406058968 12.03916347107998 -11.762524374564718
v -0.06634744355536998 12.03212315916768 -11.640024385943665
v -0.15534896406058968 12.03916347107998 -11.762524374564718
v -0.155349016606465 12.71589464955705 -11.684445377941891
v -0.155349016606465 12.750521126773927 -11.832873602070524
v -0.155349016606465 12.750521126773927 -11.832873602070524
v -0.15534896406058968 12.047865915384191 -11.91394309068222
v -0.15534896406058968 12.03916347107998 -11.762524374564718
v -0.15534896406058968 12.047865915384191 -11.91394309068222
v -0.155349016606465 12.750521126773927 -11.832873602070524
v -0.06634739100949466 12.77853438906859 -11.952954798042509
v -0.06634739100949466 12.77853438906859 -11.952954798042509
v -0.06634733846361936 12.054905386562524 -12.036443920037316
v -0.15534896406058968 12.047865915384191 -11.91394309068222
v -0.06634733846361936 12.054905386562524 -12.036443920037316
v -0.06634739100949466 12.77853438906859 -11.952954798042509
v 0.07766007132399082 12.789233572020807 -11.998821881950215
v 0.07766007132399082 12.789233572020807 -11.998821881950215
v 0.07766012386986614 12.057594896689737 -12.083234970966602
v -0.06634733846361936 12.054905386562524 -12.036443920037316
v 0.07766007132399082 12.789233572020807 -11.998821881950215
v 0.07766001877811551 13.474936215753395 -11.753473810241552
v 0.22166755993041395 13.454242387106339 -11.711182368493883
v 0.22166755993041395 13.454242387106339 -11.711182368493883
v 0.22166761247628927 12.77853438906859 -11.952954798042509
v 0.07766007132399082 12.789233572020807 -11.998821881950215
v 0.22166761247628927 12.77853438906859 -11.952954798042509
v 0.22166755993041395 13.454242387106339 -11.711182368493883
v 0.31066910670857134 13.400063801518035 -11.600461906077003
v 0.31066910670857134 13.400063801518035 -11.600461906077003
v 0.3106691592544466 12.750521126773927 -11.832873602070524
v 0.22166761247628927 12.77853438906859 -11.952954798042509
v 0.3106691592544466 12.750521126773927 -11.832873602070524
v 0.31066910670857134 13.400063801518035 -11.600461906077003
v 0.31066910670857134 13.333096809837558 -11.463603864738477
v 0.31066910670857134 13.333096809837558 -11.463603864738477
v 0.3106691592544466 12.71589464955705 -11.684445377941891
v 0.3106691592544466 12.750521126773927 -11.832873602070524
v 0.3106691592544466 12.71589464955705 -11.684445377941891
v 0.31066910670857134 13.333096809837558 -11.463603864738477
v 0.22166755993041395 13.27891906498326 -11.352883402321563
v 0.22166755993041395 13.27891906498326 -11.352883402321563
v 0.22166761247628927 12.687880546528348 -11.564363341235937
v 0.3106691592544466 12.71589464955705 -11.684445377941891
v 0.22166761247628927 12.687880546528348 -11.564363341235937
v 0.22166755993041395 13.27891906498326 -11.352883402321563
v 0.0776600122098811 13.258225236336203 -11.310591960573893
v 0.0776600122098811 13.258225236336203 -11.310591960573893
v 0.07766005818752199 12.677180522842125 -11.51849625732827
v 0.22166761247628927 12.687880546528348 -11.564363341235937
v 0.07766005818752199 12.677180522842125 -11.51849625732827
v 0.0776600122098811 13.258225236336203 -11.310591960573893
v -0.06634753551065177 13.27891906498326 -11.352883402321563
v -0.06634753551065177 13.27891906498326 -11.352883402321563
v -0.06634749610124528 12.687880546528348 -11.564363341235937
v 0.07766005818752199 12.677180522842125 -11.51849625732827
v -0.06634749610124528 12.687880546528348 -11.564363341235937
v -0.06634753551065177 13.27891906498326 -11.352883402321563
v -0.15534906915234029 13.333096809837558 -11.463603864738477
v -0.15534906915234029 13.333096809837558 -11.463603864738477
v -0.155349016606465 12.71589464955705 -11.684445377941891
v -0.06634749610124528 12.687880546528348 -11.564363341235937
v -0.155349016606465 12.71589464955705 -11.684445377941891
v -0.15534906915234029 13.333096809837558 -11.463603864738477
v -0.15534906915234029 13.400063801518035 -11.600461906077003
v -0.15534906915234029 13.400063801518035 -11.600461906077003
v -0.155349016606465 12.750521126773927 -11.832873602070524
v -0.155349016606465 12.71589464955705 -11.684445377941891
v -0.155349016606465 12.750521126773927 -11.832873602070524
v -0.15534906915234029 13.400063801518035 -11.600461906077003
v -0.06634744355536998 13.454242387106339 -11.711182368493883
v -0.06634744355536998 13.454242387106339 -11.711182368493883
v -0.06634739100949466 12.77853438906859 -11.952954798042509
v -0.155349016606465 12.750521126773927 -11.832873602070524
v -0.06634739100949466 12.77853438906859 -11.952954798042509
v -0.06634744355536998 13.454242387106339 -11.711182368493883
v 0.07766001877811551 13.474936215753395 -11.753473810241552
v 0.07766001877811551 13.474936215753395 -11.753473810241552
v 0.07766007132399082 12.789233572020807 -11.998821881950215
v -0.06634739100949466 12.77853438906859 -11.952954798042509
v 0.07766001877811551 13.474936215753395 -11.753473810241552
v 0.07765997280047461 14.07968962045974 -11.368773240012786
v 0.22166750738453866 14.050238706660338 -11.332051661430857
v 0.22166750738453866 14.050238706660338 -11.332051661430857
v 0.22166755993041395 13.454242387106339 -11.711182368493883
v 0.07766001877811551 13.474936215753395 -11.753473810241552
v 0.22166755993041395 13.454242387106339 -11.711182368493883
v 0.22166750738453866 14.050238706660338 -11.332051661430857
v 0.3106690804356337 13.97313666832979 -11.23591289059827
v 0.3106690804356337 13.97313666832979 -11.23591289059827
v 0.31066910670857134 13.400063801518035 -11.600461906077003
v 0.22166755993041395 13.454242387106339 -11.711182368493883
v 0.31066910670857134 13.400063801518035 -11.600461906077003
v 0.3106690804356337 13.97313666832979 -11.23591289059827
v 0.3106690804356337 13.877833578533531 -11.117079346830998
v 0.3106690804356337 13.877833578533531 -11.117079346830998
v 0.31066910670857134 13.333096809837558 -11.463603864738477
v 0.31066910670857134 13.400063801518035 -11.600461906077003
v 0.31066910670857134 13.333096809837558 -11.463603864738477
v 0.3106690804356337 13.877833578533531 -11.117079346830998
v 0.22166750738453866 13.800732380936989 -11.020940575998376
v 0.22166750738453866 13.800732380936989 -11.020940575998376
v 0.22166755993041395 13.27891906498326 -11.352883402321563
v 0.31066910670857134 13.333096809837558 -11.463603864738477
v 0.22166755993041395 13.27891906498326 -11.352883402321563
v 0.22166750738453866 13.800732380936989 -11.020940575998376
v 0.07765997280047461 13.771281467137584 -10.984218997416445
v 0.07765997280047461 13.771281467137584 -10.984218997416445
v 0.0776600122098811 13.258225236336203 -11.310591960573893
v 0.22166755993041395 13.27891906498326 -11.352883402321563
v 0.0776600122098811 13.258225236336203 -11.310591960573893
v 0.07765997280047461 13.771281467137584 -10.984218997416445
v -0.06634757492005824 13.800732380936989 -11.020940575998376
v -0.06634757492005824 13.800732380936989 -11.020940575998376
v -0.06634753551065177 13.27891906498326 -11.352883402321563
v 0.0776600122098811 13.258225236336203 -11.310591960573893
v -0.06634753551065177 13.27891906498326 -11.352883402321563
v -0.06634757492005824 13.800732380936989 -11.020940575998376
v -0.15534909542527794 13.877833578533531 -11.117079346830998
v -0.15534909542527794 13.877833578533531 -11.117079346830998
v -0.15534906915234029 13.333096809837558 -11.463603864738477
v -0.06634753551065177 13.27891906498326 -11.352883402321563
v -0.15534906915234029 13.333096809837558 -11.463603864738477
v -0.15534909542527794 13.877833578533531 -11.117079346830998
v -0.15534909542527794 13.97313666832979 -11.23591289059827
v -0.15534909542527794 13.97313666832979 -11.23591289059827
v -0.15534906915234029 13.400063801518035 -11.600461906077003
v -0.15534906915234029 13.333096809837558 -11.463603864738477
v -0.15534906915234029 13.400063801518035 -11.600461906077003
v -0.15534909542527794 13.97313666832979 -11.23591289059827
v -0.06634748296477645 14.050238706660338 -11.332051661430857
v -0.06634748296477645 14.050238706660338 -11.332051661430857
v -0.06634744355536998 13.454242387106339 -11.711182368493883
v -0.15534906915234029 13.400063801518035 -11.600461906077003
v -0.06634744355536998 13.454242387106339 -11.711182368493883
v -0.06634748296477645 14.050238706660338 -11.332051661430857
v 0.07765997280047461 14.07968962045974 -11.368773240012786
v 0.07765997280047461 14.07968962045974 -11.368773240012786
v 0.07766001877811551 13.474936215753395 -11.753473810241552
v -0.06634744355536998 13.454242387106339 -11.711182368493883
v 0.07765997280047461 14.07968962045974 -11.368773240012786
v 0.07765993339106814 14.584051813135744 -10.864416047648287
v 0.221667481111601 14.547331072713103 -10.834964296325145
v 0.221667481111601 14.547331072713103 -10.834964296325145
v 0.22166750738453866 14.050238706660338 -11.332051661430857
v 0.07765997280047461 14.07968962045974 -11.368773240012786
v 0.22166750738453866 14.050238706660338 -11.332051661430857
v 0.221667481111601 14.547331072713103 -10.834964296325145
v 0.31066902788975836 14.45119481734191 -10.757858903463186
v 0.31066902788975836 14.45119481734191 -10.757858903463186
v 0.3106690804356337 13.97313666832979 -11.23591289059827
v 0.22166750738453866 14.050238706660338 -11.332051661430857
v 0.3106690804356337 13.97313666832979 -11.23591289059827
v 0.31066902788975836 14.45119481734191 -10.757858903463186
v 0.310669054162696 14.332363787444848 -10.662552461119555
v 0.310669054162696 14.332363787444848 -10.662552461119555
v 0.3106690804356337 13.877833578533531 -11.117079346830998
v 0.3106690804356337 13.97313666832979 -11.23591289059827
v 0.3106690804356337 13.877833578533531 -11.117079346830998
v 0.310669054162696 14.332363787444848 -10.662552461119555
v 0.22166750738453866 14.236227532073656 -10.585447068257595
v 0.22166750738453866 14.236227532073656 -10.585447068257595
v 0.22166750738453866 13.800732380936989 -11.020940575998376
v 0.3106690804356337 13.877833578533531 -11.117079346830998
v 0.22166750738453866 13.800732380936989 -11.020940575998376
v 0.22166750738453866 14.236227532073656 -10.585447068257595
v 0.07765993995930255 14.199505950917043 -10.555996157668496
v 0.07765993995930255 14.199505950917043 -10.555996157668496
v 0.07765997280047461 13.771281467137584 -10.984218997416445
v 0.22166750738453866 13.800732380936989 -11.020940575998376
v 0.07765997280047461 13.771281467137584 -10.984218997416445
v 0.07765993995930255 14.199505950917043 -10.555996157668496
v -0.0663476011929959 14.236227532073656 -10.585447068257595
v -0.0663476011929959 14.236227532073656 -10.585447068257595
v -0.06634757492005824 13.800732380936989 -11.020940575998376
v 0.07765997280047461 13.771281467137584 -10.984218997416445
v -0.06634757492005824 13.800732380936989 -11.020940575998376
v -0.0663476011929959 14.236227532073656 -10.585447068257595
v -0.1553491216982156 14.33236378744481 -10.66255162038555
v -0.1553491216982156 14.33236378744481 -10.66255162038555
v -0.15534909542527794 13.877833578533531 -11.117079346830998
v -0.06634757492005824 13.800732380936989 -11.020940575998376
v -0.15534909542527794 13.877833578533531 -11.117079346830998
v -0.1553491216982156 14.33236378744481 -10.66255162038555
v -0.15534914797115326 14.45119481734191 -10.757858903463186
v -0.15534914797115326 14.45119481734191 -10.757858903463186
v -0.15534909542527794 13.97313666832979 -11.23591289059827
v -0.15534909542527794 13.877833578533531 -11.117079346830998
v -0.15534909542527794 13.97313666832979 -11.23591289059827
v -0.15534914797115326 14.45119481734191 -10.757858903463186
v -0.06634752237418294 14.547331072713103 -10.834964296325145
v -0.06634752237418294 14.547331072713103 -10.834964296325145
v -0.06634748296477645 14.050238706660338 -11.332051661430857
v -0.15534909542527794 13.97313666832979 -11.23591289059827
v -0.06634748296477645 14.050238706660338 -11.332051661430857
v -0.06634752237418294 14.547331072713103 -10.834964296325145
v 0.07765993339106814 14.584051813135744 -10.864416047648287
v 0.07765993339106814 14.584051813135744 -10.864416047648287
v 0.07765997280047461 14.07968962045974 -11.368773240012786
v -0.06634748296477645 14.050238706660338 -11.332051661430857
v 0.07765993339106814 14.584051813135744 -10.864416047648287
v 0.07765990711813048 14.9687514897611 -10.259658405640366
v 0.22166745483866335 14.926460046204244 -10.238962899222534
v 0.22166745483866335 14.926460046204244 -10.238962899222534
v 0.221667481111601 14.547331072713103 -10.834964296325145
v 0.07765993339106814 14.584051813135744 -10.864416047648287
v 0.221667481111601 14.547331072713103 -10.834964296325145
v 0.22166745483866335 14.926460046204244 -10.238962899222534
v 0.3106690016168207 14.815740419784895 -10.18478348257968
v 0.3106690016168207 14.815740419784895 -10.18478348257968
v 0.31066902788975836 14.45119481734191 -10.757858903463186
v 0.221667481111601 14.547331072713103 -10.834964296325145
v 0.31066902788975836 14.45119481734191 -10.757858903463186
v 0.3106690016168207 14.815740419784895 -10.18478348257968
v 0.31066902788975836 14.67888405405979 -10.117813139927618
v 0.31066902788975836 14.67888405405979 -10.117813139927618
v 0.310669054162696 14.332363787444848 -10.662552461119555
v 0.31066902788975836 14.45119481734191 -10.757858903463186
v 0.310669054162696 14.332363787444848 -10.662552461119555
v 0.31066902788975836 14.67888405405979 -10.117813139927618
v 0.22166745483866335 14.56816442764044 -10.063633723284763
v 0.22166745483866335 14.56816442764044 -10.063633723284763
v 0.22166750738453866 14.236227532073656 -10.585447068257595
v 0.310669054162696 14.332363787444848 -10.662552461119555
v 0.22166750738453866 14.236227532073656 -10.585447068257595
v 0.22166745483866335 14.56816442764044 -10.063633723284763
v 0.07765992025459931 14.525872984083584 -10.042938216866931
v 0.07765992025459931 14.525872984083584 -10.042938216866931
v 0.07765993995930255 14.199505950917043 -10.555996157668496
v 0.22166750738453866 14.236227532073656 -10.585447068257595
v 0.07765993995930255 14.199505950917043 -10.555996157668496
v 0.07765992025459931 14.525872984083584 -10.042938216866931
v -0.06634762746593356 14.56816442764044 -10.063633723284763
v -0.06634762746593356 14.56816442764044 -10.063633723284763
v -0.0663476011929959 14.236227532073656 -10.585447068257595
v 0.07765993995930255 14.199505950917043 -10.555996157668496
v -0.0663476011929959 14.236227532073656 -10.585447068257595
v -0.06634762746593356 14.56816442764044 -10.063633723284763
v -0.15534914797115326 14.67888405405979 -10.117813139927618
v -0.15534914797115326 14.67888405405979 -10.117813139927618
v -0.1553491216982156 14.33236378744481 -10.66255162038555
v -0.0663476011929959 14.236227532073656 -10.585447068257595
v -0.1553491216982156 14.33236378744481 -10.66255162038555
v -0.15534914797115326 14.67888405405979 -10.117813139927618
v -0.15534917424409092 14.815740419784895 -10.18478348257968
v -0.15534917424409092 14.815740419784895 -10.18478348257968
v -0.15534914797115326 14.45119481734191 -10.757858903463186
v -0.1553491216982156 14.33236378744481 -10.66255162038555
v -0.15534914797115326 14.45119481734191 -10.757858903463186
v -0.15534917424409092 14.815740419784895 -10.18478348257968
v -0.0663475486471206 14.926460046204244 -10.238962899222534
v -0.0663475486471206 14.926460046204244 -10.238962899222534
v -0.06634752237418294 14.547331072713103 -10.834964296325145
v -0.15534914797115326 14.45119481734191 -10.757858903463186
v -0.06634752237418294 14.547331072713103 -10.834964296325145
v -0.0663475486471206 14.926460046204244 -10.238962899222534
v 0.07765990711813048 14.9687514897611 -10.259658405640366
v 0.07765990711813048 14.9687514897611 -10.259658405640366
v 0.07765993339106814 14.584051813135744 -10.864416047648287
v -0.06634752237418294 14.547331072713103 -10.834964296325145
v 0.07765990711813048 14.9687514897611 -10.259658405640366
v 0.07765988741342723 15.214098660790466 -9.573972555138907
v 0.2216674285657257 15.168231575947187 -9.563268331792488
v 0.2216674285657257 15.168231575947187 -9.563268331792488
v 0.22166745483866335 14.926460046204244 -10.238962899222534
v 0.07765990711813048 14.9687514897611 -10.259658405640366
v 0.22166745483866335 14.926460046204244 -10.238962899222534
v 0.2216674285657257 15.168231575947187 -9.563268331792488
v 0.31066897534388305 15.048152899727778 -9.535244991187488
v 0.31066897534388305 15.048152899727778 -9.535244991187488
v 0.3106690016168207 14.815740419784895 -10.18478348257968
v 0.22166745483866335 14.926460046204244 -10.238962899222534
v 0.3106690016168207 14.815740419784895 -10.18478348257968
v 0.31066897534388305 15.048152899727778 -9.535244991187488
v 0.3106690016168207 14.899726354039537 -9.500607597404478
v 0.3106690016168207 14.899726354039537 -9.500607597404478
v 0.31066902788975836 14.67888405405979 -10.117813139927618
v 0.3106690016168207 14.815740419784895 -10.18478348257968
v 0.31066902788975836 14.67888405405979 -10.117813139927618
v 0.3106690016168207 14.899726354039537 -9.500607597404478
v 0.22166745483866335 14.77964767782009 -9.472583416065474
v 0.22166745483866335 14.77964767782009 -9.472583416065474
v 0.22166745483866335 14.56816442764044 -10.063633723284763
v 0.31066902788975836 14.67888405405979 -10.117813139927618
v 0.22166745483866335 14.56816442764044 -10.063633723284763
v 0.22166745483866335 14.77964767782009 -9.472583416065474
v 0.07765990054989606 14.733780592976814 -9.461879192719055
v 0.07765990054989606 14.733780592976814 -9.461879192719055
v 0.07765992025459931 14.525872984083584 -10.042938216866931
v 0.22166745483866335 14.56816442764044 -10.063633723284763
v 0.07765992025459931 14.525872984083584 -10.042938216866931
v 0.07765990054989606 14.733780592976814 -9.461879192719055
v -0.06634765373887122 14.77964767782009 -9.472583416065474
v -0.06634765373887122 14.77964767782009 -9.472583416065474
v -0.06634762746593356 14.56816442764044 -10.063633723284763
v 0.07765992025459931 14.525872984083584 -10.042938216866931
v -0.06634762746593356 14.56816442764044 -10.063633723284763
v -0.06634765373887122 14.77964767782009 -9.472583416065474
v -0.15534917424409092 14.899726354039537 -9.500607597404478
v -0.15534917424409092 14.899726354039537 -9.500607597404478
v -0.15534914797115326 14.67888405405979 -10.117813139927618
v -0.06634762746593356 14.56816442764044 -10.063633723284763
v -0.15534914797115326 14.67888405405979 -10.117813139927618
v -0.15534917424409092 14.899726354039537 -9.500607597404478
v -0.15534920051702858 15.048152899727778 -9.535244991187488
v -0.15534920051702858 15.048152899727778 -9.535244991187488
v -0.15534917424409092 14.815740419784895 -10.18478348257968
v -0.15534914797115326 14.67888405405979 -10.117813139927618
v -0.15534917424409092 14.815740419784895 -10.18478348257968
v -0.15534920051702858 15.048152899727778 -9.535244991187488
v -0.06634757492005824 15.168231575947187 -9.563268331792488
v -0.06634757492005824 15.168231575947187 -9.563268331792488
v -0.0663475486471206 14.926460046204244 -10.238962899222534
v -0.15534917424409092 14.815740419784895 -10.18478348257968
v -0.0663475486471206 14.926460046204244 -10.238962899222534
v -0.06634757492005824 15.168231575947187 -9.563268331792488
v 0.07765988741342723 15.214098660790466 -9.573972555138907
v 0.07765988741342723 15.214098660790466 -9.573972555138907
v 0.07765990711813048 14.9687514897611 -10.259658405640366
v -0.0663475486471206 14.926460046204244 -10.238962899222534
v 0.07765988741342723 15.214098660790466 -9.573972555138907
v 0.07765988084519282 15.298515048780477 -8.842322102151998
v 0.2216674285657257 15.251723997616029 -8.839631755381381
v 0.2216674285657257 15.251723997616029 -8.839631755381381
v 0.2216674285657257 15.168231575947187 -9.563268331792488
v 0.07765988741342723 15.214098660790466 -9.573972555138907
v 0.2216674285657257 15.168231575947187 -9.563268331792488
v 0.2216674285657257 15.251723997616029 -8.839631755381381
v 0.31066897534388305 15.129224008379307 -8.832587250508345
v 0.31066897534388305 15.129224008379307 -8.832587250508345
v 0.31066897534388305 15.048152899727778 -9.535244991187488
v 0.2216674285657257 15.168231575947187 -9.563268331792488
v 0.31066897534388305 15.048152899727778 -9.535244991187488
v 0.31066897534388305 15.129224008379307 -8.832587250508345
v 0.3106690016168207 14.977805291500793 -8.823879775037549
v 0.3106690016168207 14.977805291500793 -8.823879775037549
v 0.3106690016168207 14.899726354039537 -9.500607597404478
v 0.31066897534388305 15.048152899727778 -9.535244991187488
v 0.3106690016168207 14.899726354039537 -9.500607597404478
v 0.3106690016168207 14.977805291500793 -8.823879775037549
v 0.22166745483866335 14.855305302264075 -8.816835270164512
v 0.22166745483866335 14.855305302264075 -8.816835270164512
v 0.22166745483866335 14.77964767782009 -9.472583416065474
v 0.3106690016168207 14.899726354039537 -9.500607597404478
v 0.22166745483866335 14.77964767782009 -9.472583416065474
v 0.22166745483866335 14.855305302264075 -8.816835270164512
v 0.07765989398166165 14.808514251099627 -8.814144923393897
v 0.07765989398166165 14.808514251099627 -8.814144923393897
v 0.07765990054989606 14.733780592976814 -9.461879192719055
v 0.22166745483866335 14.77964767782009 -9.472583416065474
v 0.07765990054989606 14.733780592976814 -9.461879192719055
v 0.07765989398166165 14.808514251099627 -8.814144923393897
v -0.06634765373887122 14.855305302264075 -8.816835270164512
v -0.06634765373887122 14.855305302264075 -8.816835270164512
v -0.06634765373887122 14.77964767782009 -9.472583416065474
v 0.07765990054989606 14.733780592976814 -9.461879192719055
v -0.06634765373887122 14.77964767782009 -9.472583416065474
v -0.06634765373887122 14.855305302264075 -8.816835270164512
v -0.15534917424409092 14.977805291500793 -8.823879775037549
v -0.15534917424409092 14.977805291500793 -8.823879775037549
v -0.15534917424409092 14.899726354039537 -9.500607597404478
v -0.06634765373887122 14.77964767782009 -9.472583416065474
v -0.15534917424409092 14.899726354039537 -9.500607597404478
v -0.15534917424409092 14.977805291500793 -8.823879775037549
v -0.15534920051702858 15.129224008379307 -8.832587250508345
v -0.15534920051702858 15.129224008379307 -8.832587250508345
v -0.15534920051702858 15.048152899727778 -9.535244991187488
v -0.15534917424409092 14.899726354039537 -9.500607597404478
v -0.15534920051702858 15.048152899727778 -9.535244991187488
v -0.15534920051702858 15.129224008379307 -8.832587250508345
v -0.06634757492005824 15.251723997616029 -8.839631755381381
v -0.06634757492005824 15.251723997616029 -8.839631755381381
v -0.06634757492005824 15.168231575947187 -9.563268331792488
v -0.15534920051702858 15.048152899727778 -9.535244991187488
v -0.06634757492005824 15.168231575947187 -9.563268331792488
v -0.06634757492005824 15.251723997616029 -8.839631755381381
v 0.07765988084519282 15.298515048780477 -8.842322102151998
v 0.07765988084519282 15.298515048780477 -8.842322102151998
v 0.07765988741342723 15.214098660790466 -9.573972555138907
v -0.06634757492005824 15.168231575947187 -9.563268331792488
v 0.07765988084519282 15.298515048780477 -8.842322102151998
v 0.07765988084519282 15.298515110075732 8.98915851763142
v 0.2216674285657257 15.251724059146518 8.986467326036195
v 0.2216674285657257 15.251724059146518 8.986467326036195
v 0.2216674285657257 15.251723997616029 -8.839631755381381
v 0.07765988084519282 15.298515048780477 -8.842322102151998
v 0.2216674285657257 15.251723997616029 -8.839631755381381
v 0.2216674285657257 15.251724059146518 8.986467326036195
v 0.31066897534388305 15.129224070525613 8.979423651187876
v 0.31066897534388305 15.129224070525613 8.979423651187876
v 0.31066897534388305 15.129224008379307 -8.832587250508345
v 0.2216674285657257 15.251723997616029 -8.839631755381381
v 0.31066897534388305 15.129224008379307 -8.832587250508345
v 0.31066897534388305 15.129224070525613 8.979423651187876
v 0.3106690016168207 14.97780535440833 8.970716162479635
v 0.3106690016168207 14.97780535440833 8.970716162479635
v 0.3106690016168207 14.977805291500793 -8.823879775037549
v 0.31066897534388305 15.129224008379307 -8.832587250508345
v 0.3106690016168207 14.977805291500793 -8.823879775037549
v 0.3106690016168207 14.97780535440833 8.970716162479635
v 0.22166745483866335 14.855305365787425 8.963672487631314
v 0.22166745483866335 14.855305365787425 8.963672487631314
v 0.22166745483866335 14.855305302264075 -8.816835270164512
v 0.3106690016168207 14.977805291500793 -8.823879775037549
v 0.22166745483866335 14.855305302264075 -8.816835270164512
v 0.22166745483866335 14.855305365787425 8.963672487631314
v 0.07765989398166165 14.808514314858211 8.96098129603609
v 0.07765989398166165 14.808514314858211 8.96098129603609
v 0.07765989398166165 14.808514251099627 -8.814144923393897
v 0.22166745483866335 14.855305302264075 -8.816835270164512
v 0.07765989398166165 14.808514251099627 -8.814144923393897
v 0.07765989398166165 14.808514314858211 8.96098129603609
v -0.06634765373887122 14.855305365787425 8.963672487631314
v -0.06634765373887122 14.855305365787425 8.963672487631314
v -0.06634765373887122 14.855305302264075 -8.816835270164512
v 0.07765989398166165 14.808514251099627 -8.814144923393897
v -0.06634765373887122 14.855305302264075 -8.816835270164512
v -0.06634765373887122 14.855305365787425 8.963672487631314
v -0.15534917424409092 14.97780535440833 8.970716162479635
v -0.15534917424409092 14.97780535440833 8.970716162479635
v -0.15534917424409092 14.977805291500793 -8.823879775037549
v -0.06634765373887122 14.855305302264075 -8.816835270164512
v -0.15534917424409092 14.977805291500793 -8.823879775037549
v -0.15534917424409092 14.97780535440833 8.970716162479635
v -0.15534920051702858 15.129224070525613 8.979423651187876
v -0.15534920051702858 15.129224070525613 8.979423651187876
v -0.15534920051702858 15.129224008379307 -8.832587250508345
v -0.15534917424409092 14.977805291500793 -8.823879775037549
v -0.15534920051702858 15.129224008379307 -8.832587250508345
v -0.15534920051702858 15.129224070525613 8.979423651187876
v -0.06634757492005824 15.251724059146518 8.986467326036195
v -0.06634757492005824 15.251724059146518 8.986467326036195
v -0.06634757492005824 15.251723997616029 -8.839631755381381
v -0.15534920051702858 15.129224008379307 -8.832587250508345
v -0.06634757492005824 15.251723997616029 -8.839631755381381
v -0.06634757492005824 15.251724059146518 8.986467326036195
v 0.07765988084519282 15.298515110075732 8.98915851763142
v 0.07765988084519282 15.298515110075732 8.98915851763142
v 0.07765988084519282 15.298515048780477 -8.842322102151998
v -0.06634757492005824 15.251723997616029 -8.839631755381381
v 0.07765988084519282 15.298515110075732 8.98915851763142
v 0.07765988741342723 15.214097817388804 9.720808963238376
v 0.2216674285657257 15.168231574215287 9.710105576616169
v 0.2216674285657257 15.168231574215287 9.710105576616169
v 0.2216674285657257 15.251724059146518 8.986467326036195
v 0.07765988084519282 15.298515110075732 8.98915851763142
v 0.2216674285657257 15.251724059146518 8.986467326036195
v 0.2216674285657257 15.168231574215287 9.710105576616169
v 0.31066897534388305 15.048152059711754 9.682082225513522
v 0.31066897534388305 15.048152059711754 9.682082225513522
v 0.31066897534388305 15.129224070525613 8.979423651187876
v 0.2216674285657257 15.251724059146518 8.986467326036195
v 0.31066897534388305 15.129224070525613 8.979423651187876
v 0.31066897534388305 15.048152059711754 9.682082225513522
v 0.3106690016168207 14.899726357785614 9.64744481875469
v 0.3106690016168207 14.899726357785614 9.64744481875469
v 0.3106690016168207 14.97780535440833 8.970716162479635
v 0.31066897534388305 15.129224070525613 8.979423651187876
v 0.3106690016168207 14.97780535440833 8.970716162479635
v 0.3106690016168207 14.899726357785614 9.64744481875469
v 0.22166745483866335 14.779646843282116 9.619420626918036
v 0.22166745483866335 14.779646843282116 9.619420626918036
v 0.22166745483866335 14.855305365787425 8.963672487631314
v 0.3106690016168207 14.97780535440833 8.970716162479635
v 0.22166745483866335 14.855305365787425 8.963672487631314
v 0.22166745483866335 14.779646843282116 9.619420626918036
v 0.07765990054989606 14.733781440842566 9.608718081029872
v 0.07765990054989606 14.733781440842566 9.608718081029872
v 0.07765989398166165 14.808514314858211 8.96098129603609
v 0.22166745483866335 14.855305365787425 8.963672487631314
v 0.07765989398166165 14.808514314858211 8.96098129603609
v 0.07765990054989606 14.733781440842566 9.608718081029872
v -0.06634765373887122 14.779646843282116 9.619420626918036
v -0.06634765373887122 14.779646843282116 9.619420626918036
v -0.06634765373887122 14.855305365787425 8.963672487631314
v 0.07765989398166165 14.808514314858211 8.96098129603609
v -0.06634765373887122 14.855305365787425 8.963672487631314
v -0.06634765373887122 14.779646843282116 9.619420626918036
v -0.15534917424409092 14.899726357785614 9.64744481875469
v -0.15534917424409092 14.899726357785614 9.64744481875469
v -0.15534917424409092 14.97780535440833 8.970716162479635
v -0.06634765373887122 14.855305365787425 8.963672487631314
v -0.15534917424409092 14.97780535440833 8.970716162479635
v -0.15534917424409092 14.899726357785614 9.64744481875469
v -0.15534920051702858 15.048152059711754 9.682082225513522
v -0.15534920051702858 15.048152059711754 9.682082225513522
v -0.15534920051702858 15.129224070525613 8.979423651187876
v -0.15534917424409092 14.97780535440833 8.970716162479635
v -0.15534920051702858 15.129224070525613 8.979423651187876
v -0.15534920051702858 15.048152059711754 9.682082225513522
v -0.06634757492005824 15.168231574215287 9.710105576616169
v -0.06634757492005824 15.168231574215287 9.710105576616169
v -0.06634757492005824 15.251724059146518 8.986467326036195
v -0.15534920051702858 15.129224070525613 8.979423651187876
v -0.06634757492005824 15.251724059146518 8.986467326036195
v -0.06634757492005824 15.168231574215287 9.710105576616169
v 0.07765988741342723 15.214097817388804 9.720808963238376
v 0.07765988741342723 15.214097817388804 9.720808963238376
v 0.07765988084519282 15.298515110075732 8.98915851763142
v -0.06634757492005824 15.251724059146518 8.986467326036195
v 0.07765988741342723 15.214097817388804 9.720808963238376
v 0.07765990711813048 14.968751427148849 10.406495633024942
v 0.22166745483866335 14.926460826135258 10.385800122909913
v 0.22166745483866335 14.926460826135258 10.385800122909913
v 0.2216674285657257 15.168231574215287 9.710105576616169
v 0.07765988741342723 15.214097817388804 9.720808963238376
v 0.2216674285657257 15.168231574215287 9.710105576616169
v 0.22166745483866335 14.926460826135258 10.385800122909913
v 0.3106690016168207 14.815741204452422 10.331620696587642
v 0.3106690016168207 14.815741204452422 10.331620696587642
v 0.31066897534388305 15.048152059711754 9.682082225513522
v 0.2216674285657257 15.168231574215287 9.710105576616169
v 0.31066897534388305 15.048152059711754 9.682082225513522
v 0.3106690016168207 14.815741204452422 10.331620696587642
v 0.31066902788975836 14.678884003848047 10.26465034197118
v 0.31066902788975836 14.678884003848047 10.26465034197118
v 0.3106690016168207 14.899726357785614 9.64744481875469
v 0.31066897534388305 15.048152059711754 9.682082225513522
v 0.3106690016168207 14.899726357785614 9.64744481875469
v 0.31066902788975836 14.678884003848047 10.26465034197118
v 0.22166745483866335 14.568164382165211 10.21047091564891
v 0.22166745483866335 14.568164382165211 10.21047091564891
v 0.22166745483866335 14.779646843282116 9.619420626918036
v 0.3106690016168207 14.899726357785614 9.64744481875469
v 0.22166745483866335 14.779646843282116 9.619420626918036
v 0.22166745483866335 14.568164382165211 10.21047091564891
v 0.07765992025459931 14.525872940417614 10.189775405533842
v 0.07765992025459931 14.525872940417614 10.189775405533842
v 0.07765990054989606 14.733781440842566 9.608718081029872
v 0.22166745483866335 14.779646843282116 9.619420626918036
v 0.07765990054989606 14.733781440842566 9.608718081029872
v 0.07765992025459931 14.525872940417614 10.189775405533842
v -0.06634762746593356 14.568164382165211 10.21047091564891
v -0.06634762746593356 14.568164382165211 10.21047091564891
v -0.06634765373887122 14.779646843282116 9.619420626918036
v 0.07765990054989606 14.733781440842566 9.608718081029872
v -0.06634765373887122 14.779646843282116 9.619420626918036
v -0.06634762746593356 14.568164382165211 10.21047091564891
v -0.15534914797115326 14.678884003848047 10.26465034197118
v -0.15534914797115326 14.678884003848047 10.26465034197118
v -0.15534917424409092 14.899726357785614 9.64744481875469
v -0.06634765373887122 14.779646843282116 9.619420626918036
v -0.15534917424409092 14.899726357785614 9.64744481875469
v -0.15534914797115326 14.678884003848047 10.26465034197118
v -0.15534917424409092 14.815741204452422 10.331620696587642
v -0.15534917424409092 14.815741204452422 10.331620696587642
v -0.15534920051702858 15.048152059711754 9.682082225513522
v -0.15534917424409092 14.899726357785614 9.64744481875469
v -0.15534920051702858 15.048152059711754 9.682082225513522
v -0.15534917424409092 14.815741204452422 10.331620696587642
v -0.0663475486471206 14.926460826135258 10.385800122909913
v -0.0663475486471206 14.926460826135258 10.385800122909913
v -0.06634757492005824 15.168231574215287 9.710105576616169
v -0.15534920051702858 15.048152059711754 9.682082225513522
v -0.06634757492005824 15.168231574215287 9.710105576616169
v -0.0663475486471206 14.926460826135258 10.385800122909913
v 0.07765990711813048 14.968751427148849 10.406495633024942
v 0.07765990711813048 14.968751427148849 10.406495633024942
v 0.07765988741342723 15.214097817388804 9.720808963238376
v -0.06634757492005824 15.168231574215287 9.710105576616169
v 0.07765990711813048 14.968751427148849 10.406495633024942
v 0.07765993339106814 14.584044971781681 11.01125744507108
v 0.221667481111601 14.54732507466787 10.981804009069736
v 0.221667481111601 14.54732507466787 10.981804009069736
v 0.22166745483866335 14.926460826135258 10.385800122909913
v 0.07765990711813048 14.968751427148849 10.406495633024942
v 0.22166745483866335 14.926460826135258 10.385800122909913
v 0.221667481111601 14.54732507466787 10.981804009069736
v 0.31066902788975836 14.45119134823961 10.904695244867368
v 0.31066902788975836 14.45119134823961 10.904695244867368
v 0.3106690016168207 14.815741204452422 10.331620696587642
v 0.22166745483866335 14.926460826135258 10.385800122909913
v 0.3106690016168207 14.815741204452422 10.331620696587642
v 0.31066902788975836 14.45119134823961 10.904695244867368
v 0.310669054162696 14.332364530344782 10.80938290699735
v 0.310669054162696 14.332364530344782 10.80938290699735
v 0.31066902788975836 14.678884003848047 10.26465034197118
v 0.3106690016168207 14.815741204452422 10.331620696587642
v 0.31066902788975836 14.678884003848047 10.26465034197118
v 0.310669054162696 14.332364530344782 10.80938290699735
v 0.22166750738453866 14.236231644650488 10.732274983529024
v 0.22166750738453866 14.236231644650488 10.732274983529024
v 0.22166745483866335 14.568164382165211 10.21047091564891
v 0.31066902788975836 14.678884003848047 10.26465034197118
v 0.22166745483866335 14.568164382165211 10.21047091564891
v 0.22166750738453866 14.236231644650488 10.732274983529024
v 0.07765993995930255 14.199511747536677 10.70282154752768
v 0.07765993995930255 14.199511747536677 10.70282154752768
v 0.07765992025459931 14.525872940417614 10.189775405533842
v 0.22166745483866335 14.568164382165211 10.21047091564891
v 0.07765992025459931 14.525872940417614 10.189775405533842
v 0.07765993995930255 14.199511747536677 10.70282154752768
v -0.0663476011929959 14.236231644650488 10.732274983529024
v -0.0663476011929959 14.236231644650488 10.732274983529024
v -0.06634762746593356 14.568164382165211 10.21047091564891
v 0.07765992025459931 14.525872940417614 10.189775405533842
v -0.06634762746593356 14.568164382165211 10.21047091564891
v -0.0663476011929959 14.236231644650488 10.732274983529024
v -0.1553491216982156 14.332364530344782 10.80938290699735
v -0.1553491216982156 14.332364530344782 10.80938290699735
v -0.15534914797115326 14.678884003848047 10.26465034197118
v -0.06634762746593356 14.568164382165211 10.21047091564891
v -0.15534914797115326 14.678884003848047 10.26465034197118
v -0.1553491216982156 14.332364530344782 10.80938290699735
v -0.15534914797115326 14.45119134823961 10.904695244867368
v -0.15534914797115326 14.45119134823961 10.904695244867368
v -0.15534917424409092 14.815741204452422 10.331620696587642
v -0.15534914797115326 14.678884003848047 10.26465034197118
v -0.15534917424409092 14.815741204452422 10.331620696587642
v -0.15534914797115326 14.45119134823961 10.904695244867368
v -0.06634752237418294 14.54732507466787 10.981804009069736
v -0.06634752237418294 14.54732507466787 10.981804009069736
v -0.0663475486471206 14.926460826135258 10.385800122909913
v -0.15534917424409092 14.815741204452422 10.331620696587642
v -0.0663475486471206 14.926460826135258 10.385800122909913
v -0.06634752237418294 14.54732507466787 10.981804009069736
v 0.07765993339106814 14.584044971781681 11.01125744507108
v 0.07765993339106814 14.584044971781681 11.01125744507108
v 0.07765990711813048 14.968751427148849 10.406495633024942
v -0.0663475486471206 14.926460826135258 10.385800122909913
v 0.07765993339106814 14.584044971781681 11.01125744507108
v 0.07765997280047461 14.079690301619566 11.515611230407146
v 0.22166750738453866 14.050239391030429 11.47889048998454
v 0.22166750738453866 14.050239391030429 11.47889048998454
v 0.221667481111601 14.54732507466787 10.981804009069736
v 0.07765993339106814 14.584044971781681 11.01125744507108
v 0.221667481111601 14.54732507466787 10.981804009069736
v 0.22166750738453866 14.050239391030429 11.47889048998454
v 0.3106690804356337 13.973137361104598 11.38275171241148
v 0.3106690804356337 13.973137361104598 11.38275171241148
v 0.31066902788975836 14.45119134823961 10.904695244867368
v 0.221667481111601 14.54732507466787 10.981804009069736
v 0.31066902788975836 14.45119134823961 10.904695244867368
v 0.3106690804356337 13.973137361104598 11.38275171241148
v 0.3106690804356337 13.8778342816971 11.263918160312548
v 0.3106690804356337 13.8778342816971 11.263918160312548
v 0.310669054162696 14.332364530344782 10.80938290699735
v 0.31066902788975836 14.45119134823961 10.904695244867368
v 0.310669054162696 14.332364530344782 10.80938290699735
v 0.3106690804356337 13.8778342816971 11.263918160312548
v 0.22166750738453866 13.800732251771306 11.167778542005482
v 0.22166750738453866 13.800732251771306 11.167778542005482
v 0.22166750738453866 14.236231644650488 10.732274983529024
v 0.310669054162696 14.332364530344782 10.80938290699735
v 0.22166750738453866 14.236231644650488 10.732274983529024
v 0.22166750738453866 13.800732251771306 11.167778542005482
v 0.07765997280047461 13.771282181916174 11.131057801582914
v 0.07765997280047461 13.771282181916174 11.131057801582914
v 0.07765993995930255 14.199511747536677 10.70282154752768
v 0.22166750738453866 14.236231644650488 10.732274983529024
v 0.07765993995930255 14.199511747536677 10.70282154752768
v 0.07765997280047461 13.771282181916174 11.131057801582914
v -0.06634757492005824 13.800732251771306 11.167778542005482
v -0.06634757492005824 13.800732251771306 11.167778542005482
v -0.0663476011929959 14.236231644650488 10.732274983529024
v 0.07765993995930255 14.199511747536677 10.70282154752768
v -0.0663476011929959 14.236231644650488 10.732274983529024
v -0.06634757492005824 13.800732251771306 11.167778542005482
v -0.15534909542527794 13.8778342816971 11.263918160312548
v -0.15534909542527794 13.8778342816971 11.263918160312548
v -0.1553491216982156 14.332364530344782 10.80938290699735
v -0.0663476011929959 14.236231644650488 10.732274983529024
v -0.1553491216982156 14.332364530344782 10.80938290699735
v -0.15534909542527794 13.8778342816971 11.263918160312548
v -0.15534909542527794 13.973137361104598 11.38275171241148
v -0.15534909542527794 13.973137361104598 11.38275171241148
v -0.15534914797115326 14.45119134823961 10.904695244867368
v -0.1553491216982156 14.332364530344782 10.80938290699735
v -0.15534914797115326 14.45119134823961 10.904695244867368
v -0.15534909542527794 13.973137361104598 11.38275171241148
v -0.06634748296477645 14.050239391030429 11.47889048998454
v -0.06634748296477645 14.050239391030429 11.47889048998454
v -0.06634752237418294 14.54732507466787 10.981804009069736
v -0.15534914797115326 14.45119134823961 10.904695244867368
v -0.06634752237418294 14.54732507466787 10.981804009069736
v -0.06634748296477645 14.050239391030429 11.47889048998454
v 0.07765997280047461 14.079690301619566 11.515611230407146
v 0.07765997280047461 14.079690301619566 11.515611230407146
v 0.07765993339106814 14.584044971781681 11.01125744507108
v -0.06634752237418294 14.54732507466787 10.981804009069736
v 0.07765997280047461 14.079690301619566 11.515611230407146
v 0.07766001877811551 13.474933500345685 11.900310066298532
v 0.22166755993041395 13.454239675395865 11.858018622741751
v 0.22166755993041395 13.454239675395865 11.858018622741751
v 0.22166750738453866 14.050239391030429 11.47889048998454
v 0.07765997280047461 14.079690301619566 11.515611230407146
v 0.22166750738453866 14.050239391030429 11.47889048998454
v 0.22166755993041395 13.454239675395865 11.858018622741751
v 0.31066910670857134 13.400062780955098 11.747297314854501
v 0.31066910670857134 13.400062780955098 11.747297314854501
v 0.3106690804356337 13.973137361104598 11.38275171241148
v 0.22166750738453866 14.050239391030429 11.47889048998454
v 0.3106690804356337 13.973137361104598 11.38275171241148
v 0.31066910670857134 13.400062780955098 11.747297314854501
v 0.31066910670857134 13.333096641973135 11.61043926766157
v 0.31066910670857134 13.333096641973135 11.61043926766157
v 0.3106690804356337 13.8778342816971 11.263918160312548
v 0.3106690804356337 13.973137361104598 11.38275171241148
v 0.3106690804356337 13.8778342816971 11.263918160312548
v 0.31066910670857134 13.333096641973135 11.61043926766157
v 0.22166755993041395 13.278919747532406 11.499717119040314
v 0.22166755993041395 13.278919747532406 11.499717119040314
v 0.22166750738453866 13.800732251771306 11.167778542005482
v 0.3106690804356337 13.8778342816971 11.263918160312548
v 0.22166750738453866 13.800732251771306 11.167778542005482
v 0.22166755993041395 13.278919747532406 11.499717119040314
v 0.0776600122098811 13.258225922582582 11.457425675483533
v 0.0776600122098811 13.258225922582582 11.457425675483533
v 0.07765997280047461 13.771282181916174 11.131057801582914
v 0.22166750738453866 13.800732251771306 11.167778542005482
v 0.07765997280047461 13.771282181916174 11.131057801582914
v 0.0776600122098811 13.258225922582582 11.457425675483533
v -0.06634753551065177 13.278919747532406 11.499717119040314
v -0.06634753551065177 13.278919747532406 11.499717119040314
v -0.06634757492005824 13.800732251771306 11.167778542005482
v 0.07765997280047461 13.771282181916174 11.131057801582914
v -0.06634757492005824 13.800732251771306 11.167778542005482
v -0.06634753551065177 13.278919747532406 11.499717119040314
v -0.15534906915234029 13.333096641973135 11.61043926766157
v -0.15534906915234029 13.333096641973135 11.61043926766157
v -0.15534909542527794 13.8778342816971 11.263918160312548
v -0.06634757492005824 13.800732251771306 11.167778542005482
v -0.15534909542527794 13.8778342816971 11.263918160312548
v -0.15534906915234029 13.333096641973135 11.61043926766157
v -0.15534906915234029 13.400062780955098 11.747297314854501
v -0.15534906915234029 13.400062780955098 11.747297314854501
v -0.15534909542527794 13.973137361104598 11.38275171241148
v -0.15534909542527794 13.8778342816971 11.263918160312548
v -0.15534909542527794 13.973137361104598 11.38275171241148
v -0.15534906915234029 13.400062780955098 11.747297314854501
v -0.06634744355536998 13.454239675395865 11.858018622741751
v -0.06634744355536998 13.454239675395865 11.858018622741751
v -0.06634748296477645 14.050239391030429 11.47889048998454
v -0.15534909542527794 13.973137361104598 11.38275171241148
v -0.06634748296477645 14.050239391030429 11.47889048998454
v -0.06634744355536998 13.454239675395865 11.858018622741751
v 0.07766001877811551 13.474933500345685 11.900310066298532
v 0.07766001877811551 13.474933500345685 11.900310066298532
v 0.07765997280047461 14.079690301619566 11.515611230407146
v -0.06634748296477645 14.050239391030429 11.47889048998454
v 0.07766001877811551 13.474933500345685 11.900310066298532
v 0.07766007132399082 12.789234198100147 12.14565723732731
v 0.22166761247628927 12.778534178423753 12.099790152484216
v 0.22166761247628927 12.778534178423753 12.099790152484216
v 0.22166755993041395 13.454239675395865 11.858018622741751
v 0.07766001877811551 13.474933500345685 11.900310066298532
v 0.22166755993041395 13.454239675395865 11.858018622741751
v 0.22166761247628927 12.778534178423753 12.099790152484216
v 0.3106691592544466 12.750520085892955 11.979708113329192
v 0.3106691592544466 12.750520085892955 11.979708113329192
v 0.31066910670857134 13.400062780955098 11.747297314854501
v 0.22166755993041395 13.454239675395865 11.858018622741751
v 0.31066910670857134 13.400062780955098 11.747297314854501
v 0.3106691592544466 12.750520085892955 11.979708113329192
v 0.3106691592544466 12.715893621652047 11.831280726907421
v 0.3106691592544466 12.715893621652047 11.831280726907421
v 0.31066910670857134 13.333096641973135 11.61043926766157
v 0.31066910670857134 13.400062780955098 11.747297314854501
v 0.31066910670857134 13.333096641973135 11.61043926766157
v 0.3106691592544466 12.715893621652047 11.831280726907421
v 0.22166761247628927 12.687880369855254 11.711198687752434
v 0.22166761247628927 12.687880369855254 11.711198687752434
v 0.22166755993041395 13.278919747532406 11.499717119040314
v 0.31066910670857134 13.333096641973135 11.61043926766157
v 0.22166755993041395 13.278919747532406 11.499717119040314
v 0.22166761247628927 12.687880369855254 11.711198687752434
v 0.07766005818752199 12.677180350178858 11.66533160290934
v 0.07766005818752199 12.677180350178858 11.66533160290934
v 0.0776600122098811 13.258225922582582 11.457425675483533
v 0.22166755993041395 13.278919747532406 11.499717119040314
v 0.0776600122098811 13.258225922582582 11.457425675483533
v 0.07766005818752199 12.677180350178858 11.66533160290934
v -0.06634749610124528 12.687880369855254 11.711198687752434
v -0.06634749610124528 12.687880369855254 11.711198687752434
v -0.06634753551065177 13.278919747532406 11.499717119040314
v 0.0776600122098811 13.258225922582582 11.457425675483533
v -0.06634753551065177 13.278919747532406 11.499717119040314
v -0.06634749610124528 12.687880369855254 11.711198687752434
v -0.155349016606465 12.715893621652047 11.831280726907421
v -0.155349016606465 12.715893621652047 11.831280726907421
v -0.15534906915234029 13.333096641973135 11.61043926766157
v -0.06634753551065177 13.278919747532406 11.499717119040314
v -0.15534906915234029 13.333096641973135 11.61043926766157
v -0.155349016606465 12.715893621652047 11.831280726907421
v -0.155349016606465 12.750520085892955 11.979708113329192
v -0.155349016606465 12.750520085892955 11.979708113329192
v -0.15534906915234029 13.400062780955098 11.747297314854501
v -0.15534906915234029 13.333096641973135 11.61043926766157
v -0.15534906915234029 13.400062780955098 11.747297314854501
v -0.155349016606465 12.750520085892955 11.979708113329192
v -0.06634739100949466 12.778534178423753 12.099790152484216
v -0.06634739100949466 12.778534178423753 12.099790152484216
v -0.06634744355536998 13.454239675395865 11.858018622741751
v -0.15534906915234029 13.400062780955098 11.747297314854501
v -0.06634744355536998 13.454239675395865 11.858018622741751
v -0.06634739100949466 12.778534178423753 12.099790152484216
v 0.07766007132399082 12.789234198100147 12.14565723732731
v 0.07766007132399082 12.789234198100147 12.14565723732731
v 0.07766001877811551 13.474933500345685 11.900310066298532
v -0.06634744355536998 13.454239675395865 11.858018622741751
v 0.07766007132399082 12.789234198100147 12.14565723732731
v 0.07766012386986614 12.057594674655412 12.230071103115781
v 0.2216676650221646 12.054905168618802 12.183280051951373
v 0.2216676650221646 12.054905168618802 12.183280051951373
v 0.22166761247628927 12.778534178423753 12.099790152484216
v 0.07766007132399082 12.789234198100147 12.14565723732731
v 0.22166761247628927 12.778534178423753 12.099790152484216
v 0.2216676650221646 12.054905168618802 12.183280051951373
v 0.3106692118003219 12.047864867415829 12.06077922198083
v 0.3106692118003219 12.047864867415829 12.06077922198083
v 0.3106691592544466 12.750520085892955 11.979708113329192
v 0.22166761247628927 12.778534178423753 12.099790152484216
v 0.3106691592544466 12.750520085892955 11.979708113329192
v 0.3106692118003219 12.047864867415829 12.06077922198083
v 0.3106692118003219 12.039163277083066 11.909360505102574
v 0.3106692118003219 12.039163277083066 11.909360505102574
v 0.3106691592544466 12.715893621652047 11.831280726907421
v 0.3106691592544466 12.750520085892955 11.979708113329192
v 0.3106691592544466 12.715893621652047 11.831280726907421
v 0.3106692118003219 12.039163277083066 11.909360505102574
v 0.2216676650221646 12.032122975880053 11.786860515866039
v 0.2216676650221646 12.032122975880053 11.786860515866039
v 0.22166761247628927 12.687880369855254 11.711198687752434
v 0.3106691592544466 12.715893621652047 11.831280726907421
v 0.22166761247628927 12.687880369855254 11.711198687752434
v 0.2216676650221646 12.032122975880053 11.786860515866039
v 0.07766010416516289 12.029434310577448 11.740069464701664
v 0.07766010416516289 12.029434310577448 11.740069464701664
v 0.07766005818752199 12.677180350178858 11.66533160290934
v 0.22166761247628927 12.687880369855254 11.711198687752434
v 0.07766005818752199 12.677180350178858 11.66533160290934
v 0.07766010416516289 12.029434310577448 11.740069464701664
v -0.06634744355536998 12.032122975880053 11.786860515866039
v -0.06634744355536998 12.032122975880053 11.786860515866039
v -0.06634749610124528 12.687880369855254 11.711198687752434
v 0.07766005818752199 12.677180350178858 11.66533160290934
v -0.06634749610124528 12.687880369855254 11.711198687752434
v -0.06634744355536998 12.032122975880053 11.786860515866039
v -0.15534896406058968 12.039163277083066 11.909360505102574
v -0.15534896406058968 12.039163277083066 11.909360505102574
v -0.155349016606465 12.715893621652047 11.831280726907421
v -0.06634749610124528 12.687880369855254 11.711198687752434
v -0.155349016606465 12.715893621652047 11.831280726907421
v -0.15534896406058968 12.039163277083066 11.909360505102574
v -0.15534896406058968 12.047864867415829 12.06077922198083
v -0.15534896406058968 12.047864867415829 12.06077922198083
v -0.155349016606465 12.750520085892955 11.979708113329192
v -0.155349016606465 12.715893621652047 11.831280726907421
v -0.155349016606465 12.750520085892955 11.979708113329192
v -0.15534896406058968 12.047864867415829 12.06077922198083
v -0.06634733846361936 12.054905168618802 12.183280051951373
v -0.06634733846361936 12.054905168618802 12.183280051951373
v -0.06634739100949466 12.778534178423753 12.099790152484216
v -0.155349016606465 12.750520085892955 11.979708113329192
v -0.06634739100949466 12.778534178423753 12.099790152484216
v -0.06634733846361936 12.054905168618802 12.183280051951373
v 0.07766012386986614 12.057594674655412 12.230071103115781
v 0.07766012386986614 12.057594674655412 12.230071103115781
v 0.07766007132399082 12.789234198100147 12.14565723732731
v -0.06634739100949466 12.778534178423753 12.099790152484216
v 0.07766012386986614 12.057594674655412 12.230071103115781
v 0.077660439145118 7.921244323396902 12.230070922310171
v 0.22166798029741644 7.923933413157114 12.183279871380869
v 0.22166798029741644 7.923933413157114 12.183279871380869
v 0.2216676650221646 12.054905168618802 12.183280051951373
v 0.07766012386986614 12.057594674655412 12.230071103115781
v 0.2216676650221646 12.054905168618802 12.183280051951373
v 0.22166798029741644 7.923933413157114 12.183279871380869
v 0.3106695270755738 7.930973304702448 12.06077904202579
v 0.3106695270755738 7.930973304702448 12.06077904202579
v 0.3106692118003219 12.047864867415829 12.06077922198083
v 0.2216676650221646 12.054905168618802 12.183280051951373
v 0.3106692118003219 12.047864867415829 12.06077922198083
v 0.3106695270755738 7.930973304702448 12.06077904202579
v 0.3106695270755738 7.939675328639657 11.90936032590827
v 0.3106695270755738 7.939675328639657 11.90936032590827
v 0.3106692118003219 12.039163277083066 11.909360505102574
v 0.3106692118003219 12.047864867415829 12.06077922198083
v 0.3106692118003219 12.039163277083066 11.909360505102574
v 0.3106695270755738 7.939675328639657 11.90936032590827
v 0.22166798029741644 7.946715220184954 11.786860337287198
v 0.22166798029741644 7.946715220184954 11.786860337287198
v 0.2216676650221646 12.032122975880053 11.786860515866039
v 0.3106692118003219 12.039163277083066 11.909360505102574
v 0.2216676650221646 12.032122975880053 11.786860515866039
v 0.22166798029741644 7.946715220184954 11.786860337287198
v 0.07766041287218034 7.949404309945167 11.740069286357894
v 0.07766041287218034 7.949404309945167 11.740069286357894
v 0.07766010416516289 12.029434310577448 11.740069464701664
v 0.2216676650221646 12.032122975880053 11.786860515866039
v 0.07766010416516289 12.029434310577448 11.740069464701664
v 0.07766041287218034 7.949404309945167 11.740069286357894
v -0.06634712828011811 7.946715220184954 11.786860337287198
v -0.06634712828011811 7.946715220184954 11.786860337287198
v -0.06634744355536998 12.032122975880053 11.786860515866039
v 0.07766010416516289 12.029434310577448 11.740069464701664
v -0.06634744355536998 12.032122975880053 11.786860515866039
v -0.06634712828011811 7.946715220184954 11.786860337287198
v -0.1553486487853378 7.939675328639657 11.90936032590827
v -0.1553486487853378 7.939675328639657 11.90936032590827
v -0.15534896406058968 12.039163277083066 11.909360505102574
v -0.06634744355536998 12.032122975880053 11.786860515866039
v -0.15534896406058968 12.039163277083066 11.909360505102574
v -0.1553486487853378 7.939675328639657 11.90936032590827
v -0.1553486487853378 7.930973304702448 12.06077904202579
v -0.1553486487853378 7.930973304702448 12.06077904202579
v -0.15534896406058968 12.047864867415829 12.06077922198083
v -0.15534896406058968 12.039163277083066 11.909360505102574
v -0.15534896406058968 12.047864867415829 12.06077922198083
v -0.1553486487853378 7.930973304702448 12.06077904202579
v -0.0663470231883675 7.923933413157114 12.183279871380869
v -0.0663470231883675 7.923933413157114 12.183279871380869
v -0.06634733846361936 12.054905168618802 12.183280051951373
v -0.15534896406058968 12.047864867415829 12.06077922198083
v -0.06634733846361936 12.054905168618802 12.183280051951373
v -0.0663470231883675 7.923933413157114 12.183279871380869
v 0.077660439145118 7.921244323396902 12.230070922310171
v 0.077660439145118 7.921244323396902 12.230070922310171
v 0.07766012386986614 12.057594674655412 12.230071103115781
v -0.06634733846361936 12.054905168618802 12.183280051951373
v 0.077660439145118 7.921244323396902 12.230070922310171
v 0.07766049169099332 7.189604807331827 12.145657833293747
v 0.22166803284329176 7.2003052513850525 12.099790749386097
v 0.22166803284329176 7.2003052513850525 12.099790749386097
v 0.22166798029741644 7.923933413157114 12.183279871380869
v 0.077660439145118 7.921244323396902 12.230070922310171
v 0.22166798029741644 7.923933413157114 12.183279871380869
v 0.22166803284329176 7.2003052513850525 12.099790749386097
v 0.31066957962144914 7.228317672945709 11.979709553414075
v 0.31066957962144914 7.228317672945709 11.979709553414075
v 0.3106695270755738 7.930973304702448 12.06077904202579
v 0.22166798029741644 7.923933413157114 12.183279871380869
v 0.3106695270755738 7.930973304702448 12.06077904202579
v 0.31066957962144914 7.228317672945709 11.979709553414075
v 0.31066957962144914 7.262944570529589 11.83128132928546
v 0.31066957962144914 7.262944570529589 11.83128132928546
v 0.3106695270755738 7.939675328639657 11.90936032590827
v 0.3106695270755738 7.930973304702448 12.06077904202579
v 0.3106695270755738 7.939675328639657 11.90936032590827
v 0.31066957962144914 7.262944570529589 11.83128132928546
v 0.22166803284329176 7.290957412457285 11.711199292579451
v 0.22166803284329176 7.290957412457285 11.711199292579451
v 0.22166798029741644 7.946715220184954 11.786860337287198
v 0.3106695270755738 7.939675328639657 11.90936032590827
v 0.22166798029741644 7.946715220184954 11.786860337287198
v 0.22166803284329176 7.290957412457285 11.711199292579451
v 0.07766046541805566 7.30165785651051 11.665332208671801
v 0.07766046541805566 7.30165785651051 11.665332208671801
v 0.07766041287218034 7.949404309945167 11.740069286357894
v 0.22166798029741644 7.946715220184954 11.786860337287198
v 0.07766041287218034 7.949404309945167 11.740069286357894
v 0.07766046541805566 7.30165785651051 11.665332208671801
v -0.0663470757342428 7.290957412457285 11.711199292579451
v -0.0663470757342428 7.290957412457285 11.711199292579451
v -0.06634712828011811 7.946715220184954 11.786860337287198
v 0.07766041287218034 7.949404309945167 11.740069286357894
v -0.06634712828011811 7.946715220184954 11.786860337287198
v -0.0663470757342428 7.290957412457285 11.711199292579451
v -0.15534859623946248 7.262944570529589 11.83128132928546
v -0.15534859623946248 7.262944570529589 11.83128132928546
v -0.1553486487853378 7.939675328639657 11.90936032590827
v -0.06634712828011811 7.946715220184954 11.786860337287198
v -0.1553486487853378 7.939675328639657 11.90936032590827
v -0.15534859623946248 7.262944570529589 11.83128132928546
v -0.15534859623946248 7.228317672945709 11.979709553414075
v -0.15534859623946248 7.228317672945709 11.979709553414075
v -0.1553486487853378 7.930973304702448 12.06077904202579
v -0.1553486487853378 7.939675328639657 11.90936032590827
v -0.1553486487853378 7.930973304702448 12.06077904202579
v -0.15534859623946248 7.228317672945709 11.979709553414075
v -0.06634697064249218 7.2003052513850525 12.099790749386097
v -0.06634697064249218 7.2003052513850525 12.099790749386097
v -0.0663470231883675 7.923933413157114 12.183279871380869
v -0.1553486487853378 7.930973304702448 12.06077904202579
v -0.0663470231883675 7.923933413157114 12.183279871380869
v -0.06634697064249218 7.2003052513850525 12.099790749386097
v 0.07766049169099332 7.189604807331827 12.145657833293747
v 0.07766049169099332 7.189604807331827 12.145657833293747
v 0.077660439145118 7.921244323396902 12.230070922310171
v -0.0663470231883675 7.923933413157114 12.183279871380869
v 0.07766049169099332 7.189604807331827 12.145657833293747
v 0.07766054423686862 6.5039027941497425 11.900309761585111
v 0.22166808538916707 6.524596832980301 11.858018319837452
v 0.22166808538916707 6.524596832980301 11.858018319837452
v 0.22166803284329176 7.2003052513850525 12.099790749386097
v 0.07766049169099332 7.189604807331827 12.145657833293747
v 0.22166803284329176 7.2003052513850525 12.099790749386097
v 0.22166808538916707 6.524596832980301 11.858018319837452
v 0.3106696321673244 6.5787747880181 11.747297857420547
v 0.3106696321673244 6.5787747880181 11.747297857420547
v 0.31066957962144914 7.228317672945709 11.979709553414075
v 0.22166803284329176 7.2003052513850525 12.099790749386097
v 0.31066957962144914 7.228317672945709 11.979709553414075
v 0.3106696321673244 6.5787747880181 11.747297857420547
v 0.3106696321673244 6.64574220006558 11.610439816082037
v 0.3106696321673244 6.64574220006558 11.610439816082037
v 0.31066957962144914 7.262944570529589 11.83128132928546
v 0.31066957962144914 7.228317672945709 11.979709553414075
v 0.31066957962144914 7.262944570529589 11.83128132928546
v 0.3106696321673244 6.64574220006558 11.610439816082037
v 0.22166805911622942 6.699919944919879 11.499719353665123
v 0.22166805911622942 6.699919944919879 11.499719353665123
v 0.22166803284329176 7.290957412457285 11.711199292579451
v 0.31066957962144914 7.262944570529589 11.83128132928546
v 0.22166803284329176 7.290957412457285 11.711199292579451
v 0.22166805911622942 6.699919944919879 11.499719353665123
v 0.07766050482746213 6.720613983750436 11.457427911917463
v 0.07766050482746213 6.720613983750436 11.457427911917463
v 0.07766046541805566 7.30165785651051 11.665332208671801
v 0.22166803284329176 7.290957412457285 11.711199292579451
v 0.07766046541805566 7.30165785651051 11.665332208671801
v 0.07766050482746213 6.720613983750436 11.457427911917463
v -0.06634703632483631 6.699919944919879 11.499719353665123
v -0.06634703632483631 6.699919944919879 11.499719353665123
v -0.0663470757342428 7.290957412457285 11.711199292579451
v 0.07766046541805566 7.30165785651051 11.665332208671801
v -0.0663470757342428 7.290957412457285 11.711199292579451
v -0.06634703632483631 6.699919944919879 11.499719353665123
v -0.1553485436935872 6.64574220006558 11.610439816082037
v -0.1553485436935872 6.64574220006558 11.610439816082037
v -0.15534859623946248 7.262944570529589 11.83128132928546
v -0.0663470757342428 7.290957412457285 11.711199292579451
v -0.15534859623946248 7.262944570529589 11.83128132928546
v -0.1553485436935872 6.64574220006558 11.610439816082037
v -0.1553485436935872 6.5787747880181 11.747297857420547
v -0.1553485436935872 6.5787747880181 11.747297857420547
v -0.15534859623946248 7.228317672945709 11.979709553414075
v -0.15534859623946248 7.262944570529589 11.83128132928546
v -0.15534859623946248 7.228317672945709 11.979709553414075
v -0.1553485436935872 6.5787747880181 11.747297857420547
v -0.06634691809661686 6.524596832980301 11.858018319837452
v -0.06634691809661686 6.524596832980301 11.858018319837452
v -0.06634697064249218 7.2003052513850525 12.099790749386097
v -0.15534859623946248 7.228317672945709 11.979709553414075
v -0.06634697064249218 7.2003052513850525 12.099790749386097
v -0.06634691809661686 6.524596832980301 11.858018319837452
v 0.07766054423686862 6.5039027941497425 11.900309761585111
v 0.07766054423686862 6.5039027941497425 11.900309761585111
v 0.07766049169099332 7.189604807331827 12.145657833293747
v -0.06634697064249218 7.2003052513850525 12.099790749386097
v 0.07766054423686862 6.5039027941497425 11.900309761585111
v 0.07766059021450952 5.899149179259896 11.515609191356338
v 0.2216681379350424 5.928599672692297 11.478887612774388
v 0.2216681379350424 5.928599672692297 11.478887612774388
v 0.22166808538916707 6.524596832980301 11.858018319837452
v 0.07766054423686862 6.5039027941497425 11.900309761585111
v 0.22166808538916707 6.524596832980301 11.858018319837452
v 0.2216681379350424 5.928599672692297 11.478887612774388
v 0.31066965844026206 6.005701711022845 11.382748841941801
v 0.31066965844026206 6.005701711022845 11.382748841941801
v 0.3106696321673244 6.5787747880181 11.747297857420547
v 0.22166808538916707 6.524596832980301 11.858018319837452
v 0.3106696321673244 6.5787747880181 11.747297857420547
v 0.31066965844026206 6.005701711022845 11.382748841941801
v 0.31066965844026206 6.101005221186106 11.263915298174549
v 0.31066965844026206 6.101005221186106 11.263915298174549
v 0.3106696321673244 6.64574220006558 11.610439816082037
v 0.3106696321673244 6.5787747880181 11.747297857420547
v 0.3106696321673244 6.64574220006558 11.610439816082037
v 0.31066965844026206 6.101005221186106 11.263915298174549
v 0.22166808538916707 6.178106839149651 11.167776527341944
v 0.22166808538916707 6.178106839149651 11.167776527341944
v 0.22166805911622942 6.699919944919879 11.499719353665123
v 0.3106696321673244 6.64574220006558 11.610439816082037
v 0.22166805911622942 6.699919944919879 11.499719353665123
v 0.22166808538916707 6.178106839149651 11.167776527341944
v 0.07766054423686862 6.207557332582052 11.131054948759994
v 0.07766054423686862 6.207557332582052 11.131054948759994
v 0.07766050482746213 6.720613983750436 11.457427911917463
v 0.22166805911622942 6.699919944919879 11.499719353665123
v 0.07766050482746213 6.720613983750436 11.457427911917463
v 0.07766054423686862 6.207557332582052 11.131054948759994
v -0.06634699691542983 6.178106839149651 11.167776527341944
v -0.06634699691542983 6.178106839149651 11.167776527341944
v -0.06634703632483631 6.699919944919879 11.499719353665123
v 0.07766050482746213 6.720613983750436 11.457427911917463
v -0.06634703632483631 6.699919944919879 11.499719353665123
v -0.06634699691542983 6.178106839149651 11.167776527341944
v -0.15534851742064953 6.101005221186106 11.263915298174549
v -0.15534851742064953 6.101005221186106 11.263915298174549
v -0.1553485436935872 6.64574220006558 11.610439816082037
v -0.06634703632483631 6.699919944919879 11.499719353665123
v -0.1553485436935872 6.64574220006558 11.610439816082037
v -0.15534851742064953 6.101005221186106 11.263915298174549
v -0.15534851742064953 6.005701711022845 11.382748841941801
v -0.15534851742064953 6.005701711022845 11.382748841941801
v -0.1553485436935872 6.5787747880181 11.747297857420547
v -0.1553485436935872 6.64574220006558 11.610439816082037
v -0.1553485436935872 6.5787747880181 11.747297857420547
v -0.15534851742064953 6.005701711022845 11.382748841941801
v -0.06634687868721038 5.928599672692297 11.478887612774388
v -0.06634687868721038 5.928599672692297 11.478887612774388
v -0.06634691809661686 6.524596832980301 11.858018319837452
v -0.1553485436935872 6.5787747880181 11.747297857420547
v -0.06634691809661686 6.524596832980301 11.858018319837452
v -0.06634687868721038 5.928599672692297 11.478887612774388
v 0.07766059021450952 5.899149179259896 11.515609191356338
v 0.07766059021450952 5.899149179259896 11.515609191356338
v 0.07766054423686862 6.5039027941497425 11.900309761585111
v -0.06634691809661686 6.524596832980301 11.858018319837452
v 0.07766059021450952 5.899149179259896 11.515609191356338
v 0.077660629623916 5.394786986583892 11.01125199899184
v 0.22166816420798005 5.431507727006534 10.981800247668698
v 0.22166816420798005 5.431507727006534 10.981800247668698
v 0.2216681379350424 5.928599672692297 11.478887612774388
v 0.07766059021450952 5.899149179259896 11.515609191356338
v 0.2216681379350424 5.928599672692297 11.478887612774388
v 0.22166816420798005 5.431507727006534 10.981800247668698
v 0.3106697109861374 5.527644402744729 10.904694854806754
v 0.3106697109861374 5.527644402744729 10.904694854806754
v 0.31066965844026206 6.005701711022845 11.382748841941801
v 0.2216681379350424 5.928599672692297 11.478887612774388
v 0.31066965844026206 6.005701711022845 11.382748841941801
v 0.3106697109861374 5.527644402744729 10.904694854806754
v 0.3106696847131997 5.64647501227479 10.809388412463106
v 0.3106696847131997 5.64647501227479 10.809388412463106
v 0.31066965844026206 6.101005221186106 11.263915298174549
v 0.31066965844026206 6.005701711022845 11.382748841941801
v 0.31066965844026206 6.101005221186106 11.263915298174549
v 0.3106696847131997 5.64647501227479 10.809388412463106
v 0.2216681379350424 5.742611688012985 10.732283019601164
v 0.2216681379350424 5.742611688012985 10.732283019601164
v 0.22166808538916707 6.178106839149651 11.167776527341944
v 0.31066965844026206 6.101005221186106 11.263915298174549
v 0.22166808538916707 6.178106839149651 11.167776527341944
v 0.2216681379350424 5.742611688012985 10.732283019601164
v 0.0776605770780407 5.77933242843559 10.702832109012027
v 0.0776605770780407 5.77933242843559 10.702832109012027
v 0.07766054423686862 6.207557332582052 11.131054948759994
v 0.22166808538916707 6.178106839149651 11.167776527341944
v 0.07766054423686862 6.207557332582052 11.131054948759994
v 0.0776605770780407 5.77933242843559 10.702832109012027
v -0.06634697064249218 5.742611688012985 10.732283019601164
v -0.06634697064249218 5.742611688012985 10.732283019601164
v -0.06634699691542983 6.178106839149651 11.167776527341944
v 0.07766054423686862 6.207557332582052 11.131054948759994
v -0.06634699691542983 6.178106839149651 11.167776527341944
v -0.06634697064249218 5.742611688012985 10.732283019601164
v -0.15534849114771188 5.646475012274827 10.809387571729102
v -0.15534849114771188 5.646475012274827 10.809387571729102
v -0.15534851742064953 6.101005221186106 11.263915298174549
v -0.06634699691542983 6.178106839149651 11.167776527341944
v -0.15534851742064953 6.101005221186106 11.263915298174549
v -0.15534849114771188 5.646475012274827 10.809387571729102
v -0.15534846487477422 5.527644402744692 10.90469569554076
v -0.15534846487477422 5.527644402744692 10.90469569554076
v -0.15534851742064953 6.005701711022845 11.382748841941801
v -0.15534851742064953 6.101005221186106 11.263915298174549
v -0.15534851742064953 6.005701711022845 11.382748841941801
v -0.15534846487477422 5.527644402744692 10.90469569554076
v -0.0663468392778039 5.431507727006534 10.981800247668698
v -0.0663468392778039 5.431507727006534 10.981800247668698
v -0.06634687868721038 5.928599672692297 11.478887612774388
v -0.15534851742064953 6.005701711022845 11.382748841941801
v -0.06634687868721038 5.928599672692297 11.478887612774388
v -0.0663468392778039 5.431507727006534 10.981800247668698
v 0.077660629623916 5.394786986583892 11.01125199899184
v 0.077660629623916 5.394786986583892 11.01125199899184
v 0.07766059021450952 5.899149179259896 11.515609191356338
v -0.06634687868721038 5.928599672692297 11.478887612774388
v 0.077660629623916 5.394786986583892 11.01125199899184
v 0.07766065589685366 5.010087309958537 10.406494356983917
v 0.22166819048091768 5.052378333148389 10.385798850566069
v 0.22166819048091768 5.052378333148389 10.385798850566069
v 0.22166816420798005 5.431507727006534 10.981800247668698
v 0.077660629623916 5.394786986583892 11.01125199899184
v 0.22166816420798005 5.431507727006534 10.981800247668698
v 0.22166819048091768 5.052378333148389 10.385798850566069
v 0.31066973725907504 5.16309795956774 10.331619433923212
v 0.31066973725907504 5.16309795956774 10.331619433923212
v 0.3106697109861374 5.527644402744729 10.904694854806754
v 0.22166816420798005 5.431507727006534 10.981800247668698
v 0.3106697109861374 5.527644402744729 10.904694854806754
v 0.31066973725907504 5.16309795956774 10.331619433923212
v 0.3106697109861374 5.29995516602685 10.264649091271188
v 0.3106697109861374 5.29995516602685 10.264649091271188
v 0.3106696847131997 5.64647501227479 10.809388412463106
v 0.3106697109861374 5.527644402744729 10.904694854806754
v 0.3106696847131997 5.64647501227479 10.809388412463106
v 0.3106697109861374 5.29995516602685 10.264649091271188
v 0.2216681379350424 5.410674792446201 10.210469674628333
v 0.2216681379350424 5.410674792446201 10.210469674628333
v 0.2216681379350424 5.742611688012985 10.732283019601164
v 0.3106696847131997 5.64647501227479 10.809388412463106
v 0.2216681379350424 5.742611688012985 10.732283019601164
v 0.2216681379350424 5.410674792446201 10.210469674628333
v 0.07766060335097835 5.452965815636053 10.189774168210484
v 0.07766060335097835 5.452965815636053 10.189774168210484
v 0.0776605770780407 5.77933242843559 10.702832109012027
v 0.2216681379350424 5.742611688012985 10.732283019601164
v 0.0776605770780407 5.77933242843559 10.702832109012027
v 0.07766060335097835 5.452965815636053 10.189774168210484
v -0.06634694436955452 5.410674792446201 10.210469674628333
v -0.06634694436955452 5.410674792446201 10.210469674628333
v -0.06634697064249218 5.742611688012985 10.732283019601164
v 0.0776605770780407 5.77933242843559 10.702832109012027
v -0.06634697064249218 5.742611688012985 10.732283019601164
v -0.06634694436955452 5.410674792446201 10.210469674628333
v -0.15534846487477422 5.29995516602685 10.264649091271188
v -0.15534846487477422 5.29995516602685 10.264649091271188
v -0.15534849114771188 5.646475012274827 10.809387571729102
v -0.06634697064249218 5.742611688012985 10.732283019601164
v -0.15534849114771188 5.646475012274827 10.809387571729102
v -0.15534846487477422 5.29995516602685 10.264649091271188
v -0.15534843860183656 5.16309795956774 10.331619433923212
v -0.15534843860183656 5.16309795956774 10.331619433923212
v -0.15534846487477422 5.527644402744692 10.90469569554076
v -0.15534849114771188 5.646475012274827 10.809387571729102
v -0.15534846487477422 5.527644402744692 10.90469569554076
v -0.15534843860183656 5.16309795956774 10.331619433923212
v -0.06634681300486624 5.052378333148389 10.385798850566069
v -0.06634681300486624 5.052378333148389 10.385798850566069
v -0.0663468392778039 5.431507727006534 10.981800247668698
v -0.15534846487477422 5.527644402744692 10.90469569554076
v -0.0663468392778039 5.431507727006534 10.981800247668698
v -0.06634681300486624 5.052378333148389 10.385798850566069
v 0.07766065589685366 5.010087309958537 10.406494356983917
v 0.07766065589685366 5.010087309958537 10.406494356983917
v 0.077660629623916 5.394786986583892 11.01125199899184
v -0.0663468392778039 5.431507727006534 10.981800247668698
v 0.07766065589685366 5.010087309958537 10.406494356983917
v 0.0776606756015569 4.764740559296174 9.720808506482477
v 0.22166821675385534 4.8106072237724495 9.710104283136038
v 0.22166821675385534 4.8106072237724495 9.710104283136038
v 0.22166819048091768 5.052378333148389 10.385798850566069
v 0.07766065589685366 5.010087309958537 10.406494356983917
v 0.22166819048091768 5.052378333148389 10.385798850566069
v 0.22166821675385534 4.8106072237724495 9.710104283136038
v 0.3106697635320127 4.93068632035886 9.682080942531057
v 0.3106697635320127 4.93068632035886 9.682080942531057
v 0.31066973725907504 5.16309795956774 10.331619433923212
v 0.22166819048091768 5.052378333148389 10.385798850566069
v 0.31066973725907504 5.16309795956774 10.331619433923212
v 0.3106697635320127 4.93068632035886 9.682080942531057
v 0.31066973725907504 5.0791124456801 9.647443548748031
v 0.31066973725907504 5.0791124456801 9.647443548748031
v 0.3106697109861374 5.29995516602685 10.264649091271188
v 0.31066973725907504 5.16309795956774 10.331619433923212
v 0.3106697109861374 5.29995516602685 10.264649091271188
v 0.31066973725907504 5.0791124456801 9.647443548748031
v 0.22166819048091768 5.199191542266547 9.619419367409044
v 0.22166819048091768 5.199191542266547 9.619419367409044
v 0.2216681379350424 5.410674792446201 10.210469674628333
v 0.3106697109861374 5.29995516602685 10.264649091271188
v 0.2216681379350424 5.410674792446201 10.210469674628333
v 0.22166819048091768 5.199191542266547 9.619419367409044
v 0.07766061648744717 5.2450577863758205 9.608715144062586
v 0.07766061648744717 5.2450577863758205 9.608715144062586
v 0.07766060335097835 5.452965815636053 10.189774168210484
v 0.2216681379350424 5.410674792446201 10.210469674628333
v 0.07766060335097835 5.452965815636053 10.189774168210484
v 0.07766061648744717 5.2450577863758205 9.608715144062586
v -0.06634691809661686 5.199191542266547 9.619419367409044
v -0.06634691809661686 5.199191542266547 9.619419367409044
v -0.06634694436955452 5.410674792446201 10.210469674628333
v 0.07766060335097835 5.452965815636053 10.189774168210484
v -0.06634694436955452 5.410674792446201 10.210469674628333
v -0.06634691809661686 5.199191542266547 9.619419367409044
v -0.15534843860183656 5.079112445680174 9.64744186728002
v -0.15534843860183656 5.079112445680174 9.64744186728002
v -0.15534846487477422 5.29995516602685 10.264649091271188
v -0.06634694436955452 5.410674792446201 10.210469674628333
v -0.15534846487477422 5.29995516602685 10.264649091271188
v -0.15534843860183656 5.079112445680174 9.64744186728002
v -0.1553484123288989 4.93068632035886 9.682080942531057
v -0.1553484123288989 4.93068632035886 9.682080942531057
v -0.15534843860183656 5.16309795956774 10.331619433923212
v -0.15534846487477422 5.29995516602685 10.264649091271188
v -0.15534843860183656 5.16309795956774 10.331619433923212
v -0.1553484123288989 4.93068632035886 9.682080942531057
v -0.06634678673192859 4.8106072237724495 9.710104283136038
v -0.06634678673192859 4.8106072237724495 9.710104283136038
v -0.06634681300486624 5.052378333148389 10.385798850566069
v -0.15534843860183656 5.16309795956774 10.331619433923212
v -0.06634681300486624 5.052378333148389 10.385798850566069
v -0.06634678673192859 4.8106072237724495 9.710104283136038
v 0.0776606756015569 4.764740559296174 9.720808506482477
v 0.0776606756015569 4.764740559296174 9.720808506482477
v 0.07766065589685366 5.010087309958537 10.406494356983917
v -0.06634681300486624 5.052378333148389 10.385798850566069
v 0.0776606756015569 4.764740559296174 9.720808506482477
v 0.07766068216979131 4.680323750939162 8.989158053495549
v 0.22166821675385534 4.727114802103609 8.986467706724932
v 0.22166821675385534 4.727114802103609 8.986467706724932
v 0.22166821675385534 4.8106072237724495 9.710104283136038
v 0.0776606756015569 4.764740559296174 9.720808506482477
v 0.22166821675385534 4.8106072237724495 9.710104283136038
v 0.22166821675385534 4.727114802103609 8.986467706724932
v 0.3106697635320127 4.849614791340328 8.979423201851898
v 0.3106697635320127 4.849614791340328 8.979423201851898
v 0.3106697635320127 4.93068632035886 9.682080942531057
v 0.22166821675385534 4.8106072237724495 9.710104283136038
v 0.3106697635320127 4.93068632035886 9.682080942531057
v 0.3106697635320127 4.849614791340328 8.979423201851898
v 0.31066973725907504 5.001033508218843 8.9707157263811
v 0.31066973725907504 5.001033508218843 8.9707157263811
v 0.31066973725907504 5.0791124456801 9.647443548748031
v 0.3106697635320127 4.93068632035886 9.682080942531057
v 0.31066973725907504 5.0791124456801 9.647443548748031
v 0.31066973725907504 5.001033508218843 8.9707157263811
v 0.22166819048091768 5.123533497455563 8.963671221508063
v 0.22166819048091768 5.123533497455563 8.963671221508063
v 0.22166819048091768 5.199191542266547 9.619419367409044
v 0.31066973725907504 5.0791124456801 9.647443548748031
v 0.22166819048091768 5.199191542266547 9.619419367409044
v 0.22166819048091768 5.123533497455563 8.963671221508063
v 0.07766062305568158 5.17032454862001 8.960980874737448
v 0.07766062305568158 5.17032454862001 8.960980874737448
v 0.07766061648744717 5.2450577863758205 9.608715144062586
v 0.22166819048091768 5.199191542266547 9.619419367409044
v 0.07766061648744717 5.2450577863758205 9.608715144062586
v 0.07766062305568158 5.17032454862001 8.960980874737448
v -0.06634691809661686 5.123533497455563 8.963671221508063
v -0.06634691809661686 5.123533497455563 8.963671221508063
v -0.06634691809661686 5.199191542266547 9.619419367409044
v 0.07766061648744717 5.2450577863758205 9.608715144062586
v -0.06634691809661686 5.199191542266547 9.619419367409044
v -0.06634691809661686 5.123533497455563 8.963671221508063
v -0.15534843860183656 5.001033508218843 8.9707157263811
v -0.15534843860183656 5.001033508218843 8.9707157263811
v -0.15534843860183656 5.079112445680174 9.64744186728002
v -0.06634691809661686 5.199191542266547 9.619419367409044
v -0.15534843860183656 5.079112445680174 9.64744186728002
v -0.15534843860183656 5.001033508218843 8.9707157263811
v -0.1553484123288989 4.849614791340328 8.979423201851898
v -0.1553484123288989 4.849614791340328 8.979423201851898
v -0.1553484123288989 4.93068632035886 9.682080942531057
v -0.15534843860183656 5.079112445680174 9.64744186728002
v -0.1553484123288989 4.93068632035886 9.682080942531057
v -0.1553484123288989 4.849614791340328 8.979423201851898
v -0.06634678673192859 4.727114802103609 8.986467706724932
v -0.06634678673192859 4.727114802103609 8.986467706724932
v -0.06634678673192859 4.8106072237724495 9.710104283136038
v -0.1553484123288989 4.93068632035886 9.682080942531057
v -0.06634678673192859 4.8106072237724495 9.710104283136038
v -0.06634678673192859 4.727114802103609 8.986467706724932
v 0.07766068216979131 4.680323750939162 8.989158053495549
v 0.07766068216979131 4.680323750939162 8.989158053495549
v 0.0776606756015569 4.764740559296174 9.720808506482477
v -0.06634678673192859 4.8106072237724495 9.710104283136038
v 0.07766068216979131 4.680323750939162 8.989158053495549
v 0.07766068216979131 4.680323689643906 -8.84232256628787
v 0.22166821675385534 4.727114740573155 -8.83963221542665
v 0.22166821675385534 4.727114740573155 -8.83963221542665
v 0.22166821675385534 4.727114802103609 8.986467706724932
v 0.07766068216979131 4.680323750939162 8.989158053495549
v 0.22166821675385534 4.727114802103609 8.986467706724932
v 0.22166821675385534 4.727114740573155 -8.83963221542665
v 0.3106697635320127 4.849614729194024 -8.832587699844325
v 0.3106697635320127 4.849614729194024 -8.832587699844325
v 0.3106697635320127 4.849614791340328 8.979423201851898
v 0.22166821675385534 4.727114802103609 8.986467706724932
v 0.3106697635320127 4.849614791340328 8.979423201851898
v 0.3106697635320127 4.849614729194024 -8.832587699844325
v 0.31066973725907504 5.001033445311306 -8.823880211136082
v 0.31066973725907504 5.001033445311306 -8.823880211136082
v 0.31066973725907504 5.001033508218843 8.9707157263811
v 0.3106697635320127 4.849614791340328 8.979423201851898
v 0.31066973725907504 5.001033508218843 8.9707157263811
v 0.31066973725907504 5.001033445311306 -8.823880211136082
v 0.22166819048091768 5.123533433932176 -8.81683569555376
v 0.22166819048091768 5.123533433932176 -8.81683569555376
v 0.22166819048091768 5.123533497455563 8.963671221508063
v 0.31066973725907504 5.001033508218843 8.9707157263811
v 0.22166819048091768 5.123533497455563 8.963671221508063
v 0.22166819048091768 5.123533433932176 -8.81683569555376
v 0.07766062305568158 5.170324484861426 -8.81414534469254
v 0.07766062305568158 5.170324484861426 -8.81414534469254
v 0.07766062305568158 5.17032454862001 8.960980874737448
v 0.22166819048091768 5.123533497455563 8.963671221508063
v 0.07766062305568158 5.17032454862001 8.960980874737448
v 0.07766062305568158 5.170324484861426 -8.81414534469254
v -0.06634691809661686 5.123533433932176 -8.81683569555376
v -0.06634691809661686 5.123533433932176 -8.81683569555376
v -0.06634691809661686 5.123533497455563 8.963671221508063
v 0.07766062305568158 5.17032454862001 8.960980874737448
v -0.06634691809661686 5.123533497455563 8.963671221508063
v -0.06634691809661686 5.123533433932176 -8.81683569555376
v -0.15534843860183656 5.001033445311306 -8.823880211136082
v -0.15534843860183656 5.001033445311306 -8.823880211136082
v -0.15534843860183656 5.001033508218843 8.9707157263811
v -0.06634691809661686 5.123533497455563 8.963671221508063
v -0.15534843860183656 5.001033508218843 8.9707157263811
v -0.15534843860183656 5.001033445311306 -8.823880211136082
v -0.1553484123288989 4.849614729194024 -8.832587699844325
v -0.1553484123288989 4.849614729194024 -8.832587699844325
v -0.1553484123288989 4.849614791340328 8.979423201851898
v -0.15534843860183656 5.001033508218843 8.9707157263811
v -0.1553484123288989 4.849614791340328 8.979423201851898
v -0.1553484123288989 4.849614729194024 -8.832587699844325
v -0.06634678673192859 4.727114740573155 -8.83963221542665
v -0.06634678673192859 4.727114740573155 -8.83963221542665
v -0.06634678673192859 4.727114802103609 8.986467706724932
v -0.1553484123288989 4.849614791340328 8.979423201851898
v -0.06634678673192859 4.727114802103609 8.986467706724932
v -0.06634678673192859 4.727114740573155 -8.83963221542665
v 0.07766068216979131 4.680323689643906 -8.84232256628787
v 0.07766068216979131 4.680323689643906 -8.84232256628787
v 0.07766068216979131 4.680323750939162 8.989158053495549
v -0.06634678673192859 4.727114802103609 8.986467706724932
vt 0.9855738282203674 0
vt 0.9897680282592773 0
vt 0.9897680282592773 0.5155677199363708
vt 0.9855738282203674 0
vt 0.9897680282592773 0.5155677199363708
vt 0.9855738282203674 0.5155677795410156
vt 0.9855738282203674 0.5155677795410156
vt 0.9809186458587646 0.5155677795410156
vt 0.9809186458587646 0
vt 0.9855738282203674 0
vt 0.9855738282203674 0.5155677795410156
vt 0.9809186458587646 0
vt 0.9762157797813416 0
vt 0.9809186458587646 0
vt 0.9809186458587646 0.5155677795410156
vt 0.9762157797813416 0
vt 0.9809186458587646 0.5155677795410156
vt 0.9762157797813416 0.5155677795410156
vt 0.9762157797813416 0.5155677795410156
vt 0.9719786643981934 0.5155677795410156
vt 0.9719786643981934 5.1747797158441244e-8
vt 0.9762157797813416 0
vt 0.9762157797813416 0.5155677795410156
vt 0.9719786643981934 5.1747797158441244e-8
vt 0.4615309238433838 0.8012187480926514
vt 0.45709267258644104 0.8012187480926514
vt 0.45709267258644104 0.26626986265182495
vt 0.4615309238433838 0.8012187480926514
vt 0.45709267258644104 0.26626986265182495
vt 0.4615309238433838 0.26626986265182495
vt 0.4615309238433838 0.26626986265182495
vt 0.46651068329811096 0.26626986265182495
vt 0.46651068329811096 0.8012187480926514
vt 0.4615309238433838 0.8012187480926514
vt 0.4615309238433838 0.26626986265182495
vt 0.46651068329811096 0.8012187480926514
vt 0.47104576230049133 0.8012187480926514
vt 0.46651068329811096 0.8012187480926514
vt 0.46651068329811096 0.26626986265182495
vt 0.47104576230049133 0.8012187480926514
vt 0.46651068329811096 0.26626986265182495
vt 0.47104576230049133 0.26626986265182495
vt 0.47104576230049133 0.26626986265182495
vt 0.47423750162124634 0.26626986265182495
vt 0.47423750162124634 0.8012187480926514
vt 0.47104576230049133 0.8012187480926514
vt 0.47104576230049133 0.26626986265182495
vt 0.47423750162124634 0.8012187480926514
vt 0.4805452525615692 0.7689111232757568
vt 0.4760068356990814 0.7689111232757568
vt 0.4760068356990814 0.26626986265182495
vt 0.4805452525615692 0.7689111232757568
vt 0.4760068356990814 0.26626986265182495
vt 0.4805452525615692 0.26626986265182495
vt 0.4805452525615692 0.26626986265182495
vt 0.48513028025627136 0.26626986265182495
vt 0.48513028025627136 0.7689111232757568
vt 0.4805452525615692 0.7689111232757568
vt 0.4805452525615692 0.26626986265182495
vt 0.48513028025627136 0.7689111232757568
vt 0.44121164083480835 0.8039572834968567
vt 0.43817847967147827 0.8039572834968567
vt 0.43817847967147827 0.26626986265182495
vt 0.44121164083480835 0.8039572834968567
vt 0.43817847967147827 0.26626986265182495
vt 0.44121164083480835 0.26626986265182495
vt 0.44121164083480835 0.26626986265182495
vt 0.4456726610660553 0.26626986265182495
vt 0.4456726610660553 0.8039572834968567
vt 0.44121164083480835 0.8039572834968567
vt 0.44121164083480835 0.26626986265182495
vt 0.4456726610660553 0.8039572834968567
vt 0.45067793130874634 0.8039572834968567
vt 0.4456726610660553 0.8039572834968567
vt 0.4456726610660553 0.26626986265182495
vt 0.45067793130874634 0.8039572834968567
vt 0.4456726610660553 0.26626986265182495
vt 0.45067793130874634 0.26626986265182495
vt 0.45067793130874634 0.26626986265182495
vt 0.4552360475063324 0.26626986265182495
vt 0.4552360475063324 0.8039572834968567
vt 0.45067793130874634 0.8039572834968567
vt 0.45067793130874634 0.26626986265182495
vt 0.4552360475063324 0.8039572834968567
vt 0.6411460638046265 0.5744085907936096
vt 0.6412937641143799 0.5678055286407471
vt 0.6441441178321838 0.5685235261917114
vt 0.6441441178321838 0.5685235261917114
vt 0.6464006900787354 0.5704071521759033
vt 0.6411460638046265 0.5744085907936096
vt 0.6411460638046265 0.5744085907936096
vt 0.6360756754875183 0.5701761841773987
vt 0.638414204120636 0.5683953762054443
vt 0.638414204120636 0.5683953762054443
vt 0.6412937641143799 0.5678055286407471
vt 0.6411460638046265 0.5744085907936096
vt 0.6411460638046265 0.5744085907936096
vt 0.6346758008003235 0.5757339596748352
vt 0.6347414255142212 0.5727953314781189
vt 0.6347414255142212 0.5727953314781189
vt 0.6360756754875183 0.5701761841773987
vt 0.6411460638046265 0.5744085907936096
vt 0.6411460638046265 0.5744085907936096
vt 0.6381481885910034 0.5802936553955078
vt 0.6358916163444519 0.5784101486206055
vt 0.6358916163444519 0.5784101486206055
vt 0.6346758008003235 0.5757339596748352
vt 0.6411460638046265 0.5744085907936096
vt 0.6411460638046265 0.5744085907936096
vt 0.6438781023025513 0.5804218053817749
vt 0.6409984827041626 0.5810116529464722
vt 0.6409984827041626 0.5810116529464722
vt 0.6381481885910034 0.5802936553955078
vt 0.6411460638046265 0.5744085907936096
vt 0.6411460638046265 0.5744085907936096
vt 0.6475507616996765 0.5760218501091003
vt 0.6462165117263794 0.5786409974098206
vt 0.6462165117263794 0.5786409974098206
vt 0.6438781023025513 0.5804218053817749
vt 0.6411460638046265 0.5744085907936096
vt 0.6411460638046265 0.5744085907936096
vt 0.6464006900787354 0.5704071521759033
vt 0.647616446018219 0.5730832815170288
vt 0.647616446018219 0.5730832815170288
vt 0.6475507616996765 0.5760218501091003
vt 0.6411460638046265 0.5744085907936096
vt 0.7724946141242981 0.549586296081543
vt 0.7789649963378906 0.5509117245674133
vt 0.7777491807937622 0.5535877346992493
vt 0.7777491807937622 0.5535877346992493
vt 0.7754926681518555 0.5554713606834412
vt 0.7724946141242981 0.549586296081543
vt 0.7726422548294067 0.5561893582344055
vt 0.7697626948356628 0.5555995106697083
vt 0.7724946141242981 0.549586296081543
vt 0.7724946141242981 0.549586296081543
vt 0.7754926681518555 0.5554713606834412
vt 0.7726422548294067 0.5561893582344055
vt 0.7674242258071899 0.5538187623023987
vt 0.7660899758338928 0.5511995553970337
vt 0.7724946141242981 0.549586296081543
vt 0.7724946141242981 0.549586296081543
vt 0.7697626948356628 0.5555995106697083
vt 0.7674242258071899 0.5538187623023987
vt 0.7660242319107056 0.5482609868049622
vt 0.7672401070594788 0.5455847978591919
vt 0.7724946141242981 0.549586296081543
vt 0.7724946141242981 0.549586296081543
vt 0.7660899758338928 0.5511995553970337
vt 0.7660242319107056 0.5482609868049622
vt 0.7694966793060303 0.5437012314796448
vt 0.7723469734191895 0.5429832339286804
vt 0.7724946141242981 0.549586296081543
vt 0.7724946141242981 0.549586296081543
vt 0.7672401070594788 0.5455847978591919
vt 0.7694966793060303 0.5437012314796448
vt 0.7752265930175781 0.5435731410980225
vt 0.777565062046051 0.5453539490699768
vt 0.7724946141242981 0.549586296081543
vt 0.7724946141242981 0.549586296081543
vt 0.7723469734191895 0.5429832339286804
vt 0.7752265930175781 0.5435731410980225
vt 0.7788993120193481 0.5479730367660522
vt 0.7789649963378906 0.5509117245674133
vt 0.7724946141242981 0.549586296081543
vt 0.7724946141242981 0.549586296081543
vt 0.777565062046051 0.5453539490699768
vt 0.7788993120193481 0.5479730367660522
vt 0.8844128251075745 0.26626986265182495
vt 0.8865739107131958 0.26626986265182495
vt 0.8865739107131958 0.5319218635559082
vt 0.8844128251075745 0.26626986265182495
vt 0.8865739107131958 0.5319218635559082
vt 0.8844128251075745 0.5319218635559082
vt 0.8844128251075745 0.5319218635559082
vt 0.8820142149925232 0.5319218635559082
vt 0.8820142149925232 0.26626986265182495
vt 0.8844128251075745 0.26626986265182495
vt 0.8844128251075745 0.5319218635559082
vt 0.8820142149925232 0.26626986265182495
vt 0.8795909881591797 0.26626986265182495
vt 0.8820142149925232 0.26626986265182495
vt 0.8820142149925232 0.5319218635559082
vt 0.8795909881591797 0.26626986265182495
vt 0.8820142149925232 0.5319218635559082
vt 0.8795909881591797 0.5319218635559082
vt 0.8795909881591797 0.5319218635559082
vt 0.8774077296257019 0.5319218635559082
vt 0.8774077296257019 0.26626989245414734
vt 0.8795909881591797 0.26626986265182495
vt 0.8795909881591797 0.5319218635559082
vt 0.8774077296257019 0.26626989245414734
vt 0.8166473507881165 0.5419080257415771
vt 0.814360499382019 0.5419080257415771
vt 0.814360499382019 0.26626986265182495
vt 0.8166473507881165 0.5419080257415771
vt 0.814360499382019 0.26626986265182495
vt 0.8166473507881165 0.26626986265182495
vt 0.8166473507881165 0.26626986265182495
vt 0.8192132711410522 0.26626986265182495
vt 0.8192132711410522 0.5419080257415771
vt 0.8166473507881165 0.5419080257415771
vt 0.8166473507881165 0.26626986265182495
vt 0.8192132711410522 0.5419080257415771
vt 0.8215500116348267 0.5419080257415771
vt 0.8192132711410522 0.5419080257415771
vt 0.8192132711410522 0.26626986265182495
vt 0.8215500116348267 0.5419080257415771
vt 0.8192132711410522 0.26626986265182495
vt 0.8215500116348267 0.26626986265182495
vt 0.8215500116348267 0.26626986265182495
vt 0.8231945633888245 0.26626986265182495
vt 0.8231945633888245 0.5419080257415771
vt 0.8215500116348267 0.5419080257415771
vt 0.8215500116348267 0.26626986265182495
vt 0.8231945633888245 0.5419080257415771
vt 0.5424433946609497 0.5878666043281555
vt 0.540104866027832 0.5878666043281555
vt 0.540104866027832 0.3288753926753998
vt 0.5424433946609497 0.5878666043281555
vt 0.540104866027832 0.3288753926753998
vt 0.5424433946609497 0.3288753926753998
vt 0.5424433946609497 0.3288753926753998
vt 0.5448058843612671 0.3288753926753998
vt 0.5448058843612671 0.5878666043281555
vt 0.5424433946609497 0.5878666043281555
vt 0.5424433946609497 0.3288753926753998
vt 0.5448058843612671 0.5878666043281555
vt 0.7213524580001831 0.5433194041252136
vt 0.7197895646095276 0.5433194041252136
vt 0.7197895646095276 0.26626986265182495
vt 0.7213524580001831 0.5433194041252136
vt 0.7197895646095276 0.26626986265182495
vt 0.7213524580001831 0.26626986265182495
vt 0.7213524580001831 0.26626986265182495
vt 0.7236510515213013 0.26626986265182495
vt 0.7236510515213013 0.5433194041252136
vt 0.7213524580001831 0.5433194041252136
vt 0.7213524580001831 0.26626986265182495
vt 0.7236510515213013 0.5433194041252136
vt 0.7262300848960876 0.5433194041252136
vt 0.7236510515213013 0.5433194041252136
vt 0.7236510515213013 0.26626986265182495
vt 0.7262300848960876 0.5433194041252136
vt 0.7236510515213013 0.26626986265182495
vt 0.7262300848960876 0.26626986265182495
vt 0.7262300848960876 0.26626986265182495
vt 0.7285786867141724 0.26626986265182495
vt 0.7285786867141724 0.5433194041252136
vt 0.7262300848960876 0.5433194041252136
vt 0.7262300848960876 0.26626986265182495
vt 0.7285786867141724 0.5433194041252136
vt 0.7736998200416565 0.5796915888786316
vt 0.771443247795105 0.5778080821037292
vt 0.7702274322509766 0.575131893157959
vt 0.7736998200416565 0.5796915888786316
vt 0.7702274322509766 0.575131893157959
vt 0.7702930569648743 0.5721932053565979
vt 0.7736998200416565 0.5796915888786316
vt 0.7702930569648743 0.5721932053565979
vt 0.7716273069381714 0.5695741176605225
vt 0.7736998200416565 0.5796915888786316
vt 0.7716273069381714 0.5695741176605225
vt 0.7739658355712891 0.5677933096885681
vt 0.7736998200416565 0.5796915888786316
vt 0.7739658355712891 0.5677933096885681
vt 0.776845395565033 0.5672034621238708
vt 0.7736998200416565 0.5796915888786316
vt 0.776845395565033 0.5672034621238708
vt 0.7796957492828369 0.5679214596748352
vt 0.7736998200416565 0.5796915888786316
vt 0.7796957492828369 0.5679214596748352
vt 0.7819523215293884 0.5698050856590271
vt 0.7736998200416565 0.5796915888786316
vt 0.7819523215293884 0.5698050856590271
vt 0.7831680774688721 0.5724811553955078
vt 0.7736998200416565 0.5796915888786316
vt 0.7831680774688721 0.5724811553955078
vt 0.7831024527549744 0.5754197835922241
vt 0.7736998200416565 0.5796915888786316
vt 0.7831024527549744 0.5754197835922241
vt 0.7817681431770325 0.5780389308929443
vt 0.7736998200416565 0.5796915888786316
vt 0.7817681431770325 0.5780389308929443
vt 0.7794297337532043 0.5798197388648987
vt 0.7736998200416565 0.5796915888786316
vt 0.7794297337532043 0.5798197388648987
vt 0.7765501141548157 0.580409586429596
vt 0.7985808253288269 0.545353353023529
vt 0.799915075302124 0.5479724407196045
vt 0.7999807596206665 0.5509111285209656
vt 0.7985808253288269 0.545353353023529
vt 0.7999807596206665 0.5509111285209656
vt 0.7987649440765381 0.5535871982574463
vt 0.7985808253288269 0.545353353023529
vt 0.7987649440765381 0.5535871982574463
vt 0.7965084314346313 0.5554708242416382
vt 0.7985808253288269 0.545353353023529
vt 0.7965084314346313 0.5554708242416382
vt 0.7936580181121826 0.5561887621879578
vt 0.7985808253288269 0.545353353023529
vt 0.7936580181121826 0.5561887621879578
vt 0.7907784581184387 0.5555989146232605
vt 0.7985808253288269 0.545353353023529
vt 0.7907784581184387 0.5555989146232605
vt 0.7884399890899658 0.5538181662559509
vt 0.7985808253288269 0.545353353023529
vt 0.7884399890899658 0.5538181662559509
vt 0.7871057391166687 0.5511990189552307
vt 0.7985808253288269 0.545353353023529
vt 0.7871057391166687 0.5511990189552307
vt 0.7870399951934814 0.5482603907585144
vt 0.7985808253288269 0.545353353023529
vt 0.7870399951934814 0.5482603907585144
vt 0.7882558703422546 0.5455842018127441
vt 0.7985808253288269 0.545353353023529
vt 0.7882558703422546 0.5455842018127441
vt 0.7905124425888062 0.543700635433197
vt 0.7985808253288269 0.545353353023529
vt 0.7905124425888062 0.543700635433197
vt 0.7933627367019653 0.5429826974868774
vt 0.7985808253288269 0.545353353023529
vt 0.7933627367019653 0.5429826974868774
vt 0.796242356300354 0.5435725450515747
vt 0.9579658508300781 0.26626986265182495
vt 0.9601262807846069 0.26626986265182495
vt 0.9601262807846069 0.531842052936554
vt 0.9579658508300781 0.26626986265182495
vt 0.9601262807846069 0.531842052936554
vt 0.9579658508300781 0.5318421125411987
vt 0.9579658508300781 0.5318421125411987
vt 0.9555678963661194 0.5318421125411987
vt 0.9555678963661194 0.26626986265182495
vt 0.9579658508300781 0.26626986265182495
vt 0.9579658508300781 0.5318421125411987
vt 0.9555678963661194 0.26626986265182495
vt 0.953145444393158 0.26626986265182495
vt 0.9555678963661194 0.26626986265182495
vt 0.9555678963661194 0.5318421125411987
vt 0.953145444393158 0.26626986265182495
vt 0.9555678963661194 0.5318421125411987
vt 0.953145444393158 0.5318421125411987
vt 0.953145444393158 0.5318421125411987
vt 0.9509629011154175 0.5318421125411987
vt 0.9509629011154175 0.26626989245414734
vt 0.953145444393158 0.26626986265182495
vt 0.953145444393158 0.5318421125411987
vt 0.9509629011154175 0.26626989245414734
vt 0.8691867589950562 0.5419085025787354
vt 0.866899847984314 0.5419085025787354
vt 0.866899847984314 0.26626986265182495
vt 0.8691867589950562 0.5419085025787354
vt 0.866899847984314 0.26626986265182495
vt 0.8691867589950562 0.26626986265182495
vt 0.8691867589950562 0.26626986265182495
vt 0.8717526197433472 0.26626986265182495
vt 0.8717526197433472 0.5419085025787354
vt 0.8691867589950562 0.5419085025787354
vt 0.8691867589950562 0.26626986265182495
vt 0.8717526197433472 0.5419085025787354
vt 0.8740893602371216 0.5419085025787354
vt 0.8717526197433472 0.5419085025787354
vt 0.8717526197433472 0.26626986265182495
vt 0.8740893602371216 0.5419085025787354
vt 0.8717526197433472 0.26626986265182495
vt 0.8740893602371216 0.26626986265182495
vt 0.8740893602371216 0.26626986265182495
vt 0.8757339715957642 0.26626986265182495
vt 0.8757339715957642 0.5419085025787354
vt 0.8740893602371216 0.5419085025787354
vt 0.8740893602371216 0.26626986265182495
vt 0.8757339715957642 0.5419085025787354
vt 0.6212524175643921 0.7678741812705994
vt 0.6189139485359192 0.7678741812705994
vt 0.6189139485359192 0.5088830590248108
vt 0.6212524175643921 0.7678741812705994
vt 0.6189139485359192 0.5088830590248108
vt 0.6212524175643921 0.5088830590248108
vt 0.6212524175643921 0.5088830590248108
vt 0.6236149072647095 0.5088830590248108
vt 0.6236149072647095 0.7678741812705994
vt 0.6212524175643921 0.7678741812705994
vt 0.6212524175643921 0.5088830590248108
vt 0.6236149072647095 0.7678741812705994
vt 0.6477972865104675 0.5433200001716614
vt 0.6462344527244568 0.5433200001716614
vt 0.6462344527244568 0.26626986265182495
vt 0.6477972865104675 0.5433200001716614
vt 0.6462344527244568 0.26626986265182495
vt 0.6477972865104675 0.26626986265182495
vt 0.6477972865104675 0.26626986265182495
vt 0.6500958800315857 0.26626986265182495
vt 0.6500958800315857 0.5433200001716614
vt 0.6477972865104675 0.5433200001716614
vt 0.6477972865104675 0.26626986265182495
vt 0.6500958800315857 0.5433200001716614
vt 0.6526749134063721 0.5433200001716614
vt 0.6500958800315857 0.5433200001716614
vt 0.6500958800315857 0.26626986265182495
vt 0.6526749134063721 0.5433200001716614
vt 0.6500958800315857 0.26626986265182495
vt 0.6526749134063721 0.26626986265182495
vt 0.6526749134063721 0.26626986265182495
vt 0.6550235748291016 0.26626986265182495
vt 0.6550235748291016 0.5433200001716614
vt 0.6526749134063721 0.5433200001716614
vt 0.6526749134063721 0.26626986265182495
vt 0.6550235748291016 0.5433200001716614
vt 0.9418190121650696 0.5610153079032898
vt 0.9446694254875183 0.5617333054542542
vt 0.9469259977340698 0.563616931438446
vt 0.9418190121650696 0.5610153079032898
vt 0.9469259977340698 0.563616931438446
vt 0.9481417536735535 0.5662930607795715
vt 0.9418190121650696 0.5610153079032898
vt 0.9481417536735535 0.5662930607795715
vt 0.948076069355011 0.5692316889762878
vt 0.9418190121650696 0.5610153079032898
vt 0.948076069355011 0.5692316889762878
vt 0.9467418193817139 0.5718507766723633
vt 0.9418190121650696 0.5610153079032898
vt 0.9467418193817139 0.5718507766723633
vt 0.9444034099578857 0.5736315846443176
vt 0.9418190121650696 0.5610153079032898
vt 0.9444034099578857 0.5736315846443176
vt 0.9415237903594971 0.5742214322090149
vt 0.9418190121650696 0.5610153079032898
vt 0.9415237903594971 0.5742214322090149
vt 0.9386734366416931 0.5735034942626953
vt 0.9418190121650696 0.5610153079032898
vt 0.9386734366416931 0.5735034942626953
vt 0.9364169239997864 0.5716199278831482
vt 0.9418190121650696 0.5610153079032898
vt 0.9364169239997864 0.5716199278831482
vt 0.9352010488510132 0.5689437389373779
vt 0.9418190121650696 0.5610153079032898
vt 0.9352010488510132 0.5689437389373779
vt 0.9352667331695557 0.5660051107406616
vt 0.9418190121650696 0.5610153079032898
vt 0.9352667331695557 0.5660051107406616
vt 0.9366009831428528 0.5633859634399414
vt 0.9418190121650696 0.5610153079032898
vt 0.9366009831428528 0.5633859634399414
vt 0.9389394521713257 0.5616051554679871
vt 0.743935763835907 0.5704413056373596
vt 0.7452695965766907 0.5730594992637634
vt 0.7453352212905884 0.5759971141815186
vt 0.743935763835907 0.5704413056373596
vt 0.7453352212905884 0.5759971141815186
vt 0.7441198229789734 0.5786722302436829
vt 0.743935763835907 0.5704413056373596
vt 0.7441198229789734 0.5786722302436829
vt 0.7418640851974487 0.5805552005767822
vt 0.743935763835907 0.5704413056373596
vt 0.7418640851974487 0.5805552005767822
vt 0.7390146851539612 0.5812729001045227
vt 0.743935763835907 0.5704413056373596
vt 0.7390146851539612 0.5812729001045227
vt 0.7361361384391785 0.5806832313537598
vt 0.743935763835907 0.5704413056373596
vt 0.7361361384391785 0.5806832313537598
vt 0.7337985038757324 0.5789031386375427
vt 0.743935763835907 0.5704413056373596
vt 0.7337985038757324 0.5789031386375427
vt 0.7324647307395935 0.5762848854064941
vt 0.743935763835907 0.5704413056373596
vt 0.7324647307395935 0.5762848854064941
vt 0.732399046421051 0.5733473300933838
vt 0.743935763835907 0.5704413056373596
vt 0.732399046421051 0.5733473300933838
vt 0.733614444732666 0.5706720948219299
vt 0.743935763835907 0.5704413056373596
vt 0.733614444732666 0.5706720948219299
vt 0.7358702421188354 0.5687892436981201
vt 0.743935763835907 0.5704413056373596
vt 0.7358702421188354 0.5687892436981201
vt 0.7387195229530334 0.5680714845657349
vt 0.743935763835907 0.5704413056373596
vt 0.7387195229530334 0.5680714845657349
vt 0.7415981292724609 0.5686611533164978
vt 0.8949207067489624 0.26626986265182495
vt 0.8970817923545837 0.26626986265182495
vt 0.8970817923545837 0.5319218635559082
vt 0.8949207067489624 0.26626986265182495
vt 0.8970817923545837 0.5319218635559082
vt 0.8949207067489624 0.5319218635559082
vt 0.8949207067489624 0.5319218635559082
vt 0.8925220370292664 0.5319218635559082
vt 0.8925220370292664 0.26626986265182495
vt 0.8949207067489624 0.26626986265182495
vt 0.8949207067489624 0.5319218635559082
vt 0.8925220370292664 0.26626986265182495
vt 0.8900988698005676 0.26626986265182495
vt 0.8925220370292664 0.26626986265182495
vt 0.8925220370292664 0.5319218635559082
vt 0.8900988698005676 0.26626986265182495
vt 0.8925220370292664 0.5319218635559082
vt 0.8900988698005676 0.5319218635559082
vt 0.8900988698005676 0.5319218635559082
vt 0.8879156112670898 0.5319218635559082
vt 0.8879156112670898 0.26626989245414734
vt 0.8900988698005676 0.26626986265182495
vt 0.8900988698005676 0.5319218635559082
vt 0.8879156112670898 0.26626989245414734
vt 0.8061394691467285 0.5419080257415771
vt 0.8038526177406311 0.5419080257415771
vt 0.8038526177406311 0.26626986265182495
vt 0.8061394691467285 0.5419080257415771
vt 0.8038526177406311 0.26626986265182495
vt 0.8061394691467285 0.26626986265182495
vt 0.8061394691467285 0.26626986265182495
vt 0.8087053894996643 0.26626986265182495
vt 0.8087053894996643 0.5419080257415771
vt 0.8061394691467285 0.5419080257415771
vt 0.8061394691467285 0.26626986265182495
vt 0.8087053894996643 0.5419080257415771
vt 0.8110421299934387 0.5419080257415771
vt 0.8087053894996643 0.5419080257415771
vt 0.8087053894996643 0.26626986265182495
vt 0.8110421299934387 0.5419080257415771
vt 0.8087053894996643 0.26626986265182495
vt 0.8110421299934387 0.26626986265182495
vt 0.8110421299934387 0.26626986265182495
vt 0.8126867413520813 0.26626986265182495
vt 0.8126867413520813 0.5419080257415771
vt 0.8110421299934387 0.5419080257415771
vt 0.8110421299934387 0.26626986265182495
vt 0.8126867413520813 0.5419080257415771
vt 0.5361385941505432 0.5878676176071167
vt 0.5338001847267151 0.5878676176071167
vt 0.5338001847267151 0.3288753926753998
vt 0.5361385941505432 0.5878676176071167
vt 0.5338001847267151 0.3288753926753998
vt 0.5361385941505432 0.3288753926753998
vt 0.5361385941505432 0.3288753926753998
vt 0.5385010838508606 0.3288753926753998
vt 0.5385010838508606 0.5878676176071167
vt 0.5361385941505432 0.5878676176071167
vt 0.5361385941505432 0.3288753926753998
vt 0.5385010838508606 0.5878676176071167
vt 0.7108445763587952 0.5433200001716614
vt 0.7092817425727844 0.5433200001716614
vt 0.7092817425727844 0.26626986265182495
vt 0.7108445763587952 0.5433200001716614
vt 0.7092817425727844 0.26626986265182495
vt 0.7108445763587952 0.26626986265182495
vt 0.7108445763587952 0.26626986265182495
vt 0.7131431698799133 0.26626986265182495
vt 0.7131431698799133 0.5433200001716614
vt 0.7108445763587952 0.5433200001716614
vt 0.7108445763587952 0.26626986265182495
vt 0.7131431698799133 0.5433200001716614
vt 0.7157222032546997 0.5433200001716614
vt 0.7131431698799133 0.5433200001716614
vt 0.7131431698799133 0.26626986265182495
vt 0.7157222032546997 0.5433200001716614
vt 0.7131431698799133 0.26626986265182495
vt 0.7157222032546997 0.26626986265182495
vt 0.7157222032546997 0.26626986265182495
vt 0.7180708050727844 0.26626986265182495
vt 0.7180708050727844 0.5433200001716614
vt 0.7157222032546997 0.5433200001716614
vt 0.7157222032546997 0.26626986265182495
vt 0.7180708050727844 0.5433200001716614
vt 0.7127472758293152 0.5574659705162048
vt 0.7155977487564087 0.5581839680671692
vt 0.7178542613983154 0.5600675940513611
vt 0.7127472758293152 0.5574659705162048
vt 0.7178542613983154 0.5600675940513611
vt 0.7190700173377991 0.5627437233924866
vt 0.7127472758293152 0.5574659705162048
vt 0.7190700173377991 0.5627437233924866
vt 0.7190043926239014 0.5656822919845581
vt 0.7127472758293152 0.5574659705162048
vt 0.7190043926239014 0.5656822919845581
vt 0.7176701426506042 0.5683014988899231
vt 0.7127472758293152 0.5574659705162048
vt 0.7176701426506042 0.5683014988899231
vt 0.7153316736221313 0.5700822472572327
vt 0.7127472758293152 0.5574659705162048
vt 0.7153316736221313 0.5700822472572327
vt 0.7124520540237427 0.5706720948219299
vt 0.7127472758293152 0.5574659705162048
vt 0.7124520540237427 0.5706720948219299
vt 0.7096017599105835 0.5699540972709656
vt 0.7127472758293152 0.5574659705162048
vt 0.7096017599105835 0.5699540972709656
vt 0.707345187664032 0.5680705904960632
vt 0.7127472758293152 0.5574659705162048
vt 0.707345187664032 0.5680705904960632
vt 0.7061293721199036 0.565394401550293
vt 0.7127472758293152 0.5574659705162048
vt 0.7061293721199036 0.565394401550293
vt 0.7061949968338013 0.5624557733535767
vt 0.7127472758293152 0.5574659705162048
vt 0.7061949968338013 0.5624557733535767
vt 0.7075292468070984 0.5598366260528564
vt 0.7127472758293152 0.5574659705162048
vt 0.7075292468070984 0.5598366260528564
vt 0.7098677754402161 0.5580558180809021
vt 0.6715191006660461 0.5526103973388672
vt 0.6714533567428589 0.5496718287467957
vt 0.6726691722869873 0.5469956398010254
vt 0.6715191006660461 0.5526103973388672
vt 0.6726691722869873 0.5469956398010254
vt 0.6749257445335388 0.5451120734214783
vt 0.6715191006660461 0.5526103973388672
vt 0.6749257445335388 0.5451120734214783
vt 0.6777760982513428 0.5443940758705139
vt 0.6715191006660461 0.5526103973388672
vt 0.6777760982513428 0.5443940758705139
vt 0.6806557178497314 0.5449839234352112
vt 0.6715191006660461 0.5526103973388672
vt 0.6806557178497314 0.5449839234352112
vt 0.6829941868782043 0.5467647910118103
vt 0.6715191006660461 0.5526103973388672
vt 0.6829941868782043 0.5467647910118103
vt 0.6843284368515015 0.5493838787078857
vt 0.6715191006660461 0.5526103973388672
vt 0.6843284368515015 0.5493838787078857
vt 0.684394121170044 0.552322506904602
vt 0.6715191006660461 0.5526103973388672
vt 0.684394121170044 0.552322506904602
vt 0.6831783056259155 0.5549985766410828
vt 0.6715191006660461 0.5526103973388672
vt 0.6831783056259155 0.5549985766410828
vt 0.680921733379364 0.5568822026252747
vt 0.6715191006660461 0.5526103973388672
vt 0.680921733379364 0.5568822026252747
vt 0.6780713796615601 0.557600200176239
vt 0.6715191006660461 0.5526103973388672
vt 0.6780713796615601 0.557600200176239
vt 0.6751917600631714 0.557010293006897
vt 0.6715191006660461 0.5526103973388672
vt 0.6751917600631714 0.557010293006897
vt 0.6728533506393433 0.5552296042442322
vt 0.8423813581466675 0.26626986265182495
vt 0.8445424437522888 0.26626986265182495
vt 0.8445424437522888 0.5319218635559082
vt 0.8423813581466675 0.26626986265182495
vt 0.8445424437522888 0.5319218635559082
vt 0.8423813581466675 0.531921923160553
vt 0.8423813581466675 0.531921923160553
vt 0.8399826884269714 0.531921923160553
vt 0.8399826884269714 0.26626986265182495
vt 0.8423813581466675 0.26626986265182495
vt 0.8423813581466675 0.531921923160553
vt 0.8399826884269714 0.26626986265182495
vt 0.8375594615936279 0.26626986265182495
vt 0.8399826884269714 0.26626986265182495
vt 0.8399826884269714 0.531921923160553
vt 0.8375594615936279 0.26626986265182495
vt 0.8399826884269714 0.531921923160553
vt 0.8375594615936279 0.531921923160553
vt 0.8375594615936279 0.531921923160553
vt 0.8353762626647949 0.531921923160553
vt 0.8353762626647949 0.26626989245414734
vt 0.8375594615936279 0.26626986265182495
vt 0.8375594615936279 0.531921923160553
vt 0.8353762626647949 0.26626989245414734
vt 0.7746158838272095 0.5419086217880249
vt 0.7723289728164673 0.5419086217880249
vt 0.7723289728164673 0.26626986265182495
vt 0.7746158838272095 0.5419086217880249
vt 0.7723289728164673 0.26626986265182495
vt 0.7746158838272095 0.26626986265182495
vt 0.7746158838272095 0.26626986265182495
vt 0.7771817445755005 0.26626986265182495
vt 0.7771817445755005 0.5419086217880249
vt 0.7746158838272095 0.5419086217880249
vt 0.7746158838272095 0.26626986265182495
vt 0.7771817445755005 0.5419086217880249
vt 0.7795184850692749 0.5419086217880249
vt 0.7771817445755005 0.5419086217880249
vt 0.7771817445755005 0.26626986265182495
vt 0.7795184850692749 0.5419086217880249
vt 0.7771817445755005 0.26626986265182495
vt 0.7795184850692749 0.26626986265182495
vt 0.7795184850692749 0.26626986265182495
vt 0.7811630368232727 0.26626986265182495
vt 0.7811630368232727 0.5419086217880249
vt 0.7795184850692749 0.5419086217880249
vt 0.7795184850692749 0.26626986265182495
vt 0.7811630368232727 0.5419086217880249
vt 0.5172244906425476 0.5878666639328003
vt 0.5148859620094299 0.5878666639328003
vt 0.5148859620094299 0.3288753926753998
vt 0.5172244906425476 0.5878666639328003
vt 0.5148859620094299 0.3288753926753998
vt 0.5172244906425476 0.3288753926753998
vt 0.5172244906425476 0.3288753926753998
vt 0.519586980342865 0.3288753926753998
vt 0.519586980342865 0.5878666639328003
vt 0.5172244906425476 0.5878666639328003
vt 0.5172244906425476 0.3288753926753998
vt 0.519586980342865 0.5878666639328003
vt 0.6688131093978882 0.5433194041252136
vt 0.6672502160072327 0.5433194041252136
vt 0.6672502160072327 0.26626986265182495
vt 0.6688131093978882 0.5433194041252136
vt 0.6672502160072327 0.26626986265182495
vt 0.6688131093978882 0.26626986265182495
vt 0.6688131093978882 0.26626986265182495
vt 0.6711117029190063 0.26626986265182495
vt 0.6711117029190063 0.5433194041252136
vt 0.6688131093978882 0.5433194041252136
vt 0.6688131093978882 0.26626986265182495
vt 0.6711117029190063 0.5433194041252136
vt 0.673690676689148 0.5433194041252136
vt 0.6711117029190063 0.5433194041252136
vt 0.6711117029190063 0.26626986265182495
vt 0.673690676689148 0.5433194041252136
vt 0.6711117029190063 0.26626986265182495
vt 0.673690676689148 0.26626986265182495
vt 0.673690676689148 0.26626986265182495
vt 0.6760393381118774 0.26626986265182495
vt 0.6760393381118774 0.5433194041252136
vt 0.673690676689148 0.5433194041252136
vt 0.673690676689148 0.26626986265182495
vt 0.6760393381118774 0.5433194041252136
vt 0.8672131299972534 0.5579143762588501
vt 0.8700635433197021 0.5586323142051697
vt 0.8723200559616089 0.5605159401893616
vt 0.8672131299972534 0.5579143762588501
vt 0.8723200559616089 0.5605159401893616
vt 0.8735358119010925 0.5631920695304871
vt 0.8672131299972534 0.5579143762588501
vt 0.8735358119010925 0.5631920695304871
vt 0.8734701871871948 0.5661306977272034
vt 0.8672131299972534 0.5579143762588501
vt 0.8734701871871948 0.5661306977272034
vt 0.8721359372138977 0.5687498450279236
vt 0.8672131299972534 0.5579143762588501
vt 0.8721359372138977 0.5687498450279236
vt 0.8697974681854248 0.5705306529998779
vt 0.8672131299972534 0.5579143762588501
vt 0.8697974681854248 0.5705306529998779
vt 0.8669178485870361 0.5711205005645752
vt 0.8672131299972534 0.5579143762588501
vt 0.8669178485870361 0.5711205005645752
vt 0.864067554473877 0.5704025030136108
vt 0.8672131299972534 0.5579143762588501
vt 0.864067554473877 0.5704025030136108
vt 0.8618109822273254 0.5685189962387085
vt 0.8672131299972534 0.5579143762588501
vt 0.8618109822273254 0.5685189962387085
vt 0.860595166683197 0.5658428072929382
vt 0.8672131299972534 0.5579143762588501
vt 0.860595166683197 0.5658428072929382
vt 0.8606607913970947 0.5629041194915771
vt 0.8672131299972534 0.5579143762588501
vt 0.8606607913970947 0.5629041194915771
vt 0.8619950413703918 0.5602850317955017
vt 0.8672131299972534 0.5579143762588501
vt 0.8619950413703918 0.5602850317955017
vt 0.8643335700035095 0.5585042238235474
vt 0.9132002592086792 0.5526102781295776
vt 0.9131345152854919 0.5496717095375061
vt 0.9143503904342651 0.5469954609870911
vt 0.9132002592086792 0.5526102781295776
vt 0.9143503904342651 0.5469954609870911
vt 0.9166069626808167 0.5451119542121887
vt 0.9132002592086792 0.5526102781295776
vt 0.9166069626808167 0.5451119542121887
vt 0.9194572567939758 0.5443939566612244
vt 0.9132002592086792 0.5526102781295776
vt 0.9194572567939758 0.5443939566612244
vt 0.9223368763923645 0.5449838042259216
vt 0.9132002592086792 0.5526102781295776
vt 0.9223368763923645 0.5449838042259216
vt 0.9246753454208374 0.546764612197876
vt 0.9132002592086792 0.5526102781295776
vt 0.9246753454208374 0.546764612197876
vt 0.9260096549987793 0.5493837594985962
vt 0.9132002592086792 0.5526102781295776
vt 0.9260096549987793 0.5493837594985962
vt 0.926075279712677 0.5523223876953125
vt 0.9132002592086792 0.5526102781295776
vt 0.926075279712677 0.5523223876953125
vt 0.9248594641685486 0.5549984574317932
vt 0.9132002592086792 0.5526102781295776
vt 0.9248594641685486 0.5549984574317932
vt 0.9226029515266418 0.5568820834159851
vt 0.9132002592086792 0.5526102781295776
vt 0.9226029515266418 0.5568820834159851
vt 0.9197525382041931 0.5576000809669495
vt 0.9132002592086792 0.5526102781295776
vt 0.9197525382041931 0.5576000809669495
vt 0.9168729782104492 0.5570101737976074
vt 0.9132002592086792 0.5526102781295776
vt 0.9168729782104492 0.5570101737976074
vt 0.9145345091819763 0.5552294254302979
vt 0.8318734169006348 0.26626986265182495
vt 0.8340345621109009 0.26626986265182495
vt 0.8340345621109009 0.5319218635559082
vt 0.8318734169006348 0.26626986265182495
vt 0.8340345621109009 0.5319218635559082
vt 0.8318734169006348 0.531921923160553
vt 0.8318734169006348 0.531921923160553
vt 0.8294748067855835 0.531921923160553
vt 0.8294748067855835 0.26626986265182495
vt 0.8318734169006348 0.26626986265182495
vt 0.8318734169006348 0.531921923160553
vt 0.8294748067855835 0.26626986265182495
vt 0.82705157995224 0.26626986265182495
vt 0.8294748067855835 0.26626986265182495
vt 0.8294748067855835 0.531921923160553
vt 0.82705157995224 0.26626986265182495
vt 0.8294748067855835 0.531921923160553
vt 0.82705157995224 0.531921923160553
vt 0.82705157995224 0.531921923160553
vt 0.824868381023407 0.531921923160553
vt 0.824868381023407 0.26626989245414734
vt 0.82705157995224 0.26626986265182495
vt 0.82705157995224 0.531921923160553
vt 0.824868381023407 0.26626989245414734
vt 0.7851237654685974 0.5419086217880249
vt 0.7828368544578552 0.5419086217880249
vt 0.7828368544578552 0.26626986265182495
vt 0.7851237654685974 0.5419086217880249
vt 0.7828368544578552 0.26626986265182495
vt 0.7851237654685974 0.26626986265182495
vt 0.7851237654685974 0.26626986265182495
vt 0.7876896262168884 0.26626986265182495
vt 0.7876896262168884 0.5419086217880249
vt 0.7851237654685974 0.5419086217880249
vt 0.7851237654685974 0.26626986265182495
vt 0.7876896262168884 0.5419086217880249
vt 0.7900263071060181 0.5419086217880249
vt 0.7876896262168884 0.5419086217880249
vt 0.7876896262168884 0.26626986265182495
vt 0.7900263071060181 0.5419086217880249
vt 0.7876896262168884 0.26626986265182495
vt 0.7900263071060181 0.26626986265182495
vt 0.7900263071060181 0.26626986265182495
vt 0.7916709184646606 0.26626986265182495
vt 0.7916709184646606 0.5419086217880249
vt 0.7900263071060181 0.5419086217880249
vt 0.7900263071060181 0.26626986265182495
vt 0.7916709184646606 0.5419086217880249
vt 0.5235291719436646 0.5878666639328003
vt 0.5211907029151917 0.5878666639328003
vt 0.5211907029151917 0.3288753926753998
vt 0.5235291719436646 0.5878666639328003
vt 0.5211907029151917 0.3288753926753998
vt 0.5235291719436646 0.3288753926753998
vt 0.5235291719436646 0.3288753926753998
vt 0.5258916616439819 0.3288753926753998
vt 0.5258916616439819 0.5878666639328003
vt 0.5235291719436646 0.5878666639328003
vt 0.5235291719436646 0.3288753926753998
vt 0.5258916616439819 0.5878666639328003
vt 0.6793209910392761 0.5433194041252136
vt 0.6777580976486206 0.5433194041252136
vt 0.6777580976486206 0.26626986265182495
vt 0.6793209910392761 0.5433194041252136
vt 0.6777580976486206 0.26626986265182495
vt 0.6793209910392761 0.26626986265182495
vt 0.6793209910392761 0.26626986265182495
vt 0.6816195845603943 0.26626986265182495
vt 0.6816195845603943 0.5433194041252136
vt 0.6793209910392761 0.5433194041252136
vt 0.6793209910392761 0.26626986265182495
vt 0.6816195845603943 0.5433194041252136
vt 0.6841986179351807 0.5433194041252136
vt 0.6816195845603943 0.5433194041252136
vt 0.6816195845603943 0.26626986265182495
vt 0.6841986179351807 0.5433194041252136
vt 0.6816195845603943 0.26626986265182495
vt 0.6841986179351807 0.26626986265182495
vt 0.6841986179351807 0.26626986265182495
vt 0.6865472197532654 0.26626986265182495
vt 0.6865472197532654 0.5433194041252136
vt 0.6841986179351807 0.5433194041252136
vt 0.6841986179351807 0.26626986265182495
vt 0.6865472197532654 0.5433194041252136
vt 0.8136229515075684 0.5577204823493958
vt 0.8164733648300171 0.5584384799003601
vt 0.8187298774719238 0.560322105884552
vt 0.8136229515075684 0.5577204823493958
vt 0.8187298774719238 0.560322105884552
vt 0.8199456334114075 0.5629982352256775
vt 0.8136229515075684 0.5577204823493958
vt 0.8199456334114075 0.5629982352256775
vt 0.8198800086975098 0.565936803817749
vt 0.8136229515075684 0.5577204823493958
vt 0.8198800086975098 0.565936803817749
vt 0.8185457587242126 0.568556010723114
vt 0.8136229515075684 0.5577204823493958
vt 0.8185457587242126 0.568556010723114
vt 0.8162072896957397 0.5703367590904236
vt 0.8136229515075684 0.5577204823493958
vt 0.8162072896957397 0.5703367590904236
vt 0.8133277297019958 0.5709266066551208
vt 0.8136229515075684 0.5577204823493958
vt 0.8133277297019958 0.5709266066551208
vt 0.8104773759841919 0.5702086091041565
vt 0.8136229515075684 0.5577204823493958
vt 0.8104773759841919 0.5702086091041565
vt 0.8082208037376404 0.5683251619338989
vt 0.8136229515075684 0.5577204823493958
vt 0.8082208037376404 0.5683251619338989
vt 0.807004988193512 0.5656489133834839
vt 0.8136229515075684 0.5577204823493958
vt 0.807004988193512 0.5656489133834839
vt 0.8070706129074097 0.5627102851867676
vt 0.8136229515075684 0.5577204823493958
vt 0.8070706129074097 0.5627102851867676
vt 0.8084048628807068 0.5600911974906921
vt 0.8136229515075684 0.5577204823493958
vt 0.8084048628807068 0.5600911974906921
vt 0.8107433915138245 0.558310329914093
vt 0.9541265964508057 0.5617685914039612
vt 0.9512761831283569 0.5624865889549255
vt 0.948396623134613 0.5618967413902283
vt 0.9541265964508057 0.5617685914039612
vt 0.948396623134613 0.5618967413902283
vt 0.9460581541061401 0.5601159930229187
vt 0.9541265964508057 0.5617685914039612
vt 0.9460581541061401 0.5601159930229187
vt 0.944723904132843 0.5574968457221985
vt 0.9541265964508057 0.5617685914039612
vt 0.944723904132843 0.5574968457221985
vt 0.9446581602096558 0.5545582175254822
vt 0.9541265964508057 0.5617685914039612
vt 0.9446581602096558 0.5545582175254822
vt 0.945874035358429 0.5518820285797119
vt 0.9541265964508057 0.5617685914039612
vt 0.945874035358429 0.5518820285797119
vt 0.9481305480003357 0.5499984622001648
vt 0.9541265964508057 0.5617685914039612
vt 0.9481305480003357 0.5499984622001648
vt 0.9509809017181396 0.5492804646492004
vt 0.9541265964508057 0.5617685914039612
vt 0.9509809017181396 0.5492804646492004
vt 0.9538605213165283 0.5498703122138977
vt 0.9541265964508057 0.5617685914039612
vt 0.9538605213165283 0.5498703122138977
vt 0.9561989903450012 0.5516511797904968
vt 0.9541265964508057 0.5617685914039612
vt 0.9561989903450012 0.5516511797904968
vt 0.9575332403182983 0.5542702674865723
vt 0.9541265964508057 0.5617685914039612
vt 0.9575332403182983 0.5542702674865723
vt 0.9575989246368408 0.5572089552879333
vt 0.9541265964508057 0.5617685914039612
vt 0.9575989246368408 0.5572089552879333
vt 0.9563831090927124 0.5598850250244141
vt 0.9159364700317383 0.26626986265182495
vt 0.9180975556373596 0.26626986265182495
vt 0.9180975556373596 0.5319218039512634
vt 0.9159364700317383 0.26626986265182495
vt 0.9180975556373596 0.5319218039512634
vt 0.9159364700317383 0.5319218635559082
vt 0.9159364700317383 0.5319218635559082
vt 0.9135378003120422 0.5319218635559082
vt 0.9135378003120422 0.26626986265182495
vt 0.9159364700317383 0.26626986265182495
vt 0.9159364700317383 0.5319218635559082
vt 0.9135378003120422 0.26626986265182495
vt 0.9111146330833435 0.26626986265182495
vt 0.9135378003120422 0.26626986265182495
vt 0.9135378003120422 0.5319218635559082
vt 0.9111146330833435 0.26626986265182495
vt 0.9135378003120422 0.5319218635559082
vt 0.9111146330833435 0.5319218635559082
vt 0.9111146330833435 0.5319218635559082
vt 0.9089313745498657 0.5319218635559082
vt 0.9089313745498657 0.26626986265182495
vt 0.9111146330833435 0.26626986265182495
vt 0.9111146330833435 0.5319218635559082
vt 0.9089313745498657 0.26626986265182495
vt 0.8481709957122803 0.5419079661369324
vt 0.8458841443061829 0.5419079661369324
vt 0.8458841443061829 0.26626986265182495
vt 0.8481709957122803 0.5419079661369324
vt 0.8458841443061829 0.26626986265182495
vt 0.8481709957122803 0.26626986265182495
vt 0.8481709957122803 0.26626986265182495
vt 0.8507368564605713 0.26626986265182495
vt 0.8507368564605713 0.5419079661369324
vt 0.8481709957122803 0.5419079661369324
vt 0.8481709957122803 0.26626986265182495
vt 0.8507368564605713 0.5419079661369324
vt 0.8530735969543457 0.5419079661369324
vt 0.8507368564605713 0.5419079661369324
vt 0.8507368564605713 0.26626986265182495
vt 0.8530735969543457 0.5419079661369324
vt 0.8507368564605713 0.26626986265182495
vt 0.8530735969543457 0.26626986265182495
vt 0.8530735969543457 0.26626986265182495
vt 0.8547182083129883 0.26626986265182495
vt 0.8547182083129883 0.5419079661369324
vt 0.8530735969543457 0.5419079661369324
vt 0.8530735969543457 0.26626986265182495
vt 0.8547182083129883 0.5419079661369324
vt 0.9638092517852783 0.7562780976295471
vt 0.9614707827568054 0.7562780976295471
vt 0.9614707827568054 0.49728691577911377
vt 0.9638092517852783 0.7562780976295471
vt 0.9614707827568054 0.49728691577911377
vt 0.9638092517852783 0.49728691577911377
vt 0.9638092517852783 0.49728691577911377
vt 0.9661717414855957 0.49728691577911377
vt 0.9661717414855957 0.7562780976295471
vt 0.9638092517852783 0.7562780976295471
vt 0.9638092517852783 0.49728691577911377
vt 0.9661717414855957 0.7562780976295471
vt 0.731860339641571 0.5433199405670166
vt 0.7302974462509155 0.5433199405670166
vt 0.7302974462509155 0.26626986265182495
vt 0.731860339641571 0.5433199405670166
vt 0.7302974462509155 0.26626986265182495
vt 0.731860339641571 0.26626986265182495
vt 0.731860339641571 0.26626986265182495
vt 0.7341589331626892 0.26626986265182495
vt 0.7341589331626892 0.5433199405670166
vt 0.731860339641571 0.5433199405670166
vt 0.731860339641571 0.26626986265182495
vt 0.7341589331626892 0.5433199405670166
vt 0.7367379665374756 0.5433199405670166
vt 0.7341589331626892 0.5433199405670166
vt 0.7341589331626892 0.26626986265182495
vt 0.7367379665374756 0.5433199405670166
vt 0.7341589331626892 0.26626986265182495
vt 0.7367379665374756 0.26626986265182495
vt 0.7367379665374756 0.26626986265182495
vt 0.7390865683555603 0.26626986265182495
vt 0.7390865683555603 0.5433199405670166
vt 0.7367379665374756 0.5433199405670166
vt 0.7367379665374756 0.26626986265182495
vt 0.7390865683555603 0.5433199405670166
vt 0.5530275702476501 0.5672875642776489
vt 0.5558779835700989 0.5680055618286133
vt 0.5581345558166504 0.5698891878128052
vt 0.5530275702476501 0.5672875642776489
vt 0.5581345558166504 0.5698891878128052
vt 0.5593502521514893 0.5725653171539307
vt 0.5530275702476501 0.5672875642776489
vt 0.5593502521514893 0.5725653171539307
vt 0.5592846274375916 0.575503945350647
vt 0.5530275702476501 0.5672875642776489
vt 0.5592846274375916 0.575503945350647
vt 0.5579503774642944 0.5781230330467224
vt 0.5530275702476501 0.5672875642776489
vt 0.5579503774642944 0.5781230330467224
vt 0.5556119084358215 0.5799038410186768
vt 0.5530275702476501 0.5672875642776489
vt 0.5556119084358215 0.5799038410186768
vt 0.5527323484420776 0.580493688583374
vt 0.5530275702476501 0.5672875642776489
vt 0.5527323484420776 0.580493688583374
vt 0.5498819947242737 0.5797756910324097
vt 0.5530275702476501 0.5672875642776489
vt 0.5498819947242737 0.5797756910324097
vt 0.5476254224777222 0.5778921842575073
vt 0.5530275702476501 0.5672875642776489
vt 0.5476254224777222 0.5778921842575073
vt 0.5464096069335938 0.5752159953117371
vt 0.5530275702476501 0.5672875642776489
vt 0.5464096069335938 0.5752159953117371
vt 0.5464752912521362 0.5722773671150208
vt 0.5530275702476501 0.5672875642776489
vt 0.5464752912521362 0.5722773671150208
vt 0.5478095412254333 0.5696582198143005
vt 0.5530275702476501 0.5672875642776489
vt 0.5478095412254333 0.5696582198143005
vt 0.5501480102539062 0.5678774118423462
vt 0.7229532599449158 0.5568822026252747
vt 0.720102846622467 0.557600200176239
vt 0.7172232866287231 0.557010293006897
vt 0.7229532599449158 0.5568822026252747
vt 0.7172232866287231 0.557010293006897
vt 0.7148848176002502 0.5552295446395874
vt 0.7229532599449158 0.5568822026252747
vt 0.7148848176002502 0.5552295446395874
vt 0.7135505676269531 0.5526103973388672
vt 0.7229532599449158 0.5568822026252747
vt 0.7135505676269531 0.5526103973388672
vt 0.7134848833084106 0.5496717691421509
vt 0.7229532599449158 0.5568822026252747
vt 0.7134848833084106 0.5496717691421509
vt 0.7147006988525391 0.5469955801963806
vt 0.7229532599449158 0.5568822026252747
vt 0.7147006988525391 0.5469955801963806
vt 0.7169572710990906 0.5451120734214783
vt 0.7229532599449158 0.5568822026252747
vt 0.7169572710990906 0.5451120734214783
vt 0.7198076248168945 0.5443940758705139
vt 0.7229532599449158 0.5568822026252747
vt 0.7198076248168945 0.5443940758705139
vt 0.7226871848106384 0.5449839234352112
vt 0.7229532599449158 0.5568822026252747
vt 0.7226871848106384 0.5449839234352112
vt 0.7250257134437561 0.5467647314071655
vt 0.7229532599449158 0.5568822026252747
vt 0.7250257134437561 0.5467647314071655
vt 0.7263599634170532 0.549383819103241
vt 0.7229532599449158 0.5568822026252747
vt 0.7263599634170532 0.549383819103241
vt 0.7264255881309509 0.552322506904602
vt 0.7229532599449158 0.5568822026252747
vt 0.7264255881309509 0.552322506904602
vt 0.7252098321914673 0.5549985766410828
vt 0.9054285883903503 0.26626986265182495
vt 0.9075896739959717 0.26626986265182495
vt 0.9075896739959717 0.5319218039512634
vt 0.9054285883903503 0.26626986265182495
vt 0.9075896739959717 0.5319218039512634
vt 0.9054285883903503 0.5319218635559082
vt 0.9054285883903503 0.5319218635559082
vt 0.9030299186706543 0.5319218635559082
vt 0.9030299186706543 0.26626986265182495
vt 0.9054285883903503 0.26626986265182495
vt 0.9054285883903503 0.5319218635559082
vt 0.9030299186706543 0.26626986265182495
vt 0.9006067514419556 0.26626986265182495
vt 0.9030299186706543 0.26626986265182495
vt 0.9030299186706543 0.5319218635559082
vt 0.9006067514419556 0.26626986265182495
vt 0.9030299186706543 0.5319218635559082
vt 0.9006067514419556 0.5319218635559082
vt 0.9006067514419556 0.5319218635559082
vt 0.8984234929084778 0.5319218635559082
vt 0.8984234929084778 0.26626989245414734
vt 0.9006067514419556 0.26626986265182495
vt 0.9006067514419556 0.5319218635559082
vt 0.8984234929084778 0.26626989245414734
vt 0.8586788773536682 0.5419085621833801
vt 0.8563920259475708 0.5419085621833801
vt 0.8563920259475708 0.26626986265182495
vt 0.8586788773536682 0.5419085621833801
vt 0.8563920259475708 0.26626986265182495
vt 0.8586788773536682 0.26626986265182495
vt 0.8586788773536682 0.26626986265182495
vt 0.8612447381019592 0.26626986265182495
vt 0.8612447381019592 0.5419085621833801
vt 0.8586788773536682 0.5419085621833801
vt 0.8586788773536682 0.26626986265182495
vt 0.8612447381019592 0.5419085621833801
vt 0.8635814785957336 0.5419085621833801
vt 0.8612447381019592 0.5419085621833801
vt 0.8612447381019592 0.26626986265182495
vt 0.8635814785957336 0.5419085621833801
vt 0.8612447381019592 0.26626986265182495
vt 0.8635814785957336 0.26626986265182495
vt 0.8635814785957336 0.26626986265182495
vt 0.8652260899543762 0.26626986265182495
vt 0.8652260899543762 0.5419085621833801
vt 0.8635814785957336 0.5419085621833801
vt 0.8635814785957336 0.26626986265182495
vt 0.8652260899543762 0.5419085621833801
vt 0.6149476766586304 0.7678752541542053
vt 0.6126092672348022 0.7678752541542053
vt 0.6126092672348022 0.5088830590248108
vt 0.6149476766586304 0.7678752541542053
vt 0.6126092672348022 0.5088830590248108
vt 0.6149476766586304 0.5088830590248108
vt 0.6149476766586304 0.5088830590248108
vt 0.6173101663589478 0.5088830590248108
vt 0.6173101663589478 0.7678752541542053
vt 0.6149476766586304 0.7678752541542053
vt 0.6149476766586304 0.5088830590248108
vt 0.6173101663589478 0.7678752541542053
vt 0.742368221282959 0.5433193445205688
vt 0.7408053278923035 0.5433193445205688
vt 0.7408053278923035 0.26626986265182495
vt 0.742368221282959 0.5433193445205688
vt 0.7408053278923035 0.26626986265182495
vt 0.742368221282959 0.26626986265182495
vt 0.742368221282959 0.26626986265182495
vt 0.7446668148040771 0.26626986265182495
vt 0.7446668148040771 0.5433193445205688
vt 0.742368221282959 0.5433193445205688
vt 0.742368221282959 0.26626986265182495
vt 0.7446668148040771 0.5433193445205688
vt 0.7472458481788635 0.5433193445205688
vt 0.7446668148040771 0.5433193445205688
vt 0.7446668148040771 0.26626986265182495
vt 0.7472458481788635 0.5433193445205688
vt 0.7446668148040771 0.26626986265182495
vt 0.7472458481788635 0.26626986265182495
vt 0.7472458481788635 0.26626986265182495
vt 0.7495944499969482 0.26626986265182495
vt 0.7495944499969482 0.5433193445205688
vt 0.7472458481788635 0.5433193445205688
vt 0.7472458481788635 0.26626986265182495
vt 0.7495944499969482 0.5433193445205688
vt 0.9139305353164673 0.571945309638977
vt 0.9110509157180786 0.5725351572036743
vt 0.9082005620002747 0.57181715965271
vt 0.9139305353164673 0.571945309638977
vt 0.9082005620002747 0.57181715965271
vt 0.9059440493583679 0.5699336528778076
vt 0.9139305353164673 0.571945309638977
vt 0.9059440493583679 0.5699336528778076
vt 0.9047282338142395 0.5672574639320374
vt 0.9139305353164673 0.571945309638977
vt 0.9047282338142395 0.5672574639320374
vt 0.9047938585281372 0.5643187761306763
vt 0.9139305353164673 0.571945309638977
vt 0.9047938585281372 0.5643187761306763
vt 0.9061281681060791 0.5616996884346008
vt 0.9139305353164673 0.571945309638977
vt 0.9061281681060791 0.5616996884346008
vt 0.908466637134552 0.5599188804626465
vt 0.9139305353164673 0.571945309638977
vt 0.908466637134552 0.5599188804626465
vt 0.9113461971282959 0.5593290328979492
vt 0.9139305353164673 0.571945309638977
vt 0.9113461971282959 0.5593290328979492
vt 0.9141965508460999 0.5600470304489136
vt 0.9139305353164673 0.571945309638977
vt 0.9141965508460999 0.5600470304489136
vt 0.9164531230926514 0.5619305968284607
vt 0.9139305353164673 0.571945309638977
vt 0.9164531230926514 0.5619305968284607
vt 0.917668879032135 0.5646067261695862
vt 0.9139305353164673 0.571945309638977
vt 0.917668879032135 0.5646067261695862
vt 0.9176032543182373 0.5675453543663025
vt 0.9139305353164673 0.571945309638977
vt 0.9176032543182373 0.5675453543663025
vt 0.9162690043449402 0.5701645016670227
vt 0.6945528388023376 0.5567218661308289
vt 0.6958870887756348 0.5593409538269043
vt 0.6959527730941772 0.5622796416282654
vt 0.6945528388023376 0.5567218661308289
vt 0.6959527730941772 0.5622796416282654
vt 0.6947369575500488 0.5649556517601013
vt 0.6945528388023376 0.5567218661308289
vt 0.6947369575500488 0.5649556517601013
vt 0.6924804449081421 0.5668392777442932
vt 0.6945528388023376 0.5567218661308289
vt 0.6924804449081421 0.5668392777442932
vt 0.6896300315856934 0.5675572752952576
vt 0.6945528388023376 0.5567218661308289
vt 0.6896300315856934 0.5675572752952576
vt 0.6867504715919495 0.5669674277305603
vt 0.6945528388023376 0.5567218661308289
vt 0.6867504715919495 0.5669674277305603
vt 0.6844120025634766 0.5651866793632507
vt 0.6945528388023376 0.5567218661308289
vt 0.6844120025634766 0.5651866793632507
vt 0.6830777525901794 0.5625674724578857
vt 0.6945528388023376 0.5567218661308289
vt 0.6830777525901794 0.5625674724578857
vt 0.6830120086669922 0.5596289038658142
vt 0.6945528388023376 0.5567218661308289
vt 0.6830120086669922 0.5596289038658142
vt 0.6842278838157654 0.556952714920044
vt 0.6945528388023376 0.5567218661308289
vt 0.6842278838157654 0.556952714920044
vt 0.6864844560623169 0.5550691485404968
vt 0.6945528388023376 0.5567218661308289
vt 0.6864844560623169 0.5550691485404968
vt 0.6893347501754761 0.5543511509895325
vt 0.6945528388023376 0.5567218661308289
vt 0.6893347501754761 0.5543511509895325
vt 0.6922143697738647 0.5549409985542297
vt 0.758318305015564 0.26626986265182495
vt 0.7604793906211853 0.26626986265182495
vt 0.7604793906211853 0.5319220423698425
vt 0.758318305015564 0.26626986265182495
vt 0.7604793906211853 0.5319220423698425
vt 0.758318305015564 0.5319221019744873
vt 0.758318305015564 0.5319221019744873
vt 0.7559196352958679 0.5319221019744873
vt 0.7559196352958679 0.26626986265182495
vt 0.758318305015564 0.26626986265182495
vt 0.758318305015564 0.5319221019744873
vt 0.7559196352958679 0.26626986265182495
vt 0.7534964084625244 0.26626986265182495
vt 0.7559196352958679 0.26626986265182495
vt 0.7559196352958679 0.5319221019744873
vt 0.7534964084625244 0.26626986265182495
vt 0.7559196352958679 0.5319221019744873
vt 0.7534964084625244 0.5319221019744873
vt 0.7534964084625244 0.5319221019744873
vt 0.7513132095336914 0.5319221019744873
vt 0.7513132095336914 0.26626986265182495
vt 0.7534964084625244 0.26626986265182495
vt 0.7534964084625244 0.5319221019744873
vt 0.7513132095336914 0.26626986265182495
vt 0.7641079425811768 0.5419086813926697
vt 0.7618210911750793 0.5419086813926697
vt 0.7618210911750793 0.26626986265182495
vt 0.7641079425811768 0.5419086813926697
vt 0.7618210911750793 0.26626986265182495
vt 0.7641079425811768 0.26626986265182495
vt 0.7641079425811768 0.26626986265182495
vt 0.7666738629341125 0.26626986265182495
vt 0.7666738629341125 0.5419086813926697
vt 0.7641079425811768 0.5419086813926697
vt 0.7641079425811768 0.26626986265182495
vt 0.7666738629341125 0.5419086813926697
vt 0.769010603427887 0.5419086813926697
vt 0.7666738629341125 0.5419086813926697
vt 0.7666738629341125 0.26626986265182495
vt 0.769010603427887 0.5419086813926697
vt 0.7666738629341125 0.26626986265182495
vt 0.769010603427887 0.26626986265182495
vt 0.769010603427887 0.26626986265182495
vt 0.7706552147865295 0.26626986265182495
vt 0.7706552147865295 0.5419086813926697
vt 0.769010603427887 0.5419086813926697
vt 0.769010603427887 0.26626986265182495
vt 0.7706552147865295 0.5419086813926697
vt 0.976418673992157 0.7756356596946716
vt 0.9740802049636841 0.7756356596946716
vt 0.9740802049636841 0.5166438221931458
vt 0.976418673992157 0.7756356596946716
vt 0.9740802049636841 0.5166438221931458
vt 0.976418673992157 0.5166438221931458
vt 0.976418673992157 0.5166438221931458
vt 0.9787811636924744 0.5166438221931458
vt 0.9787811636924744 0.7756356596946716
vt 0.976418673992157 0.7756356596946716
vt 0.976418673992157 0.5166438221931458
vt 0.9787811636924744 0.7756356596946716
vt 0.6267815828323364 0.543319582939148
vt 0.6252186894416809 0.543319582939148
vt 0.6252186894416809 0.26626986265182495
vt 0.6267815828323364 0.543319582939148
vt 0.6252186894416809 0.26626986265182495
vt 0.6267815828323364 0.26626986265182495
vt 0.6267815828323364 0.26626986265182495
vt 0.6290801763534546 0.26626986265182495
vt 0.6290801763534546 0.543319582939148
vt 0.6267815828323364 0.543319582939148
vt 0.6267815828323364 0.26626986265182495
vt 0.6290801763534546 0.543319582939148
vt 0.6316591501235962 0.543319582939148
vt 0.6290801763534546 0.543319582939148
vt 0.6290801763534546 0.26626986265182495
vt 0.6316591501235962 0.543319582939148
vt 0.6290801763534546 0.26626986265182495
vt 0.6316591501235962 0.26626986265182495
vt 0.6316591501235962 0.26626986265182495
vt 0.6340078115463257 0.26626986265182495
vt 0.6340078115463257 0.543319582939148
vt 0.6316591501235962 0.543319582939148
vt 0.6316591501235962 0.26626986265182495
vt 0.6340078115463257 0.543319582939148
vt 0.6591570973396301 0.5674231052398682
vt 0.6620075106620789 0.5681411027908325
vt 0.6642640829086304 0.5700247287750244
vt 0.6591570973396301 0.5674231052398682
vt 0.6642640829086304 0.5700247287750244
vt 0.665479838848114 0.5727008581161499
vt 0.6591570973396301 0.5674231052398682
vt 0.665479838848114 0.5727008581161499
vt 0.6654142141342163 0.5756394863128662
vt 0.6591570973396301 0.5674231052398682
vt 0.6654142141342163 0.5756394863128662
vt 0.6640799045562744 0.5782586336135864
vt 0.6591570973396301 0.5674231052398682
vt 0.6640799045562744 0.5782586336135864
vt 0.6617414951324463 0.580039381980896
vt 0.6591570973396301 0.5674231052398682
vt 0.6617414951324463 0.580039381980896
vt 0.6588618755340576 0.5806292295455933
vt 0.6591570973396301 0.5674231052398682
vt 0.6588618755340576 0.5806292295455933
vt 0.6560115218162537 0.5799112915992737
vt 0.6591570973396301 0.5674231052398682
vt 0.6560115218162537 0.5799112915992737
vt 0.6537550091743469 0.5780277848243713
vt 0.6591570973396301 0.5674231052398682
vt 0.6537550091743469 0.5780277848243713
vt 0.6525391936302185 0.5753515958786011
vt 0.6591570973396301 0.5674231052398682
vt 0.6525391936302185 0.5753515958786011
vt 0.6526048183441162 0.57241290807724
vt 0.6591570973396301 0.5674231052398682
vt 0.6526048183441162 0.57241290807724
vt 0.6539390683174133 0.5697938203811646
vt 0.6591570973396301 0.5674231052398682
vt 0.6539390683174133 0.5697938203811646
vt 0.656277596950531 0.5680129528045654
vt 0.6399477124214172 0.5429830551147461
vt 0.6428273320198059 0.5435729026794434
vt 0.6451658606529236 0.5453537702560425
vt 0.6399477124214172 0.5429830551147461
vt 0.6451658606529236 0.5453537702560425
vt 0.6465001106262207 0.5479728579521179
vt 0.6399477124214172 0.5429830551147461
vt 0.6465001106262207 0.5479728579521179
vt 0.6465657353401184 0.5509114861488342
vt 0.6399477124214172 0.5429830551147461
vt 0.6465657353401184 0.5509114861488342
vt 0.6453499794006348 0.5535875558853149
vt 0.6399477124214172 0.5429830551147461
vt 0.6453499794006348 0.5535875558853149
vt 0.6430934071540833 0.5554711818695068
vt 0.6399477124214172 0.5429830551147461
vt 0.6430934071540833 0.5554711818695068
vt 0.6402429938316345 0.5561891794204712
vt 0.6399477124214172 0.5429830551147461
vt 0.6402429938316345 0.5561891794204712
vt 0.6373634338378906 0.5555993318557739
vt 0.6399477124214172 0.5429830551147461
vt 0.6373634338378906 0.5555993318557739
vt 0.6350249648094177 0.5538185834884644
vt 0.6399477124214172 0.5429830551147461
vt 0.6350249648094177 0.5538185834884644
vt 0.6336907148361206 0.5511993765830994
vt 0.6399477124214172 0.5429830551147461
vt 0.6336907148361206 0.5511993765830994
vt 0.6336249709129333 0.5482608079910278
vt 0.6399477124214172 0.5429830551147461
vt 0.6336249709129333 0.5482608079910278
vt 0.6348408460617065 0.5455846190452576
vt 0.6399477124214172 0.5429830551147461
vt 0.6348408460617065 0.5455846190452576
vt 0.6370974183082581 0.5437010526657104
vt 0.9474600553512573 0.26626986265182495
vt 0.9496212005615234 0.26626986265182495
vt 0.9496212005615234 0.5319215059280396
vt 0.9474600553512573 0.26626986265182495
vt 0.9496212005615234 0.5319215059280396
vt 0.9474600553512573 0.5319215059280396
vt 0.9474600553512573 0.5319215059280396
vt 0.945061445236206 0.5319215059280396
vt 0.945061445236206 0.26626986265182495
vt 0.9474600553512573 0.26626986265182495
vt 0.9474600553512573 0.5319215059280396
vt 0.945061445236206 0.26626986265182495
vt 0.9426382780075073 0.26626986265182495
vt 0.945061445236206 0.26626986265182495
vt 0.945061445236206 0.5319215059280396
vt 0.9426382780075073 0.26626986265182495
vt 0.945061445236206 0.5319215059280396
vt 0.9426382780075073 0.5319215059280396
vt 0.9426382780075073 0.5319215059280396
vt 0.9404550194740295 0.5319215059280396
vt 0.9404550194740295 0.26626989245414734
vt 0.9426382780075073 0.26626986265182495
vt 0.9426382780075073 0.5319215059280396
vt 0.9404550194740295 0.26626989245414734
vt 0.932233989238739 0.5419081449508667
vt 0.9299471378326416 0.5419081449508667
vt 0.9299471378326416 0.26626986265182495
vt 0.932233989238739 0.5419081449508667
vt 0.9299471378326416 0.26626986265182495
vt 0.932233989238739 0.26626986265182495
vt 0.932233989238739 0.26626986265182495
vt 0.9347999095916748 0.26626986265182495
vt 0.9347999095916748 0.5419081449508667
vt 0.932233989238739 0.5419081449508667
vt 0.932233989238739 0.26626986265182495
vt 0.9347999095916748 0.5419081449508667
vt 0.9371365904808044 0.5419081449508667
vt 0.9347999095916748 0.5419081449508667
vt 0.9347999095916748 0.26626986265182495
vt 0.9371365904808044 0.5419081449508667
vt 0.9347999095916748 0.26626986265182495
vt 0.9371365904808044 0.26626986265182495
vt 0.9371365904808044 0.26626986265182495
vt 0.938781201839447 0.26626986265182495
vt 0.938781201839447 0.5419081449508667
vt 0.9371365904808044 0.5419081449508667
vt 0.9371365904808044 0.26626986265182495
vt 0.938781201839447 0.5419081449508667
vt 0.6086429953575134 0.5878669023513794
vt 0.6063045263290405 0.5878669023513794
vt 0.6063045263290405 0.3288753926753998
vt 0.6086429953575134 0.5878669023513794
vt 0.6063045263290405 0.3288753926753998
vt 0.6086429953575134 0.3288753926753998
vt 0.6086429953575134 0.3288753926753998
vt 0.6110054850578308 0.3288753926753998
vt 0.6110054850578308 0.5878669023513794
vt 0.6086429953575134 0.5878669023513794
vt 0.6086429953575134 0.3288753926753998
vt 0.6110054850578308 0.5878669023513794
vt 0.9924557209014893 0.2770502269268036
vt 0.9908928275108337 0.2770502269268036
vt 0.9908928275108337 0
vt 0.9924557209014893 0.2770502269268036
vt 0.9908928275108337 0
vt 0.9924557209014893 0
vt 0.9924557209014893 0
vt 0.9947543144226074 0
vt 0.9947543144226074 0.2770502269268036
vt 0.9924557209014893 0.2770502269268036
vt 0.9924557209014893 0
vt 0.9947543144226074 0.2770502269268036
vt 0.9973333477973938 0.2770502269268036
vt 0.9947543144226074 0.2770502269268036
vt 0.9947543144226074 0
vt 0.9973333477973938 0.2770502269268036
vt 0.9947543144226074 0
vt 0.9973333477973938 0
vt 0.9973333477973938 0
vt 0.9996819496154785 0
vt 0.9996819496154785 0.2770502269268036
vt 0.9973333477973938 0.2770502269268036
vt 0.9973333477973938 0
vt 0.9996819496154785 0.2770502269268036
vt 0.6822744607925415 0.567496120929718
vt 0.6851248145103455 0.5682140588760376
vt 0.687381386756897 0.5700976848602295
vt 0.6822744607925415 0.567496120929718
vt 0.687381386756897 0.5700976848602295
vt 0.6885971426963806 0.572773814201355
vt 0.6822744607925415 0.567496120929718
vt 0.6885971426963806 0.572773814201355
vt 0.6885315179824829 0.5757124423980713
vt 0.6822744607925415 0.567496120929718
vt 0.6885315179824829 0.5757124423980713
vt 0.6871972680091858 0.5783315896987915
vt 0.6822744607925415 0.567496120929718
vt 0.6871972680091858 0.5783315896987915
vt 0.6848587989807129 0.5801123976707458
vt 0.6822744607925415 0.567496120929718
vt 0.6848587989807129 0.5801123976707458
vt 0.6819791793823242 0.5807021856307983
vt 0.6822744607925415 0.567496120929718
vt 0.6819791793823242 0.5807021856307983
vt 0.679128885269165 0.5799842476844788
vt 0.6822744607925415 0.567496120929718
vt 0.679128885269165 0.5799842476844788
vt 0.6768723130226135 0.5781007409095764
vt 0.6822744607925415 0.567496120929718
vt 0.6768723130226135 0.5781007409095764
vt 0.6756564974784851 0.5754245519638062
vt 0.6822744607925415 0.567496120929718
vt 0.6756564974784851 0.5754245519638062
vt 0.6757221221923828 0.5724858641624451
vt 0.6822744607925415 0.567496120929718
vt 0.6757221221923828 0.5724858641624451
vt 0.6770564317703247 0.5698667764663696
vt 0.6822744607925415 0.567496120929718
vt 0.6770564317703247 0.5698667764663696
vt 0.6793949007987976 0.5680859684944153
vt 0.7460414171218872 0.5467647314071655
vt 0.7473757266998291 0.549383819103241
vt 0.7474413514137268 0.5523224472999573
vt 0.7460414171218872 0.5467647314071655
vt 0.7474413514137268 0.5523224472999573
vt 0.7462255954742432 0.554998517036438
vt 0.7460414171218872 0.5467647314071655
vt 0.7462255954742432 0.554998517036438
vt 0.7439690232276917 0.5568821430206299
vt 0.7460414171218872 0.5467647314071655
vt 0.7439690232276917 0.5568821430206299
vt 0.7411186099052429 0.5576001405715942
vt 0.7460414171218872 0.5467647314071655
vt 0.7411186099052429 0.5576001405715942
vt 0.738239049911499 0.557010293006897
vt 0.7460414171218872 0.5467647314071655
vt 0.738239049911499 0.557010293006897
vt 0.7359005808830261 0.5552295446395874
vt 0.7460414171218872 0.5467647314071655
vt 0.7359005808830261 0.5552295446395874
vt 0.734566330909729 0.5526103377342224
vt 0.7460414171218872 0.5467647314071655
vt 0.734566330909729 0.5526103377342224
vt 0.7345006465911865 0.5496717691421509
vt 0.7460414171218872 0.5467647314071655
vt 0.7345006465911865 0.5496717691421509
vt 0.7357164621353149 0.5469955801963806
vt 0.7460414171218872 0.5467647314071655
vt 0.7357164621353149 0.5469955801963806
vt 0.7379730343818665 0.5451120138168335
vt 0.7460414171218872 0.5467647314071655
vt 0.7379730343818665 0.5451120138168335
vt 0.7408233284950256 0.5443940162658691
vt 0.7460414171218872 0.5467647314071655
vt 0.7408233284950256 0.5443940162658691
vt 0.7437029480934143 0.5449838638305664
vt 0.7057788968086243 0.26626986265182495
vt 0.7079400420188904 0.26626986265182495
vt 0.7079400420188904 0.5319216847419739
vt 0.7057788968086243 0.26626986265182495
vt 0.7079400420188904 0.5319216847419739
vt 0.7057788968086243 0.5319217443466187
vt 0.7057788968086243 0.5319217443466187
vt 0.703380286693573 0.5319217443466187
vt 0.703380286693573 0.26626986265182495
vt 0.7057788968086243 0.26626986265182495
vt 0.7057788968086243 0.5319217443466187
vt 0.703380286693573 0.26626986265182495
vt 0.7009570598602295 0.26626986265182495
vt 0.703380286693573 0.26626986265182495
vt 0.703380286693573 0.5319217443466187
vt 0.7009570598602295 0.26626986265182495
vt 0.703380286693573 0.5319217443466187
vt 0.7009570598602295 0.5319217443466187
vt 0.7009570598602295 0.5319217443466187
vt 0.6987738609313965 0.5319217443466187
vt 0.6987738609313965 0.26626989245414734
vt 0.7009570598602295 0.26626986265182495
vt 0.7009570598602295 0.5319217443466187
vt 0.6987738609313965 0.26626989245414734
vt 0.638013482093811 0.5419083833694458
vt 0.6357265710830688 0.5419083833694458
vt 0.6357265710830688 0.26626986265182495
vt 0.638013482093811 0.5419083833694458
vt 0.6357265710830688 0.26626986265182495
vt 0.638013482093811 0.26626986265182495
vt 0.638013482093811 0.26626986265182495
vt 0.640579342842102 0.26626986265182495
vt 0.640579342842102 0.5419083833694458
vt 0.638013482093811 0.5419083833694458
vt 0.638013482093811 0.26626986265182495
vt 0.640579342842102 0.5419083833694458
vt 0.6429160833358765 0.5419083833694458
vt 0.640579342842102 0.5419083833694458
vt 0.640579342842102 0.26626986265182495
vt 0.6429160833358765 0.5419083833694458
vt 0.640579342842102 0.26626986265182495
vt 0.6429160833358765 0.26626986265182495
vt 0.6429160833358765 0.26626986265182495
vt 0.644560694694519 0.26626986265182495
vt 0.644560694694519 0.5419083833694458
vt 0.6429160833358765 0.5419083833694458
vt 0.6429160833358765 0.26626986265182495
vt 0.644560694694519 0.5419083833694458
vt 0.97011399269104 0.7756347060203552
vt 0.9677755236625671 0.7756347060203552
vt 0.9677755236625671 0.5166438221931458
vt 0.97011399269104 0.7756347060203552
vt 0.9677755236625671 0.5166438221931458
vt 0.97011399269104 0.5166438221931458
vt 0.97011399269104 0.5166438221931458
vt 0.9724764823913574 0.5166438221931458
vt 0.9724764823913574 0.7756347060203552
vt 0.97011399269104 0.7756347060203552
vt 0.97011399269104 0.5166438221931458
vt 0.9724764823913574 0.7756347060203552
vt 0.9210021495819092 0.5433192849159241
vt 0.9194392561912537 0.5433192849159241
vt 0.9194392561912537 0.26626986265182495
vt 0.9210021495819092 0.5433192849159241
vt 0.9194392561912537 0.26626986265182495
vt 0.9210021495819092 0.26626986265182495
vt 0.9210021495819092 0.26626986265182495
vt 0.9233007431030273 0.26626986265182495
vt 0.9233007431030273 0.5433192849159241
vt 0.9210021495819092 0.5433192849159241
vt 0.9210021495819092 0.26626986265182495
vt 0.9233007431030273 0.5433192849159241
vt 0.925879716873169 0.5433192849159241
vt 0.9233007431030273 0.5433192849159241
vt 0.9233007431030273 0.26626986265182495
vt 0.925879716873169 0.5433192849159241
vt 0.9233007431030273 0.26626986265182495
vt 0.925879716873169 0.26626986265182495
vt 0.925879716873169 0.26626986265182495
vt 0.9282283186912537 0.26626986265182495
vt 0.9282283186912537 0.5433192849159241
vt 0.925879716873169 0.5433192849159241
vt 0.925879716873169 0.26626986265182495
vt 0.9282283186912537 0.5433192849159241
vt 0.7041940093040466 0.5686875581741333
vt 0.7054097652435303 0.5713636875152588
vt 0.7053441405296326 0.5743023157119751
vt 0.7041940093040466 0.5686875581741333
vt 0.7053441405296326 0.5743023157119751
vt 0.7040098905563354 0.5769214630126953
vt 0.7041940093040466 0.5686875581741333
vt 0.7040098905563354 0.5769214630126953
vt 0.7016714215278625 0.5787022709846497
vt 0.7041940093040466 0.5686875581741333
vt 0.7016714215278625 0.5787022709846497
vt 0.6987918019294739 0.5792921185493469
vt 0.7041940093040466 0.5686875581741333
vt 0.6987918019294739 0.5792921185493469
vt 0.6959415078163147 0.5785741209983826
vt 0.7041940093040466 0.5686875581741333
vt 0.6959415078163147 0.5785741209983826
vt 0.6936849355697632 0.5766906142234802
vt 0.7041940093040466 0.5686875581741333
vt 0.6936849355697632 0.5766906142234802
vt 0.6924691200256348 0.57401442527771
vt 0.7041940093040466 0.5686875581741333
vt 0.6924691200256348 0.57401442527771
vt 0.6925348043441772 0.5710757374763489
vt 0.7041940093040466 0.5686875581741333
vt 0.6925348043441772 0.5710757374763489
vt 0.6938690543174744 0.5684566497802734
vt 0.7041940093040466 0.5686875581741333
vt 0.6938690543174744 0.5684566497802734
vt 0.6962075233459473 0.5666758418083191
vt 0.7041940093040466 0.5686875581741333
vt 0.6962075233459473 0.5666758418083191
vt 0.6990870833396912 0.5660859942436218
vt 0.7041940093040466 0.5686875581741333
vt 0.6990870833396912 0.5660859942436218
vt 0.7019374370574951 0.5668039917945862
vt 0.7960323691368103 0.5691613554954529
vt 0.7936939001083374 0.5673806071281433
vt 0.7923596501350403 0.5647614598274231
vt 0.7960323691368103 0.5691613554954529
vt 0.7923596501350403 0.5647614598274231
vt 0.7922939658164978 0.5618228316307068
vt 0.7960323691368103 0.5691613554954529
vt 0.7922939658164978 0.5618228316307068
vt 0.7935097813606262 0.5591466426849365
vt 0.7960323691368103 0.5691613554954529
vt 0.7935097813606262 0.5591466426849365
vt 0.7957663536071777 0.5572630763053894
vt 0.7960323691368103 0.5691613554954529
vt 0.7957663536071777 0.5572630763053894
vt 0.7986167073249817 0.5565451383590698
vt 0.7960323691368103 0.5691613554954529
vt 0.7986167073249817 0.5565451383590698
vt 0.8014962673187256 0.5571349859237671
vt 0.7960323691368103 0.5691613554954529
vt 0.8014962673187256 0.5571349859237671
vt 0.8038347363471985 0.5589157938957214
vt 0.7960323691368103 0.5691613554954529
vt 0.8038347363471985 0.5589157938957214
vt 0.8051690459251404 0.5615348815917969
vt 0.7960323691368103 0.5691613554954529
vt 0.8051690459251404 0.5615348815917969
vt 0.8052346706390381 0.5644735097885132
vt 0.7960323691368103 0.5691613554954529
vt 0.8052346706390381 0.5644735097885132
vt 0.8040188550949097 0.5671495795249939
vt 0.7960323691368103 0.5691613554954529
vt 0.8040188550949097 0.5671495795249939
vt 0.8017623424530029 0.5690332055091858
vt 0.7960323691368103 0.5691613554954529
vt 0.8017623424530029 0.5690332055091858
vt 0.7989119291305542 0.5697512030601501
vt 0.7030755281448364 0.5556955933570862
vt 0.7053273916244507 0.555181622505188
vt 0.7063928842544556 0.5573941469192505
vt 0.7030755281448364 0.5556955933570862
vt 0.7063928842544556 0.5573941469192505
vt 0.7030755281448364 0.558151364326477
vt 0.7090532183647156 0.55527263879776
vt 0.7063928842544556 0.5573941469192505
vt 0.7053273916244507 0.555181622505188
vt 0.7090532183647156 0.55527263879776
vt 0.7053273916244507 0.555181622505188
vt 0.7071332931518555 0.5537415742874146
vt 0.7105295658111572 0.5522069931030273
vt 0.7090532183647156 0.55527263879776
vt 0.7071332931518555 0.5537415742874146
vt 0.7105295658111572 0.5488042235374451
vt 0.7105295658111572 0.5522069931030273
vt 0.7071332931518555 0.5537415742874146
vt 0.7105295658111572 0.5488042235374451
vt 0.7071332931518555 0.5537415742874146
vt 0.7081353664398193 0.5493506193161011
vt 0.7090532183647156 0.5457385182380676
vt 0.7105295658111572 0.5488042235374451
vt 0.7081353664398193 0.5493506193161011
vt 0.7090532183647156 0.5457385182380676
vt 0.7081353664398193 0.5493506193161011
vt 0.7071332931518555 0.5472695827484131
vt 0.7063928842544556 0.5436170101165771
vt 0.7090532183647156 0.5457385182380676
vt 0.7071332931518555 0.5472695827484131
vt 0.7063928842544556 0.5436170101165771
vt 0.7071332931518555 0.5472695827484131
vt 0.7053273916244507 0.5458295345306396
vt 0.7030755281448364 0.5428599119186401
vt 0.7063928842544556 0.5436170101165771
vt 0.7053273916244507 0.5458295345306396
vt 0.7030755281448364 0.5428599119186401
vt 0.7053273916244507 0.5458295345306396
vt 0.7030755281448364 0.5453155636787415
vt 0.6997581720352173 0.5436170101165771
vt 0.7030755281448364 0.5428599119186401
vt 0.7030755281448364 0.5453155636787415
vt 0.6997581720352173 0.5436170101165771
vt 0.7030755281448364 0.5453155636787415
vt 0.7008236646652222 0.5458295345306396
vt 0.6970978379249573 0.5457385182380676
vt 0.6997581720352173 0.5436170101165771
vt 0.7008236646652222 0.5458295345306396
vt 0.6970978379249573 0.5457385182380676
vt 0.7008236646652222 0.5458295345306396
vt 0.6990177631378174 0.5472695827484131
vt 0.6956214904785156 0.5488042235374451
vt 0.6970978379249573 0.5457385182380676
vt 0.6990177631378174 0.5472695827484131
vt 0.6956214904785156 0.5488042235374451
vt 0.6990177631378174 0.5472695827484131
vt 0.6980156898498535 0.5493506193161011
vt 0.6956214904785156 0.5522069931030273
vt 0.6956214904785156 0.5488042235374451
vt 0.6980156898498535 0.5493506193161011
vt 0.6956214904785156 0.5522069931030273
vt 0.6980156898498535 0.5493506193161011
vt 0.6980156898498535 0.5516605377197266
vt 0.6970978379249573 0.55527263879776
vt 0.6956214904785156 0.5522069931030273
vt 0.6980156898498535 0.5516605377197266
vt 0.6970978379249573 0.55527263879776
vt 0.6980156898498535 0.5516605377197266
vt 0.6990177631378174 0.5537415742874146
vt 0.6997581720352173 0.5573941469192505
vt 0.6970978379249573 0.55527263879776
vt 0.6990177631378174 0.5537415742874146
vt 0.6997581720352173 0.5573941469192505
vt 0.6990177631378174 0.5537415742874146
vt 0.7008236646652222 0.555181622505188
vt 0.7030755281448364 0.558151364326477
vt 0.6997581720352173 0.5573941469192505
vt 0.7008236646652222 0.555181622505188
vt 0.7030755281448364 0.5556955933570862
vt 0.7030755281448364 0.558151364326477
vt 0.7008236646652222 0.555181622505188
vt 0.8419647216796875 0.5829253196716309
vt 0.8391768932342529 0.5829253196716309
vt 0.8391768932342529 0.5693168640136719
vt 0.8391768932342529 0.5693168640136719
vt 0.8419647216796875 0.5693168640136719
vt 0.8419647216796875 0.5829253196716309
vt 0.8273583054542542 0.5693168640136719
vt 0.8305305242538452 0.5693168640136719
vt 0.8305305242538452 0.5827536582946777
vt 0.8305305242538452 0.5827536582946777
vt 0.8273583054542542 0.5827536582946777
vt 0.8273583054542542 0.5693168640136719
vt 0.823837399482727 0.5693168640136719
vt 0.8273583054542542 0.5693168640136719
vt 0.8273583054542542 0.5827536582946777
vt 0.8273583054542542 0.5827536582946777
vt 0.823837399482727 0.5827536582946777
vt 0.823837399482727 0.5693168640136719
vt 0.8206652402877808 0.5693168640136719
vt 0.823837399482727 0.5693168640136719
vt 0.823837399482727 0.5827536582946777
vt 0.823837399482727 0.5827536582946777
vt 0.8206652402877808 0.5827536582946777
vt 0.8206652402877808 0.5693168640136719
vt 0.8697383999824524 0.5568400621414185
vt 0.866899847984314 0.5568400621414185
vt 0.866899847984314 0.5429845452308655
vt 0.866899847984314 0.5429845452308655
vt 0.8697383999824524 0.5429845452308655
vt 0.8697383999824524 0.5568400621414185
vt 0.8732779622077942 0.5568400621414185
vt 0.8697383999824524 0.5568400621414185
vt 0.8697383999824524 0.5429845452308655
vt 0.8697383999824524 0.5429845452308655
vt 0.8732779622077942 0.5429845452308655
vt 0.8732779622077942 0.5568400621414185
vt 0.8768175840377808 0.5568400621414185
vt 0.8732779622077942 0.5568400621414185
vt 0.8732779622077942 0.5429845452308655
vt 0.8732779622077942 0.5429845452308655
vt 0.8768175840377808 0.5429845452308655
vt 0.8768175840377808 0.5568400621414185
vt 0.8796560764312744 0.5568400621414185
vt 0.8768175840377808 0.5568400621414185
vt 0.8768175840377808 0.5429845452308655
vt 0.8768175840377808 0.5429845452308655
vt 0.8796560764312744 0.5429845452308655
vt 0.8796560764312744 0.5568400621414185
vt 0.9331725835800171 0.5566463470458984
vt 0.9299471378326416 0.5566463470458984
vt 0.9299471378326416 0.5429841876029968
vt 0.9331725835800171 0.5566463470458984
vt 0.9299471378326416 0.5429841876029968
vt 0.9331725835800171 0.5429841876029968
vt 0.9331725835800171 0.5429841876029968
vt 0.9367524981498718 0.5429841876029968
vt 0.9367524981498718 0.5566463470458984
vt 0.9331725835800171 0.5566463470458984
vt 0.9331725835800171 0.5429841876029968
vt 0.9367524981498718 0.5566463470458984
vt 0.9399778842926025 0.5566463470458984
vt 0.9367524981498718 0.5566463470458984
vt 0.9367524981498718 0.5429841876029968
vt 0.9399778842926025 0.5566463470458984
vt 0.9367524981498718 0.5429841876029968
vt 0.9399778842926025 0.5429841876029968
vt 0.9399778842926025 0.5429841876029968
vt 0.9428838491439819 0.5429841876029968
vt 0.9428838491439819 0.5566463470458984
vt 0.9399778842926025 0.5566463470458984
vt 0.9399778842926025 0.5429841876029968
vt 0.9428838491439819 0.5566463470458984
vt 0.8357003331184387 0.5829253196716309
vt 0.8322238922119141 0.5829253196716309
vt 0.8322238922119141 0.5693168640136719
vt 0.8322238922119141 0.5693168640136719
vt 0.8357003331184387 0.5693168640136719
vt 0.8357003331184387 0.5829253196716309
vt 0.8391768932342529 0.5829253196716309
vt 0.8357003331184387 0.5829253196716309
vt 0.8357003331184387 0.5693168640136719
vt 0.8357003331184387 0.5693168640136719
vt 0.8391768932342529 0.5693168640136719
vt 0.8391768932342529 0.5829253196716309
vt 0.7641197443008423 0.5513688921928406
vt 0.7626433968544006 0.554434597492218
vt 0.7607234716415405 0.5529035329818726
vt 0.7641197443008423 0.5513688921928406
vt 0.7607234716415405 0.5529035329818726
vt 0.7617256045341492 0.5508224964141846
vt 0.7516058683395386 0.5485125780105591
vt 0.7516058683395386 0.5508224964141846
vt 0.7492116689682007 0.5513688921928406
vt 0.7516058683395386 0.5485125780105591
vt 0.7492116689682007 0.5513688921928406
vt 0.7492116689682007 0.5479661226272583
vt 0.7526080012321472 0.5464315414428711
vt 0.7516058683395386 0.5485125780105591
vt 0.7492116689682007 0.5479661226272583
vt 0.7526080012321472 0.5464315414428711
vt 0.7492116689682007 0.5479661226272583
vt 0.7506880760192871 0.5449004769325256
vt 0.7544138431549072 0.5449914932250977
vt 0.7526080012321472 0.5464315414428711
vt 0.7506880760192871 0.5449004769325256
vt 0.7544138431549072 0.5449914932250977
vt 0.7506880760192871 0.5449004769325256
vt 0.7533484101295471 0.5427789688110352
vt 0.7566657066345215 0.5444775819778442
vt 0.7544138431549072 0.5449914932250977
vt 0.7533484101295471 0.5427789688110352
vt 0.7566657066345215 0.5444775819778442
vt 0.7533484101295471 0.5427789688110352
vt 0.7566657066345215 0.5420218706130981
vt 0.7589175701141357 0.5449914932250977
vt 0.7566657066345215 0.5444775819778442
vt 0.7566657066345215 0.5420218706130981
vt 0.7589175701141357 0.5449914932250977
vt 0.7566657066345215 0.5420218706130981
vt 0.7599831223487854 0.5427789688110352
vt 0.7607234716415405 0.5464315414428711
vt 0.7589175701141357 0.5449914932250977
vt 0.7599831223487854 0.5427789688110352
vt 0.7607234716415405 0.5464315414428711
vt 0.7599831223487854 0.5427789688110352
vt 0.7626433968544006 0.5449004769325256
vt 0.7617256045341492 0.5485125780105591
vt 0.7607234716415405 0.5464315414428711
vt 0.7626433968544006 0.5449004769325256
vt 0.7617256045341492 0.5485125780105591
vt 0.7626433968544006 0.5449004769325256
vt 0.7641197443008423 0.5479661226272583
vt 0.7617256045341492 0.5508224964141846
vt 0.7617256045341492 0.5485125780105591
vt 0.7641197443008423 0.5479661226272583
vt 0.7641197443008423 0.5513688921928406
vt 0.7617256045341492 0.5508224964141846
vt 0.7641197443008423 0.5479661226272583
vt 0.7506880760192871 0.554434597492218
vt 0.7492116689682007 0.5513688921928406
vt 0.7516058683395386 0.5508224964141846
vt 0.7516058683395386 0.5508224964141846
vt 0.7526080012321472 0.5529035329818726
vt 0.7506880760192871 0.554434597492218
vt 0.7533484101295471 0.5565561056137085
vt 0.7506880760192871 0.554434597492218
vt 0.7526080012321472 0.5529035329818726
vt 0.7526080012321472 0.5529035329818726
vt 0.7544138431549072 0.554343581199646
vt 0.7533484101295471 0.5565561056137085
vt 0.7566657066345215 0.5573133230209351
vt 0.7533484101295471 0.5565561056137085
vt 0.7544138431549072 0.554343581199646
vt 0.7544138431549072 0.554343581199646
vt 0.7566657066345215 0.5548575520515442
vt 0.7566657066345215 0.5573133230209351
vt 0.7599831223487854 0.5565561056137085
vt 0.7566657066345215 0.5573133230209351
vt 0.7566657066345215 0.5548575520515442
vt 0.7566657066345215 0.5548575520515442
vt 0.7589175701141357 0.554343581199646
vt 0.7599831223487854 0.5565561056137085
vt 0.9499121308326721 0.5635609030723572
vt 0.9528304934501648 0.5635609030723572
vt 0.9523618221282959 0.5635609030723572
vt 0.9523618221282959 0.577805757522583
vt 0.950380802154541 0.577805757522583
vt 0.950380802154541 0.5635609030723572
vt 0.9523618221282959 0.5635609030723572
vt 0.9523618221282959 0.577805757522583
vt 0.950380802154541 0.5635609030723572
vt 0.9499121308326721 0.5635609030723572
vt 0.9523618221282959 0.5635609030723572
vt 0.950380802154541 0.5635609030723572
vt 0.7187387943267822 0.5693262219429016
vt 0.7206656336784363 0.5693262219429016
vt 0.7206656336784363 0.5831817984580994
vt 0.7206656336784363 0.5831817984580994
vt 0.7187387943267822 0.5831817984580994
vt 0.7187387943267822 0.5693262219429016
vt 0.6297435760498047 0.5697255730628967
vt 0.6318881511688232 0.5697255730628967
vt 0.6318881511688232 0.5831078290939331
vt 0.6318881511688232 0.5831078290939331
vt 0.6297435760498047 0.5831078290939331
vt 0.6297435760498047 0.5697255730628967
vt 0.6273632645606995 0.5697255730628967
vt 0.6297435760498047 0.5697255730628967
vt 0.6297435760498047 0.5831078290939331
vt 0.6273632645606995 0.5697255730628967
vt 0.6297435760498047 0.5831078290939331
vt 0.6252186894416809 0.5831078290939331
vt 0.6273632645606995 0.5697255730628967
vt 0.6252186894416809 0.5831078290939331
vt 0.6252186894416809 0.5697255730628967
vt 0.9573022127151489 0.5635609030723572
vt 0.9592832326889038 0.5635609030723572
vt 0.9592832326889038 0.577805757522583
vt 0.9573022127151489 0.5635609030723572
vt 0.9592832326889038 0.577805757522583
vt 0.9573022127151489 0.577805757522583
vt 0.9573022127151489 0.577805757522583
vt 0.9548320174217224 0.577805757522583
vt 0.9548320174217224 0.5635609030723572
vt 0.9573022127151489 0.5635609030723572
vt 0.9573022127151489 0.577805757522583
vt 0.9548320174217224 0.5635609030723572
vt 0.9523618221282959 0.5635609030723572
vt 0.9548320174217224 0.5635609030723572
vt 0.9548320174217224 0.577805757522583
vt 0.9548320174217224 0.577805757522583
vt 0.9523618221282959 0.577805757522583
vt 0.9523618221282959 0.5635609030723572
vt 0.7870917320251465 0.5813754796981812
vt 0.7849384546279907 0.5813754796981812
vt 0.7849384546279907 0.5679386854171753
vt 0.7849384546279907 0.5679386854171753
vt 0.7870917320251465 0.5679386854171753
vt 0.7870917320251465 0.5813754796981812
vt 0.7894817590713501 0.5813754796981812
vt 0.7870917320251465 0.5813754796981812
vt 0.7870917320251465 0.5679386854171753
vt 0.7870917320251465 0.5679386854171753
vt 0.7894817590713501 0.5679386854171753
vt 0.7894817590713501 0.5813754796981812
vt 0.7916350960731506 0.5813754796981812
vt 0.7894817590713501 0.5813754796981812
vt 0.7894817590713501 0.5679386854171753
vt 0.7894817590713501 0.5679386854171753
vt 0.7916350960731506 0.5679386854171753
vt 0.7916350960731506 0.5813754796981812
vt 0.7254710793495178 0.5693262219429016
vt 0.7273979187011719 0.5693262219429016
vt 0.7273979187011719 0.5831817984580994
vt 0.7273979187011719 0.5831817984580994
vt 0.7254710793495178 0.5831817984580994
vt 0.7254710793495178 0.5693262219429016
vt 0.723068356513977 0.5693262219429016
vt 0.7254710793495178 0.5693262219429016
vt 0.7254710793495178 0.5831817984580994
vt 0.7254710793495178 0.5831817984580994
vt 0.723068356513977 0.5831817984580994
vt 0.723068356513977 0.5693262219429016
vt 0.7206656336784363 0.5693262219429016
vt 0.723068356513977 0.5693262219429016
vt 0.723068356513977 0.5831817984580994
vt 0.723068356513977 0.5831817984580994
vt 0.7206656336784363 0.5831817984580994
vt 0.7206656336784363 0.5693262219429016
vt 0.6610440015792847 0.5556961894035339
vt 0.6632958650588989 0.5551822185516357
vt 0.6643613576889038 0.5573947429656982
vt 0.6610440015792847 0.5556961894035339
vt 0.6643613576889038 0.5573947429656982
vt 0.6610440015792847 0.5581519603729248
vt 0.6670216917991638 0.5552732348442078
vt 0.6643613576889038 0.5573947429656982
vt 0.6632958650588989 0.5551822185516357
vt 0.6670216917991638 0.5552732348442078
vt 0.6632958650588989 0.5551822185516357
vt 0.6651017665863037 0.5537421703338623
vt 0.6684980392456055 0.5522075891494751
vt 0.6670216917991638 0.5552732348442078
vt 0.6651017665863037 0.5537421703338623
vt 0.6684980392456055 0.5488048195838928
vt 0.6684980392456055 0.5522075891494751
vt 0.6651017665863037 0.5537421703338623
vt 0.6684980392456055 0.5488048195838928
vt 0.6651017665863037 0.5537421703338623
vt 0.6661038398742676 0.5493512153625488
vt 0.6670216917991638 0.5457391142845154
vt 0.6684980392456055 0.5488048195838928
vt 0.6661038398742676 0.5493512153625488
vt 0.6670216917991638 0.5457391142845154
vt 0.6661038398742676 0.5493512153625488
vt 0.6651017665863037 0.5472701787948608
vt 0.6643613576889038 0.5436176061630249
vt 0.6670216917991638 0.5457391142845154
vt 0.6651017665863037 0.5472701787948608
vt 0.6643613576889038 0.5436176061630249
vt 0.6651017665863037 0.5472701787948608
vt 0.6632958650588989 0.5458301305770874
vt 0.6610440015792847 0.5428605079650879
vt 0.6643613576889038 0.5436176061630249
vt 0.6632958650588989 0.5458301305770874
vt 0.6610440015792847 0.5428605079650879
vt 0.6632958650588989 0.5458301305770874
vt 0.6610440015792847 0.5453161597251892
vt 0.6577266454696655 0.5436176061630249
vt 0.6610440015792847 0.5428605079650879
vt 0.6610440015792847 0.5453161597251892
vt 0.6577266454696655 0.5436176061630249
vt 0.6610440015792847 0.5453161597251892
vt 0.6587921380996704 0.5458301305770874
vt 0.6550663113594055 0.5457391142845154
vt 0.6577266454696655 0.5436176061630249
vt 0.6587921380996704 0.5458301305770874
vt 0.6550663113594055 0.5457391142845154
vt 0.6587921380996704 0.5458301305770874
vt 0.6569862365722656 0.5472701787948608
vt 0.6535899639129639 0.5488048195838928
vt 0.6550663113594055 0.5457391142845154
vt 0.6569862365722656 0.5472701787948608
vt 0.6535899639129639 0.5488048195838928
vt 0.6569862365722656 0.5472701787948608
vt 0.6559841632843018 0.5493512153625488
vt 0.6535899639129639 0.5522075891494751
vt 0.6535899639129639 0.5488048195838928
vt 0.6559841632843018 0.5493512153625488
vt 0.6535899639129639 0.5522075891494751
vt 0.6559841632843018 0.5493512153625488
vt 0.6559841632843018 0.5516611337661743
vt 0.6550663113594055 0.5552732348442078
vt 0.6535899639129639 0.5522075891494751
vt 0.6559841632843018 0.5516611337661743
vt 0.6550663113594055 0.5552732348442078
vt 0.6559841632843018 0.5516611337661743
vt 0.6569862365722656 0.5537421703338623
vt 0.6577266454696655 0.5573947429656982
vt 0.6550663113594055 0.5552732348442078
vt 0.6569862365722656 0.5537421703338623
vt 0.6577266454696655 0.5573947429656982
vt 0.6569862365722656 0.5537421703338623
vt 0.6587921380996704 0.5551822185516357
vt 0.6610440015792847 0.5581519603729248
vt 0.6577266454696655 0.5573947429656982
vt 0.6587921380996704 0.5551822185516357
vt 0.6610440015792847 0.5556961894035339
vt 0.6610440015792847 0.5581519603729248
vt 0.6587921380996704 0.5551822185516357
vt 0.8535233736038208 0.5829253196716309
vt 0.8507355451583862 0.5829253196716309
vt 0.8507355451583862 0.5693168640136719
vt 0.8507355451583862 0.5693168640136719
vt 0.8535233736038208 0.5693168640136719
vt 0.8535233736038208 0.5829253196716309
vt 0.584626317024231 0.5685365796089172
vt 0.587798535823822 0.5685365796089172
vt 0.587798535823822 0.5819733738899231
vt 0.587798535823822 0.5819733738899231
vt 0.584626317024231 0.5819733738899231
vt 0.584626317024231 0.5685365796089172
vt 0.5811054706573486 0.5685365796089172
vt 0.584626317024231 0.5685365796089172
vt 0.584626317024231 0.5819733738899231
vt 0.584626317024231 0.5819733738899231
vt 0.5811054706573486 0.5819733738899231
vt 0.5811054706573486 0.5685365796089172
vt 0.5779332518577576 0.5685365796089172
vt 0.5811054706573486 0.5685365796089172
vt 0.5811054706573486 0.5819733738899231
vt 0.5811054706573486 0.5819733738899231
vt 0.5779332518577576 0.5819733738899231
vt 0.5779332518577576 0.5685365796089172
vt 0.8550273776054382 0.5568401217460632
vt 0.8521888256072998 0.5568401217460632
vt 0.8521888256072998 0.5429845452308655
vt 0.8521888256072998 0.5429845452308655
vt 0.8550273776054382 0.5429845452308655
vt 0.8550273776054382 0.5568401217460632
vt 0.85856693983078 0.5568401217460632
vt 0.8550273776054382 0.5568401217460632
vt 0.8550273776054382 0.5429845452308655
vt 0.8550273776054382 0.5429845452308655
vt 0.85856693983078 0.5429845452308655
vt 0.85856693983078 0.5568401217460632
vt 0.8621065020561218 0.5568401217460632
vt 0.85856693983078 0.5568401217460632
vt 0.85856693983078 0.5429845452308655
vt 0.85856693983078 0.5429845452308655
vt 0.8621065020561218 0.5429845452308655
vt 0.8621065020561218 0.5568401217460632
vt 0.8649450540542603 0.5568401217460632
vt 0.8621065020561218 0.5568401217460632
vt 0.8621065020561218 0.5429845452308655
vt 0.8621065020561218 0.5429845452308655
vt 0.8649450540542603 0.5429845452308655
vt 0.8649450540542603 0.5568401217460632
vt 0.8070780038833618 0.5566462278366089
vt 0.8038526177406311 0.5566462278366089
vt 0.8038526177406311 0.5429840087890625
vt 0.8070780038833618 0.5566462278366089
vt 0.8038526177406311 0.5429840087890625
vt 0.8070780038833618 0.5429840087890625
vt 0.8070780038833618 0.5429840087890625
vt 0.8106579780578613 0.5429840087890625
vt 0.8106579780578613 0.5566462278366089
vt 0.8070780038833618 0.5566462278366089
vt 0.8070780038833618 0.5429840087890625
vt 0.8106579780578613 0.5566462278366089
vt 0.813883364200592 0.5566462278366089
vt 0.8106579780578613 0.5566462278366089
vt 0.8106579780578613 0.5429840087890625
vt 0.813883364200592 0.5566462278366089
vt 0.8106579780578613 0.5429840087890625
vt 0.813883364200592 0.5429840087890625
vt 0.813883364200592 0.5429840087890625
vt 0.8167893290519714 0.5429840087890625
vt 0.8167893290519714 0.5566462278366089
vt 0.813883364200592 0.5566462278366089
vt 0.813883364200592 0.5429840087890625
vt 0.8167893290519714 0.5566462278366089
vt 0.8472590446472168 0.5829253196716309
vt 0.8437825441360474 0.5829253196716309
vt 0.8437825441360474 0.5693168640136719
vt 0.8437825441360474 0.5693168640136719
vt 0.8472590446472168 0.5693168640136719
vt 0.8472590446472168 0.5829253196716309
vt 0.8507355451583862 0.5829253196716309
vt 0.8472590446472168 0.5829253196716309
vt 0.8472590446472168 0.5693168640136719
vt 0.8472590446472168 0.5693168640136719
vt 0.8507355451583862 0.5693168640136719
vt 0.8507355451583862 0.5829253196716309
vt 0.9595662951469421 0.5422633290290833
vt 0.9580899477005005 0.5453289747238159
vt 0.9561700224876404 0.5437979102134705
vt 0.9595662951469421 0.5422633290290833
vt 0.9561700224876404 0.5437979102134705
vt 0.957172155380249 0.5417168736457825
vt 0.9470523595809937 0.539406955242157
vt 0.9470523595809937 0.5417168736457825
vt 0.9446581602096558 0.5422633290290833
vt 0.9470523595809937 0.539406955242157
vt 0.9446581602096558 0.5422633290290833
vt 0.9446581602096558 0.538860559463501
vt 0.9480544924736023 0.537325918674469
vt 0.9470523595809937 0.539406955242157
vt 0.9446581602096558 0.538860559463501
vt 0.9480544924736023 0.537325918674469
vt 0.9446581602096558 0.538860559463501
vt 0.9461345672607422 0.5357948541641235
vt 0.9498603343963623 0.5358858108520508
vt 0.9480544924736023 0.537325918674469
vt 0.9461345672607422 0.5357948541641235
vt 0.9498603343963623 0.5358858108520508
vt 0.9461345672607422 0.5357948541641235
vt 0.9487949013710022 0.5336733460426331
vt 0.9521122574806213 0.5353718996047974
vt 0.9498603343963623 0.5358858108520508
vt 0.9487949013710022 0.5336733460426331
vt 0.9521122574806213 0.5353718996047974
vt 0.9487949013710022 0.5336733460426331
vt 0.9521122574806213 0.532916247844696
vt 0.9543641209602356 0.5358858108520508
vt 0.9521122574806213 0.5353718996047974
vt 0.9521122574806213 0.532916247844696
vt 0.9543641209602356 0.5358858108520508
vt 0.9521122574806213 0.532916247844696
vt 0.9554296731948853 0.5336733460426331
vt 0.9561700224876404 0.537325918674469
vt 0.9543641209602356 0.5358858108520508
vt 0.9554296731948853 0.5336733460426331
vt 0.9561700224876404 0.537325918674469
vt 0.9554296731948853 0.5336733460426331
vt 0.9580899477005005 0.5357948541641235
vt 0.957172155380249 0.539406955242157
vt 0.9561700224876404 0.537325918674469
vt 0.9580899477005005 0.5357948541641235
vt 0.957172155380249 0.539406955242157
vt 0.9580899477005005 0.5357948541641235
vt 0.9595662951469421 0.538860559463501
vt 0.957172155380249 0.5417168736457825
vt 0.957172155380249 0.539406955242157
vt 0.9595662951469421 0.538860559463501
vt 0.9595662951469421 0.5422633290290833
vt 0.957172155380249 0.5417168736457825
vt 0.9595662951469421 0.538860559463501
vt 0.9461345672607422 0.5453289747238159
vt 0.9446581602096558 0.5422633290290833
vt 0.9470523595809937 0.5417168736457825
vt 0.9470523595809937 0.5417168736457825
vt 0.9480544924736023 0.5437979102134705
vt 0.9461345672607422 0.5453289747238159
vt 0.9487949013710022 0.5474504828453064
vt 0.9461345672607422 0.5453289747238159
vt 0.9480544924736023 0.5437979102134705
vt 0.9480544924736023 0.5437979102134705
vt 0.9498603343963623 0.5452380180358887
vt 0.9487949013710022 0.5474504828453064
vt 0.9521122574806213 0.548207700252533
vt 0.9487949013710022 0.5474504828453064
vt 0.9498603343963623 0.5452380180358887
vt 0.9498603343963623 0.5452380180358887
vt 0.9521122574806213 0.5457519292831421
vt 0.9521122574806213 0.548207700252533
vt 0.9554296731948853 0.5474504828453064
vt 0.9521122574806213 0.548207700252533
vt 0.9521122574806213 0.5457519292831421
vt 0.9521122574806213 0.5457519292831421
vt 0.9543641209602356 0.5452380180358887
vt 0.9554296731948853 0.5474504828453064
vt 0.49597179889678955 0.5685359835624695
vt 0.4988901615142822 0.5685359835624695
vt 0.49842149019241333 0.5685359835624695
vt 0.49842149019241333 0.5827808976173401
vt 0.49644047021865845 0.5827808976173401
vt 0.49644047021865845 0.5685359835624695
vt 0.49842149019241333 0.5685359835624695
vt 0.49842149019241333 0.5827808976173401
vt 0.49644047021865845 0.5685359835624695
vt 0.49597179889678955 0.5685359835624695
vt 0.49842149019241333 0.5685359835624695
vt 0.49644047021865845 0.5685359835624695
vt 0.5611206293106079 0.5697572231292725
vt 0.563047468662262 0.5697572231292725
vt 0.563047468662262 0.5836127996444702
vt 0.563047468662262 0.5836127996444702
vt 0.5611206293106079 0.5836127996444702
vt 0.5611206293106079 0.5697572231292725
vt 0.5940167903900146 0.5697575807571411
vt 0.596161425113678 0.5697575807571411
vt 0.596161425113678 0.5831398367881775
vt 0.596161425113678 0.5831398367881775
vt 0.5940167903900146 0.5831398367881775
vt 0.5940167903900146 0.5697575807571411
vt 0.5916364789009094 0.5697575807571411
vt 0.5940167903900146 0.5697575807571411
vt 0.5940167903900146 0.5831398367881775
vt 0.5916364789009094 0.5697575807571411
vt 0.5940167903900146 0.5831398367881775
vt 0.5894919037818909 0.5831398367881775
vt 0.5916364789009094 0.5697575807571411
vt 0.5894919037818909 0.5831398367881775
vt 0.5894919037818909 0.5697575807571411
vt 0.5033619403839111 0.5685359835624695
vt 0.505342960357666 0.5685359835624695
vt 0.505342960357666 0.5827808976173401
vt 0.5033619403839111 0.5685359835624695
vt 0.505342960357666 0.5827808976173401
vt 0.5033619403839111 0.5827808976173401
vt 0.5033619403839111 0.5827808976173401
vt 0.5008916854858398 0.5827808976173401
vt 0.5008916854858398 0.5685359835624695
vt 0.5033619403839111 0.5685359835624695
vt 0.5033619403839111 0.5827808976173401
vt 0.5008916854858398 0.5685359835624695
vt 0.49842149019241333 0.5685359835624695
vt 0.5008916854858398 0.5685359835624695
vt 0.5008916854858398 0.5827808976173401
vt 0.5008916854858398 0.5827808976173401
vt 0.49842149019241333 0.5827808976173401
vt 0.49842149019241333 0.5685359835624695
vt 0.508633017539978 0.5733290314674377
vt 0.5064796805381775 0.5733290314674377
vt 0.5064796805381775 0.5598921775817871
vt 0.5064796805381775 0.5598921775817871
vt 0.508633017539978 0.5598921775817871
vt 0.508633017539978 0.5733290314674377
vt 0.5110229849815369 0.5733290314674377
vt 0.508633017539978 0.5733290314674377
vt 0.508633017539978 0.5598921775817871
vt 0.508633017539978 0.5598921775817871
vt 0.5110229849815369 0.5598921775817871
vt 0.5110229849815369 0.5733290314674377
vt 0.5131763815879822 0.5733290314674377
vt 0.5110229849815369 0.5733290314674377
vt 0.5110229849815369 0.5598921775817871
vt 0.5110229849815369 0.5598921775817871
vt 0.5131763815879822 0.5598921775817871
vt 0.5131763815879822 0.5733290314674377
vt 0.5678529143333435 0.5697572231292725
vt 0.5697797536849976 0.5697572231292725
vt 0.5697797536849976 0.5836127996444702
vt 0.5697797536849976 0.5836127996444702
vt 0.5678529143333435 0.5836127996444702
vt 0.5678529143333435 0.5697572231292725
vt 0.5654501914978027 0.5697572231292725
vt 0.5678529143333435 0.5697572231292725
vt 0.5678529143333435 0.5836127996444702
vt 0.5678529143333435 0.5836127996444702
vt 0.5654501914978027 0.5836127996444702
vt 0.5654501914978027 0.5697572231292725
vt 0.563047468662262 0.5697572231292725
vt 0.5654501914978027 0.5697572231292725
vt 0.5654501914978027 0.5836127996444702
vt 0.5654501914978027 0.5836127996444702
vt 0.563047468662262 0.5836127996444702
vt 0.563047468662262 0.5697572231292725
vt 0.6110914945602417 0.26626986265182495
vt 0.6110914945602417 0.32779937982559204
vt 0.5495619773864746 0.32779937982559204
vt 0.5495619773864746 0.32779937982559204
vt 0.5495619773864746 0.26626986265182495
vt 0.6110914945602417 0.26626986265182495
vt 0.48651471734046936 0.26626986265182495
vt 0.5480442047119141 0.26626986265182495
vt 0.5480442047119141 0.32779937982559204
vt 0.5480442047119141 0.32779937982559204
vt 0.48651471734046936 0.32779937982559204
vt 0.48651471734046936 0.26626986265182495
vt 0.8858140707015991 0.5329979062080383
vt 0.9110709428787231 0.5329979062080383
vt 0.9110709428787231 0.5582547783851624
vt 0.9110709428787231 0.5582547783851624
vt 0.8858140707015991 0.5582547783851624
vt 0.8858140707015991 0.5329979062080383
vt 0.43817847967147827 0
vt 0.7033722996711731 0
vt 0.7033722996711731 0.2651938498020172
vt 0.7033722996711731 0.2651938498020172
vt 0.43817847967147827 0.2651938498020172
vt 0.43817847967147827 0
vt 0.824868381023407 0.5429839491844177
vt 0.8501251935958862 0.5429839491844177
vt 0.8501251935958862 0.5682408213615417
vt 0.8501251935958862 0.5682408213615417
vt 0.824868381023407 0.5682408213615417
vt 0.824868381023407 0.5429839491844177
vt 0.7050785422325134 0
vt 0.970272421836853 0
vt 0.970272421836853 0.2651938498020172
vt 0.970272421836853 0.2651938498020172
vt 0.7050785422325134 0.2651938498020172
vt 0.7050785422325134 0
vt 0.6637473702430725 0.26626986265182495
vt 0.6659084558486938 0.26626986265182495
vt 0.6659085154533386 0.5319221019744873
vt 0.6637473702430725 0.26626986265182495
vt 0.6659085154533386 0.5319221019744873
vt 0.6637473702430725 0.5319221615791321
vt 0.6637473702430725 0.5319221615791321
vt 0.6613487601280212 0.5319221615791321
vt 0.6613487601280212 0.26626986265182495
vt 0.6637473702430725 0.26626986265182495
vt 0.6637473702430725 0.5319221615791321
vt 0.6613487601280212 0.26626986265182495
vt 0.6589255332946777 0.26626986265182495
vt 0.6613487601280212 0.26626986265182495
vt 0.6613487601280212 0.5319221615791321
vt 0.6589255332946777 0.26626986265182495
vt 0.6613487601280212 0.5319221615791321
vt 0.6589255332946777 0.5319221615791321
vt 0.6589255332946777 0.5319221615791321
vt 0.6567423343658447 0.5319221615791321
vt 0.6567423343658447 0.26626989245414734
vt 0.6589255332946777 0.26626986265182495
vt 0.6589255332946777 0.5319221615791321
vt 0.6567423343658447 0.26626989245414734
vt 0.7956315875053406 0.5419080257415771
vt 0.7933447360992432 0.5419080257415771
vt 0.7933447360992432 0.26626986265182495
vt 0.7956315875053406 0.5419080257415771
vt 0.7933447360992432 0.26626986265182495
vt 0.7956315875053406 0.26626986265182495
vt 0.7956315875053406 0.26626986265182495
vt 0.7981975078582764 0.26626986265182495
vt 0.7981975078582764 0.5419080257415771
vt 0.7956315875053406 0.5419080257415771
vt 0.7956315875053406 0.26626986265182495
vt 0.7981975078582764 0.5419080257415771
vt 0.8005342483520508 0.5419080257415771
vt 0.7981975078582764 0.5419080257415771
vt 0.7981975078582764 0.26626986265182495
vt 0.8005342483520508 0.5419080257415771
vt 0.7981975078582764 0.26626986265182495
vt 0.8005342483520508 0.26626986265182495
vt 0.8005342483520508 0.26626986265182495
vt 0.8021788597106934 0.26626986265182495
vt 0.8021788597106934 0.5419080257415771
vt 0.8005342483520508 0.5419080257415771
vt 0.8005342483520508 0.26626986265182495
vt 0.8021788597106934 0.5419080257415771
vt 0.5298339128494263 0.5878676176071167
vt 0.5274954438209534 0.5878676176071167
vt 0.5274954438209534 0.3288753926753998
vt 0.5298339128494263 0.5878676176071167
vt 0.5274954438209534 0.3288753926753998
vt 0.5298339128494263 0.3288753926753998
vt 0.5298339128494263 0.3288753926753998
vt 0.5321964025497437 0.3288753926753998
vt 0.5321964025497437 0.5878676176071167
vt 0.5298339128494263 0.5878676176071167
vt 0.5298339128494263 0.3288753926753998
vt 0.5321964025497437 0.5878676176071167
vt 0.6898288726806641 0.5433194041252136
vt 0.6882659792900085 0.5433194041252136
vt 0.6882659792900085 0.26626986265182495
vt 0.6898288726806641 0.5433194041252136
vt 0.6882659792900085 0.26626986265182495
vt 0.6898288726806641 0.26626986265182495
vt 0.6898288726806641 0.26626986265182495
vt 0.6921274065971375 0.26626986265182495
vt 0.6921274065971375 0.5433194041252136
vt 0.6898288726806641 0.5433194041252136
vt 0.6898288726806641 0.26626986265182495
vt 0.6921274065971375 0.5433194041252136
vt 0.6947064399719238 0.5433194041252136
vt 0.6921274065971375 0.5433194041252136
vt 0.6921274065971375 0.26626986265182495
vt 0.6947064399719238 0.5433194041252136
vt 0.6921274065971375 0.26626986265182495
vt 0.6947064399719238 0.26626986265182495
vt 0.6947064399719238 0.26626986265182495
vt 0.6970551013946533 0.26626986265182495
vt 0.6970551013946533 0.5433194041252136
vt 0.6947064399719238 0.5433194041252136
vt 0.6947064399719238 0.26626986265182495
vt 0.6970551013946533 0.5433194041252136
vt 0.8966351747512817 0.5593290328979492
vt 0.8994855284690857 0.5600470304489136
vt 0.9017421007156372 0.5619305968284607
vt 0.8966351747512817 0.5593290328979492
vt 0.9017421007156372 0.5619305968284607
vt 0.9029578566551208 0.5646067261695862
vt 0.8966351747512817 0.5593290328979492
vt 0.9029578566551208 0.5646067261695862
vt 0.9028922319412231 0.5675453543663025
vt 0.8966351747512817 0.5593290328979492
vt 0.9028922319412231 0.5675453543663025
vt 0.901557981967926 0.5701645016670227
vt 0.8966351747512817 0.5593290328979492
vt 0.901557981967926 0.5701645016670227
vt 0.8992195129394531 0.571945309638977
vt 0.8966351747512817 0.5593290328979492
vt 0.8992195129394531 0.571945309638977
vt 0.8963398933410645 0.5725351572036743
vt 0.8966351747512817 0.5593290328979492
vt 0.8963398933410645 0.5725351572036743
vt 0.8934895992279053 0.57181715965271
vt 0.8966351747512817 0.5593290328979492
vt 0.8934895992279053 0.57181715965271
vt 0.8912330269813538 0.5699336528778076
vt 0.8966351747512817 0.5593290328979492
vt 0.8912330269813538 0.5699336528778076
vt 0.8900172114372253 0.5672574639320374
vt 0.8966351747512817 0.5593290328979492
vt 0.8900172114372253 0.5672574639320374
vt 0.890082836151123 0.5643187761306763
vt 0.8966351747512817 0.5593290328979492
vt 0.890082836151123 0.5643187761306763
vt 0.8914171457290649 0.5616996884346008
vt 0.8966351747512817 0.5593290328979492
vt 0.8914171457290649 0.5616996884346008
vt 0.8937556147575378 0.5599188804626465
vt 0.6315414309501648 0.5554451942443848
vt 0.6344210505485535 0.556035041809082
vt 0.6367595195770264 0.5578158497810364
vt 0.6315414309501648 0.5554451942443848
vt 0.6367595195770264 0.5578158497810364
vt 0.6380937695503235 0.5604349374771118
vt 0.6315414309501648 0.5554451942443848
vt 0.6380937695503235 0.5604349374771118
vt 0.638159453868866 0.5633736252784729
vt 0.6315414309501648 0.5554451942443848
vt 0.638159453868866 0.5633736252784729
vt 0.6369436383247375 0.5660496950149536
vt 0.6315414309501648 0.5554451942443848
vt 0.6369436383247375 0.5660496950149536
vt 0.6346871256828308 0.5679333209991455
vt 0.6315414309501648 0.5554451942443848
vt 0.6346871256828308 0.5679333209991455
vt 0.6318367123603821 0.5686512589454651
vt 0.6315414309501648 0.5554451942443848
vt 0.6318367123603821 0.5686512589454651
vt 0.6289571523666382 0.5680614113807678
vt 0.6315414309501648 0.5554451942443848
vt 0.6289571523666382 0.5680614113807678
vt 0.6266186833381653 0.5662806630134583
vt 0.6315414309501648 0.5554451942443848
vt 0.6266186833381653 0.5662806630134583
vt 0.6252844333648682 0.563661515712738
vt 0.6315414309501648 0.5554451942443848
vt 0.6252844333648682 0.563661515712738
vt 0.6252186894416809 0.5607228875160217
vt 0.6315414309501648 0.5554451942443848
vt 0.6252186894416809 0.5607228875160217
vt 0.6264345645904541 0.5580467581748962
vt 0.6315414309501648 0.5554451942443848
vt 0.6264345645904541 0.5580467581748962
vt 0.6286911368370056 0.5561631321907043
vt 0.9675341248512268 0.26626986265182495
vt 0.9694047570228577 0.26626986265182495
vt 0.9694047570228577 0.49621087312698364
vt 0.9675341248512268 0.26626986265182495
vt 0.9694047570228577 0.49621087312698364
vt 0.9675341248512268 0.49621090292930603
vt 0.9675341248512268 0.49621090292930603
vt 0.9654579758644104 0.49621090292930603
vt 0.9654579758644104 0.26626986265182495
vt 0.9675341248512268 0.26626986265182495
vt 0.9675341248512268 0.49621090292930603
vt 0.9654579758644104 0.26626986265182495
vt 0.9633604884147644 0.26626986265182495
vt 0.9654579758644104 0.26626986265182495
vt 0.9654579758644104 0.49621090292930603
vt 0.9633604884147644 0.26626986265182495
vt 0.9654579758644104 0.49621090292930603
vt 0.9633604884147644 0.49621090292930603
vt 0.9633604884147644 0.49621090292930603
vt 0.9614707827568054 0.49621090292930603
vt 0.9614707827568054 0.26626989245414734
vt 0.9633604884147644 0.26626986265182495
vt 0.9633604884147644 0.49621090292930603
vt 0.9614707827568054 0.26626989245414734
vt 0.5799127221107483 0.5674600005149841
vt 0.5779332518577576 0.5674600005149841
vt 0.5779332518577576 0.3288753926753998
vt 0.5799127221107483 0.5674600005149841
vt 0.5779332518577576 0.3288753926753998
vt 0.5799127221107483 0.3288753926753998
vt 0.5799127221107483 0.3288753926753998
vt 0.5821336507797241 0.3288753926753998
vt 0.5821336507797241 0.5674600005149841
vt 0.5799127221107483 0.5674600005149841
vt 0.5799127221107483 0.3288753926753998
vt 0.5821336507797241 0.5674600005149841
vt 0.5841562747955322 0.5674600005149841
vt 0.5821336507797241 0.5674600005149841
vt 0.5821336507797241 0.3288753926753998
vt 0.5841562747955322 0.5674600005149841
vt 0.5821336507797241 0.3288753926753998
vt 0.5841562747955322 0.3288753926753998
vt 0.5841562747955322 0.3288753926753998
vt 0.5855798125267029 0.3288753926753998
vt 0.5855798125267029 0.5674600005149841
vt 0.5841562747955322 0.5674600005149841
vt 0.5841562747955322 0.3288753926753998
vt 0.5855798125267029 0.5674600005149841
vt 0.9876629710197449 0.7408202290534973
vt 0.9856389164924622 0.7408202290534973
vt 0.9856389164924622 0.5166438221931458
vt 0.9876629710197449 0.7408202290534973
vt 0.9856389164924622 0.5166438221931458
vt 0.9876629710197449 0.5166438221931458
vt 0.9876629710197449 0.5166438221931458
vt 0.989707887172699 0.5166438221931458
vt 0.989707887172699 0.7408202290534973
vt 0.9876629710197449 0.7408202290534973
vt 0.9876629710197449 0.5166438221931458
vt 0.989707887172699 0.7408202290534973
vt 0.5982002019882202 0.568681538105011
vt 0.596847414970398 0.568681538105011
vt 0.596847414970398 0.3288753926753998
vt 0.5982002019882202 0.568681538105011
vt 0.596847414970398 0.3288753926753998
vt 0.5982002019882202 0.3288753926753998
vt 0.5982002019882202 0.3288753926753998
vt 0.6001898050308228 0.3288753926753998
vt 0.6001898050308228 0.568681538105011
vt 0.5982002019882202 0.568681538105011
vt 0.5982002019882202 0.3288753926753998
vt 0.6001898050308228 0.568681538105011
vt 0.6024221181869507 0.568681538105011
vt 0.6001898050308228 0.568681538105011
vt 0.6001898050308228 0.3288753926753998
vt 0.6024221181869507 0.568681538105011
vt 0.6001898050308228 0.3288753926753998
vt 0.6024221181869507 0.3288753926753998
vt 0.6024221181869507 0.3288753926753998
vt 0.6044549942016602 0.3288753926753998
vt 0.6044549942016602 0.568681538105011
vt 0.6024221181869507 0.568681538105011
vt 0.6024221181869507 0.3288753926753998
vt 0.6044549942016602 0.568681538105011
vt 0.6707158088684082 0.5574659705162048
vt 0.6735662221908569 0.5581839680671692
vt 0.6758227348327637 0.5600675940513611
vt 0.6707158088684082 0.5574659705162048
vt 0.6758227348327637 0.5600675940513611
vt 0.6770384907722473 0.5627437233924866
vt 0.6707158088684082 0.5574659705162048
vt 0.6770384907722473 0.5627437233924866
vt 0.6769728660583496 0.5656823515892029
vt 0.6707158088684082 0.5574659705162048
vt 0.6769728660583496 0.5656823515892029
vt 0.6756385564804077 0.5683014988899231
vt 0.6707158088684082 0.5574659705162048
vt 0.6756385564804077 0.5683014988899231
vt 0.6733001470565796 0.5700822472572327
vt 0.6707158088684082 0.5574659705162048
vt 0.6733001470565796 0.5700822472572327
vt 0.6704205274581909 0.5706721544265747
vt 0.6707158088684082 0.5574659705162048
vt 0.6704205274581909 0.5706721544265747
vt 0.6675702333450317 0.5699541568756104
vt 0.6707158088684082 0.5574659705162048
vt 0.6675702333450317 0.5699541568756104
vt 0.6653136610984802 0.568070650100708
vt 0.6707158088684082 0.5574659705162048
vt 0.6653136610984802 0.568070650100708
vt 0.6640978455543518 0.5653944611549377
vt 0.6707158088684082 0.5574659705162048
vt 0.6640978455543518 0.5653944611549377
vt 0.6641634702682495 0.5624557733535767
vt 0.6707158088684082 0.5574659705162048
vt 0.6641634702682495 0.5624557733535767
vt 0.6654977798461914 0.5598366856575012
vt 0.6707158088684082 0.5574659705162048
vt 0.6654977798461914 0.5598366856575012
vt 0.6678362488746643 0.5580558776855469
vt 0.652550458908081 0.5677586197853088
vt 0.6497001051902771 0.5684766173362732
vt 0.6468205451965332 0.5678867697715759
vt 0.652550458908081 0.5677586197853088
vt 0.6468205451965332 0.5678867697715759
vt 0.6444820761680603 0.5661060214042664
vt 0.652550458908081 0.5677586197853088
vt 0.6444820761680603 0.5661060214042664
vt 0.6431477665901184 0.5634868741035461
vt 0.652550458908081 0.5677586197853088
vt 0.6431477665901184 0.5634868741035461
vt 0.6430820822715759 0.5605482459068298
vt 0.652550458908081 0.5677586197853088
vt 0.6430820822715759 0.5605482459068298
vt 0.6442979574203491 0.5578720569610596
vt 0.652550458908081 0.5677586197853088
vt 0.6442979574203491 0.5578720569610596
vt 0.6465544700622559 0.5559885501861572
vt 0.652550458908081 0.5677586197853088
vt 0.6465544700622559 0.5559885501861572
vt 0.6494048237800598 0.5552705526351929
vt 0.652550458908081 0.5677586197853088
vt 0.6494048237800598 0.5552705526351929
vt 0.6522844433784485 0.5558604001998901
vt 0.652550458908081 0.5677586197853088
vt 0.6522844433784485 0.5558604001998901
vt 0.6546229124069214 0.5576412081718445
vt 0.652550458908081 0.5677586197853088
vt 0.6546229124069214 0.5576412081718445
vt 0.6559571623802185 0.5602602958679199
vt 0.652550458908081 0.5677586197853088
vt 0.6559571623802185 0.5602602958679199
vt 0.656022846698761 0.563198983669281
vt 0.652550458908081 0.5677586197853088
vt 0.656022846698761 0.563198983669281
vt 0.6548070311546326 0.5658750534057617
vt 0.6189784407615662 0.5078070759773254
vt 0.6167975068092346 0.5078070759773254
vt 0.6167975068092346 0.26626986265182495
vt 0.6189784407615662 0.5078070759773254
vt 0.6167975068092346 0.26626986265182495
vt 0.6189784407615662 0.26626986265182495
vt 0.6227136850357056 0.26626986265182495
vt 0.623938798904419 0.26626986265182495
vt 0.6239388585090637 0.5078070163726807
vt 0.6227136850357056 0.26626986265182495
vt 0.6239388585090637 0.5078070163726807
vt 0.6227137446403503 0.5078070163726807
vt 0.6209433674812317 0.26626986265182495
vt 0.6227136850357056 0.26626986265182495
vt 0.6227137446403503 0.5078070163726807
vt 0.6209433674812317 0.26626986265182495
vt 0.6227137446403503 0.5078070163726807
vt 0.6209433674812317 0.5078070163726807
vt 0.6189784407615662 0.26626986265182495
vt 0.6209433674812317 0.26626986265182495
vt 0.6209433674812317 0.5078070163726807
vt 0.6189784407615662 0.5078070759773254
vt 0.6189784407615662 0.26626986265182495
vt 0.6209433674812317 0.5078070163726807
vt 0.6145942807197571 0.26626986265182495
vt 0.6167975068092346 0.26626986265182495
vt 0.6167975068092346 0.5078070759773254
vt 0.6145942807197571 0.26626986265182495
vt 0.6167975068092346 0.5078070759773254
vt 0.6145942807197571 0.5078070759773254
vt 0.6145942807197571 0.5078070759773254
vt 0.6126092672348022 0.5078070759773254
vt 0.6126092672348022 0.26626986265182495
vt 0.6145942807197571 0.26626986265182495
vt 0.6145942807197571 0.5078070759773254
vt 0.6126092672348022 0.26626986265182495
vt 0.5704556107521057 0.5674605369567871
vt 0.568476140499115 0.5674605369567871
vt 0.568476140499115 0.3288753926753998
vt 0.5704556107521057 0.5674605369567871
vt 0.568476140499115 0.3288753926753998
vt 0.5704556107521057 0.3288753926753998
vt 0.5704556107521057 0.3288753926753998
vt 0.5726765394210815 0.3288753926753998
vt 0.5726765394210815 0.5674605369567871
vt 0.5704556107521057 0.5674605369567871
vt 0.5704556107521057 0.3288753926753998
vt 0.5726765394210815 0.5674605369567871
vt 0.5746991634368896 0.5674605369567871
vt 0.5726765394210815 0.5674605369567871
vt 0.5726765394210815 0.3288753926753998
vt 0.5746991634368896 0.5674605369567871
vt 0.5726765394210815 0.3288753926753998
vt 0.5746991634368896 0.3288753926753998
vt 0.5746991634368896 0.3288753926753998
vt 0.5761227011680603 0.3288753926753998
vt 0.5761227011680603 0.5674605369567871
vt 0.5746991634368896 0.5674605369567871
vt 0.5746991634368896 0.3288753926753998
vt 0.5761227011680603 0.5674605369567871
vt 0.9930468201637268 0.5166839957237244
vt 0.9908928275108337 0.5166839957237244
vt 0.9908928275108337 0.27812623977661133
vt 0.9930468201637268 0.5166839957237244
vt 0.9908928275108337 0.27812623977661133
vt 0.9930468201637268 0.27812623977661133
vt 0.9971835017204285 0.27812623977661133
vt 0.9985402226448059 0.27812623977661133
vt 0.9985402226448059 0.5166839957237244
vt 0.9971835017204285 0.27812623977661133
vt 0.9985402226448059 0.5166839957237244
vt 0.9971834421157837 0.5166839957237244
vt 0.9952228665351868 0.27812623977661133
vt 0.9971835017204285 0.27812623977661133
vt 0.9971834421157837 0.5166839957237244
vt 0.9952228665351868 0.27812623977661133
vt 0.9971834421157837 0.5166839957237244
vt 0.9952228665351868 0.5166839957237244
vt 0.9930468201637268 0.27812623977661133
vt 0.9952228665351868 0.27812623977661133
vt 0.9952228665351868 0.5166839957237244
vt 0.9930468201637268 0.5166839957237244
vt 0.9930468201637268 0.27812623977661133
vt 0.9952228665351868 0.5166839957237244
vt 0.888181209564209 0.5668299198150635
vt 0.8868468999862671 0.5694490075111389
vt 0.884508490562439 0.5712298154830933
vt 0.888181209564209 0.5668299198150635
vt 0.884508490562439 0.5712298154830933
vt 0.8816288709640503 0.5718196630477905
vt 0.888181209564209 0.5668299198150635
vt 0.8816288709640503 0.5718196630477905
vt 0.8787785172462463 0.5711016654968262
vt 0.888181209564209 0.5668299198150635
vt 0.8787785172462463 0.5711016654968262
vt 0.8765220046043396 0.5692181587219238
vt 0.888181209564209 0.5668299198150635
vt 0.8765220046043396 0.5692181587219238
vt 0.8753061890602112 0.5665419697761536
vt 0.888181209564209 0.5668299198150635
vt 0.8753061890602112 0.5665419697761536
vt 0.8753718137741089 0.5636033415794373
vt 0.888181209564209 0.5668299198150635
vt 0.8753718137741089 0.5636033415794373
vt 0.876706063747406 0.560984194278717
vt 0.888181209564209 0.5668299198150635
vt 0.876706063747406 0.560984194278717
vt 0.8790445923805237 0.5592033863067627
vt 0.888181209564209 0.5668299198150635
vt 0.8790445923805237 0.5592033863067627
vt 0.8819241523742676 0.5586135387420654
vt 0.888181209564209 0.5668299198150635
vt 0.8819241523742676 0.5586135387420654
vt 0.8847745060920715 0.5593315362930298
vt 0.888181209564209 0.5668299198150635
vt 0.8847745060920715 0.5593315362930298
vt 0.887031078338623 0.5612151622772217
vt 0.888181209564209 0.5668299198150635
vt 0.887031078338623 0.5612151622772217
vt 0.8882468342781067 0.5638912916183472
vt 0.7777479887008667 0.5564458966255188
vt 0.7800045609474182 0.5545623898506165
vt 0.7828548550605774 0.5538443922996521
vt 0.7777479887008667 0.5564458966255188
vt 0.7828548550605774 0.5538443922996521
vt 0.7857344746589661 0.5544342398643494
vt 0.7777479887008667 0.5564458966255188
vt 0.7857344746589661 0.5544342398643494
vt 0.788072943687439 0.5562150478363037
vt 0.7777479887008667 0.5564458966255188
vt 0.788072943687439 0.5562150478363037
vt 0.7894072532653809 0.5588341951370239
vt 0.7777479887008667 0.5564458966255188
vt 0.7894072532653809 0.5588341951370239
vt 0.7894728779792786 0.5617728233337402
vt 0.7777479887008667 0.5564458966255188
vt 0.7894728779792786 0.5617728233337402
vt 0.7882570624351501 0.564448893070221
vt 0.7777479887008667 0.5564458966255188
vt 0.7882570624351501 0.564448893070221
vt 0.7860005497932434 0.5663325190544128
vt 0.7777479887008667 0.5564458966255188
vt 0.7860005497932434 0.5663325190544128
vt 0.7831501364707947 0.5670505166053772
vt 0.7777479887008667 0.5564458966255188
vt 0.7831501364707947 0.5670505166053772
vt 0.7802705764770508 0.5664606690406799
vt 0.7777479887008667 0.5564458966255188
vt 0.7802705764770508 0.5664606690406799
vt 0.7779321074485779 0.5646798610687256
vt 0.7777479887008667 0.5564458966255188
vt 0.7779321074485779 0.5646798610687256
vt 0.7765978574752808 0.5620607137680054
vt 0.7777479887008667 0.5564458966255188
vt 0.7765978574752808 0.5620607137680054
vt 0.7765321135520935 0.5591221451759338
vt 0.5114922523498535 0.3288753926753998
vt 0.5133628845214844 0.3288753926753998
vt 0.5133628845214844 0.558816134929657
vt 0.5114922523498535 0.3288753926753998
vt 0.5133628845214844 0.558816134929657
vt 0.5114922523498535 0.5588161945343018
vt 0.5114922523498535 0.5588161945343018
vt 0.5094160437583923 0.5588161945343018
vt 0.5094160437583923 0.3288753926753998
vt 0.5114922523498535 0.3288753926753998
vt 0.5114922523498535 0.5588161945343018
vt 0.5094160437583923 0.3288753926753998
vt 0.5073186159133911 0.3288753926753998
vt 0.5094160437583923 0.3288753926753998
vt 0.5094160437583923 0.5588161945343018
vt 0.5073186159133911 0.3288753926753998
vt 0.5094160437583923 0.5588161945343018
vt 0.5073186159133911 0.5588161945343018
vt 0.5073186159133911 0.5588161945343018
vt 0.5054289102554321 0.5588161945343018
vt 0.5054289102554321 0.3288753926753998
vt 0.5073186159133911 0.3288753926753998
vt 0.5073186159133911 0.5588161945343018
vt 0.5054289102554321 0.3288753926753998
vt 0.5893697738647461 0.5674605369567871
vt 0.5873903632164001 0.5674605369567871
vt 0.5873903632164001 0.3288753926753998
vt 0.5893697738647461 0.5674605369567871
vt 0.5873903632164001 0.3288753926753998
vt 0.5893697738647461 0.3288753926753998
vt 0.5893697738647461 0.3288753926753998
vt 0.5915907621383667 0.3288753926753998
vt 0.5915907621383667 0.5674605369567871
vt 0.5893697738647461 0.5674605369567871
vt 0.5893697738647461 0.3288753926753998
vt 0.5915907621383667 0.5674605369567871
vt 0.59361332654953 0.5674605369567871
vt 0.5915907621383667 0.5674605369567871
vt 0.5915907621383667 0.3288753926753998
vt 0.59361332654953 0.5674605369567871
vt 0.5915907621383667 0.3288753926753998
vt 0.59361332654953 0.3288753926753998
vt 0.59361332654953 0.3288753926753998
vt 0.5950368642807007 0.3288753926753998
vt 0.5950368642807007 0.5674605369567871
vt 0.59361332654953 0.5674605369567871
vt 0.59361332654953 0.3288753926753998
vt 0.5950368642807007 0.5674605369567871
vt 0.9824090600013733 0.7408192157745361
vt 0.9803849458694458 0.7408192157745361
vt 0.9803849458694458 0.5166438221931458
vt 0.9824090600013733 0.7408192157745361
vt 0.9803849458694458 0.5166438221931458
vt 0.9824090600013733 0.5166438221931458
vt 0.9824090600013733 0.5166438221931458
vt 0.9844539761543274 0.5166438221931458
vt 0.9844539761543274 0.7408192157745361
vt 0.9824090600013733 0.7408192157745361
vt 0.9824090600013733 0.5166438221931458
vt 0.9844539761543274 0.7408192157745361
vt 0.4878675043582916 0.5686815977096558
vt 0.48651471734046936 0.5686815977096558
vt 0.48651471734046936 0.3288753926753998
vt 0.4878675043582916 0.5686815977096558
vt 0.48651471734046936 0.3288753926753998
vt 0.4878675043582916 0.3288753926753998
vt 0.4878675043582916 0.3288753926753998
vt 0.4898570775985718 0.3288753926753998
vt 0.4898570775985718 0.5686815977096558
vt 0.4878675043582916 0.5686815977096558
vt 0.4878675043582916 0.3288753926753998
vt 0.4898570775985718 0.5686815977096558
vt 0.4920893907546997 0.5686815977096558
vt 0.4898570775985718 0.5686815977096558
vt 0.4898570775985718 0.3288753926753998
vt 0.4920893907546997 0.5686815977096558
vt 0.4898570775985718 0.3288753926753998
vt 0.4920893907546997 0.3288753926753998
vt 0.4920893907546997 0.3288753926753998
vt 0.49412229657173157 0.3288753926753998
vt 0.49412229657173157 0.5686815977096558
vt 0.4920893907546997 0.5686815977096558
vt 0.4920893907546997 0.3288753926753998
vt 0.49412229657173157 0.5686815977096558
vt 0.9218899607658386 0.5598365664482117
vt 0.9242284297943115 0.5580557584762573
vt 0.9271079897880554 0.5574658513069153
vt 0.9218899607658386 0.5598365664482117
vt 0.9271079897880554 0.5574658513069153
vt 0.9299584031105042 0.5581838488578796
vt 0.9218899607658386 0.5598365664482117
vt 0.9299584031105042 0.5581838488578796
vt 0.9322149753570557 0.5600674748420715
vt 0.9218899607658386 0.5598365664482117
vt 0.9322149753570557 0.5600674748420715
vt 0.9334307312965393 0.562743604183197
vt 0.9218899607658386 0.5598365664482117
vt 0.9334307312965393 0.562743604183197
vt 0.9333650469779968 0.5656822323799133
vt 0.9218899607658386 0.5598365664482117
vt 0.9333650469779968 0.5656822323799133
vt 0.9320307970046997 0.5683013796806335
vt 0.9218899607658386 0.5598365664482117
vt 0.9320307970046997 0.5683013796806335
vt 0.9296923875808716 0.5700821280479431
vt 0.9218899607658386 0.5598365664482117
vt 0.9296923875808716 0.5700821280479431
vt 0.9268127679824829 0.5706720352172852
vt 0.9218899607658386 0.5598365664482117
vt 0.9268127679824829 0.5706720352172852
vt 0.923962414264679 0.5699540376663208
vt 0.9218899607658386 0.5598365664482117
vt 0.923962414264679 0.5699540376663208
vt 0.9217059016227722 0.5680705308914185
vt 0.9218899607658386 0.5598365664482117
vt 0.9217059016227722 0.5680705308914185
vt 0.920490026473999 0.5653943419456482
vt 0.9218899607658386 0.5598365664482117
vt 0.920490026473999 0.5653943419456482
vt 0.9205557107925415 0.5624556541442871
vt 0.7691879272460938 0.5688320398330688
vt 0.766337513923645 0.5695500373840332
vt 0.7634580135345459 0.5689601898193359
vt 0.7691879272460938 0.5688320398330688
vt 0.7634580135345459 0.5689601898193359
vt 0.7611194849014282 0.5671793818473816
vt 0.7691879272460938 0.5688320398330688
vt 0.7611194849014282 0.5671793818473816
vt 0.7597852349281311 0.5645602941513062
vt 0.7691879272460938 0.5688320398330688
vt 0.7597852349281311 0.5645602941513062
vt 0.7597195506095886 0.5616216659545898
vt 0.7691879272460938 0.5688320398330688
vt 0.7597195506095886 0.5616216659545898
vt 0.760935366153717 0.5589454770088196
vt 0.7691879272460938 0.5688320398330688
vt 0.760935366153717 0.5589454770088196
vt 0.7631919384002686 0.5570619106292725
vt 0.7691879272460938 0.5688320398330688
vt 0.7631919384002686 0.5570619106292725
vt 0.7660422921180725 0.5563439130783081
vt 0.7691879272460938 0.5688320398330688
vt 0.7660422921180725 0.5563439130783081
vt 0.7689218521118164 0.5569337606430054
vt 0.7691879272460938 0.5688320398330688
vt 0.7689218521118164 0.5569337606430054
vt 0.7712603807449341 0.5587146282196045
vt 0.7691879272460938 0.5688320398330688
vt 0.7712603807449341 0.5587146282196045
vt 0.7725946307182312 0.5613337159156799
vt 0.7691879272460938 0.5688320398330688
vt 0.7725946307182312 0.5613337159156799
vt 0.7726602554321289 0.5642723441123962
vt 0.7691879272460938 0.5688320398330688
vt 0.7726602554321289 0.5642723441123962
vt 0.7714444994926453 0.5669484734535217
vt 0.5556253790855408 0.3288753926753998
vt 0.5574959516525269 0.3288753926753998
vt 0.5574959516525269 0.5588162541389465
vt 0.5556253790855408 0.3288753926753998
vt 0.5574959516525269 0.5588162541389465
vt 0.5556253790855408 0.5588163137435913
vt 0.5556253790855408 0.5588163137435913
vt 0.5535491704940796 0.5588163137435913
vt 0.5535491704940796 0.3288753926753998
vt 0.5556253790855408 0.3288753926753998
vt 0.5556253790855408 0.5588163137435913
vt 0.5535491704940796 0.3288753926753998
vt 0.5514516830444336 0.3288753926753998
vt 0.5535491704940796 0.3288753926753998
vt 0.5535491704940796 0.5588163137435913
vt 0.5514516830444336 0.3288753926753998
vt 0.5535491704940796 0.5588163137435913
vt 0.5514516830444336 0.5588163137435913
vt 0.5514516830444336 0.5588163137435913
vt 0.5495619773864746 0.5588163137435913
vt 0.5495619773864746 0.32887542247772217
vt 0.5514516830444336 0.3288753926753998
vt 0.5514516830444336 0.5588163137435913
vt 0.5495619773864746 0.32887542247772217
vt 0.4979512691497803 0.5674600005149841
vt 0.49597179889678955 0.5674600005149841
vt 0.49597179889678955 0.3288753926753998
vt 0.4979512691497803 0.5674600005149841
vt 0.49597179889678955 0.3288753926753998
vt 0.4979512691497803 0.3288753926753998
vt 0.4979512691497803 0.3288753926753998
vt 0.5001721978187561 0.3288753926753998
vt 0.5001721978187561 0.5674600005149841
vt 0.4979512691497803 0.5674600005149841
vt 0.4979512691497803 0.3288753926753998
vt 0.5001721978187561 0.5674600005149841
vt 0.5021948218345642 0.5674600005149841
vt 0.5001721978187561 0.5674600005149841
vt 0.5001721978187561 0.3288753926753998
vt 0.5021948218345642 0.5674600005149841
vt 0.5001721978187561 0.3288753926753998
vt 0.5021948218345642 0.3288753926753998
vt 0.5021948218345642 0.3288753926753998
vt 0.5036183595657349 0.3288753926753998
vt 0.5036183595657349 0.5674600005149841
vt 0.5021948218345642 0.5674600005149841
vt 0.5021948218345642 0.3288753926753998
vt 0.5036183595657349 0.5674600005149841
vt 0.9929169416427612 0.7419354319572449
vt 0.9908928275108337 0.7419354319572449
vt 0.9908928275108337 0.5177600383758545
vt 0.9929169416427612 0.7419354319572449
vt 0.9908928275108337 0.5177600383758545
vt 0.9929169416427612 0.5177600383758545
vt 0.9929169416427612 0.5177600383758545
vt 0.9949618577957153 0.5177600383758545
vt 0.9949618577957153 0.7419354319572449
vt 0.9929169416427612 0.7419354319572449
vt 0.9929169416427612 0.5177600383758545
vt 0.9949618577957153 0.7419354319572449
vt 0.5603718757629395 0.5686812400817871
vt 0.5590190887451172 0.5686812400817871
vt 0.5590190887451172 0.3288753926753998
vt 0.5603718757629395 0.5686812400817871
vt 0.5590190887451172 0.3288753926753998
vt 0.5603718757629395 0.3288753926753998
vt 0.5603718757629395 0.3288753926753998
vt 0.562361478805542 0.3288753926753998
vt 0.562361478805542 0.5686812400817871
vt 0.5603718757629395 0.5686812400817871
vt 0.5603718757629395 0.3288753926753998
vt 0.562361478805542 0.5686812400817871
vt 0.5645937919616699 0.5686812400817871
vt 0.562361478805542 0.5686812400817871
vt 0.562361478805542 0.3288753926753998
vt 0.5645937919616699 0.5686812400817871
vt 0.562361478805542 0.3288753926753998
vt 0.5645937919616699 0.3288753926753998
vt 0.5645937919616699 0.3288753926753998
vt 0.5666266679763794 0.3288753926753998
vt 0.5666266679763794 0.5686812400817871
vt 0.5645937919616699 0.5686812400817871
vt 0.5645937919616699 0.3288753926753998
vt 0.5666266679763794 0.5686812400817871
vt 0.742906928062439 0.565125048160553
vt 0.7429725527763367 0.5621863603591919
vt 0.7443068623542786 0.5595672726631165
vt 0.742906928062439 0.565125048160553
vt 0.7443068623542786 0.5595672726631165
vt 0.7466453313827515 0.5577864646911621
vt 0.742906928062439 0.565125048160553
vt 0.7466453313827515 0.5577864646911621
vt 0.7495248913764954 0.5571965575218201
vt 0.742906928062439 0.565125048160553
vt 0.7495248913764954 0.5571965575218201
vt 0.7523752450942993 0.5579145550727844
vt 0.742906928062439 0.565125048160553
vt 0.7523752450942993 0.5579145550727844
vt 0.7546318173408508 0.5597981810569763
vt 0.742906928062439 0.565125048160553
vt 0.7546318173408508 0.5597981810569763
vt 0.7558475732803345 0.5624743103981018
vt 0.742906928062439 0.565125048160553
vt 0.7558475732803345 0.5624743103981018
vt 0.7557819485664368 0.5654129385948181
vt 0.742906928062439 0.565125048160553
vt 0.7557819485664368 0.5654129385948181
vt 0.7544476985931396 0.5680320858955383
vt 0.742906928062439 0.565125048160553
vt 0.7544476985931396 0.5680320858955383
vt 0.7521092295646667 0.5698128342628479
vt 0.742906928062439 0.565125048160553
vt 0.7521092295646667 0.5698128342628479
vt 0.7492296099662781 0.5704027414321899
vt 0.742906928062439 0.565125048160553
vt 0.7492296099662781 0.5704027414321899
vt 0.7463793158531189 0.5696847438812256
vt 0.742906928062439 0.565125048160553
vt 0.7463793158531189 0.5696847438812256
vt 0.7441227436065674 0.5678012371063232
vt 0.7240584492683411 0.5634720921516418
vt 0.7239927649497986 0.5605334639549255
vt 0.725208580493927 0.5578572750091553
vt 0.7240584492683411 0.5634720921516418
vt 0.725208580493927 0.5578572750091553
vt 0.7274651527404785 0.5559737086296082
vt 0.7240584492683411 0.5634720921516418
vt 0.7274651527404785 0.5559737086296082
vt 0.7303155064582825 0.5552557706832886
vt 0.7240584492683411 0.5634720921516418
vt 0.7303155064582825 0.5552557706832886
vt 0.7331950664520264 0.5558455586433411
vt 0.7240584492683411 0.5634720921516418
vt 0.7331950664520264 0.5558455586433411
vt 0.735533595085144 0.5576264262199402
vt 0.7240584492683411 0.5634720921516418
vt 0.735533595085144 0.5576264262199402
vt 0.7368678450584412 0.5602455139160156
vt 0.7240584492683411 0.5634720921516418
vt 0.7368678450584412 0.5602455139160156
vt 0.7369334697723389 0.5631842017173767
vt 0.7240584492683411 0.5634720921516418
vt 0.7369334697723389 0.5631842017173767
vt 0.7357177138328552 0.5658602714538574
vt 0.7240584492683411 0.5634720921516418
vt 0.7357177138328552 0.5658602714538574
vt 0.7334611415863037 0.5677438974380493
vt 0.7240584492683411 0.5634720921516418
vt 0.7334611415863037 0.5677438974380493
vt 0.730610728263855 0.5684618353843689
vt 0.7240584492683411 0.5634720921516418
vt 0.730610728263855 0.5684618353843689
vt 0.7277311682701111 0.5678719878196716
vt 0.7240584492683411 0.5634720921516418
vt 0.7277311682701111 0.5678719878196716
vt 0.7253926992416382 0.5660912394523621
vt 0.4367234706878662 0.8667020797729492
vt 0.43325141072273254 0.8967947363853455
vt 0.4313649535179138 0.8963544964790344
vt 0.4313649535179138 0.8963544964790344
vt 0.4347989559173584 0.8665914535522461
vt 0.4367234706878662 0.8667020797729492
vt 0.4347989559173584 0.8665914535522461
vt 0.4313649535179138 0.8963544964790344
vt 0.42642611265182495 0.8952018618583679
vt 0.42642611265182495 0.8952018618583679
vt 0.42976057529449463 0.8663017153739929
vt 0.4347989559173584 0.8665914535522461
vt 0.42976057529449463 0.8663017153739929
vt 0.42642611265182495 0.8952018618583679
vt 0.42032140493392944 0.8937772512435913
vt 0.42032140493392944 0.8937772512435913
vt 0.42353275418281555 0.8659436106681824
vt 0.42976057529449463 0.8663017153739929
vt 0.42353275418281555 0.8659436106681824
vt 0.42032140493392944 0.8937772512435913
vt 0.4153825640678406 0.8926246166229248
vt 0.4153825640678406 0.8926246166229248
vt 0.4184943735599518 0.8656538128852844
vt 0.42353275418281555 0.8659436106681824
vt 0.4184943735599518 0.8656538128852844
vt 0.4153825640678406 0.8926246166229248
vt 0.41349610686302185 0.8921843767166138
vt 0.41349610686302185 0.8921843767166138
vt 0.41656985878944397 0.8655431866645813
vt 0.4184943735599518 0.8656538128852844
vt 0.41656985878944397 0.8655431866645813
vt 0.41349610686302185 0.8921843767166138
vt 0.4153825640678406 0.8926246166229248
vt 0.4153825640678406 0.8926246166229248
vt 0.4184943735599518 0.8656538128852844
vt 0.41656985878944397 0.8655431866645813
vt 0.4184943735599518 0.8656538128852844
vt 0.4153825640678406 0.8926246166229248
vt 0.42032140493392944 0.8937772512435913
vt 0.42032140493392944 0.8937772512435913
vt 0.42353275418281555 0.8659436106681824
vt 0.4184943735599518 0.8656538128852844
vt 0.42353275418281555 0.8659436106681824
vt 0.42032140493392944 0.8937772512435913
vt 0.42642611265182495 0.8952018618583679
vt 0.42642611265182495 0.8952018618583679
vt 0.42976057529449463 0.8663017153739929
vt 0.42353275418281555 0.8659436106681824
vt 0.42976057529449463 0.8663017153739929
vt 0.42642611265182495 0.8952018618583679
vt 0.4313649535179138 0.8963544964790344
vt 0.4313649535179138 0.8963544964790344
vt 0.4347989559173584 0.8665914535522461
vt 0.42976057529449463 0.8663017153739929
vt 0.4347989559173584 0.8665914535522461
vt 0.4313649535179138 0.8963544964790344
vt 0.43325141072273254 0.8967947363853455
vt 0.43325141072273254 0.8967947363853455
vt 0.4367234706878662 0.8667020797729492
vt 0.4347989559173584 0.8665914535522461
vt 0.43325141072273254 0.8967947363853455
vt 0.4231604039669037 0.9249968528747559
vt 0.42142096161842346 0.9241456389427185
vt 0.42142096161842346 0.9241456389427185
vt 0.4313649535179138 0.8963544964790344
vt 0.43325141072273254 0.8967947363853455
vt 0.4313649535179138 0.8963544964790344
vt 0.42142096161842346 0.9241456389427185
vt 0.41686710715293884 0.9219172596931458
vt 0.41686710715293884 0.9219172596931458
vt 0.42642611265182495 0.8952018618583679
vt 0.4313649535179138 0.8963544964790344
vt 0.42642611265182495 0.8952018618583679
vt 0.41686710715293884 0.9219172596931458
vt 0.4112382233142853 0.9191627502441406
vt 0.4112382233142853 0.9191627502441406
vt 0.42032140493392944 0.8937772512435913
vt 0.42642611265182495 0.8952018618583679
vt 0.42032140493392944 0.8937772512435913
vt 0.4112382233142853 0.9191627502441406
vt 0.40668433904647827 0.9169343709945679
vt 0.40668433904647827 0.9169343709945679
vt 0.4153825640678406 0.8926246166229248
vt 0.42032140493392944 0.8937772512435913
vt 0.4153825640678406 0.8926246166229248
vt 0.40668433904647827 0.9169343709945679
vt 0.40494492650032043 0.9160831570625305
vt 0.40494492650032043 0.9160831570625305
vt 0.41349610686302185 0.8921843767166138
vt 0.4153825640678406 0.8926246166229248
vt 0.41349610686302185 0.8921843767166138
vt 0.40494492650032043 0.9160831570625305
vt 0.40668433904647827 0.9169343709945679
vt 0.40668433904647827 0.9169343709945679
vt 0.4153825640678406 0.8926246166229248
vt 0.41349610686302185 0.8921843767166138
vt 0.4153825640678406 0.8926246166229248
vt 0.40668433904647827 0.9169343709945679
vt 0.4112382233142853 0.9191627502441406
vt 0.4112382233142853 0.9191627502441406
vt 0.42032140493392944 0.8937772512435913
vt 0.4153825640678406 0.8926246166229248
vt 0.42032140493392944 0.8937772512435913
vt 0.4112382233142853 0.9191627502441406
vt 0.41686710715293884 0.9219172596931458
vt 0.41686710715293884 0.9219172596931458
vt 0.42642611265182495 0.8952018618583679
vt 0.42032140493392944 0.8937772512435913
vt 0.42642611265182495 0.8952018618583679
vt 0.41686710715293884 0.9219172596931458
vt 0.42142096161842346 0.9241456389427185
vt 0.42142096161842346 0.9241456389427185
vt 0.4313649535179138 0.8963544964790344
vt 0.42642611265182495 0.8952018618583679
vt 0.4313649535179138 0.8963544964790344
vt 0.42142096161842346 0.9241456389427185
vt 0.4231604039669037 0.9249968528747559
vt 0.4231604039669037 0.9249968528747559
vt 0.43325141072273254 0.8967947363853455
vt 0.4313649535179138 0.8963544964790344
vt 0.4231604039669037 0.9249968528747559
vt 0.407337486743927 0.9498704671859741
vt 0.40582719445228577 0.9486590623855591
vt 0.40582719445228577 0.9486590623855591
vt 0.42142096161842346 0.9241456389427185
vt 0.4231604039669037 0.9249968528747559
vt 0.42142096161842346 0.9241456389427185
vt 0.40582719445228577 0.9486590623855591
vt 0.40187326073646545 0.9454876184463501
vt 0.40187326073646545 0.9454876184463501
vt 0.41686710715293884 0.9219172596931458
vt 0.42142096161842346 0.9241456389427185
vt 0.41686710715293884 0.9219172596931458
vt 0.40187326073646545 0.9454876184463501
vt 0.3969859480857849 0.9415674805641174
vt 0.3969859480857849 0.9415674805641174
vt 0.4112382233142853 0.9191627502441406
vt 0.41686710715293884 0.9219172596931458
vt 0.4112382233142853 0.9191627502441406
vt 0.3969859480857849 0.9415674805641174
vt 0.3930320143699646 0.9383960366249084
vt 0.3930320143699646 0.9383960366249084
vt 0.40668433904647827 0.9169343709945679
vt 0.4112382233142853 0.9191627502441406
vt 0.40668433904647827 0.9169343709945679
vt 0.3930320143699646 0.9383960366249084
vt 0.39152175188064575 0.9371846318244934
vt 0.39152175188064575 0.9371846318244934
vt 0.40494492650032043 0.9160831570625305
vt 0.40668433904647827 0.9169343709945679
vt 0.40494492650032043 0.9160831570625305
vt 0.39152175188064575 0.9371846318244934
vt 0.3930320143699646 0.9383960366249084
vt 0.3930320143699646 0.9383960366249084
vt 0.40668433904647827 0.9169343709945679
vt 0.40494492650032043 0.9160831570625305
vt 0.40668433904647827 0.9169343709945679
vt 0.3930320143699646 0.9383960366249084
vt 0.3969859480857849 0.9415674805641174
vt 0.3969859480857849 0.9415674805641174
vt 0.4112382233142853 0.9191627502441406
vt 0.40668433904647827 0.9169343709945679
vt 0.4112382233142853 0.9191627502441406
vt 0.3969859480857849 0.9415674805641174
vt 0.40187326073646545 0.9454876184463501
vt 0.40187326073646545 0.9454876184463501
vt 0.41686710715293884 0.9219172596931458
vt 0.4112382233142853 0.9191627502441406
vt 0.41686710715293884 0.9219172596931458
vt 0.40187326073646545 0.9454876184463501
vt 0.40582719445228577 0.9486591219902039
vt 0.40582719445228577 0.9486591219902039
vt 0.42142096161842346 0.9241456389427185
vt 0.41686710715293884 0.9219172596931458
vt 0.42142096161842346 0.9241456389427185
vt 0.40582719445228577 0.9486591219902039
vt 0.407337486743927 0.9498704671859741
vt 0.407337486743927 0.9498704671859741
vt 0.4231604039669037 0.9249968528747559
vt 0.42142096161842346 0.9241456389427185
vt 0.407337486743927 0.9498704671859741
vt 0.3865935206413269 0.970614492893219
vt 0.3853822350502014 0.9691041111946106
vt 0.3853822350502014 0.9691041111946106
vt 0.40582719445228577 0.9486590623855591
vt 0.407337486743927 0.9498704671859741
vt 0.40582719445228577 0.9486590623855591
vt 0.3853822350502014 0.9691041111946106
vt 0.3822110593318939 0.9651499390602112
vt 0.3822110593318939 0.9651499390602112
vt 0.40187326073646545 0.9454876184463501
vt 0.40582719445228577 0.9486590623855591
vt 0.40187326073646545 0.9454876184463501
vt 0.3822110593318939 0.9651499390602112
vt 0.3782912492752075 0.9602623581886292
vt 0.3782912492752075 0.9602623581886292
vt 0.3969859480857849 0.9415674805641174
vt 0.40187326073646545 0.9454876184463501
vt 0.3969859480857849 0.9415674805641174
vt 0.3782912492752075 0.9602623581886292
vt 0.37512004375457764 0.9563081860542297
vt 0.37512004375457764 0.9563081860542297
vt 0.3930320143699646 0.9383960366249084
vt 0.3969859480857849 0.9415674805641174
vt 0.3930320143699646 0.9383960366249084
vt 0.37512004375457764 0.9563081860542297
vt 0.37390875816345215 0.9547978043556213
vt 0.37390875816345215 0.9547978043556213
vt 0.39152175188064575 0.9371846318244934
vt 0.3930320143699646 0.9383960366249084
vt 0.39152175188064575 0.9371846318244934
vt 0.37390875816345215 0.9547978043556213
vt 0.37512004375457764 0.9563081860542297
vt 0.37512004375457764 0.9563081860542297
vt 0.3930320143699646 0.9383960366249084
vt 0.39152175188064575 0.9371846318244934
vt 0.3930320143699646 0.9383960366249084
vt 0.37512004375457764 0.9563081860542297
vt 0.3782912492752075 0.9602623581886292
vt 0.3782912492752075 0.9602623581886292
vt 0.3969859480857849 0.9415674805641174
vt 0.3930320143699646 0.9383960366249084
vt 0.3969859480857849 0.9415674805641174
vt 0.3782912492752075 0.9602623581886292
vt 0.3822110593318939 0.9651499390602112
vt 0.3822110593318939 0.9651499390602112
vt 0.40187326073646545 0.9454876184463501
vt 0.3969859480857849 0.9415674805641174
vt 0.40187326073646545 0.9454876184463501
vt 0.3822110593318939 0.9651499390602112
vt 0.3853822350502014 0.9691041111946106
vt 0.3853822350502014 0.9691041111946106
vt 0.40582719445228577 0.9486591219902039
vt 0.40187326073646545 0.9454876184463501
vt 0.40582719445228577 0.9486591219902039
vt 0.3853822350502014 0.9691041111946106
vt 0.3865935206413269 0.970614492893219
vt 0.3865935206413269 0.970614492893219
vt 0.407337486743927 0.9498704671859741
vt 0.40582719445228577 0.9486591219902039
vt 0.3865935206413269 0.970614492893219
vt 0.3617200553417206 0.9864370226860046
vt 0.3608689308166504 0.9846975803375244
vt 0.3608689308166504 0.9846975803375244
vt 0.3853822350502014 0.9691041111946106
vt 0.3865935206413269 0.970614492893219
vt 0.3853822350502014 0.9691041111946106
vt 0.3608689308166504 0.9846975803375244
vt 0.3586406409740448 0.980143666267395
vt 0.3586406409740448 0.980143666267395
vt 0.3822110593318939 0.9651499390602112
vt 0.3853822350502014 0.9691041111946106
vt 0.3822110593318939 0.9651499390602112
vt 0.3586406409740448 0.980143666267395
vt 0.355886310338974 0.9745147228240967
vt 0.355886310338974 0.9745147228240967
vt 0.3782912492752075 0.9602623581886292
vt 0.3822110593318939 0.9651499390602112
vt 0.3782912492752075 0.9602623581886292
vt 0.355886310338974 0.9745147228240967
vt 0.3536580204963684 0.9699607491493225
vt 0.3536580204963684 0.9699607491493225
vt 0.37512004375457764 0.9563081860542297
vt 0.3782912492752075 0.9602623581886292
vt 0.37512004375457764 0.9563081860542297
vt 0.3536580204963684 0.9699607491493225
vt 0.3528068959712982 0.9682213068008423
vt 0.3528068959712982 0.9682213068008423
vt 0.37390875816345215 0.9547978043556213
vt 0.37512004375457764 0.9563081860542297
vt 0.37390875816345215 0.9547978043556213
vt 0.3528068959712982 0.9682213068008423
vt 0.3536580204963684 0.9699607491493225
vt 0.3536580204963684 0.9699607491493225
vt 0.37512004375457764 0.9563081860542297
vt 0.37390875816345215 0.9547978043556213
vt 0.37512004375457764 0.9563081860542297
vt 0.3536580204963684 0.9699607491493225
vt 0.355886310338974 0.9745147228240967
vt 0.355886310338974 0.9745147228240967
vt 0.3782912492752075 0.9602623581886292
vt 0.37512004375457764 0.9563081860542297
vt 0.3782912492752075 0.9602623581886292
vt 0.355886310338974 0.9745147228240967
vt 0.3586406409740448 0.980143666267395
vt 0.3586406409740448 0.980143666267395
vt 0.3822110593318939 0.9651499390602112
vt 0.3782912492752075 0.9602623581886292
vt 0.3822110593318939 0.9651499390602112
vt 0.3586406409740448 0.980143666267395
vt 0.3608689308166504 0.9846975803375244
vt 0.3608689308166504 0.9846975803375244
vt 0.3853822350502014 0.9691041111946106
vt 0.3822110593318939 0.9651499390602112
vt 0.3853822350502014 0.9691041111946106
vt 0.3608689308166504 0.9846975803375244
vt 0.3617200553417206 0.9864370226860046
vt 0.3617200553417206 0.9864370226860046
vt 0.3865935206413269 0.970614492893219
vt 0.3853822350502014 0.9691041111946106
vt 0.3617200553417206 0.9864370226860046
vt 0.3335173726081848 0.9965280890464783
vt 0.3330772817134857 0.9946416020393372
vt 0.3330772817134857 0.9946416020393372
vt 0.3608689308166504 0.9846975803375244
vt 0.3617200553417206 0.9864370226860046
vt 0.3608689308166504 0.9846975803375244
vt 0.3330772817134857 0.9946416020393372
vt 0.3319251239299774 0.9897026419639587
vt 0.3319251239299774 0.9897026419639587
vt 0.3586406409740448 0.980143666267395
vt 0.3608689308166504 0.9846975803375244
vt 0.3586406409740448 0.980143666267395
vt 0.3319251239299774 0.9897026419639587
vt 0.33050093054771423 0.9835978746414185
vt 0.33050093054771423 0.9835978746414185
vt 0.355886310338974 0.9745147228240967
vt 0.3586406409740448 0.980143666267395
vt 0.355886310338974 0.9745147228240967
vt 0.33050093054771423 0.9835978746414185
vt 0.32934874296188354 0.97865891456604
vt 0.32934874296188354 0.97865891456604
vt 0.3536580204963684 0.9699607491493225
vt 0.355886310338974 0.9745147228240967
vt 0.3536580204963684 0.9699607491493225
vt 0.32934874296188354 0.97865891456604
vt 0.32890865206718445 0.9767724275588989
vt 0.32890865206718445 0.9767724275588989
vt 0.3528068959712982 0.9682213068008423
vt 0.3536580204963684 0.9699607491493225
vt 0.3528068959712982 0.9682213068008423
vt 0.32890865206718445 0.9767724275588989
vt 0.32934874296188354 0.97865891456604
vt 0.32934874296188354 0.97865891456604
vt 0.3536580204963684 0.9699607491493225
vt 0.3528068959712982 0.9682213068008423
vt 0.3536580204963684 0.9699607491493225
vt 0.32934874296188354 0.97865891456604
vt 0.33050093054771423 0.9835978746414185
vt 0.33050093054771423 0.9835978746414185
vt 0.355886310338974 0.9745147228240967
vt 0.3536580204963684 0.9699607491493225
vt 0.355886310338974 0.9745147228240967
vt 0.33050093054771423 0.9835978746414185
vt 0.3319251239299774 0.9897026419639587
vt 0.3319251239299774 0.9897026419639587
vt 0.3586406409740448 0.980143666267395
vt 0.355886310338974 0.9745147228240967
vt 0.3586406409740448 0.980143666267395
vt 0.3319251239299774 0.9897026419639587
vt 0.3330772817134857 0.9946416020393372
vt 0.3330772817134857 0.9946416020393372
vt 0.3608689308166504 0.9846975803375244
vt 0.3586406409740448 0.980143666267395
vt 0.3608689308166504 0.9846975803375244
vt 0.3330772817134857 0.9946416020393372
vt 0.3335173726081848 0.9965280890464783
vt 0.3335173726081848 0.9965280890464783
vt 0.3617200553417206 0.9864370226860046
vt 0.3608689308166504 0.9846975803375244
vt 0.3335173726081848 0.9965280890464783
vt 0.30342525243759155 1
vt 0.3033146262168884 0.9980754852294922
vt 0.3033146262168884 0.9980754852294922
vt 0.3330772817134857 0.9946416020393372
vt 0.3335173726081848 0.9965280890464783
vt 0.3330772817134857 0.9946416020393372
vt 0.3033146262168884 0.9980754852294922
vt 0.30302509665489197 0.9930371046066284
vt 0.30302509665489197 0.9930371046066284
vt 0.3319251239299774 0.9897026419639587
vt 0.3330772817134857 0.9946416020393372
vt 0.3319251239299774 0.9897026419639587
vt 0.30302509665489197 0.9930371046066284
vt 0.30266717076301575 0.986809253692627
vt 0.30266717076301575 0.986809253692627
vt 0.33050093054771423 0.9835978746414185
vt 0.3319251239299774 0.9897026419639587
vt 0.33050093054771423 0.9835978746414185
vt 0.30266717076301575 0.986809253692627
vt 0.3023776412010193 0.9817708730697632
vt 0.3023776412010193 0.9817708730697632
vt 0.32934874296188354 0.97865891456604
vt 0.33050093054771423 0.9835978746414185
vt 0.32934874296188354 0.97865891456604
vt 0.3023776412010193 0.9817708730697632
vt 0.30226701498031616 0.9798463582992554
vt 0.30226701498031616 0.9798463582992554
vt 0.32890865206718445 0.9767724275588989
vt 0.32934874296188354 0.97865891456604
vt 0.32890865206718445 0.9767724275588989
vt 0.30226701498031616 0.9798463582992554
vt 0.3023776412010193 0.9817708730697632
vt 0.3023776412010193 0.9817708730697632
vt 0.32934874296188354 0.97865891456604
vt 0.32890865206718445 0.9767724275588989
vt 0.32934874296188354 0.97865891456604
vt 0.3023776412010193 0.9817708730697632
vt 0.30266717076301575 0.986809253692627
vt 0.30266717076301575 0.986809253692627
vt 0.33050093054771423 0.9835978746414185
vt 0.32934874296188354 0.97865891456604
vt 0.33050093054771423 0.9835978746414185
vt 0.30266717076301575 0.986809253692627
vt 0.30302509665489197 0.9930371046066284
vt 0.30302509665489197 0.9930371046066284
vt 0.3319251239299774 0.9897026419639587
vt 0.33050093054771423 0.9835978746414185
vt 0.3319251239299774 0.9897026419639587
vt 0.30302509665489197 0.9930371046066284
vt 0.3033146262168884 0.9980754852294922
vt 0.3033146262168884 0.9980754852294922
vt 0.3330772817134857 0.9946416020393372
vt 0.3319251239299774 0.9897026419639587
vt 0.3330772817134857 0.9946416020393372
vt 0.3033146262168884 0.9980754852294922
vt 0.30342525243759155 1
vt 0.30342525243759155 1
vt 0.3335173726081848 0.9965280890464783
vt 0.3330772817134857 0.9946416020393372
vt 0.30342525243759155 1
vt 0.13329821825027466 1
vt 0.1334088146686554 0.9980754852294922
vt 0.1334088146686554 0.9980754852294922
vt 0.3033146262168884 0.9980754852294922
vt 0.30342525243759155 1
vt 0.3033146262168884 0.9980754852294922
vt 0.1334088146686554 0.9980754852294922
vt 0.13369837403297424 0.9930371046066284
vt 0.13369837403297424 0.9930371046066284
vt 0.30302509665489197 0.9930371046066284
vt 0.3033146262168884 0.9980754852294922
vt 0.30302509665489197 0.9930371046066284
vt 0.13369837403297424 0.9930371046066284
vt 0.13405628502368927 0.986809253692627
vt 0.13405628502368927 0.986809253692627
vt 0.30266717076301575 0.986809253692627
vt 0.30302509665489197 0.9930371046066284
vt 0.30266717076301575 0.986809253692627
vt 0.13405628502368927 0.986809253692627
vt 0.13434584438800812 0.9817708730697632
vt 0.13434584438800812 0.9817708730697632
vt 0.3023776412010193 0.9817708730697632
vt 0.30266717076301575 0.986809253692627
vt 0.3023776412010193 0.9817708730697632
vt 0.13434584438800812 0.9817708730697632
vt 0.13445644080638885 0.9798463582992554
vt 0.13445644080638885 0.9798463582992554
vt 0.30226701498031616 0.9798463582992554
vt 0.3023776412010193 0.9817708730697632
vt 0.30226701498031616 0.9798463582992554
vt 0.13445644080638885 0.9798463582992554
vt 0.13434584438800812 0.9817708730697632
vt 0.13434584438800812 0.9817708730697632
vt 0.3023776412010193 0.9817708730697632
vt 0.30226701498031616 0.9798463582992554
vt 0.3023776412010193 0.9817708730697632
vt 0.13434584438800812 0.9817708730697632
vt 0.13405628502368927 0.986809253692627
vt 0.13405628502368927 0.986809253692627
vt 0.30266717076301575 0.986809253692627
vt 0.3023776412010193 0.9817708730697632
vt 0.30266717076301575 0.986809253692627
vt 0.13405628502368927 0.986809253692627
vt 0.13369837403297424 0.9930371046066284
vt 0.13369837403297424 0.9930371046066284
vt 0.30302509665489197 0.9930371046066284
vt 0.30266717076301575 0.986809253692627
vt 0.30302509665489197 0.9930371046066284
vt 0.13369837403297424 0.9930371046066284
vt 0.1334088146686554 0.9980754852294922
vt 0.1334088146686554 0.9980754852294922
vt 0.3033146262168884 0.9980754852294922
vt 0.30302509665489197 0.9930371046066284
vt 0.3033146262168884 0.9980754852294922
vt 0.1334088146686554 0.9980754852294922
vt 0.13329821825027466 1
vt 0.13329821825027466 1
vt 0.30342525243759155 1
vt 0.3033146262168884 0.9980754852294922
vt 0.13329821825027466 1
vt 0.10320606827735901 0.996528148651123
vt 0.1036461591720581 0.9946416616439819
vt 0.1036461591720581 0.9946416616439819
vt 0.1334088146686554 0.9980754852294922
vt 0.13329821825027466 1
vt 0.1334088146686554 0.9980754852294922
vt 0.1036461591720581 0.9946416616439819
vt 0.1047983467578888 0.9897027015686035
vt 0.1047983467578888 0.9897027015686035
vt 0.13369837403297424 0.9930371046066284
vt 0.1334088146686554 0.9980754852294922
vt 0.13369837403297424 0.9930371046066284
vt 0.1047983467578888 0.9897027015686035
vt 0.10622252523899078 0.9835978746414185
vt 0.10622252523899078 0.9835978746414185
vt 0.13405628502368927 0.986809253692627
vt 0.13369837403297424 0.9930371046066284
vt 0.13405628502368927 0.986809253692627
vt 0.10622252523899078 0.9835978746414185
vt 0.10737471282482147 0.9786589741706848
vt 0.10737471282482147 0.9786589741706848
vt 0.13434584438800812 0.9817708730697632
vt 0.13405628502368927 0.986809253692627
vt 0.13434584438800812 0.9817708730697632
vt 0.10737471282482147 0.9786589741706848
vt 0.10781479626893997 0.9767724871635437
vt 0.10781479626893997 0.9767724871635437
vt 0.13445644080638885 0.9798463582992554
vt 0.13434584438800812 0.9817708730697632
vt 0.13445644080638885 0.9798463582992554
vt 0.10781479626893997 0.9767724871635437
vt 0.10737471282482147 0.9786589741706848
vt 0.10737471282482147 0.9786589741706848
vt 0.13434584438800812 0.9817708730697632
vt 0.13445644080638885 0.9798463582992554
vt 0.13434584438800812 0.9817708730697632
vt 0.10737471282482147 0.9786589741706848
vt 0.10622252523899078 0.9835978746414185
vt 0.10622252523899078 0.9835978746414185
vt 0.13405628502368927 0.986809253692627
vt 0.13434584438800812 0.9817708730697632
vt 0.13405628502368927 0.986809253692627
vt 0.10622252523899078 0.9835978746414185
vt 0.1047983467578888 0.9897027015686035
vt 0.1047983467578888 0.9897027015686035
vt 0.13369837403297424 0.9930371046066284
vt 0.13405628502368927 0.986809253692627
vt 0.13369837403297424 0.9930371046066284
vt 0.1047983467578888 0.9897027015686035
vt 0.1036461591720581 0.9946416616439819
vt 0.1036461591720581 0.9946416616439819
vt 0.1334088146686554 0.9980754852294922
vt 0.13369837403297424 0.9930371046066284
vt 0.1334088146686554 0.9980754852294922
vt 0.1036461591720581 0.9946416616439819
vt 0.10320606827735901 0.996528148651123
vt 0.10320606827735901 0.996528148651123
vt 0.13329821825027466 1
vt 0.1334088146686554 0.9980754852294922
vt 0.10320606827735901 0.996528148651123
vt 0.07500334084033966 0.9864370226860046
vt 0.07585448026657104 0.9846975803375244
vt 0.07585448026657104 0.9846975803375244
vt 0.1036461591720581 0.9946416616439819
vt 0.10320606827735901 0.996528148651123
vt 0.1036461591720581 0.9946416616439819
vt 0.07585448026657104 0.9846975803375244
vt 0.07808279991149902 0.980143666267395
vt 0.07808279991149902 0.980143666267395
vt 0.1047983467578888 0.9897027015686035
vt 0.1036461591720581 0.9946416616439819
vt 0.1047983467578888 0.9897027015686035
vt 0.07808279991149902 0.980143666267395
vt 0.08083715289831161 0.9745147228240967
vt 0.08083715289831161 0.9745147228240967
vt 0.10622252523899078 0.9835978746414185
vt 0.1047983467578888 0.9897027015686035
vt 0.10622252523899078 0.9835978746414185
vt 0.08083715289831161 0.9745147228240967
vt 0.0830654725432396 0.9699608087539673
vt 0.0830654725432396 0.9699608087539673
vt 0.10737471282482147 0.9786589741706848
vt 0.10622252523899078 0.9835978746414185
vt 0.10737471282482147 0.9786589741706848
vt 0.0830654725432396 0.9699608087539673
vt 0.08391661196947098 0.9682213664054871
vt 0.08391661196947098 0.9682213664054871
vt 0.10781479626893997 0.9767724871635437
vt 0.10737471282482147 0.9786589741706848
vt 0.10781479626893997 0.9767724871635437
vt 0.08391661196947098 0.9682213664054871
vt 0.0830654725432396 0.9699608087539673
vt 0.0830654725432396 0.9699608087539673
vt 0.10737471282482147 0.9786589741706848
vt 0.10781479626893997 0.9767724871635437
vt 0.10737471282482147 0.9786589741706848
vt 0.0830654725432396 0.9699608087539673
vt 0.08083715289831161 0.9745147228240967
vt 0.08083715289831161 0.9745147228240967
vt 0.10622252523899078 0.9835978746414185
vt 0.10737471282482147 0.9786589741706848
vt 0.10622252523899078 0.9835978746414185
vt 0.08083715289831161 0.9745147228240967
vt 0.07808279991149902 0.980143666267395
vt 0.07808279991149902 0.980143666267395
vt 0.1047983467578888 0.9897027015686035
vt 0.10622252523899078 0.9835978746414185
vt 0.1047983467578888 0.9897027015686035
vt 0.07808279991149902 0.980143666267395
vt 0.07585448026657104 0.9846975803375244
vt 0.07585448026657104 0.9846975803375244
vt 0.1036461591720581 0.9946416616439819
vt 0.1047983467578888 0.9897027015686035
vt 0.1036461591720581 0.9946416616439819
vt 0.07585448026657104 0.9846975803375244
vt 0.07500334084033966 0.9864370226860046
vt 0.07500334084033966 0.9864370226860046
vt 0.10320606827735901 0.996528148651123
vt 0.1036461591720581 0.9946416616439819
vt 0.07500334084033966 0.9864370226860046
vt 0.0501299723982811 0.9706143736839294
vt 0.051341261714696884 0.9691040515899658
vt 0.051341261714696884 0.9691040515899658
vt 0.07585448026657104 0.9846975803375244
vt 0.07500334084033966 0.9864370226860046
vt 0.07585448026657104 0.9846975803375244
vt 0.051341261714696884 0.9691040515899658
vt 0.054512444883584976 0.9651498794555664
vt 0.054512444883584976 0.9651498794555664
vt 0.07808279991149902 0.980143666267395
vt 0.07585448026657104 0.9846975803375244
vt 0.07808279991149902 0.980143666267395
vt 0.054512444883584976 0.9651498794555664
vt 0.05843225494027138 0.9602622985839844
vt 0.05843225494027138 0.9602622985839844
vt 0.08083715289831161 0.9745147228240967
vt 0.07808279991149902 0.980143666267395
vt 0.08083715289831161 0.9745147228240967
vt 0.05843225494027138 0.9602622985839844
vt 0.06160343810915947 0.956308126449585
vt 0.06160343810915947 0.956308126449585
vt 0.0830654725432396 0.9699608087539673
vt 0.08083715289831161 0.9745147228240967
vt 0.0830654725432396 0.9699608087539673
vt 0.06160343810915947 0.956308126449585
vt 0.06281472742557526 0.9547978043556213
vt 0.06281472742557526 0.9547978043556213
vt 0.08391661196947098 0.9682213664054871
vt 0.0830654725432396 0.9699608087539673
vt 0.08391661196947098 0.9682213664054871
vt 0.06281472742557526 0.9547978043556213
vt 0.06160343810915947 0.956308126449585
vt 0.06160343810915947 0.956308126449585
vt 0.0830654725432396 0.9699608087539673
vt 0.08391661196947098 0.9682213664054871
vt 0.0830654725432396 0.9699608087539673
vt 0.06160343810915947 0.956308126449585
vt 0.05843225494027138 0.9602622985839844
vt 0.05843225494027138 0.9602622985839844
vt 0.08083715289831161 0.9745147228240967
vt 0.0830654725432396 0.9699608087539673
vt 0.08083715289831161 0.9745147228240967
vt 0.05843225494027138 0.9602622985839844
vt 0.054512444883584976 0.9651498794555664
vt 0.054512444883584976 0.9651498794555664
vt 0.07808279991149902 0.980143666267395
vt 0.08083715289831161 0.9745147228240967
vt 0.07808279991149902 0.980143666267395
vt 0.054512444883584976 0.9651498794555664
vt 0.051341261714696884 0.9691040515899658
vt 0.051341261714696884 0.9691040515899658
vt 0.07585448026657104 0.9846975803375244
vt 0.07808279991149902 0.980143666267395
vt 0.07585448026657104 0.9846975803375244
vt 0.051341261714696884 0.9691040515899658
vt 0.0501299723982811 0.9706143736839294
vt 0.0501299723982811 0.9706143736839294
vt 0.07500334084033966 0.9864370226860046
vt 0.07585448026657104 0.9846975803375244
vt 0.0501299723982811 0.9706143736839294
vt 0.02938568964600563 0.9498702883720398
vt 0.030896004289388657 0.9486590027809143
vt 0.030896004289388657 0.9486590027809143
vt 0.051341261714696884 0.9691040515899658
vt 0.0501299723982811 0.9706143736839294
vt 0.051341261714696884 0.9691040515899658
vt 0.030896004289388657 0.9486590027809143
vt 0.03485007584095001 0.9454876184463501
vt 0.03485007584095001 0.9454876184463501
vt 0.054512444883584976 0.9651498794555664
vt 0.051341261714696884 0.9691040515899658
vt 0.054512444883584976 0.9651498794555664
vt 0.03485007584095001 0.9454876184463501
vt 0.039737552404403687 0.9415677189826965
vt 0.039737552404403687 0.9415677189826965
vt 0.05843225494027138 0.9602622985839844
vt 0.054512444883584976 0.9651498794555664
vt 0.05843225494027138 0.9602622985839844
vt 0.039737552404403687 0.9415677189826965
vt 0.04369162395596504 0.9383963942527771
vt 0.04369162395596504 0.9383963942527771
vt 0.06160343810915947 0.956308126449585
vt 0.05843225494027138 0.9602622985839844
vt 0.06160343810915947 0.956308126449585
vt 0.04369162395596504 0.9383963942527771
vt 0.04520193859934807 0.9371850490570068
vt 0.04520193859934807 0.9371850490570068
vt 0.06281472742557526 0.9547978043556213
vt 0.06160343810915947 0.956308126449585
vt 0.06281472742557526 0.9547978043556213
vt 0.04520193859934807 0.9371850490570068
vt 0.04369162395596504 0.9383963942527771
vt 0.04369162395596504 0.9383963942527771
vt 0.06160343810915947 0.956308126449585
vt 0.06281472742557526 0.9547978043556213
vt 0.06160343810915947 0.956308126449585
vt 0.04369162395596504 0.9383963942527771
vt 0.039737552404403687 0.9415676593780518
vt 0.039737552404403687 0.9415676593780518
vt 0.05843225494027138 0.9602622985839844
vt 0.06160343810915947 0.956308126449585
vt 0.05843225494027138 0.9602622985839844
vt 0.039737552404403687 0.9415676593780518
vt 0.03485007584095001 0.9454876184463501
vt 0.03485007584095001 0.9454876184463501
vt 0.054512444883584976 0.9651498794555664
vt 0.05843225494027138 0.9602622985839844
vt 0.054512444883584976 0.9651498794555664
vt 0.03485007584095001 0.9454876184463501
vt 0.030896004289388657 0.9486590027809143
vt 0.030896004289388657 0.9486590027809143
vt 0.051341261714696884 0.9691040515899658
vt 0.054512444883584976 0.9651498794555664
vt 0.051341261714696884 0.9691040515899658
vt 0.030896004289388657 0.9486590027809143
vt 0.02938568964600563 0.9498702883720398
vt 0.02938568964600563 0.9498702883720398
vt 0.0501299723982811 0.9706143736839294
vt 0.051341261714696884 0.9691040515899658
vt 0.02938568964600563 0.9498702883720398
vt 0.013563084416091442 0.9249967932701111
vt 0.015302509069442749 0.9241455793380737
vt 0.015302509069442749 0.9241455793380737
vt 0.030896004289388657 0.9486590027809143
vt 0.02938568964600563 0.9498702883720398
vt 0.030896004289388657 0.9486590027809143
vt 0.015302509069442749 0.9241455793380737
vt 0.01985638216137886 0.921917200088501
vt 0.01985638216137886 0.921917200088501
vt 0.03485007584095001 0.9454876184463501
vt 0.030896004289388657 0.9486590027809143
vt 0.03485007584095001 0.9454876184463501
vt 0.01985638216137886 0.921917200088501
vt 0.02548527531325817 0.9191626906394958
vt 0.02548527531325817 0.9191626906394958
vt 0.039737552404403687 0.9415677189826965
vt 0.03485007584095001 0.9454876184463501
vt 0.039737552404403687 0.9415677189826965
vt 0.02548527531325817 0.9191626906394958
vt 0.030039148405194283 0.9169343113899231
vt 0.030039148405194283 0.9169343113899231
vt 0.04369162395596504 0.9383963942527771
vt 0.039737552404403687 0.9415677189826965
vt 0.04369162395596504 0.9383963942527771
vt 0.030039148405194283 0.9169343113899231
vt 0.031778573989868164 0.9160830974578857
vt 0.031778573989868164 0.9160830974578857
vt 0.04520193859934807 0.9371850490570068
vt 0.04369162395596504 0.9383963942527771
vt 0.04520193859934807 0.9371850490570068
vt 0.031778573989868164 0.9160830974578857
vt 0.030039148405194283 0.9169343113899231
vt 0.030039148405194283 0.9169343113899231
vt 0.04369162395596504 0.9383963942527771
vt 0.04520193859934807 0.9371850490570068
vt 0.04369162395596504 0.9383963942527771
vt 0.030039148405194283 0.9169343113899231
vt 0.02548527531325817 0.9191626906394958
vt 0.02548527531325817 0.9191626906394958
vt 0.039737552404403687 0.9415676593780518
vt 0.04369162395596504 0.9383963942527771
vt 0.039737552404403687 0.9415676593780518
vt 0.02548527531325817 0.9191626906394958
vt 0.01985638216137886 0.921917200088501
vt 0.01985638216137886 0.921917200088501
vt 0.03485007584095001 0.9454876184463501
vt 0.039737552404403687 0.9415676593780518
vt 0.03485007584095001 0.9454876184463501
vt 0.01985638216137886 0.921917200088501
vt 0.015302509069442749 0.9241455793380737
vt 0.015302509069442749 0.9241455793380737
vt 0.030896004289388657 0.9486590027809143
vt 0.03485007584095001 0.9454876184463501
vt 0.030896004289388657 0.9486590027809143
vt 0.015302509069442749 0.9241455793380737
vt 0.013563084416091442 0.9249967932701111
vt 0.013563084416091442 0.9249967932701111
vt 0.02938568964600563 0.9498702883720398
vt 0.030896004289388657 0.9486590027809143
vt 0.013563084416091442 0.9249967932701111
vt 0.0034720441326498985 0.8967946767807007
vt 0.005358520895242691 0.8963544368743896
vt 0.005358520895242691 0.8963544368743896
vt 0.015302509069442749 0.9241455793380737
vt 0.013563084416091442 0.9249967932701111
vt 0.015302509069442749 0.9241455793380737
vt 0.005358520895242691 0.8963544368743896
vt 0.010297341272234917 0.8952018022537231
vt 0.010297341272234917 0.8952018022537231
vt 0.01985638216137886 0.921917200088501
vt 0.015302509069442749 0.9241455793380737
vt 0.01985638216137886 0.921917200088501
vt 0.010297341272234917 0.8952018022537231
vt 0.016402067616581917 0.8937771916389465
vt 0.016402067616581917 0.8937771916389465
vt 0.02548527531325817 0.9191626906394958
vt 0.01985638216137886 0.921917200088501
vt 0.02548527531325817 0.9191626906394958
vt 0.016402067616581917 0.8937771916389465
vt 0.021340886130928993 0.8926246166229248
vt 0.021340886130928993 0.8926246166229248
vt 0.030039148405194283 0.9169343113899231
vt 0.02548527531325817 0.9191626906394958
vt 0.030039148405194283 0.9169343113899231
vt 0.021340886130928993 0.8926246166229248
vt 0.02322736382484436 0.892184317111969
vt 0.02322736382484436 0.892184317111969
vt 0.031778573989868164 0.9160830974578857
vt 0.030039148405194283 0.9169343113899231
vt 0.031778573989868164 0.9160830974578857
vt 0.02322736382484436 0.892184317111969
vt 0.021340886130928993 0.8926246166229248
vt 0.021340886130928993 0.8926246166229248
vt 0.030039148405194283 0.9169343113899231
vt 0.031778573989868164 0.9160830974578857
vt 0.030039148405194283 0.9169343113899231
vt 0.021340886130928993 0.8926246166229248
vt 0.016402067616581917 0.8937771916389465
vt 0.016402067616581917 0.8937771916389465
vt 0.02548527531325817 0.9191626906394958
vt 0.030039148405194283 0.9169343113899231
vt 0.02548527531325817 0.9191626906394958
vt 0.016402067616581917 0.8937771916389465
vt 0.010297341272234917 0.8952018022537231
vt 0.010297341272234917 0.8952018022537231
vt 0.01985638216137886 0.921917200088501
vt 0.02548527531325817 0.9191626906394958
vt 0.01985638216137886 0.921917200088501
vt 0.010297341272234917 0.8952018022537231
vt 0.005358520895242691 0.8963544368743896
vt 0.005358520895242691 0.8963544368743896
vt 0.015302509069442749 0.9241455793380737
vt 0.01985638216137886 0.921917200088501
vt 0.015302509069442749 0.9241455793380737
vt 0.005358520895242691 0.8963544368743896
vt 0.0034720441326498985 0.8967946767807007
vt 0.0034720441326498985 0.8967946767807007
vt 0.013563084416091442 0.9249967932701111
vt 0.015302509069442749 0.9241455793380737
vt 0.0034720441326498985 0.8967946767807007
vt 0 0.8667020797729492
vt 0.001924504991620779 0.8665914535522461
vt 0.001924504991620779 0.8665914535522461
vt 0.005358520895242691 0.8963544368743896
vt 0.0034720441326498985 0.8967946767807007
vt 0.005358520895242691 0.8963544368743896
vt 0.001924504991620779 0.8665914535522461
vt 0.006962896324694157 0.8663017153739929
vt 0.006962896324694157 0.8663017153739929
vt 0.010297341272234917 0.8952018022537231
vt 0.005358520895242691 0.8963544368743896
vt 0.010297341272234917 0.8952018022537231
vt 0.006962896324694157 0.8663017153739929
vt 0.013190708123147488 0.8659436106681824
vt 0.013190708123147488 0.8659436106681824
vt 0.016402067616581917 0.8937771916389465
vt 0.010297341272234917 0.8952018022537231
vt 0.016402067616581917 0.8937771916389465
vt 0.013190708123147488 0.8659436106681824
vt 0.018229098990559578 0.8656538128852844
vt 0.018229098990559578 0.8656538128852844
vt 0.021340886130928993 0.8926246166229248
vt 0.016402067616581917 0.8937771916389465
vt 0.021340886130928993 0.8926246166229248
vt 0.018229098990559578 0.8656538128852844
vt 0.020153604447841644 0.8655431866645813
vt 0.020153604447841644 0.8655431866645813
vt 0.02322736382484436 0.892184317111969
vt 0.021340886130928993 0.8926246166229248
vt 0.02322736382484436 0.892184317111969
vt 0.020153604447841644 0.8655431866645813
vt 0.018229098990559578 0.8656538128852844
vt 0.018229098990559578 0.8656538128852844
vt 0.021340886130928993 0.8926246166229248
vt 0.02322736382484436 0.892184317111969
vt 0.021340886130928993 0.8926246166229248
vt 0.018229098990559578 0.8656538128852844
vt 0.013190708123147488 0.8659436106681824
vt 0.013190708123147488 0.8659436106681824
vt 0.016402067616581917 0.8937771916389465
vt 0.021340886130928993 0.8926246166229248
vt 0.016402067616581917 0.8937771916389465
vt 0.013190708123147488 0.8659436106681824
vt 0.006962896324694157 0.8663017153739929
vt 0.006962896324694157 0.8663017153739929
vt 0.010297341272234917 0.8952018022537231
vt 0.016402067616581917 0.8937771916389465
vt 0.010297341272234917 0.8952018022537231
vt 0.006962896324694157 0.8663017153739929
vt 0.001924504991620779 0.8665914535522461
vt 0.001924504991620779 0.8665914535522461
vt 0.005358520895242691 0.8963544368743896
vt 0.010297341272234917 0.8952018022537231
vt 0.005358520895242691 0.8963544368743896
vt 0.001924504991620779 0.8665914535522461
vt 0 0.8667020797729492
vt 0 0.8667020797729492
vt 0.0034720441326498985 0.8967946767807007
vt 0.005358520895242691 0.8963544368743896
vt 0 0.8667020797729492
vt 0 0.1332979053258896
vt 0.001924504991620779 0.1334085911512375
vt 0.001924504991620779 0.1334085911512375
vt 0.001924504991620779 0.8665914535522461
vt 0 0.8667020797729492
vt 0.001924504991620779 0.8665914535522461
vt 0.001924504991620779 0.1334085911512375
vt 0.006962896324694157 0.13369829952716827
vt 0.006962896324694157 0.13369829952716827
vt 0.006962896324694157 0.8663017153739929
vt 0.001924504991620779 0.8665914535522461
vt 0.006962896324694157 0.8663017153739929
vt 0.006962896324694157 0.13369829952716827
vt 0.013190708123147488 0.13405641913414001
vt 0.013190708123147488 0.13405641913414001
vt 0.013190708123147488 0.8659436106681824
vt 0.006962896324694157 0.8663017153739929
vt 0.013190708123147488 0.8659436106681824
vt 0.013190708123147488 0.13405641913414001
vt 0.018229098990559578 0.1343461275100708
vt 0.018229098990559578 0.1343461275100708
vt 0.018229098990559578 0.8656538128852844
vt 0.013190708123147488 0.8659436106681824
vt 0.018229098990559578 0.8656538128852844
vt 0.018229098990559578 0.1343461275100708
vt 0.020153604447841644 0.1344568282365799
vt 0.020153604447841644 0.1344568282365799
vt 0.020153604447841644 0.8655431866645813
vt 0.018229098990559578 0.8656538128852844
vt 0.020153604447841644 0.8655431866645813
vt 0.020153604447841644 0.1344568282365799
vt 0.018229098990559578 0.1343461275100708
vt 0.018229098990559578 0.1343461275100708
vt 0.018229098990559578 0.8656538128852844
vt 0.020153604447841644 0.8655431866645813
vt 0.018229098990559578 0.8656538128852844
vt 0.018229098990559578 0.1343461275100708
vt 0.013190708123147488 0.13405641913414001
vt 0.013190708123147488 0.13405641913414001
vt 0.013190708123147488 0.8659436106681824
vt 0.018229098990559578 0.8656538128852844
vt 0.013190708123147488 0.8659436106681824
vt 0.013190708123147488 0.13405641913414001
vt 0.006962896324694157 0.13369829952716827
vt 0.006962896324694157 0.13369829952716827
vt 0.006962896324694157 0.8663017153739929
vt 0.013190708123147488 0.8659436106681824
vt 0.006962896324694157 0.8663017153739929
vt 0.006962896324694157 0.13369829952716827
vt 0.001924504991620779 0.1334085911512375
vt 0.001924504991620779 0.1334085911512375
vt 0.001924504991620779 0.8665914535522461
vt 0.006962896324694157 0.8663017153739929
vt 0.001924504991620779 0.8665914535522461
vt 0.001924504991620779 0.1334085911512375
vt 0 0.1332979053258896
vt 0 0.1332979053258896
vt 0 0.8667020797729492
vt 0.001924504991620779 0.8665914535522461
vt 0 0.1332979053258896
vt 0.0034720441326498985 0.10320530831813812
vt 0.005358520895242691 0.10364551842212677
vt 0.005358520895242691 0.10364551842212677
vt 0.001924504991620779 0.1334085911512375
vt 0 0.1332979053258896
vt 0.001924504991620779 0.1334085911512375
vt 0.005358520895242691 0.10364551842212677
vt 0.010297341272234917 0.10479813069105148
vt 0.010297341272234917 0.10479813069105148
vt 0.006962896324694157 0.13369829952716827
vt 0.001924504991620779 0.1334085911512375
vt 0.006962896324694157 0.13369829952716827
vt 0.010297341272234917 0.10479813069105148
vt 0.016402067616581917 0.10622275620698929
vt 0.016402067616581917 0.10622275620698929
vt 0.013190708123147488 0.13405641913414001
vt 0.006962896324694157 0.13369829952716827
vt 0.013190708123147488 0.13405641913414001
vt 0.016402067616581917 0.10622275620698929
vt 0.021340886130928993 0.107375368475914
vt 0.021340886130928993 0.107375368475914
vt 0.018229098990559578 0.1343461275100708
vt 0.013190708123147488 0.13405641913414001
vt 0.018229098990559578 0.1343461275100708
vt 0.021340886130928993 0.107375368475914
vt 0.02322736382484436 0.10781558603048325
vt 0.02322736382484436 0.10781558603048325
vt 0.020153604447841644 0.1344568282365799
vt 0.018229098990559578 0.1343461275100708
vt 0.020153604447841644 0.1344568282365799
vt 0.02322736382484436 0.10781558603048325
vt 0.021340886130928993 0.107375368475914
vt 0.021340886130928993 0.107375368475914
vt 0.018229098990559578 0.1343461275100708
vt 0.020153604447841644 0.1344568282365799
vt 0.018229098990559578 0.1343461275100708
vt 0.021340886130928993 0.107375368475914
vt 0.016402067616581917 0.10622275620698929
vt 0.016402067616581917 0.10622275620698929
vt 0.013190708123147488 0.13405641913414001
vt 0.018229098990559578 0.1343461275100708
vt 0.013190708123147488 0.13405641913414001
vt 0.016402067616581917 0.10622275620698929
vt 0.010297341272234917 0.10479813069105148
vt 0.010297341272234917 0.10479813069105148
vt 0.006962896324694157 0.13369829952716827
vt 0.013190708123147488 0.13405641913414001
vt 0.006962896324694157 0.13369829952716827
vt 0.010297341272234917 0.10479813069105148
vt 0.005358520895242691 0.10364551842212677
vt 0.005358520895242691 0.10364551842212677
vt 0.001924504991620779 0.1334085911512375
vt 0.006962896324694157 0.13369829952716827
vt 0.001924504991620779 0.1334085911512375
vt 0.005358520895242691 0.10364551842212677
vt 0.0034720441326498985 0.10320530831813812
vt 0.0034720441326498985 0.10320530831813812
vt 0 0.1332979053258896
vt 0.001924504991620779 0.1334085911512375
vt 0.0034720441326498985 0.10320530831813812
vt 0.013563064858317375 0.07500317692756653
vt 0.015302489511668682 0.07585438340902328
vt 0.015302489511668682 0.07585438340902328
vt 0.005358520895242691 0.10364551842212677
vt 0.0034720441326498985 0.10320530831813812
vt 0.005358520895242691 0.10364551842212677
vt 0.015302489511668682 0.07585438340902328
vt 0.01985636167228222 0.07808275520801544
vt 0.01985636167228222 0.07808275520801544
vt 0.010297341272234917 0.10479813069105148
vt 0.005358520895242691 0.10364551842212677
vt 0.010297341272234917 0.10479813069105148
vt 0.01985636167228222 0.07808275520801544
vt 0.02548525668680668 0.08083724975585938
vt 0.02548525668680668 0.08083724975585938
vt 0.016402067616581917 0.10622275620698929
vt 0.010297341272234917 0.10479813069105148
vt 0.016402067616581917 0.10622275620698929
vt 0.02548525668680668 0.08083724975585938
vt 0.03003912791609764 0.08306562900543213
vt 0.03003912791609764 0.08306562900543213
vt 0.021340886130928993 0.107375368475914
vt 0.016402067616581917 0.10622275620698929
vt 0.021340886130928993 0.107375368475914
vt 0.03003912791609764 0.08306562900543213
vt 0.03177855163812637 0.08391683548688889
vt 0.03177855163812637 0.08391683548688889
vt 0.02322736382484436 0.10781558603048325
vt 0.021340886130928993 0.107375368475914
vt 0.02322736382484436 0.10781558603048325
vt 0.03177855163812637 0.08391683548688889
vt 0.03003912791609764 0.08306562900543213
vt 0.03003912791609764 0.08306562900543213
vt 0.021340886130928993 0.107375368475914
vt 0.02322736382484436 0.10781558603048325
vt 0.021340886130928993 0.107375368475914
vt 0.03003912791609764 0.08306562900543213
vt 0.02548525668680668 0.08083724975585938
vt 0.02548525668680668 0.08083724975585938
vt 0.016402067616581917 0.10622275620698929
vt 0.021340886130928993 0.107375368475914
vt 0.016402067616581917 0.10622275620698929
vt 0.02548525668680668 0.08083724975585938
vt 0.01985636167228222 0.07808275520801544
vt 0.01985636167228222 0.07808275520801544
vt 0.010297341272234917 0.10479813069105148
vt 0.016402067616581917 0.10622275620698929
vt 0.010297341272234917 0.10479813069105148
vt 0.01985636167228222 0.07808275520801544
vt 0.015302489511668682 0.07585438340902328
vt 0.015302489511668682 0.07585438340902328
vt 0.005358520895242691 0.10364551842212677
vt 0.010297341272234917 0.10479813069105148
vt 0.005358520895242691 0.10364551842212677
vt 0.015302489511668682 0.07585438340902328
vt 0.013563064858317375 0.07500317692756653
vt 0.013563064858317375 0.07500317692756653
vt 0.0034720441326498985 0.10320530831813812
vt 0.005358520895242691 0.10364551842212677
vt 0.013563064858317375 0.07500317692756653
vt 0.02938598394393921 0.05012950301170349
vt 0.0308962594717741 0.05134090781211853
vt 0.0308962594717741 0.05134090781211853
vt 0.015302489511668682 0.07585438340902328
vt 0.013563064858317375 0.07500317692756653
vt 0.015302489511668682 0.07585438340902328
vt 0.0308962594717741 0.05134090781211853
vt 0.03485019505023956 0.05451235547661781
vt 0.03485019505023956 0.05451235547661781
vt 0.01985636167228222 0.07808275520801544
vt 0.015302489511668682 0.07585438340902328
vt 0.01985636167228222 0.07808275520801544
vt 0.03485019505023956 0.05451235547661781
vt 0.0397375151515007 0.05843251943588257
vt 0.0397375151515007 0.05843251943588257
vt 0.02548525668680668 0.08083724975585938
vt 0.01985636167228222 0.07808275520801544
vt 0.02548525668680668 0.08083724975585938
vt 0.0397375151515007 0.05843251943588257
vt 0.043691448867321014 0.06160396710038185
vt 0.043691448867321014 0.06160396710038185
vt 0.03003912791609764 0.08306562900543213
vt 0.02548525668680668 0.08083724975585938
vt 0.03003912791609764 0.08306562900543213
vt 0.043691448867321014 0.06160396710038185
vt 0.045201726257801056 0.06281537562608719
vt 0.045201726257801056 0.06281537562608719
vt 0.03177855163812637 0.08391683548688889
vt 0.03003912791609764 0.08306562900543213
vt 0.03177855163812637 0.08391683548688889
vt 0.045201726257801056 0.06281537562608719
vt 0.043691448867321014 0.06160396710038185
vt 0.043691448867321014 0.06160396710038185
vt 0.03003912791609764 0.08306562900543213
vt 0.03177855163812637 0.08391683548688889
vt 0.03003912791609764 0.08306562900543213
vt 0.043691448867321014 0.06160396710038185
vt 0.0397375151515007 0.05843251943588257
vt 0.0397375151515007 0.05843251943588257
vt 0.02548525668680668 0.08083724975585938
vt 0.03003912791609764 0.08306562900543213
vt 0.02548525668680668 0.08083724975585938
vt 0.0397375151515007 0.05843251943588257
vt 0.03485019505023956 0.05451235547661781
vt 0.03485019505023956 0.05451235547661781
vt 0.01985636167228222 0.07808275520801544
vt 0.02548525668680668 0.08083724975585938
vt 0.01985636167228222 0.07808275520801544
vt 0.03485019505023956 0.05451235547661781
vt 0.0308962594717741 0.05134090781211853
vt 0.0308962594717741 0.05134090781211853
vt 0.015302489511668682 0.07585438340902328
vt 0.01985636167228222 0.07808275520801544
vt 0.015302489511668682 0.07585438340902328
vt 0.0308962594717741 0.05134090781211853
vt 0.02938598394393921 0.05012950301170349
vt 0.02938598394393921 0.05012950301170349
vt 0.013563064858317375 0.07500317692756653
vt 0.015302489511668682 0.07585438340902328
vt 0.02938598394393921 0.05012950301170349
vt 0.05012993514537811 0.029385533183813095
vt 0.0513412244617939 0.030895868316292763
vt 0.0513412244617939 0.030895868316292763
vt 0.0308962594717741 0.05134090781211853
vt 0.02938598394393921 0.05012950301170349
vt 0.0308962594717741 0.05134090781211853
vt 0.0513412244617939 0.030895868316292763
vt 0.05451241508126259 0.03485003858804703
vt 0.05451241508126259 0.03485003858804703
vt 0.03485019505023956 0.05451235547661781
vt 0.0308962594717741 0.05134090781211853
vt 0.03485019505023956 0.05451235547661781
vt 0.05451241508126259 0.03485003858804703
vt 0.05843222513794899 0.039737630635499954
vt 0.05843222513794899 0.039737630635499954
vt 0.0397375151515007 0.05843251943588257
vt 0.03485019505023956 0.05451235547661781
vt 0.0397375151515007 0.05843251943588257
vt 0.05843222513794899 0.039737630635499954
vt 0.06160341948270798 0.04369180276989937
vt 0.06160341948270798 0.04369180276989937
vt 0.043691448867321014 0.06160396710038185
vt 0.0397375151515007 0.05843251943588257
vt 0.043691448867321014 0.06160396710038185
vt 0.06160341948270798 0.04369180276989937
vt 0.06281470507383347 0.04520213603973389
vt 0.06281470507383347 0.04520213603973389
vt 0.045201726257801056 0.06281537562608719
vt 0.043691448867321014 0.06160396710038185
vt 0.045201726257801056 0.06281537562608719
vt 0.06281470507383347 0.04520213603973389
vt 0.06160341948270798 0.04369180276989937
vt 0.06160341948270798 0.04369180276989937
vt 0.043691448867321014 0.06160396710038185
vt 0.045201726257801056 0.06281537562608719
vt 0.043691448867321014 0.06160396710038185
vt 0.06160341948270798 0.04369180276989937
vt 0.05843222513794899 0.039737630635499954
vt 0.05843222513794899 0.039737630635499954
vt 0.0397375151515007 0.05843251943588257
vt 0.043691448867321014 0.06160396710038185
vt 0.0397375151515007 0.05843251943588257
vt 0.05843222513794899 0.039737630635499954
vt 0.05451241508126259 0.03485003858804703
vt 0.05451241508126259 0.03485003858804703
vt 0.03485019505023956 0.05451235547661781
vt 0.0397375151515007 0.05843251943588257
vt 0.03485019505023956 0.05451235547661781
vt 0.05451241508126259 0.03485003858804703
vt 0.0513412244617939 0.030895868316292763
vt 0.0513412244617939 0.030895868316292763
vt 0.0308962594717741 0.05134090781211853
vt 0.03485019505023956 0.05451235547661781
vt 0.0308962594717741 0.05134090781211853
vt 0.0513412244617939 0.030895868316292763
vt 0.05012993514537811 0.029385533183813095
vt 0.05012993514537811 0.029385533183813095
vt 0.02938598394393921 0.05012950301170349
vt 0.0308962594717741 0.05134090781211853
vt 0.05012993514537811 0.029385533183813095
vt 0.07500341534614563 0.01356296706944704
vt 0.07585454732179642 0.015302411280572414
vt 0.07585454732179642 0.015302411280572414
vt 0.0513412244617939 0.030895868316292763
vt 0.05012993514537811 0.029385533183813095
vt 0.0513412244617939 0.030895868316292763
vt 0.07585454732179642 0.015302411280572414
vt 0.07808283716440201 0.01985636167228222
vt 0.07808283716440201 0.01985636167228222
vt 0.05451241508126259 0.03485003858804703
vt 0.0513412244617939 0.030895868316292763
vt 0.05451241508126259 0.03485003858804703
vt 0.07808283716440201 0.01985636167228222
vt 0.08083715289831161 0.025485295802354813
vt 0.08083715289831161 0.025485295802354813
vt 0.05843222513794899 0.039737630635499954
vt 0.05451241508126259 0.03485003858804703
vt 0.05843222513794899 0.039737630635499954
vt 0.08083715289831161 0.025485295802354813
vt 0.0830654427409172 0.030039247125387192
vt 0.0830654427409172 0.030039247125387192
vt 0.06160341948270798 0.04369180276989937
vt 0.05843222513794899 0.039737630635499954
vt 0.06160341948270798 0.04369180276989937
vt 0.0830654427409172 0.030039247125387192
vt 0.0839165672659874 0.031778689473867416
vt 0.0839165672659874 0.031778689473867416
vt 0.06281470507383347 0.04520213603973389
vt 0.06160341948270798 0.04369180276989937
vt 0.06281470507383347 0.04520213603973389
vt 0.0839165672659874 0.031778689473867416
vt 0.0830654427409172 0.030039247125387192
vt 0.0830654427409172 0.030039247125387192
vt 0.06160341948270798 0.04369180276989937
vt 0.06281470507383347 0.04520213603973389
vt 0.06160341948270798 0.04369180276989937
vt 0.0830654427409172 0.030039247125387192
vt 0.08083715289831161 0.025485295802354813
vt 0.08083715289831161 0.025485295802354813
vt 0.05843222513794899 0.039737630635499954
vt 0.06160341948270798 0.04369180276989937
vt 0.05843222513794899 0.039737630635499954
vt 0.08083715289831161 0.025485295802354813
vt 0.07808283716440201 0.01985636167228222
vt 0.07808283716440201 0.01985636167228222
vt 0.05451241508126259 0.03485003858804703
vt 0.05843222513794899 0.039737630635499954
vt 0.05451241508126259 0.03485003858804703
vt 0.07808283716440201 0.01985636167228222
vt 0.07585454732179642 0.015302411280572414
vt 0.07585454732179642 0.015302411280572414
vt 0.0513412244617939 0.030895868316292763
vt 0.05451241508126259 0.03485003858804703
vt 0.0513412244617939 0.030895868316292763
vt 0.07585454732179642 0.015302411280572414
vt 0.07500341534614563 0.01356296706944704
vt 0.07500341534614563 0.01356296706944704
vt 0.05012993514537811 0.029385533183813095
vt 0.0513412244617939 0.030895868316292763
vt 0.07500341534614563 0.01356296706944704
vt 0.1032060831785202 0.0034719067625701427
vt 0.1036461666226387 0.0053584035485982895
vt 0.1036461666226387 0.0053584035485982895
vt 0.07585454732179642 0.015302411280572414
vt 0.07500341534614563 0.01356296706944704
vt 0.07585454732179642 0.015302411280572414
vt 0.1036461666226387 0.0053584035485982895
vt 0.10479835420846939 0.010297341272234917
vt 0.10479835420846939 0.010297341272234917
vt 0.07808283716440201 0.01985636167228222
vt 0.07585454732179642 0.015302411280572414
vt 0.07808283716440201 0.01985636167228222
vt 0.10479835420846939 0.010297341272234917
vt 0.10622253268957138 0.016402145847678185
vt 0.10622253268957138 0.016402145847678185
vt 0.08083715289831161 0.025485295802354813
vt 0.07808283716440201 0.01985636167228222
vt 0.08083715289831161 0.025485295802354813
vt 0.10622253268957138 0.016402145847678185
vt 0.10737472027540207 0.02134108357131481
vt 0.10737472027540207 0.02134108357131481
vt 0.0830654427409172 0.030039247125387192
vt 0.08083715289831161 0.025485295802354813
vt 0.0830654427409172 0.030039247125387192
vt 0.10737472027540207 0.02134108357131481
vt 0.10781481117010117 0.02322757989168167
vt 0.10781481117010117 0.02322757989168167
vt 0.0839165672659874 0.031778689473867416
vt 0.0830654427409172 0.030039247125387192
vt 0.0839165672659874 0.031778689473867416
vt 0.10781481117010117 0.02322757989168167
vt 0.10737472027540207 0.02134108357131481
vt 0.10737472027540207 0.02134108357131481
vt 0.0830654427409172 0.030039247125387192
vt 0.0839165672659874 0.031778689473867416
vt 0.0830654427409172 0.030039247125387192
vt 0.10737472027540207 0.02134108357131481
vt 0.10622253268957138 0.016402145847678185
vt 0.10622253268957138 0.016402145847678185
vt 0.08083715289831161 0.025485295802354813
vt 0.0830654427409172 0.030039247125387192
vt 0.08083715289831161 0.025485295802354813
vt 0.10622253268957138 0.016402145847678185
vt 0.10479835420846939 0.010297341272234917
vt 0.10479835420846939 0.010297341272234917
vt 0.07808283716440201 0.01985636167228222
vt 0.08083715289831161 0.025485295802354813
vt 0.07808283716440201 0.01985636167228222
vt 0.10479835420846939 0.010297341272234917
vt 0.1036461666226387 0.0053584035485982895
vt 0.1036461666226387 0.0053584035485982895
vt 0.07585454732179642 0.015302411280572414
vt 0.07808283716440201 0.01985636167228222
vt 0.07585454732179642 0.015302411280572414
vt 0.1036461666226387 0.0053584035485982895
vt 0.1032060831785202 0.0034719067625701427
vt 0.1032060831785202 0.0034719067625701427
vt 0.07500341534614563 0.01356296706944704
vt 0.07585454732179642 0.015302411280572414
vt 0.1032060831785202 0.0034719067625701427
vt 0.13329821825027466 0
vt 0.1334088295698166 0.001924504991620779
vt 0.1334088295698166 0.001924504991620779
vt 0.1036461666226387 0.0053584035485982895
vt 0.1032060831785202 0.0034719067625701427
vt 0.1036461666226387 0.0053584035485982895
vt 0.1334088295698166 0.001924504991620779
vt 0.13369837403297424 0.006962915882468224
vt 0.13369837403297424 0.006962915882468224
vt 0.10479835420846939 0.010297341272234917
vt 0.1036461666226387 0.0053584035485982895
vt 0.10479835420846939 0.010297341272234917
vt 0.13369837403297424 0.006962915882468224
vt 0.13405628502368927 0.013190727680921555
vt 0.13405628502368927 0.013190727680921555
vt 0.10622253268957138 0.016402145847678185
vt 0.10479835420846939 0.010297341272234917
vt 0.10622253268957138 0.016402145847678185
vt 0.13405628502368927 0.013190727680921555
vt 0.13434582948684692 0.018229138106107712
vt 0.13434582948684692 0.018229138106107712
vt 0.10737472027540207 0.02134108357131481
vt 0.10622253268957138 0.016402145847678185
vt 0.10737472027540207 0.02134108357131481
vt 0.13434582948684692 0.018229138106107712
vt 0.13445644080638885 0.020153643563389778
vt 0.13445644080638885 0.020153643563389778
vt 0.10781481117010117 0.02322757989168167
vt 0.10737472027540207 0.02134108357131481
vt 0.10781481117010117 0.02322757989168167
vt 0.13445644080638885 0.020153643563389778
vt 0.13434582948684692 0.018229138106107712
vt 0.13434582948684692 0.018229138106107712
vt 0.10737472027540207 0.02134108357131481
vt 0.10781481117010117 0.02322757989168167
vt 0.10737472027540207 0.02134108357131481
vt 0.13434582948684692 0.018229138106107712
vt 0.13405628502368927 0.013190727680921555
vt 0.13405628502368927 0.013190727680921555
vt 0.10622253268957138 0.016402145847678185
vt 0.10737472027540207 0.02134108357131481
vt 0.10622253268957138 0.016402145847678185
vt 0.13405628502368927 0.013190727680921555
vt 0.13369837403297424 0.006962915882468224
vt 0.13369837403297424 0.006962915882468224
vt 0.10479835420846939 0.010297341272234917
vt 0.10622253268957138 0.016402145847678185
vt 0.10479835420846939 0.010297341272234917
vt 0.13369837403297424 0.006962915882468224
vt 0.1334088295698166 0.001924504991620779
vt 0.1334088295698166 0.001924504991620779
vt 0.1036461666226387 0.0053584035485982895
vt 0.10479835420846939 0.010297341272234917
vt 0.1036461666226387 0.0053584035485982895
vt 0.1334088295698166 0.001924504991620779
vt 0.13329821825027466 0
vt 0.13329821825027466 0
vt 0.1032060831785202 0.0034719067625701427
vt 0.1036461666226387 0.0053584035485982895
vt 0.13329821825027466 0
vt 0.30342525243759155 0
vt 0.3033146262168884 0.001924504991620779
vt 0.3033146262168884 0.001924504991620779
vt 0.1334088295698166 0.001924504991620779
vt 0.13329821825027466 0
vt 0.1334088295698166 0.001924504991620779
vt 0.3033146262168884 0.001924504991620779
vt 0.30302509665489197 0.006962915882468224
vt 0.30302509665489197 0.006962915882468224
vt 0.13369837403297424 0.006962915882468224
vt 0.1334088295698166 0.001924504991620779
vt 0.13369837403297424 0.006962915882468224
vt 0.30302509665489197 0.006962915882468224
vt 0.30266717076301575 0.013190727680921555
vt 0.30266717076301575 0.013190727680921555
vt 0.13405628502368927 0.013190727680921555
vt 0.13369837403297424 0.006962915882468224
vt 0.13405628502368927 0.013190727680921555
vt 0.30266717076301575 0.013190727680921555
vt 0.3023776412010193 0.018229138106107712
vt 0.3023776412010193 0.018229138106107712
vt 0.13434582948684692 0.018229138106107712
vt 0.13405628502368927 0.013190727680921555
vt 0.13434582948684692 0.018229138106107712
vt 0.3023776412010193 0.018229138106107712
vt 0.30226701498031616 0.020153643563389778
vt 0.30226701498031616 0.020153643563389778
vt 0.13445644080638885 0.020153643563389778
vt 0.13434582948684692 0.018229138106107712
vt 0.13445644080638885 0.020153643563389778
vt 0.30226701498031616 0.020153643563389778
vt 0.3023776412010193 0.018229138106107712
vt 0.3023776412010193 0.018229138106107712
vt 0.13434582948684692 0.018229138106107712
vt 0.13445644080638885 0.020153643563389778
vt 0.13434582948684692 0.018229138106107712
vt 0.3023776412010193 0.018229138106107712
vt 0.30266717076301575 0.013190727680921555
vt 0.30266717076301575 0.013190727680921555
vt 0.13405628502368927 0.013190727680921555
vt 0.13434582948684692 0.018229138106107712
vt 0.13405628502368927 0.013190727680921555
vt 0.30266717076301575 0.013190727680921555
vt 0.30302509665489197 0.006962915882468224
vt 0.30302509665489197 0.006962915882468224
vt 0.13369837403297424 0.006962915882468224
vt 0.13405628502368927 0.013190727680921555
vt 0.13369837403297424 0.006962915882468224
vt 0.30302509665489197 0.006962915882468224
vt 0.3033146262168884 0.001924504991620779
vt 0.3033146262168884 0.001924504991620779
vt 0.1334088295698166 0.001924504991620779
vt 0.13369837403297424 0.006962915882468224
vt 0.1334088295698166 0.001924504991620779
vt 0.3033146262168884 0.001924504991620779
vt 0.30342525243759155 0
vt 0.30342525243759155 0
vt 0.13329821825027466 0
vt 0.1334088295698166 0.001924504991620779
vt 0.30342525243759155 0
vt 0.3335174024105072 0.003471867647022009
vt 0.3330772817134857 0.005358363967388868
vt 0.3330772817134857 0.005358363967388868
vt 0.3033146262168884 0.001924504991620779
vt 0.30342525243759155 0
vt 0.3033146262168884 0.001924504991620779
vt 0.3330772817134857 0.005358363967388868
vt 0.3319251239299774 0.010297302156686783
vt 0.3319251239299774 0.010297302156686783
vt 0.30302509665489197 0.006962915882468224
vt 0.3033146262168884 0.001924504991620779
vt 0.30302509665489197 0.006962915882468224
vt 0.3319251239299774 0.010297302156686783
vt 0.33050093054771423 0.01640210673213005
vt 0.33050093054771423 0.01640210673213005
vt 0.30266717076301575 0.013190727680921555
vt 0.30302509665489197 0.006962915882468224
vt 0.30266717076301575 0.013190727680921555
vt 0.33050093054771423 0.01640210673213005
vt 0.32934877276420593 0.021341044455766678
vt 0.32934877276420593 0.021341044455766678
vt 0.3023776412010193 0.018229138106107712
vt 0.30266717076301575 0.013190727680921555
vt 0.3023776412010193 0.018229138106107712
vt 0.32934877276420593 0.021341044455766678
vt 0.32890865206718445 0.023227540776133537
vt 0.32890865206718445 0.023227540776133537
vt 0.30226701498031616 0.020153643563389778
vt 0.3023776412010193 0.018229138106107712
vt 0.30226701498031616 0.020153643563389778
vt 0.32890865206718445 0.023227540776133537
vt 0.32934877276420593 0.021341044455766678
vt 0.32934877276420593 0.021341044455766678
vt 0.3023776412010193 0.018229138106107712
vt 0.30226701498031616 0.020153643563389778
vt 0.3023776412010193 0.018229138106107712
vt 0.32934877276420593 0.021341044455766678
vt 0.33050093054771423 0.01640210673213005
vt 0.33050093054771423 0.01640210673213005
vt 0.30266717076301575 0.013190727680921555
vt 0.3023776412010193 0.018229138106107712
vt 0.30266717076301575 0.013190727680921555
vt 0.33050093054771423 0.01640210673213005
vt 0.3319251239299774 0.010297302156686783
vt 0.3319251239299774 0.010297302156686783
vt 0.30302509665489197 0.006962915882468224
vt 0.30266717076301575 0.013190727680921555
vt 0.30302509665489197 0.006962915882468224
vt 0.3319251239299774 0.010297302156686783
vt 0.3330772817134857 0.005358363967388868
vt 0.3330772817134857 0.005358363967388868
vt 0.3033146262168884 0.001924504991620779
vt 0.30302509665489197 0.006962915882468224
vt 0.3033146262168884 0.001924504991620779
vt 0.3330772817134857 0.005358363967388868
vt 0.3335174024105072 0.003471867647022009
vt 0.3335174024105072 0.003471867647022009
vt 0.30342525243759155 0
vt 0.3033146262168884 0.001924504991620779
vt 0.3335174024105072 0.003471867647022009
vt 0.36172011494636536 0.01356296706944704
vt 0.36086899042129517 0.015302411280572414
vt 0.36086899042129517 0.015302411280572414
vt 0.3330772817134857 0.005358363967388868
vt 0.3335174024105072 0.003471867647022009
vt 0.3330772817134857 0.005358363967388868
vt 0.36086899042129517 0.015302411280572414
vt 0.3586406707763672 0.019856322556734085
vt 0.3586406707763672 0.019856322556734085
vt 0.3319251239299774 0.010297302156686783
vt 0.3330772817134857 0.005358363967388868
vt 0.3319251239299774 0.010297302156686783
vt 0.3586406707763672 0.019856322556734085
vt 0.355886310338974 0.02548525668680668
vt 0.355886310338974 0.02548525668680668
vt 0.33050093054771423 0.01640210673213005
vt 0.3319251239299774 0.010297302156686783
vt 0.33050093054771423 0.01640210673213005
vt 0.355886310338974 0.02548525668680668
vt 0.353657990694046 0.030039167031645775
vt 0.353657990694046 0.030039167031645775
vt 0.32934877276420593 0.021341044455766678
vt 0.33050093054771423 0.01640210673213005
vt 0.32934877276420593 0.021341044455766678
vt 0.353657990694046 0.030039167031645775
vt 0.35280686616897583 0.03177861124277115
vt 0.35280686616897583 0.03177861124277115
vt 0.32890865206718445 0.023227540776133537
vt 0.32934877276420593 0.021341044455766678
vt 0.32890865206718445 0.023227540776133537
vt 0.35280686616897583 0.03177861124277115
vt 0.353657990694046 0.030039167031645775
vt 0.353657990694046 0.030039167031645775
vt 0.32934877276420593 0.021341044455766678
vt 0.32890865206718445 0.023227540776133537
vt 0.32934877276420593 0.021341044455766678
vt 0.353657990694046 0.030039167031645775
vt 0.355886310338974 0.02548525668680668
vt 0.355886310338974 0.02548525668680668
vt 0.33050093054771423 0.01640210673213005
vt 0.32934877276420593 0.021341044455766678
vt 0.33050093054771423 0.01640210673213005
vt 0.355886310338974 0.02548525668680668
vt 0.3586406707763672 0.019856322556734085
vt 0.3586406707763672 0.019856322556734085
vt 0.3319251239299774 0.010297302156686783
vt 0.33050093054771423 0.01640210673213005
vt 0.3319251239299774 0.010297302156686783
vt 0.3586406707763672 0.019856322556734085
vt 0.36086899042129517 0.015302411280572414
vt 0.36086899042129517 0.015302411280572414
vt 0.3330772817134857 0.005358363967388868
vt 0.3319251239299774 0.010297302156686783
vt 0.3330772817134857 0.005358363967388868
vt 0.36086899042129517 0.015302411280572414
vt 0.36172011494636536 0.01356296706944704
vt 0.36172011494636536 0.01356296706944704
vt 0.3335174024105072 0.003471867647022009
vt 0.3330772817134857 0.005358363967388868
vt 0.36172011494636536 0.01356296706944704
vt 0.3865934908390045 0.029385611414909363
vt 0.38538220524787903 0.03089594654738903
vt 0.38538220524787903 0.03089594654738903
vt 0.36086899042129517 0.015302411280572414
vt 0.36172011494636536 0.01356296706944704
vt 0.36086899042129517 0.015302411280572414
vt 0.38538220524787903 0.03089594654738903
vt 0.38221102952957153 0.034850116819143295
vt 0.38221102952957153 0.034850116819143295
vt 0.3586406707763672 0.019856322556734085
vt 0.36086899042129517 0.015302411280572414
vt 0.3586406707763672 0.019856322556734085
vt 0.38221102952957153 0.034850116819143295
vt 0.37829121947288513 0.03973770886659622
vt 0.37829121947288513 0.03973770886659622
vt 0.355886310338974 0.02548525668680668
vt 0.3586406707763672 0.019856322556734085
vt 0.355886310338974 0.02548525668680668
vt 0.37829121947288513 0.03973770886659622
vt 0.37512001395225525 0.043691881000995636
vt 0.37512001395225525 0.043691881000995636
vt 0.353657990694046 0.030039167031645775
vt 0.355886310338974 0.02548525668680668
vt 0.353657990694046 0.030039167031645775
vt 0.37512001395225525 0.043691881000995636
vt 0.37390872836112976 0.045202214270830154
vt 0.37390872836112976 0.045202214270830154
vt 0.35280686616897583 0.03177861124277115
vt 0.353657990694046 0.030039167031645775
vt 0.35280686616897583 0.03177861124277115
vt 0.37390872836112976 0.045202214270830154
vt 0.37512001395225525 0.043691881000995636
vt 0.37512001395225525 0.043691881000995636
vt 0.353657990694046 0.030039167031645775
vt 0.35280686616897583 0.03177861124277115
vt 0.353657990694046 0.030039167031645775
vt 0.37512001395225525 0.043691881000995636
vt 0.37829121947288513 0.03973770886659622
vt 0.37829121947288513 0.03973770886659622
vt 0.355886310338974 0.02548525668680668
vt 0.353657990694046 0.030039167031645775
vt 0.355886310338974 0.02548525668680668
vt 0.37829121947288513 0.03973770886659622
vt 0.38221102952957153 0.034850116819143295
vt 0.38221102952957153 0.034850116819143295
vt 0.3586406707763672 0.019856322556734085
vt 0.355886310338974 0.02548525668680668
vt 0.3586406707763672 0.019856322556734085
vt 0.38221102952957153 0.034850116819143295
vt 0.38538220524787903 0.03089594654738903
vt 0.38538220524787903 0.03089594654738903
vt 0.36086899042129517 0.015302411280572414
vt 0.3586406707763672 0.019856322556734085
vt 0.36086899042129517 0.015302411280572414
vt 0.38538220524787903 0.03089594654738903
vt 0.3865934908390045 0.029385611414909363
vt 0.3865934908390045 0.029385611414909363
vt 0.36172011494636536 0.01356296706944704
vt 0.36086899042129517 0.015302411280572414
vt 0.3865934908390045 0.029385611414909363
vt 0.4073377847671509 0.05012970045208931
vt 0.40582746267318726 0.05134102702140808
vt 0.40582746267318726 0.05134102702140808
vt 0.38538220524787903 0.03089594654738903
vt 0.3865934908390045 0.029385611414909363
vt 0.38538220524787903 0.03089594654738903
vt 0.40582746267318726 0.05134102702140808
vt 0.401873379945755 0.05451235547661781
vt 0.401873379945755 0.05451235547661781
vt 0.38221102952957153 0.034850116819143295
vt 0.38538220524787903 0.03089594654738903
vt 0.38221102952957153 0.034850116819143295
vt 0.401873379945755 0.05451235547661781
vt 0.3969859182834625 0.058432284742593765
vt 0.3969859182834625 0.058432284742593765
vt 0.37829121947288513 0.03973770886659622
vt 0.38221102952957153 0.034850116819143295
vt 0.37829121947288513 0.03973770886659622
vt 0.3969859182834625 0.058432284742593765
vt 0.3930318355560303 0.0616036131978035
vt 0.3930318355560303 0.0616036131978035
vt 0.37512001395225525 0.043691881000995636
vt 0.37829121947288513 0.03973770886659622
vt 0.37512001395225525 0.043691881000995636
vt 0.3930318355560303 0.0616036131978035
vt 0.39152151346206665 0.06281494349241257
vt 0.39152151346206665 0.06281494349241257
vt 0.37390872836112976 0.045202214270830154
vt 0.37512001395225525 0.043691881000995636
vt 0.37390872836112976 0.045202214270830154
vt 0.39152151346206665 0.06281494349241257
vt 0.3930318355560303 0.0616036131978035
vt 0.3930318355560303 0.0616036131978035
vt 0.37512001395225525 0.043691881000995636
vt 0.37390872836112976 0.045202214270830154
vt 0.37512001395225525 0.043691881000995636
vt 0.3930318355560303 0.0616036131978035
vt 0.3969859182834625 0.05843232572078705
vt 0.3969859182834625 0.05843232572078705
vt 0.37829121947288513 0.03973770886659622
vt 0.37512001395225525 0.043691881000995636
vt 0.37829121947288513 0.03973770886659622
vt 0.3969859182834625 0.05843232572078705
vt 0.401873379945755 0.05451231822371483
vt 0.401873379945755 0.05451231822371483
vt 0.38221102952957153 0.034850116819143295
vt 0.37829121947288513 0.03973770886659622
vt 0.38221102952957153 0.034850116819143295
vt 0.401873379945755 0.05451231822371483
vt 0.40582746267318726 0.05134102702140808
vt 0.40582746267318726 0.05134102702140808
vt 0.38538220524787903 0.03089594654738903
vt 0.38221102952957153 0.034850116819143295
vt 0.38538220524787903 0.03089594654738903
vt 0.40582746267318726 0.05134102702140808
vt 0.4073377847671509 0.05012970045208931
vt 0.4073377847671509 0.05012970045208931
vt 0.3865934908390045 0.029385611414909363
vt 0.38538220524787903 0.03089594654738903
vt 0.4073377847671509 0.05012970045208931
vt 0.4231603741645813 0.07500321418046951
vt 0.42142096161842346 0.07585442066192627
vt 0.42142096161842346 0.07585442066192627
vt 0.40582746267318726 0.05134102702140808
vt 0.4073377847671509 0.05012970045208931
vt 0.40582746267318726 0.05134102702140808
vt 0.42142096161842346 0.07585442066192627
vt 0.41686707735061646 0.07808279991149902
vt 0.41686707735061646 0.07808279991149902
vt 0.401873379945755 0.05451235547661781
vt 0.40582746267318726 0.05134102702140808
vt 0.401873379945755 0.05451235547661781
vt 0.41686707735061646 0.07808279991149902
vt 0.4112381935119629 0.08083728700876236
vt 0.4112381935119629 0.08083728700876236
vt 0.3969859182834625 0.058432284742593765
vt 0.401873379945755 0.05451235547661781
vt 0.3969859182834625 0.058432284742593765
vt 0.4112381935119629 0.08083728700876236
vt 0.4066843092441559 0.08306566625833511
vt 0.4066843092441559 0.08306566625833511
vt 0.3930318355560303 0.0616036131978035
vt 0.3969859182834625 0.058432284742593765
vt 0.3930318355560303 0.0616036131978035
vt 0.4066843092441559 0.08306566625833511
vt 0.40494489669799805 0.08391687273979187
vt 0.40494489669799805 0.08391687273979187
vt 0.39152151346206665 0.06281494349241257
vt 0.3930318355560303 0.0616036131978035
vt 0.39152151346206665 0.06281494349241257
vt 0.40494489669799805 0.08391687273979187
vt 0.4066843092441559 0.08306566625833511
vt 0.4066843092441559 0.08306566625833511
vt 0.3930318355560303 0.0616036131978035
vt 0.39152151346206665 0.06281494349241257
vt 0.3930318355560303 0.0616036131978035
vt 0.4066843092441559 0.08306566625833511
vt 0.4112381935119629 0.08083728700876236
vt 0.4112381935119629 0.08083728700876236
vt 0.3969859182834625 0.05843232572078705
vt 0.3930318355560303 0.0616036131978035
vt 0.3969859182834625 0.05843232572078705
vt 0.4112381935119629 0.08083728700876236
vt 0.41686707735061646 0.07808279991149902
vt 0.41686707735061646 0.07808279991149902
vt 0.401873379945755 0.05451231822371483
vt 0.3969859182834625 0.05843232572078705
vt 0.401873379945755 0.05451231822371483
vt 0.41686707735061646 0.07808279991149902
vt 0.42142096161842346 0.07585442066192627
vt 0.42142096161842346 0.07585442066192627
vt 0.40582746267318726 0.05134102702140808
vt 0.401873379945755 0.05451231822371483
vt 0.40582746267318726 0.05134102702140808
vt 0.42142096161842346 0.07585442066192627
vt 0.4231603741645813 0.07500321418046951
vt 0.4231603741645813 0.07500321418046951
vt 0.4073377847671509 0.05012970045208931
vt 0.40582746267318726 0.05134102702140808
vt 0.4231603741645813 0.07500321418046951
vt 0.43325141072273254 0.10320530831813812
vt 0.4313649535179138 0.10364556312561035
vt 0.4313649535179138 0.10364556312561035
vt 0.42142096161842346 0.07585442066192627
vt 0.4231603741645813 0.07500321418046951
vt 0.42142096161842346 0.07585442066192627
vt 0.4313649535179138 0.10364556312561035
vt 0.42642611265182495 0.10479816794395447
vt 0.42642611265182495 0.10479816794395447
vt 0.41686707735061646 0.07808279991149902
vt 0.42142096161842346 0.07585442066192627
vt 0.41686707735061646 0.07808279991149902
vt 0.42642611265182495 0.10479816794395447
vt 0.42032140493392944 0.10622280091047287
vt 0.42032140493392944 0.10622280091047287
vt 0.4112381935119629 0.08083728700876236
vt 0.41686707735061646 0.07808279991149902
vt 0.4112381935119629 0.08083728700876236
vt 0.42032140493392944 0.10622280091047287
vt 0.4153825640678406 0.10737540572881699
vt 0.4153825640678406 0.10737540572881699
vt 0.4066843092441559 0.08306566625833511
vt 0.4112381935119629 0.08083728700876236
vt 0.4066843092441559 0.08306566625833511
vt 0.4153825640678406 0.10737540572881699
vt 0.41349610686302185 0.10781566053628922
vt 0.41349610686302185 0.10781566053628922
vt 0.40494489669799805 0.08391687273979187
vt 0.4066843092441559 0.08306566625833511
vt 0.40494489669799805 0.08391687273979187
vt 0.41349610686302185 0.10781566053628922
vt 0.4153825640678406 0.10737540572881699
vt 0.4153825640678406 0.10737540572881699
vt 0.4066843092441559 0.08306566625833511
vt 0.40494489669799805 0.08391687273979187
vt 0.4066843092441559 0.08306566625833511
vt 0.4153825640678406 0.10737540572881699
vt 0.42032140493392944 0.10622283816337585
vt 0.42032140493392944 0.10622283816337585
vt 0.4112381935119629 0.08083728700876236
vt 0.4066843092441559 0.08306566625833511
vt 0.4112381935119629 0.08083728700876236
vt 0.42032140493392944 0.10622283816337585
vt 0.42642611265182495 0.10479816794395447
vt 0.42642611265182495 0.10479816794395447
vt 0.41686707735061646 0.07808279991149902
vt 0.4112381935119629 0.08083728700876236
vt 0.41686707735061646 0.07808279991149902
vt 0.42642611265182495 0.10479816794395447
vt 0.4313649535179138 0.10364556312561035
vt 0.4313649535179138 0.10364556312561035
vt 0.42142096161842346 0.07585442066192627
vt 0.41686707735061646 0.07808279991149902
vt 0.42142096161842346 0.07585442066192627
vt 0.4313649535179138 0.10364556312561035
vt 0.43325141072273254 0.10320530831813812
vt 0.43325141072273254 0.10320530831813812
vt 0.4231603741645813 0.07500321418046951
vt 0.42142096161842346 0.07585442066192627
vt 0.43325141072273254 0.10320530831813812
vt 0.4367234706878662 0.1332979053258896
vt 0.4347989559173584 0.1334085464477539
vt 0.4347989559173584 0.1334085464477539
vt 0.4313649535179138 0.10364556312561035
vt 0.43325141072273254 0.10320530831813812
vt 0.4313649535179138 0.10364556312561035
vt 0.4347989559173584 0.1334085464477539
vt 0.42976057529449463 0.13369829952716827
vt 0.42976057529449463 0.13369829952716827
vt 0.42642611265182495 0.10479816794395447
vt 0.4313649535179138 0.10364556312561035
vt 0.42642611265182495 0.10479816794395447
vt 0.42976057529449463 0.13369829952716827
vt 0.42353275418281555 0.13405641913414001
vt 0.42353275418281555 0.13405641913414001
vt 0.42032140493392944 0.10622280091047287
vt 0.42642611265182495 0.10479816794395447
vt 0.42032140493392944 0.10622280091047287
vt 0.42353275418281555 0.13405641913414001
vt 0.4184943735599518 0.13434617221355438
vt 0.4184943735599518 0.13434617221355438
vt 0.4153825640678406 0.10737540572881699
vt 0.42032140493392944 0.10622280091047287
vt 0.4153825640678406 0.10737540572881699
vt 0.4184943735599518 0.13434617221355438
vt 0.41656985878944397 0.1344568282365799
vt 0.41656985878944397 0.1344568282365799
vt 0.41349610686302185 0.10781566053628922
vt 0.4153825640678406 0.10737540572881699
vt 0.41349610686302185 0.10781566053628922
vt 0.41656985878944397 0.1344568282365799
vt 0.4184943735599518 0.13434617221355438
vt 0.4184943735599518 0.13434617221355438
vt 0.4153825640678406 0.10737540572881699
vt 0.41349610686302185 0.10781566053628922
vt 0.4153825640678406 0.10737540572881699
vt 0.4184943735599518 0.13434617221355438
vt 0.42353275418281555 0.13405641913414001
vt 0.42353275418281555 0.13405641913414001
vt 0.42032140493392944 0.10622283816337585
vt 0.4153825640678406 0.10737540572881699
vt 0.42032140493392944 0.10622283816337585
vt 0.42353275418281555 0.13405641913414001
vt 0.42976057529449463 0.13369829952716827
vt 0.42976057529449463 0.13369829952716827
vt 0.42642611265182495 0.10479816794395447
vt 0.42032140493392944 0.10622283816337585
vt 0.42642611265182495 0.10479816794395447
vt 0.42976057529449463 0.13369829952716827
vt 0.4347989559173584 0.1334085464477539
vt 0.4347989559173584 0.1334085464477539
vt 0.4313649535179138 0.10364556312561035
vt 0.42642611265182495 0.10479816794395447
vt 0.4313649535179138 0.10364556312561035
vt 0.4347989559173584 0.1334085464477539
vt 0.4367234706878662 0.1332979053258896
vt 0.4367234706878662 0.1332979053258896
vt 0.43325141072273254 0.10320530831813812
vt 0.4313649535179138 0.10364556312561035
vt 0.4367234706878662 0.1332979053258896
vt 0.4367234706878662 0.8667020797729492
vt 0.4347989559173584 0.8665914535522461
vt 0.4347989559173584 0.8665914535522461
vt 0.4347989559173584 0.1334085464477539
vt 0.4367234706878662 0.1332979053258896
vt 0.4347989559173584 0.1334085464477539
vt 0.4347989559173584 0.8665914535522461
vt 0.42976057529449463 0.8663017153739929
vt 0.42976057529449463 0.8663017153739929
vt 0.42976057529449463 0.13369829952716827
vt 0.4347989559173584 0.1334085464477539
vt 0.42976057529449463 0.13369829952716827
vt 0.42976057529449463 0.8663017153739929
vt 0.42353275418281555 0.8659436106681824
vt 0.42353275418281555 0.8659436106681824
vt 0.42353275418281555 0.13405641913414001
vt 0.42976057529449463 0.13369829952716827
vt 0.42353275418281555 0.13405641913414001
vt 0.42353275418281555 0.8659436106681824
vt 0.4184943735599518 0.8656538128852844
vt 0.4184943735599518 0.8656538128852844
vt 0.4184943735599518 0.13434617221355438
vt 0.42353275418281555 0.13405641913414001
vt 0.4184943735599518 0.13434617221355438
vt 0.4184943735599518 0.8656538128852844
vt 0.41656985878944397 0.8655431866645813
vt 0.41656985878944397 0.8655431866645813
vt 0.41656985878944397 0.1344568282365799
vt 0.4184943735599518 0.13434617221355438
vt 0.41656985878944397 0.1344568282365799
vt 0.41656985878944397 0.8655431866645813
vt 0.4184943735599518 0.8656538128852844
vt 0.4184943735599518 0.8656538128852844
vt 0.4184943735599518 0.13434617221355438
vt 0.41656985878944397 0.1344568282365799
vt 0.4184943735599518 0.13434617221355438
vt 0.4184943735599518 0.8656538128852844
vt 0.42353275418281555 0.8659436106681824
vt 0.42353275418281555 0.8659436106681824
vt 0.42353275418281555 0.13405641913414001
vt 0.4184943735599518 0.13434617221355438
vt 0.42353275418281555 0.13405641913414001
vt 0.42353275418281555 0.8659436106681824
vt 0.42976057529449463 0.8663017153739929
vt 0.42976057529449463 0.8663017153739929
vt 0.42976057529449463 0.13369829952716827
vt 0.42353275418281555 0.13405641913414001
vt 0.42976057529449463 0.13369829952716827
vt 0.42976057529449463 0.8663017153739929
vt 0.4347989559173584 0.8665914535522461
vt 0.4347989559173584 0.8665914535522461
vt 0.4347989559173584 0.1334085464477539
vt 0.42976057529449463 0.13369829952716827
vt 0.4347989559173584 0.1334085464477539
vt 0.4347989559173584 0.8665914535522461
vt 0.4367234706878662 0.8667020797729492
vt 0.4367234706878662 0.8667020797729492
vt 0.4367234706878662 0.1332979053258896
vt 0.4347989559173584 0.1334085464477539
vn 0.45391536224986934 -0.8910448046611115 -1.0622081690195915e-7
vn 0.7955737764924917 -0.6058567208156312 -7.222374582850633e-8
vn 0.7955737764924917 -0.6058567208156312 -7.222374582850633e-8
vn 0.45391536224986934 -0.8910448046611115 -1.0622081690195915e-7
vn 0.7955737764924917 -0.6058567208156312 -7.222374582850633e-8
vn 0.45391536224986934 -0.8910448046611115 -1.0622081690195915e-7
vn 0.45391536224986934 -0.8910448046611115 -1.0622081690195915e-7
vn 0.02235005816786061 -0.999750206251481 -1.1917951228657609e-7
vn 0.02235005816786061 -0.999750206251481 -1.1917951228657609e-7
vn 0.45391536224986934 -0.8910448046611115 -1.0622081690195915e-7
vn 0.45391536224986934 -0.8910448046611115 -1.0622081690195915e-7
vn 0.02235005816786061 -0.999750206251481 -1.1917951228657609e-7
vn -0.4136357036272928 -0.9104424774167463 -1.0853319415392223e-7
vn 0.02235005816786061 -0.999750206251481 -1.1917951228657609e-7
vn 0.02235005816786061 -0.999750206251481 -1.1917951228657609e-7
vn -0.4136357036272928 -0.9104424774167463 -1.0853319415392223e-7
vn 0.02235005816786061 -0.999750206251481 -1.1917951228657609e-7
vn -0.4136357036272928 -0.9104424774167463 -1.0853319415392223e-7
vn -0.4136357036272928 -0.9104424774167463 -1.0853319415392223e-7
vn -0.7676974055914125 -0.6408125259763641 -7.639080725200102e-8
vn -0.7676974055914125 -0.6408125259763641 -7.639080725200102e-8
vn -0.4136357036272928 -0.9104424774167463 -1.0853319415392223e-7
vn -0.4136357036272928 -0.9104424774167463 -1.0853319415392223e-7
vn -0.7676974055914125 -0.6408125259763641 -7.639080725200102e-8
vn -0.9697099494620196 -0.24425931694485364 -2.9117981176832332e-8
vn -0.7676974055914125 -0.6408125259763641 -7.639080725200102e-8
vn -0.7676974055914125 -0.6408125259763641 -7.639080725200102e-8
vn -0.9697099494620196 -0.24425931694485364 -2.9117981176832332e-8
vn -0.7676974055914125 -0.6408125259763641 -7.639080725200102e-8
vn -0.9697099494620196 -0.24425931694485364 -2.9117981176832332e-8
vn -0.9697099494620196 -0.24425931694485364 -2.9117981176832332e-8
vn -0.9796585347017327 0.20067176031034722 2.392193783791109e-8
vn -0.9796585347017327 0.20067176031034722 2.392193783791109e-8
vn -0.9697099494620196 -0.24425931694485364 -2.9117981176832332e-8
vn -0.9697099494620196 -0.24425931694485364 -2.9117981176832332e-8
vn -0.9796585347017327 0.20067176031034722 2.392193783791109e-8
vn -0.7955750909804701 0.605854994706994 7.222354266337386e-8
vn -0.9796585347017327 0.20067176031034722 2.392193783791109e-8
vn -0.9796585347017327 0.20067176031034722 2.392193783791109e-8
vn -0.7955750909804701 0.605854994706994 7.222354266337386e-8
vn -0.9796585347017327 0.20067176031034722 2.392193783791109e-8
vn -0.7955750909804701 0.605854994706994 7.222354266337386e-8
vn -0.7955750909804701 0.605854994706994 7.222354266337386e-8
vn -0.4539152908184845 0.8910448410496293 1.0622081673978295e-7
vn -0.4539152908184845 0.8910448410496293 1.0622081673978295e-7
vn -0.7955750909804701 0.605854994706994 7.222354266337386e-8
vn -0.7955750909804701 0.605854994706994 7.222354266337386e-8
vn -0.4539152908184845 0.8910448410496293 1.0622081673978295e-7
vn -0.02235006189129007 0.9997502061682414 1.1917951227665315e-7
vn -0.4539152908184845 0.8910448410496293 1.0622081673978295e-7
vn -0.4539152908184845 0.8910448410496293 1.0622081673978295e-7
vn -0.02235006189129007 0.9997502061682414 1.1917951227665315e-7
vn -0.4539152908184845 0.8910448410496293 1.0622081673978295e-7
vn -0.02235006189129007 0.9997502061682414 1.1917951227665315e-7
vn -0.02235006189129007 0.9997502061682414 1.1917951227665315e-7
vn 0.41363567892398306 0.9104424886400478 1.0853320259727145e-7
vn 0.41363567892398306 0.9104424886400478 1.0853320259727145e-7
vn -0.02235006189129007 0.9997502061682414 1.1917951227665315e-7
vn -0.02235006189129007 0.9997502061682414 1.1917951227665315e-7
vn 0.41363567892398306 0.9104424886400478 1.0853320259727145e-7
vn 0.7676973762689007 0.6408125611049147 7.639081049233859e-8
vn 0.41363567892398306 0.9104424886400478 1.0853320259727145e-7
vn 0.41363567892398306 0.9104424886400478 1.0853320259727145e-7
vn 0.7676973762689007 0.6408125611049147 7.639081049233859e-8
vn 0.41363567892398306 0.9104424886400478 1.0853320259727145e-7
vn 0.7676973762689007 0.6408125611049147 7.639081049233859e-8
vn 0.7676973762689007 0.6408125611049147 7.639081049233859e-8
vn 0.9697102001626464 0.2442583216607354 2.9117861521805487e-8
vn 0.9697102001626464 0.2442583216607354 2.9117861521805487e-8
vn 0.7676973762689007 0.6408125611049147 7.639081049233859e-8
vn 0.7676973762689007 0.6408125611049147 7.639081049233859e-8
vn 0.9697102001626464 0.2442583216607354 2.9117861521805487e-8
vn 0.9796585117955825 -0.2006718721357425 -2.3921952175276325e-8
vn 0.9697102001626464 0.2442583216607354 2.9117861521805487e-8
vn 0.9697102001626464 0.2442583216607354 2.9117861521805487e-8
vn 0.9796585117955825 -0.2006718721357425 -2.3921952175276325e-8
vn 0.9697102001626464 0.2442583216607354 2.9117861521805487e-8
vn 0.9796585117955825 -0.2006718721357425 -2.3921952175276325e-8
vn 0.9796585117955825 -0.2006718721357425 -2.3921952175276325e-8
vn 0.7955737764924917 -0.6058567208156312 -7.222374582850633e-8
vn 0.7955737764924917 -0.6058567208156312 -7.222374582850633e-8
vn 0.9796585117955825 -0.2006718721357425 -2.3921952175276325e-8
vn 0.9796585117955825 -0.2006718721357425 -2.3921952175276325e-8
vn 0.7955737764924917 -0.6058567208156312 -7.222374582850633e-8
vn 0 -1.251906938115605e-7 0.9999999999999921
vn 0 -3.704250475244719e-7 0.9999999999999315
vn 0 -0.0000010403324979252711 0.9999999999994588
vn 0 -0.0000010403324979252711 0.9999999999994588
vn 0 -7.891171009963859e-7 0.9999999999996888
vn 0 -1.251906938115605e-7 0.9999999999999921
vn 0 -1.251906938115605e-7 0.9999999999999921
vn 0 -1.1920928821851321e-7 0.999999999999993
vn 0 -1.1920928821851321e-7 0.999999999999993
vn 0 -1.1920928821851321e-7 0.999999999999993
vn 0 -3.704250475244719e-7 0.9999999999999315
vn 0 -1.251906938115605e-7 0.9999999999999921
vn 0 -1.251906938115605e-7 0.9999999999999921
vn 0 -0.0000014590256598431077 0.9999999999989355
vn 0 -0.0000014590250914089191 0.9999999999989355
vn 0 -0.0000014590250914089191 0.9999999999989355
vn 0 -1.1920928821851321e-7 0.999999999999993
vn 0 -1.251906938115605e-7 0.9999999999999921
vn 0 -1.251906938115605e-7 0.9999999999999921
vn 0 7.60044664982227e-7 0.9999999999997111
vn 0 5.506986524571731e-7 0.9999999999998483
vn 0 5.506986524571731e-7 0.9999999999998483
vn 0 -0.0000014590256598431077 0.9999999999989355
vn 0 -1.251906938115605e-7 0.9999999999999921
vn 0 -1.251906938115605e-7 0.9999999999999921
vn 0 -1.1920928821851321e-7 0.999999999999993
vn 0 9.01371577377565e-8 0.9999999999999959
vn 0 9.01371577377565e-8 0.9999999999999959
vn 0 7.60044664982227e-7 0.9999999999997111
vn 0 -1.251906938115605e-7 0.9999999999999921
vn 0 -1.251906938115605e-7 0.9999999999999921
vn 0 0.0000012206060744358817 0.9999999999992549
vn 0 -1.1920928821851321e-7 0.999999999999993
vn 0 -1.1920928821851321e-7 0.999999999999993
vn 0 -1.1920928821851321e-7 0.999999999999993
vn 0 -1.251906938115605e-7 0.9999999999999921
vn 0 -1.251906938115605e-7 0.9999999999999921
vn 0 -7.891171009963859e-7 0.9999999999996888
vn 0 0.0000012206068702437457 0.9999999999992549
vn 0 0.0000012206068702437457 0.9999999999992549
vn 0 0.0000012206060744358817 0.9999999999992549
vn 0 -1.251906938115605e-7 0.9999999999999921
vn 0 -0.0000011249102924707569 -0.9999999999993673
vn 0 -0.000010599302932966822 -0.9999999999438275
vn 0 -0.000010599307480440331 -0.9999999999438275
vn 0 -0.000010599307480440331 -0.9999999999438275
vn 0 1.1920928821851321e-7 -0.999999999999993
vn 0 -0.0000011249102924707569 -0.9999999999993673
vn 0 4.541627363074565e-7 -0.9999999999998969
vn 0 -0.000004905113493542827 -0.9999999999879698
vn 0 -0.0000011249102924707569 -0.9999999999993673
vn 0 -0.0000011249102924707569 -0.9999999999993673
vn 0 1.1920928821851321e-7 -0.999999999999993
vn 0 4.541627363074565e-7 -0.9999999999998969
vn 0 0.000005478511118902761 -0.999999999984993
vn 0 0.000010837756397021127 -0.9999999999412715
vn 0 -0.0000011249102924707569 -0.9999999999993673
vn 0 -0.0000011249102924707569 -0.9999999999993673
vn 0 -0.000004905113493542827 -0.9999999999879698
vn 0 0.000005478511118902761 -0.999999999984993
vn 0 1.1920928821851321e-7 -0.999999999999993
vn 0 1.1920928821851321e-7 -0.999999999999993
vn 0 -0.0000011249102924707569 -0.9999999999993673
vn 0 -0.0000011249102924707569 -0.9999999999993673
vn 0 0.000010837756397021127 -0.9999999999412715
vn 0 1.1920928821851321e-7 -0.999999999999993
vn 0 1.1920928821851321e-7 -0.999999999999993
vn 0 -0.0000035652784133633864 -0.9999999999936444
vn 0 -0.0000011249102924707569 -0.9999999999993673
vn 0 -0.0000011249102924707569 -0.9999999999993673
vn 0 1.1920928821851321e-7 -0.999999999999993
vn 0 1.1920928821851321e-7 -0.999999999999993
vn 0 -0.000003565292055783913 -0.9999999999936444
vn 0 1.1920928821851321e-7 -0.999999999999993
vn 0 -0.0000011249102924707569 -0.9999999999993673
vn 0 -0.0000011249102924707569 -0.9999999999993673
vn 0 -0.0000035652784133633864 -0.9999999999936444
vn 0 -0.000003565292055783913 -0.9999999999936444
vn 0 1.1920928821851321e-7 -0.999999999999993
vn 0 -0.000010599302932966822 -0.9999999999438275
vn 0 -0.0000011249102924707569 -0.9999999999993673
vn 0 -0.0000011249102924707569 -0.9999999999993673
vn 0 1.1920928821851321e-7 -0.999999999999993
vn 0 1.1920928821851321e-7 -0.999999999999993
vn 0.4539153622498679 1.4516962947730545e-7 -0.8910448046611068
vn 0.7955737764924904 9.870659392596354e-8 -0.6058567208156291
vn 0.7955737764924904 9.870659392596354e-8 -0.6058567208156291
vn 0.4539153622498679 1.4516962947730545e-7 -0.8910448046611068
vn 0.7955737764924904 9.870659392596354e-8 -0.6058567208156291
vn 0.4539153622498679 1.4516962947730545e-7 -0.8910448046611068
vn 0.4539153622498679 1.4516962947730545e-7 -0.8910448046611068
vn 0.02235005816786052 1.6287998704418338e-7 -0.9997502062514749
vn 0.02235005816786052 1.6287998704418338e-7 -0.9997502062514749
vn 0.4539153622498679 1.4516962947730545e-7 -0.8910448046611068
vn 0.4539153622498679 1.4516962947730545e-7 -0.8910448046611068
vn 0.02235005816786052 1.6287998704418338e-7 -0.9997502062514749
vn -0.41363570362729135 1.483299114452809e-7 -0.9104424774167414
vn 0.02235005816786052 1.6287998704418338e-7 -0.9997502062514749
vn 0.02235005816786052 1.6287998704418338e-7 -0.9997502062514749
vn -0.41363570362729135 1.483299114452809e-7 -0.9104424774167414
vn 0.02235005816786052 1.6287998704418338e-7 -0.9997502062514749
vn -0.41363570362729135 1.483299114452809e-7 -0.9104424774167414
vn -0.41363570362729135 1.483299114452809e-7 -0.9104424774167414
vn -0.7676974055914112 1.0440161735053597e-7 -0.6408125259763617
vn -0.7676974055914112 1.0440161735053597e-7 -0.6408125259763617
vn -0.41363570362729135 1.483299114452809e-7 -0.9104424774167414
vn -0.41363570362729135 1.483299114452809e-7 -0.9104424774167414
vn -0.7676974055914112 1.0440161735053597e-7 -0.6408125259763617
vn -0.9697099494620194 3.979489671208008e-8 -0.2442593169448531
vn -0.7676974055914112 1.0440161735053597e-7 -0.6408125259763617
vn -0.7676974055914112 1.0440161735053597e-7 -0.6408125259763617
vn -0.9697099494620194 3.979489671208008e-8 -0.2442593169448531
vn -0.7676974055914112 1.0440161735053597e-7 -0.6408125259763617
vn -0.9697099494620194 3.979489671208008e-8 -0.2442593169448531
vn -0.9697099494620194 3.979489671208008e-8 -0.2442593169448531
vn -0.9796585347017327 -3.269358072161839e-8 0.2006717603103468
vn -0.9796585347017327 -3.269358072161839e-8 0.2006717603103468
vn -0.9697099494620194 3.979489671208008e-8 -0.2442593169448531
vn -0.9697099494620194 3.979489671208008e-8 -0.2442593169448531
vn -0.9796585347017327 -3.269358072161839e-8 0.2006717603103468
vn -0.7955750909804689 -9.870631270717667e-8 0.6058549947069919
vn -0.9796585347017327 -3.269358072161839e-8 0.2006717603103468
vn -0.9796585347017327 -3.269358072161839e-8 0.2006717603103468
vn -0.7955750909804689 -9.870631270717667e-8 0.6058549947069919
vn -0.9796585347017327 -3.269358072161839e-8 0.2006717603103468
vn -0.7955750909804689 -9.870631270717667e-8 0.6058549947069919
vn -0.7955750909804689 -9.870631270717667e-8 0.6058549947069919
vn -0.453915290818483 -1.4516963540574725e-7 0.8910448410496247
vn -0.453915290818483 -1.4516963540574725e-7 0.8910448410496247
vn -0.7955750909804689 -9.870631270717667e-8 0.6058549947069919
vn -0.7955750909804689 -9.870631270717667e-8 0.6058549947069919
vn -0.453915290818483 -1.4516963540574725e-7 0.8910448410496247
vn -0.022350061891289977 -1.628799870306219e-7 0.9997502061682352
vn -0.453915290818483 -1.4516963540574725e-7 0.8910448410496247
vn -0.453915290818483 -1.4516963540574725e-7 0.8910448410496247
vn -0.022350061891289977 -1.628799870306219e-7 0.9997502061682352
vn -0.453915290818483 -1.4516963540574725e-7 0.8910448410496247
vn -0.022350061891289977 -1.628799870306219e-7 0.9997502061682352
vn -0.022350061891289977 -1.628799870306219e-7 0.9997502061682352
vn 0.4136356789239816 -1.4832991327378885e-7 0.9104424886400428
vn 0.4136356789239816 -1.4832991327378885e-7 0.9104424886400428
vn -0.022350061891289977 -1.628799870306219e-7 0.9997502061682352
vn -0.022350061891289977 -1.628799870306219e-7 0.9997502061682352
vn 0.4136356789239816 -1.4832991327378885e-7 0.9104424886400428
vn 0.7676973762688993 -1.0440162307370294e-7 0.6408125611049125
vn 0.4136356789239816 -1.4832991327378885e-7 0.9104424886400428
vn 0.4136356789239816 -1.4832991327378885e-7 0.9104424886400428
vn 0.7676973762688993 -1.0440162307370294e-7 0.6408125611049125
vn 0.4136356789239816 -1.4832991327378885e-7 0.9104424886400428
vn 0.7676973762688993 -1.0440162307370294e-7 0.6408125611049125
vn 0.7676973762688993 -1.0440162307370294e-7 0.6408125611049125
vn 0.9697102001626463 -3.979473278336138e-8 0.24425832166073488
vn 0.9697102001626463 -3.979473278336138e-8 0.24425832166073488
vn 0.7676973762688993 -1.0440162307370294e-7 0.6408125611049125
vn 0.7676973762688993 -1.0440162307370294e-7 0.6408125611049125
vn 0.9697102001626463 -3.979473278336138e-8 0.24425832166073488
vn 0.9796585088661645 3.2693601270232994e-8 -0.2006718864368458
vn 0.9697102001626463 -3.979473278336138e-8 0.24425832166073488
vn 0.9697102001626463 -3.979473278336138e-8 0.24425832166073488
vn 0.9796585088661645 3.2693601270232994e-8 -0.2006718864368458
vn 0.9697102001626463 -3.979473278336138e-8 0.24425832166073488
vn 0.9796585088661645 3.2693601270232994e-8 -0.2006718864368458
vn 0.9796585088661645 3.2693601270232994e-8 -0.2006718864368458
vn 0.7955737764924904 9.870659392596354e-8 -0.6058567208156291
vn 0.7955737764924904 9.870659392596354e-8 -0.6058567208156291
vn 0.9796585088661645 3.2693601270232994e-8 -0.2006718864368458
vn 0.9796585088661645 3.2693601270232994e-8 -0.2006718864368458
vn 0.7955737764924904 9.870659392596354e-8 -0.6058567208156291
vn 0 -0.9999999999997433 7.163332695901002e-7
vn 0 -0.9999999999998717 5.069872570650284e-7
vn 0 -0.999999999998871 -0.0000015027369983917163
vn 0 -0.9999999999997433 7.163332695901002e-7
vn 0 -0.999999999998871 -0.0000015027369983917163
vn 0 -0.999999999998871 -0.0000015027365436443654
vn 0 -0.9999999999997433 7.163332695901002e-7
vn 0 -0.999999999998871 -0.0000015027365436443654
vn 0 -0.9999999999999868 -1.6292067650525028e-7
vn 0 -0.9999999999997433 7.163332695901002e-7
vn 0 -0.9999999999999868 -1.6292067650525028e-7
vn 0 -0.9999999999999868 -1.6292067650525028e-7
vn 0 -0.9999999999997433 7.163332695901002e-7
vn 0 -0.9999999999999868 -1.6292067650525028e-7
vn 0 -0.9999999999999143 -4.141364429166285e-7
vn 0 -0.9999999999997433 7.163332695901002e-7
vn 0 -0.9999999999999143 -4.141364429166285e-7
vn 0 -0.9999999999994124 -0.0000010840439501607854
vn 0 -0.9999999999997433 7.163332695901002e-7
vn 0 -0.9999999999994124 -0.0000010840439501607854
vn 0 -0.9999999999996532 -8.328284963885111e-7
vn 0 -0.9999999999997433 7.163332695901002e-7
vn 0 -0.9999999999996532 -8.328284963885111e-7
vn 0 -0.9999999999993074 0.0000011768954180082605
vn 0 -0.9999999999997433 7.163332695901002e-7
vn 0 -0.9999999999993074 0.0000011768954180082605
vn 0 -0.9999999999993074 0.0000011768947358872342
vn 0 -0.9999999999997433 7.163332695901002e-7
vn 0 -0.9999999999993074 0.0000011768947358872342
vn 0 -0.9999999999999868 -1.6292067650525028e-7
vn 0 -0.9999999999997433 7.163332695901002e-7
vn 0 -0.9999999999999868 -1.6292067650525028e-7
vn 0 -0.9999999999999868 -1.6292067650525028e-7
vn 0 -0.9999999999997433 7.163332695901002e-7
vn 0 -0.9999999999999868 -1.6292067650525028e-7
vn 0 -0.999999999999999 4.642575524016453e-8
vn 0 0.9999999999999868 1.6292067650525028e-7
vn 0 0.9999999999999868 1.6292067650525028e-7
vn 0 0.9999999999442897 -0.00001055559170811229
vn 0 0.9999999999999868 1.6292067650525028e-7
vn 0 0.9999999999442897 -0.00001055559170811229
vn 0 0.9999999999442896 -0.000010555596255585797
vn 0 0.9999999999999868 1.6292067650525028e-7
vn 0 0.9999999999442896 -0.000010555596255585797
vn 0 0.9999999999999868 1.6292067650525028e-7
vn 0 0.9999999999999868 1.6292067650525028e-7
vn 0 0.9999999999999868 1.6292067650525028e-7
vn 0 0.999999999999876 4.978741316996087e-7
vn 0 0.9999999999999868 1.6292067650525028e-7
vn 0 0.999999999999876 4.978741316996087e-7
vn 0 0.9999999999881835 -0.000004861402268682502
vn 0 0.9999999999999868 1.6292067650525028e-7
vn 0 0.9999999999881835 -0.000004861402268682502
vn 0 0.9999999999847525 0.000005522222343762706
vn 0 0.9999999999999868 1.6292067650525028e-7
vn 0 0.9999999999847525 0.000005522222343762706
vn 0 0.9999999999407968 0.000010881467621875344
vn 0 0.9999999999999868 1.6292067650525028e-7
vn 0 0.9999999999407968 0.000010881467621875344
vn 0 0.9999999999999868 1.6292067650525028e-7
vn 0 0.9999999999999868 1.6292067650525028e-7
vn 0 0.9999999999999868 1.6292067650525028e-7
vn 0 0.9999999999999868 1.6292067650525028e-7
vn 0 0.9999999999999868 1.6292067650525028e-7
vn 0 0.9999999999999868 1.6292067650525028e-7
vn 0 0.9999999999999868 1.6292067650525028e-7
vn 0 0.9999999999999868 1.6292067650525028e-7
vn 0 0.9999999999999868 1.6292067650525028e-7
vn 0 0.9999999999937993 -0.0000035215669611286382
vn 0 0.9999999999999868 1.6292067650525028e-7
vn 0 0.9999999999937993 -0.0000035215669611286382
vn 0 0.9999999999937993 -0.0000035215806035491657
vn 0.4539153622498679 1.4516962947730545e-7 -0.8910448046611068
vn 0.7955737764924904 9.870659392596354e-8 -0.6058567208156291
vn 0.7955737764924904 9.870659392596354e-8 -0.6058567208156291
vn 0.4539153622498679 1.4516962947730545e-7 -0.8910448046611068
vn 0.7955737764924904 9.870659392596354e-8 -0.6058567208156291
vn 0.4539153622498679 1.4516962947730545e-7 -0.8910448046611068
vn 0.4539153622498679 1.4516962947730545e-7 -0.8910448046611068
vn 0.02235005816786052 1.6287998704418338e-7 -0.9997502062514749
vn 0.02235005816786052 1.6287998704418338e-7 -0.9997502062514749
vn 0.4539153622498679 1.4516962947730545e-7 -0.8910448046611068
vn 0.4539153622498679 1.4516962947730545e-7 -0.8910448046611068
vn 0.02235005816786052 1.6287998704418338e-7 -0.9997502062514749
vn -0.41363570362729135 1.483299114452809e-7 -0.9104424774167414
vn 0.02235005816786052 1.6287998704418338e-7 -0.9997502062514749
vn 0.02235005816786052 1.6287998704418338e-7 -0.9997502062514749
vn -0.41363570362729135 1.483299114452809e-7 -0.9104424774167414
vn 0.02235005816786052 1.6287998704418338e-7 -0.9997502062514749
vn -0.41363570362729135 1.483299114452809e-7 -0.9104424774167414
vn -0.41363570362729135 1.483299114452809e-7 -0.9104424774167414
vn -0.7676974055914112 1.0440161735053597e-7 -0.6408125259763617
vn -0.7676974055914112 1.0440161735053597e-7 -0.6408125259763617
vn -0.41363570362729135 1.483299114452809e-7 -0.9104424774167414
vn -0.41363570362729135 1.483299114452809e-7 -0.9104424774167414
vn -0.7676974055914112 1.0440161735053597e-7 -0.6408125259763617
vn -0.9697099494620194 3.979489671208008e-8 -0.2442593169448531
vn -0.7676974055914112 1.0440161735053597e-7 -0.6408125259763617
vn -0.7676974055914112 1.0440161735053597e-7 -0.6408125259763617
vn -0.9697099494620194 3.979489671208008e-8 -0.2442593169448531
vn -0.7676974055914112 1.0440161735053597e-7 -0.6408125259763617
vn -0.9697099494620194 3.979489671208008e-8 -0.2442593169448531
vn -0.9697099494620194 3.979489671208008e-8 -0.2442593169448531
vn -0.9796585347017327 -3.269358072161839e-8 0.2006717603103468
vn -0.9796585347017327 -3.269358072161839e-8 0.2006717603103468
vn -0.9697099494620194 3.979489671208008e-8 -0.2442593169448531
vn -0.9697099494620194 3.979489671208008e-8 -0.2442593169448531
vn -0.9796585347017327 -3.269358072161839e-8 0.2006717603103468
vn -0.7955750909804689 -9.870631270717667e-8 0.6058549947069919
vn -0.9796585347017327 -3.269358072161839e-8 0.2006717603103468
vn -0.9796585347017327 -3.269358072161839e-8 0.2006717603103468
vn -0.7955750909804689 -9.870631270717667e-8 0.6058549947069919
vn -0.9796585347017327 -3.269358072161839e-8 0.2006717603103468
vn -0.7955750909804689 -9.870631270717667e-8 0.6058549947069919
vn -0.7955750909804689 -9.870631270717667e-8 0.6058549947069919
vn -0.453915290818483 -1.4516963540574725e-7 0.8910448410496247
vn -0.453915290818483 -1.4516963540574725e-7 0.8910448410496247
vn -0.7955750909804689 -9.870631270717667e-8 0.6058549947069919
vn -0.7955750909804689 -9.870631270717667e-8 0.6058549947069919
vn -0.453915290818483 -1.4516963540574725e-7 0.8910448410496247
vn -0.022350061891289977 -1.628799870306219e-7 0.9997502061682352
vn -0.453915290818483 -1.4516963540574725e-7 0.8910448410496247
vn -0.453915290818483 -1.4516963540574725e-7 0.8910448410496247
vn -0.022350061891289977 -1.628799870306219e-7 0.9997502061682352
vn -0.453915290818483 -1.4516963540574725e-7 0.8910448410496247
vn -0.022350061891289977 -1.628799870306219e-7 0.9997502061682352
vn -0.022350061891289977 -1.628799870306219e-7 0.9997502061682352
vn 0.4136356789239816 -1.4832991327378885e-7 0.9104424886400428
vn 0.4136356789239816 -1.4832991327378885e-7 0.9104424886400428
vn -0.022350061891289977 -1.628799870306219e-7 0.9997502061682352
vn -0.022350061891289977 -1.628799870306219e-7 0.9997502061682352
vn 0.4136356789239816 -1.4832991327378885e-7 0.9104424886400428
vn 0.7676973762688993 -1.0440162307370294e-7 0.6408125611049125
vn 0.4136356789239816 -1.4832991327378885e-7 0.9104424886400428
vn 0.4136356789239816 -1.4832991327378885e-7 0.9104424886400428
vn 0.7676973762688993 -1.0440162307370294e-7 0.6408125611049125
vn 0.4136356789239816 -1.4832991327378885e-7 0.9104424886400428
vn 0.7676973762688993 -1.0440162307370294e-7 0.6408125611049125
vn 0.7676973762688993 -1.0440162307370294e-7 0.6408125611049125
vn 0.9697102001626463 -3.979473278336138e-8 0.24425832166073488
vn 0.9697102001626463 -3.979473278336138e-8 0.24425832166073488
vn 0.7676973762688993 -1.0440162307370294e-7 0.6408125611049125
vn 0.7676973762688993 -1.0440162307370294e-7 0.6408125611049125
vn 0.9697102001626463 -3.979473278336138e-8 0.24425832166073488
vn 0.9796585088661645 3.2693601270232994e-8 -0.2006718864368458
vn 0.9697102001626463 -3.979473278336138e-8 0.24425832166073488
vn 0.9697102001626463 -3.979473278336138e-8 0.24425832166073488
vn 0.9796585088661645 3.2693601270232994e-8 -0.2006718864368458
vn 0.9697102001626463 -3.979473278336138e-8 0.24425832166073488
vn 0.9796585088661645 3.2693601270232994e-8 -0.2006718864368458
vn 0.9796585088661645 3.2693601270232994e-8 -0.2006718864368458
vn 0.7955737764924904 9.870659392596354e-8 -0.6058567208156291
vn 0.7955737764924904 9.870659392596354e-8 -0.6058567208156291
vn 0.9796585088661645 3.2693601270232994e-8 -0.2006718864368458
vn 0.9796585088661645 3.2693601270232994e-8 -0.2006718864368458
vn 0.7955737764924904 9.870659392596354e-8 -0.6058567208156291
vn 0 -0.9999999999999143 -4.141364429166285e-7
vn 0 -0.9999999999994124 -0.0000010840439501607854
vn 0 -0.9999999999996532 -8.328284963885111e-7
vn 0 -0.9999999999999143 -4.141364429166285e-7
vn 0 -0.9999999999996532 -8.328284963885111e-7
vn 0 -0.9999999999993074 0.0000011768954180082605
vn 0 -0.9999999999999143 -4.141364429166285e-7
vn 0 -0.9999999999993074 0.0000011768954180082605
vn 0 -0.9999999999993074 0.0000011768947358872342
vn 0 -0.9999999999999143 -4.141364429166285e-7
vn 0 -0.9999999999993074 0.0000011768947358872342
vn 0 -0.9999999999999868 -1.6292067650525028e-7
vn 0 -0.9999999999999143 -4.141364429166285e-7
vn 0 -0.9999999999999868 -1.6292067650525028e-7
vn 0 -0.9999999999999868 -1.6292067650525028e-7
vn 0 -0.9999999999999143 -4.141364429166285e-7
vn 0 -0.9999999999999868 -1.6292067650525028e-7
vn 0 -0.999999999999999 4.642575524016453e-8
vn 0 -0.9999999999999143 -4.141364429166285e-7
vn 0 -0.999999999999999 4.642575524016453e-8
vn 0 -0.9999999999997433 7.163332695901002e-7
vn 0 -0.9999999999999143 -4.141364429166285e-7
vn 0 -0.9999999999997433 7.163332695901002e-7
vn 0 -0.9999999999998717 5.069872570650284e-7
vn 0 -0.9999999999999143 -4.141364429166285e-7
vn 0 -0.9999999999998717 5.069872570650284e-7
vn 0 -0.999999999998871 -0.0000015027369983917163
vn 0 -0.9999999999999143 -4.141364429166285e-7
vn 0 -0.999999999998871 -0.0000015027369983917163
vn 0 -0.999999999998871 -0.0000015027365436443654
vn 0 -0.9999999999999143 -4.141364429166285e-7
vn 0 -0.999999999998871 -0.0000015027365436443654
vn 0 -0.9999999999999868 -1.6292067650525028e-7
vn 0 -0.9999999999999143 -4.141364429166285e-7
vn 0 -0.9999999999999868 -1.6292067650525028e-7
vn 0 -0.9999999999999868 -1.6292067650525028e-7
vn 0 0.9999999999999868 1.6292067650525028e-7
vn 0 0.9999999999999868 1.6292067650525028e-7
vn 0 0.9999999999442897 -0.00001055559170811229
vn 0 0.9999999999999868 1.6292067650525028e-7
vn 0 0.9999999999442897 -0.00001055559170811229
vn 0 0.9999999999442896 -0.000010555596255585797
vn 0 0.9999999999999868 1.6292067650525028e-7
vn 0 0.9999999999442896 -0.000010555596255585797
vn 0 0.9999999999999868 1.6292067650525028e-7
vn 0 0.9999999999999868 1.6292067650525028e-7
vn 0 0.9999999999999868 1.6292067650525028e-7
vn 0 0.999999999999876 4.978741316996087e-7
vn 0 0.9999999999999868 1.6292067650525028e-7
vn 0 0.999999999999876 4.978741316996087e-7
vn 0 0.9999999999881835 -0.000004861402268682502
vn 0 0.9999999999999868 1.6292067650525028e-7
vn 0 0.9999999999881835 -0.000004861402268682502
vn 0 0.9999999999847525 0.000005522222343762706
vn 0 0.9999999999999868 1.6292067650525028e-7
vn 0 0.9999999999847525 0.000005522222343762706
vn 0 0.9999999999407968 0.000010881467621875344
vn 0 0.9999999999999868 1.6292067650525028e-7
vn 0 0.9999999999407968 0.000010881467621875344
vn 0 0.9999999999999868 1.6292067650525028e-7
vn 0 0.9999999999999868 1.6292067650525028e-7
vn 0 0.9999999999999868 1.6292067650525028e-7
vn 0 0.9999999999999868 1.6292067650525028e-7
vn 0 0.9999999999999868 1.6292067650525028e-7
vn 0 0.9999999999999868 1.6292067650525028e-7
vn 0 0.9999999999999868 1.6292067650525028e-7
vn 0 0.9999999999999868 1.6292067650525028e-7
vn 0 0.9999999999999868 1.6292067650525028e-7
vn 0 0.9999999999937993 -0.0000035215669611286382
vn 0 0.9999999999999868 1.6292067650525028e-7
vn 0 0.9999999999937993 -0.0000035215669611286382
vn 0 0.9999999999937993 -0.0000035215806035491657
vn 0.4539153622498679 1.4516962947730545e-7 -0.8910448046611068
vn 0.7955737764924904 9.870659392596354e-8 -0.6058567208156291
vn 0.7955737764924904 9.870659392596354e-8 -0.6058567208156291
vn 0.4539153622498679 1.4516962947730545e-7 -0.8910448046611068
vn 0.7955737764924904 9.870659392596354e-8 -0.6058567208156291
vn 0.4539153622498679 1.4516962947730545e-7 -0.8910448046611068
vn 0.4539153622498679 1.4516962947730545e-7 -0.8910448046611068
vn 0.02235005816786052 1.6287998704418338e-7 -0.9997502062514749
vn 0.02235005816786052 1.6287998704418338e-7 -0.9997502062514749
vn 0.4539153622498679 1.4516962947730545e-7 -0.8910448046611068
vn 0.4539153622498679 1.4516962947730545e-7 -0.8910448046611068
vn 0.02235005816786052 1.6287998704418338e-7 -0.9997502062514749
vn -0.41363570362729135 1.483299114452809e-7 -0.9104424774167414
vn 0.02235005816786052 1.6287998704418338e-7 -0.9997502062514749
vn 0.02235005816786052 1.6287998704418338e-7 -0.9997502062514749
vn -0.41363570362729135 1.483299114452809e-7 -0.9104424774167414
vn 0.02235005816786052 1.6287998704418338e-7 -0.9997502062514749
vn -0.41363570362729135 1.483299114452809e-7 -0.9104424774167414
vn -0.41363570362729135 1.483299114452809e-7 -0.9104424774167414
vn -0.7676974055914112 1.0440161735053597e-7 -0.6408125259763617
vn -0.7676974055914112 1.0440161735053597e-7 -0.6408125259763617
vn -0.41363570362729135 1.483299114452809e-7 -0.9104424774167414
vn -0.41363570362729135 1.483299114452809e-7 -0.9104424774167414
vn -0.7676974055914112 1.0440161735053597e-7 -0.6408125259763617
vn -0.9697099494620194 3.979489671208008e-8 -0.2442593169448531
vn -0.7676974055914112 1.0440161735053597e-7 -0.6408125259763617
vn -0.7676974055914112 1.0440161735053597e-7 -0.6408125259763617
vn -0.9697099494620194 3.979489671208008e-8 -0.2442593169448531
vn -0.7676974055914112 1.0440161735053597e-7 -0.6408125259763617
vn -0.9697099494620194 3.979489671208008e-8 -0.2442593169448531
vn -0.9697099494620194 3.979489671208008e-8 -0.2442593169448531
vn -0.9796585347017327 -3.269358072161839e-8 0.2006717603103468
vn -0.9796585347017327 -3.269358072161839e-8 0.2006717603103468
vn -0.9697099494620194 3.979489671208008e-8 -0.2442593169448531
vn -0.9697099494620194 3.979489671208008e-8 -0.2442593169448531
vn -0.9796585347017327 -3.269358072161839e-8 0.2006717603103468
vn -0.7955750909804689 -9.870631270717667e-8 0.6058549947069919
vn -0.9796585347017327 -3.269358072161839e-8 0.2006717603103468
vn -0.9796585347017327 -3.269358072161839e-8 0.2006717603103468
vn -0.7955750909804689 -9.870631270717667e-8 0.6058549947069919
vn -0.9796585347017327 -3.269358072161839e-8 0.2006717603103468
vn -0.7955750909804689 -9.870631270717667e-8 0.6058549947069919
vn -0.7955750909804689 -9.870631270717667e-8 0.6058549947069919
vn -0.453915290818483 -1.4516963540574725e-7 0.8910448410496247
vn -0.453915290818483 -1.4516963540574725e-7 0.8910448410496247
vn -0.7955750909804689 -9.870631270717667e-8 0.6058549947069919
vn -0.7955750909804689 -9.870631270717667e-8 0.6058549947069919
vn -0.453915290818483 -1.4516963540574725e-7 0.8910448410496247
vn -0.022350061891289977 -1.628799870306219e-7 0.9997502061682352
vn -0.453915290818483 -1.4516963540574725e-7 0.8910448410496247
vn -0.453915290818483 -1.4516963540574725e-7 0.8910448410496247
vn -0.022350061891289977 -1.628799870306219e-7 0.9997502061682352
vn -0.453915290818483 -1.4516963540574725e-7 0.8910448410496247
vn -0.022350061891289977 -1.628799870306219e-7 0.9997502061682352
vn -0.022350061891289977 -1.628799870306219e-7 0.9997502061682352
vn 0.4136356789239816 -1.4832991327378885e-7 0.9104424886400428
vn 0.4136356789239816 -1.4832991327378885e-7 0.9104424886400428
vn -0.022350061891289977 -1.628799870306219e-7 0.9997502061682352
vn -0.022350061891289977 -1.628799870306219e-7 0.9997502061682352
vn 0.4136356789239816 -1.4832991327378885e-7 0.9104424886400428
vn 0.7676973762688993 -1.0440162307370294e-7 0.6408125611049125
vn 0.4136356789239816 -1.4832991327378885e-7 0.9104424886400428
vn 0.4136356789239816 -1.4832991327378885e-7 0.9104424886400428
vn 0.7676973762688993 -1.0440162307370294e-7 0.6408125611049125
vn 0.4136356789239816 -1.4832991327378885e-7 0.9104424886400428
vn 0.7676973762688993 -1.0440162307370294e-7 0.6408125611049125
vn 0.7676973762688993 -1.0440162307370294e-7 0.6408125611049125
vn 0.9697102001626463 -3.979473278336138e-8 0.24425832166073488
vn 0.9697102001626463 -3.979473278336138e-8 0.24425832166073488
vn 0.7676973762688993 -1.0440162307370294e-7 0.6408125611049125
vn 0.7676973762688993 -1.0440162307370294e-7 0.6408125611049125
vn 0.9697102001626463 -3.979473278336138e-8 0.24425832166073488
vn 0.9796585088661645 3.2693601270232994e-8 -0.2006718864368458
vn 0.9697102001626463 -3.979473278336138e-8 0.24425832166073488
vn 0.9697102001626463 -3.979473278336138e-8 0.24425832166073488
vn 0.9796585088661645 3.2693601270232994e-8 -0.2006718864368458
vn 0.9697102001626463 -3.979473278336138e-8 0.24425832166073488
vn 0.9796585088661645 3.2693601270232994e-8 -0.2006718864368458
vn 0.9796585088661645 3.2693601270232994e-8 -0.2006718864368458
vn 0.7955737764924904 9.870659392596354e-8 -0.6058567208156291
vn 0.7955737764924904 9.870659392596354e-8 -0.6058567208156291
vn 0.9796585088661645 3.2693601270232994e-8 -0.2006718864368458
vn 0.9796585088661645 3.2693601270232994e-8 -0.2006718864368458
vn 0.7955737764924904 9.870659392596354e-8 -0.6058567208156291
vn 0 -0.9999999999999143 -4.141364429166285e-7
vn 0 -0.9999999999994124 -0.0000010840439501607854
vn 0 -0.9999999999996532 -8.328284963885111e-7
vn 0 -0.9999999999999143 -4.141364429166285e-7
vn 0 -0.9999999999996532 -8.328284963885111e-7
vn 0 -0.9999999999993074 0.0000011768954180082605
vn 0 -0.9999999999999143 -4.141364429166285e-7
vn 0 -0.9999999999993074 0.0000011768954180082605
vn 0 -0.9999999999993074 0.0000011768947358872342
vn 0 -0.9999999999999143 -4.141364429166285e-7
vn 0 -0.9999999999993074 0.0000011768947358872342
vn 0 -0.9999999999999868 -1.6292067650525028e-7
vn 0 -0.9999999999999143 -4.141364429166285e-7
vn 0 -0.9999999999999868 -1.6292067650525028e-7
vn 0 -0.9999999999999868 -1.6292067650525028e-7
vn 0 -0.9999999999999143 -4.141364429166285e-7
vn 0 -0.9999999999999868 -1.6292067650525028e-7
vn 0 -0.999999999999999 4.642575524016453e-8
vn 0 -0.9999999999999143 -4.141364429166285e-7
vn 0 -0.999999999999999 4.642575524016453e-8
vn 0 -0.9999999999997433 7.163332695901002e-7
vn 0 -0.9999999999999143 -4.141364429166285e-7
vn 0 -0.9999999999997433 7.163332695901002e-7
vn 0 -0.9999999999998717 5.069872570650284e-7
vn 0 -0.9999999999999143 -4.141364429166285e-7
vn 0 -0.9999999999998717 5.069872570650284e-7
vn 0 -0.999999999998871 -0.0000015027369983917163
vn 0 -0.9999999999999143 -4.141364429166285e-7
vn 0 -0.999999999998871 -0.0000015027369983917163
vn 0 -0.999999999998871 -0.0000015027365436443654
vn 0 -0.9999999999999143 -4.141364429166285e-7
vn 0 -0.999999999998871 -0.0000015027365436443654
vn 0 -0.9999999999999868 -1.6292067650525028e-7
vn 0 -0.9999999999999143 -4.141364429166285e-7
vn 0 -0.9999999999999868 -1.6292067650525028e-7
vn 0 -0.9999999999999868 -1.6292067650525028e-7
vn 0 0.9999999999407968 0.000010881467621875344
vn 0 0.9999999999999868 1.6292067650525028e-7
vn 0 0.9999999999999868 1.6292067650525028e-7
vn 0 0.9999999999407968 0.000010881467621875344
vn 0 0.9999999999999868 1.6292067650525028e-7
vn 0 0.9999999999999868 1.6292067650525028e-7
vn 0 0.9999999999407968 0.000010881467621875344
vn 0 0.9999999999999868 1.6292067650525028e-7
vn 0 0.9999999999937993 -0.0000035215669611286382
vn 0 0.9999999999407968 0.000010881467621875344
vn 0 0.9999999999937993 -0.0000035215669611286382
vn 0 0.9999999999937993 -0.0000035215806035491657
vn 0 0.9999999999407968 0.000010881467621875344
vn 0 0.9999999999937993 -0.0000035215806035491657
vn 0 0.9999999999999868 1.6292067650525028e-7
vn 0 0.9999999999407968 0.000010881467621875344
vn 0 0.9999999999999868 1.6292067650525028e-7
vn 0 0.9999999999999868 1.6292067650525028e-7
vn 0 0.9999999999407968 0.000010881467621875344
vn 0 0.9999999999999868 1.6292067650525028e-7
vn 0 0.9999999999442897 -0.00001055559170811229
vn 0 0.9999999999407968 0.000010881467621875344
vn 0 0.9999999999442897 -0.00001055559170811229
vn 0 0.9999999999442896 -0.000010555596255585797
vn 0 0.9999999999407968 0.000010881467621875344
vn 0 0.9999999999442896 -0.000010555596255585797
vn 0 0.9999999999999868 1.6292067650525028e-7
vn 0 0.9999999999407968 0.000010881467621875344
vn 0 0.9999999999999868 1.6292067650525028e-7
vn 0 0.999999999999876 4.978741316996087e-7
vn 0 0.9999999999407968 0.000010881467621875344
vn 0 0.999999999999876 4.978741316996087e-7
vn 0 0.9999999999881835 -0.000004861402268682502
vn 0 0.9999999999407968 0.000010881467621875344
vn 0 0.9999999999881835 -0.000004861402268682502
vn 0 0.9999999999847525 0.000005522222343762706
vn 0.4539153622498679 1.4516962947730545e-7 -0.8910448046611068
vn 0.7955737764924904 9.870659392596354e-8 -0.6058567208156291
vn 0.7955737764924904 9.870659392596354e-8 -0.6058567208156291
vn 0.4539153622498679 1.4516962947730545e-7 -0.8910448046611068
vn 0.7955737764924904 9.870659392596354e-8 -0.6058567208156291
vn 0.4539153622498679 1.4516962947730545e-7 -0.8910448046611068
vn 0.4539153622498679 1.4516962947730545e-7 -0.8910448046611068
vn 0.02235005816786052 1.6287998704418338e-7 -0.9997502062514749
vn 0.02235005816786052 1.6287998704418338e-7 -0.9997502062514749
vn 0.4539153622498679 1.4516962947730545e-7 -0.8910448046611068
vn 0.4539153622498679 1.4516962947730545e-7 -0.8910448046611068
vn 0.02235005816786052 1.6287998704418338e-7 -0.9997502062514749
vn -0.41363570362729135 1.483299114452809e-7 -0.9104424774167414
vn 0.02235005816786052 1.6287998704418338e-7 -0.9997502062514749
vn 0.02235005816786052 1.6287998704418338e-7 -0.9997502062514749
vn -0.41363570362729135 1.483299114452809e-7 -0.9104424774167414
vn 0.02235005816786052 1.6287998704418338e-7 -0.9997502062514749
vn -0.41363570362729135 1.483299114452809e-7 -0.9104424774167414
vn -0.41363570362729135 1.483299114452809e-7 -0.9104424774167414
vn -0.7676974055914112 1.0440161735053597e-7 -0.6408125259763617
vn -0.7676974055914112 1.0440161735053597e-7 -0.6408125259763617
vn -0.41363570362729135 1.483299114452809e-7 -0.9104424774167414
vn -0.41363570362729135 1.483299114452809e-7 -0.9104424774167414
vn -0.7676974055914112 1.0440161735053597e-7 -0.6408125259763617
vn -0.9697099494620194 3.979489671208008e-8 -0.2442593169448531
vn -0.7676974055914112 1.0440161735053597e-7 -0.6408125259763617
vn -0.7676974055914112 1.0440161735053597e-7 -0.6408125259763617
vn -0.9697099494620194 3.979489671208008e-8 -0.2442593169448531
vn -0.7676974055914112 1.0440161735053597e-7 -0.6408125259763617
vn -0.9697099494620194 3.979489671208008e-8 -0.2442593169448531
vn -0.9697099494620194 3.979489671208008e-8 -0.2442593169448531
vn -0.9796585347017327 -3.269358072161839e-8 0.2006717603103468
vn -0.9796585347017327 -3.269358072161839e-8 0.2006717603103468
vn -0.9697099494620194 3.979489671208008e-8 -0.2442593169448531
vn -0.9697099494620194 3.979489671208008e-8 -0.2442593169448531
vn -0.9796585347017327 -3.269358072161839e-8 0.2006717603103468
vn -0.7955750909804689 -9.870631270717667e-8 0.6058549947069919
vn -0.9796585347017327 -3.269358072161839e-8 0.2006717603103468
vn -0.9796585347017327 -3.269358072161839e-8 0.2006717603103468
vn -0.7955750909804689 -9.870631270717667e-8 0.6058549947069919
vn -0.9796585347017327 -3.269358072161839e-8 0.2006717603103468
vn -0.7955750909804689 -9.870631270717667e-8 0.6058549947069919
vn -0.7955750909804689 -9.870631270717667e-8 0.6058549947069919
vn -0.453915290818483 -1.4516963540574725e-7 0.8910448410496247
vn -0.453915290818483 -1.4516963540574725e-7 0.8910448410496247
vn -0.7955750909804689 -9.870631270717667e-8 0.6058549947069919
vn -0.7955750909804689 -9.870631270717667e-8 0.6058549947069919
vn -0.453915290818483 -1.4516963540574725e-7 0.8910448410496247
vn -0.022350061891289977 -1.628799870306219e-7 0.9997502061682352
vn -0.453915290818483 -1.4516963540574725e-7 0.8910448410496247
vn -0.453915290818483 -1.4516963540574725e-7 0.8910448410496247
vn -0.022350061891289977 -1.628799870306219e-7 0.9997502061682352
vn -0.453915290818483 -1.4516963540574725e-7 0.8910448410496247
vn -0.022350061891289977 -1.628799870306219e-7 0.9997502061682352
vn -0.022350061891289977 -1.628799870306219e-7 0.9997502061682352
vn 0.4136356789239816 -1.4832991327378885e-7 0.9104424886400428
vn 0.4136356789239816 -1.4832991327378885e-7 0.9104424886400428
vn -0.022350061891289977 -1.628799870306219e-7 0.9997502061682352
vn -0.022350061891289977 -1.628799870306219e-7 0.9997502061682352
vn 0.4136356789239816 -1.4832991327378885e-7 0.9104424886400428
vn 0.7676973762688993 -1.0440162307370294e-7 0.6408125611049125
vn 0.4136356789239816 -1.4832991327378885e-7 0.9104424886400428
vn 0.4136356789239816 -1.4832991327378885e-7 0.9104424886400428
vn 0.7676973762688993 -1.0440162307370294e-7 0.6408125611049125
vn 0.4136356789239816 -1.4832991327378885e-7 0.9104424886400428
vn 0.7676973762688993 -1.0440162307370294e-7 0.6408125611049125
vn 0.7676973762688993 -1.0440162307370294e-7 0.6408125611049125
vn 0.9697102001626463 -3.979473278336138e-8 0.24425832166073488
vn 0.9697102001626463 -3.979473278336138e-8 0.24425832166073488
vn 0.7676973762688993 -1.0440162307370294e-7 0.6408125611049125
vn 0.7676973762688993 -1.0440162307370294e-7 0.6408125611049125
vn 0.9697102001626463 -3.979473278336138e-8 0.24425832166073488
vn 0.9796585088661645 3.2693601270232994e-8 -0.2006718864368458
vn 0.9697102001626463 -3.979473278336138e-8 0.24425832166073488
vn 0.9697102001626463 -3.979473278336138e-8 0.24425832166073488
vn 0.9796585088661645 3.2693601270232994e-8 -0.2006718864368458
vn 0.9697102001626463 -3.979473278336138e-8 0.24425832166073488
vn 0.9796585088661645 3.2693601270232994e-8 -0.2006718864368458
vn 0.9796585088661645 3.2693601270232994e-8 -0.2006718864368458
vn 0.7955737764924904 9.870659392596354e-8 -0.6058567208156291
vn 0.7955737764924904 9.870659392596354e-8 -0.6058567208156291
vn 0.9796585088661645 3.2693601270232994e-8 -0.2006718864368458
vn 0.9796585088661645 3.2693601270232994e-8 -0.2006718864368458
vn 0.7955737764924904 9.870659392596354e-8 -0.6058567208156291
vn 0 -0.9999999999999143 -4.141364429166285e-7
vn 0 -0.9999999999994124 -0.0000010840439501607854
vn 0 -0.9999999999996532 -8.328284963885111e-7
vn 0 -0.9999999999999143 -4.141364429166285e-7
vn 0 -0.9999999999996532 -8.328284963885111e-7
vn 0 -0.9999999999993074 0.0000011768954180082605
vn 0 -0.9999999999999143 -4.141364429166285e-7
vn 0 -0.9999999999993074 0.0000011768954180082605
vn 0 -0.9999999999993074 0.0000011768947358872342
vn 0 -0.9999999999999143 -4.141364429166285e-7
vn 0 -0.9999999999993074 0.0000011768947358872342
vn 0 -0.9999999999999868 -1.6292067650525028e-7
vn 0 -0.9999999999999143 -4.141364429166285e-7
vn 0 -0.9999999999999868 -1.6292067650525028e-7
vn 0 -0.9999999999999868 -1.6292067650525028e-7
vn 0 -0.9999999999999143 -4.141364429166285e-7
vn 0 -0.9999999999999868 -1.6292067650525028e-7
vn 0 -0.999999999999999 4.642575524016453e-8
vn 0 -0.9999999999999143 -4.141364429166285e-7
vn 0 -0.999999999999999 4.642575524016453e-8
vn 0 -0.9999999999997433 7.163332695901002e-7
vn 0 -0.9999999999999143 -4.141364429166285e-7
vn 0 -0.9999999999997433 7.163332695901002e-7
vn 0 -0.9999999999998717 5.069872570650284e-7
vn 0 -0.9999999999999143 -4.141364429166285e-7
vn 0 -0.9999999999998717 5.069872570650284e-7
vn 0 -0.999999999998871 -0.0000015027369983917163
vn 0 -0.9999999999999143 -4.141364429166285e-7
vn 0 -0.999999999998871 -0.0000015027369983917163
vn 0 -0.999999999998871 -0.0000015027365436443654
vn 0 -0.9999999999999143 -4.141364429166285e-7
vn 0 -0.999999999998871 -0.0000015027365436443654
vn 0 -0.9999999999999868 -1.6292067650525028e-7
vn 0 -0.9999999999999143 -4.141364429166285e-7
vn 0 -0.9999999999999868 -1.6292067650525028e-7
vn 0 -0.9999999999999868 -1.6292067650525028e-7
vn 0 0.9999999999407968 0.000010881467621875344
vn 0 0.9999999999999868 1.6292067650525028e-7
vn 0 0.9999999999999868 1.6292067650525028e-7
vn 0 0.9999999999407968 0.000010881467621875344
vn 0 0.9999999999999868 1.6292067650525028e-7
vn 0 0.9999999999999868 1.6292067650525028e-7
vn 0 0.9999999999407968 0.000010881467621875344
vn 0 0.9999999999999868 1.6292067650525028e-7
vn 0 0.9999999999937993 -0.0000035215669611286382
vn 0 0.9999999999407968 0.000010881467621875344
vn 0 0.9999999999937993 -0.0000035215669611286382
vn 0 0.9999999999937993 -0.0000035215806035491657
vn 0 0.9999999999407968 0.000010881467621875344
vn 0 0.9999999999937993 -0.0000035215806035491657
vn 0 0.9999999999999868 1.6292067650525028e-7
vn 0 0.9999999999407968 0.000010881467621875344
vn 0 0.9999999999999868 1.6292067650525028e-7
vn 0 0.9999999999999868 1.6292067650525028e-7
vn 0 0.9999999999407968 0.000010881467621875344
vn 0 0.9999999999999868 1.6292067650525028e-7
vn 0 0.9999999999442897 -0.00001055559170811229
vn 0 0.9999999999407968 0.000010881467621875344
vn 0 0.9999999999442897 -0.00001055559170811229
vn 0 0.9999999999442896 -0.000010555596255585797
vn 0 0.9999999999407968 0.000010881467621875344
vn 0 0.9999999999442896 -0.000010555596255585797
vn 0 0.9999999999999868 1.6292067650525028e-7
vn 0 0.9999999999407968 0.000010881467621875344
vn 0 0.9999999999999868 1.6292067650525028e-7
vn 0 0.999999999999876 4.978741316996087e-7
vn 0 0.9999999999407968 0.000010881467621875344
vn 0 0.999999999999876 4.978741316996087e-7
vn 0 0.9999999999881835 -0.000004861402268682502
vn 0 0.9999999999407968 0.000010881467621875344
vn 0 0.9999999999881835 -0.000004861402268682502
vn 0 0.9999999999847525 0.000005522222343762706
vn 0.4539153622498679 1.4516962947730545e-7 -0.8910448046611068
vn 0.7955737764924904 9.870659392596354e-8 -0.6058567208156291
vn 0.7955737764924904 9.870659392596354e-8 -0.6058567208156291
vn 0.4539153622498679 1.4516962947730545e-7 -0.8910448046611068
vn 0.7955737764924904 9.870659392596354e-8 -0.6058567208156291
vn 0.4539153622498679 1.4516962947730545e-7 -0.8910448046611068
vn 0.4539153622498679 1.4516962947730545e-7 -0.8910448046611068
vn 0.02235005816786052 1.6287998704418338e-7 -0.9997502062514749
vn 0.02235005816786052 1.6287998704418338e-7 -0.9997502062514749
vn 0.4539153622498679 1.4516962947730545e-7 -0.8910448046611068
vn 0.4539153622498679 1.4516962947730545e-7 -0.8910448046611068
vn 0.02235005816786052 1.6287998704418338e-7 -0.9997502062514749
vn -0.41363570362729135 1.483299114452809e-7 -0.9104424774167414
vn 0.02235005816786052 1.6287998704418338e-7 -0.9997502062514749
vn 0.02235005816786052 1.6287998704418338e-7 -0.9997502062514749
vn -0.41363570362729135 1.483299114452809e-7 -0.9104424774167414
vn 0.02235005816786052 1.6287998704418338e-7 -0.9997502062514749
vn -0.41363570362729135 1.483299114452809e-7 -0.9104424774167414
vn -0.41363570362729135 1.483299114452809e-7 -0.9104424774167414
vn -0.7676974055914112 1.0440161735053597e-7 -0.6408125259763617
vn -0.7676974055914112 1.0440161735053597e-7 -0.6408125259763617
vn -0.41363570362729135 1.483299114452809e-7 -0.9104424774167414
vn -0.41363570362729135 1.483299114452809e-7 -0.9104424774167414
vn -0.7676974055914112 1.0440161735053597e-7 -0.6408125259763617
vn -0.9697099494620194 3.979489671208008e-8 -0.2442593169448531
vn -0.7676974055914112 1.0440161735053597e-7 -0.6408125259763617
vn -0.7676974055914112 1.0440161735053597e-7 -0.6408125259763617
vn -0.9697099494620194 3.979489671208008e-8 -0.2442593169448531
vn -0.7676974055914112 1.0440161735053597e-7 -0.6408125259763617
vn -0.9697099494620194 3.979489671208008e-8 -0.2442593169448531
vn -0.9697099494620194 3.979489671208008e-8 -0.2442593169448531
vn -0.9796585347017327 -3.269358072161839e-8 0.2006717603103468
vn -0.9796585347017327 -3.269358072161839e-8 0.2006717603103468
vn -0.9697099494620194 3.979489671208008e-8 -0.2442593169448531
vn -0.9697099494620194 3.979489671208008e-8 -0.2442593169448531
vn -0.9796585347017327 -3.269358072161839e-8 0.2006717603103468
vn -0.7955750909804689 -9.870631270717667e-8 0.6058549947069919
vn -0.9796585347017327 -3.269358072161839e-8 0.2006717603103468
vn -0.9796585347017327 -3.269358072161839e-8 0.2006717603103468
vn -0.7955750909804689 -9.870631270717667e-8 0.6058549947069919
vn -0.9796585347017327 -3.269358072161839e-8 0.2006717603103468
vn -0.7955750909804689 -9.870631270717667e-8 0.6058549947069919
vn -0.7955750909804689 -9.870631270717667e-8 0.6058549947069919
vn -0.453915290818483 -1.4516963540574725e-7 0.8910448410496247
vn -0.453915290818483 -1.4516963540574725e-7 0.8910448410496247
vn -0.7955750909804689 -9.870631270717667e-8 0.6058549947069919
vn -0.7955750909804689 -9.870631270717667e-8 0.6058549947069919
vn -0.453915290818483 -1.4516963540574725e-7 0.8910448410496247
vn -0.022350061891289977 -1.628799870306219e-7 0.9997502061682352
vn -0.453915290818483 -1.4516963540574725e-7 0.8910448410496247
vn -0.453915290818483 -1.4516963540574725e-7 0.8910448410496247
vn -0.022350061891289977 -1.628799870306219e-7 0.9997502061682352
vn -0.453915290818483 -1.4516963540574725e-7 0.8910448410496247
vn -0.022350061891289977 -1.628799870306219e-7 0.9997502061682352
vn -0.022350061891289977 -1.628799870306219e-7 0.9997502061682352
vn 0.4136356789239816 -1.4832991327378885e-7 0.9104424886400428
vn 0.4136356789239816 -1.4832991327378885e-7 0.9104424886400428
vn -0.022350061891289977 -1.628799870306219e-7 0.9997502061682352
vn -0.022350061891289977 -1.628799870306219e-7 0.9997502061682352
vn 0.4136356789239816 -1.4832991327378885e-7 0.9104424886400428
vn 0.7676973762688993 -1.0440162307370294e-7 0.6408125611049125
vn 0.4136356789239816 -1.4832991327378885e-7 0.9104424886400428
vn 0.4136356789239816 -1.4832991327378885e-7 0.9104424886400428
vn 0.7676973762688993 -1.0440162307370294e-7 0.6408125611049125
vn 0.4136356789239816 -1.4832991327378885e-7 0.9104424886400428
vn 0.7676973762688993 -1.0440162307370294e-7 0.6408125611049125
vn 0.7676973762688993 -1.0440162307370294e-7 0.6408125611049125
vn 0.9697102001626463 -3.979473278336138e-8 0.24425832166073488
vn 0.9697102001626463 -3.979473278336138e-8 0.24425832166073488
vn 0.7676973762688993 -1.0440162307370294e-7 0.6408125611049125
vn 0.7676973762688993 -1.0440162307370294e-7 0.6408125611049125
vn 0.9697102001626463 -3.979473278336138e-8 0.24425832166073488
vn 0.9796585088661645 3.2693601270232994e-8 -0.2006718864368458
vn 0.9697102001626463 -3.979473278336138e-8 0.24425832166073488
vn 0.9697102001626463 -3.979473278336138e-8 0.24425832166073488
vn 0.9796585088661645 3.2693601270232994e-8 -0.2006718864368458
vn 0.9697102001626463 -3.979473278336138e-8 0.24425832166073488
vn 0.9796585088661645 3.2693601270232994e-8 -0.2006718864368458
vn 0.9796585088661645 3.2693601270232994e-8 -0.2006718864368458
vn 0.7955737764924904 9.870659392596354e-8 -0.6058567208156291
vn 0.7955737764924904 9.870659392596354e-8 -0.6058567208156291
vn 0.9796585088661645 3.2693601270232994e-8 -0.2006718864368458
vn 0.9796585088661645 3.2693601270232994e-8 -0.2006718864368458
vn 0.7955737764924904 9.870659392596354e-8 -0.6058567208156291
vn 0 -0.9999999999999143 -4.141364429166285e-7
vn 0 -0.9999999999994124 -0.0000010840439501607854
vn 0 -0.9999999999996532 -8.328284963885111e-7
vn 0 -0.9999999999999143 -4.141364429166285e-7
vn 0 -0.9999999999996532 -8.328284963885111e-7
vn 0 -0.9999999999993074 0.0000011768954180082605
vn 0 -0.9999999999999143 -4.141364429166285e-7
vn 0 -0.9999999999993074 0.0000011768954180082605
vn 0 -0.9999999999993074 0.0000011768947358872342
vn 0 -0.9999999999999143 -4.141364429166285e-7
vn 0 -0.9999999999993074 0.0000011768947358872342
vn 0 -0.9999999999999868 -1.6292067650525028e-7
vn 0 -0.9999999999999143 -4.141364429166285e-7
vn 0 -0.9999999999999868 -1.6292067650525028e-7
vn 0 -0.9999999999999868 -1.6292067650525028e-7
vn 0 -0.9999999999999143 -4.141364429166285e-7
vn 0 -0.9999999999999868 -1.6292067650525028e-7
vn 0 -0.999999999999999 4.642575524016453e-8
vn 0 -0.9999999999999143 -4.141364429166285e-7
vn 0 -0.999999999999999 4.642575524016453e-8
vn 0 -0.9999999999997433 7.163332695901002e-7
vn 0 -0.9999999999999143 -4.141364429166285e-7
vn 0 -0.9999999999997433 7.163332695901002e-7
vn 0 -0.9999999999998717 5.069872570650284e-7
vn 0 -0.9999999999999143 -4.141364429166285e-7
vn 0 -0.9999999999998717 5.069872570650284e-7
vn 0 -0.999999999998871 -0.0000015027369983917163
vn 0 -0.9999999999999143 -4.141364429166285e-7
vn 0 -0.999999999998871 -0.0000015027369983917163
vn 0 -0.999999999998871 -0.0000015027365436443654
vn 0 -0.9999999999999143 -4.141364429166285e-7
vn 0 -0.999999999998871 -0.0000015027365436443654
vn 0 -0.9999999999999868 -1.6292067650525028e-7
vn 0 -0.9999999999999143 -4.141364429166285e-7
vn 0 -0.9999999999999868 -1.6292067650525028e-7
vn 0 -0.9999999999999868 -1.6292067650525028e-7
vn 0 0.9999999999999868 1.6292067650525028e-7
vn 0 0.999999999999876 4.978741316996087e-7
vn 0 0.9999999999881835 -0.000004861402268682502
vn 0 0.9999999999999868 1.6292067650525028e-7
vn 0 0.9999999999881835 -0.000004861402268682502
vn 0 0.9999999999847525 0.000005522222343762706
vn 0 0.9999999999999868 1.6292067650525028e-7
vn 0 0.9999999999847525 0.000005522222343762706
vn 0 0.9999999999407968 0.000010881467621875344
vn 0 0.9999999999999868 1.6292067650525028e-7
vn 0 0.9999999999407968 0.000010881467621875344
vn 0 0.9999999999999868 1.6292067650525028e-7
vn 0 0.9999999999999868 1.6292067650525028e-7
vn 0 0.9999999999999868 1.6292067650525028e-7
vn 0 0.9999999999999868 1.6292067650525028e-7
vn 0 0.9999999999999868 1.6292067650525028e-7
vn 0 0.9999999999999868 1.6292067650525028e-7
vn 0 0.9999999999999868 1.6292067650525028e-7
vn 0 0.9999999999999868 1.6292067650525028e-7
vn 0 0.9999999999999868 1.6292067650525028e-7
vn 0 0.9999999999937993 -0.0000035215669611286382
vn 0 0.9999999999999868 1.6292067650525028e-7
vn 0 0.9999999999937993 -0.0000035215669611286382
vn 0 0.9999999999937993 -0.0000035215806035491657
vn 0 0.9999999999999868 1.6292067650525028e-7
vn 0 0.9999999999937993 -0.0000035215806035491657
vn 0 0.9999999999999868 1.6292067650525028e-7
vn 0 0.9999999999999868 1.6292067650525028e-7
vn 0 0.9999999999999868 1.6292067650525028e-7
vn 0 0.9999999999999868 1.6292067650525028e-7
vn 0 0.9999999999999868 1.6292067650525028e-7
vn 0 0.9999999999999868 1.6292067650525028e-7
vn 0 0.9999999999442897 -0.00001055559170811229
vn 0 0.9999999999999868 1.6292067650525028e-7
vn 0 0.9999999999442897 -0.00001055559170811229
vn 0 0.9999999999442896 -0.000010555596255585797
vn 0.4539153622498679 1.4516962947730545e-7 -0.8910448046611068
vn 0.7955737764924904 9.870659392596354e-8 -0.6058567208156291
vn 0.7955737764924904 9.870659392596354e-8 -0.6058567208156291
vn 0.4539153622498679 1.4516962947730545e-7 -0.8910448046611068
vn 0.7955737764924904 9.870659392596354e-8 -0.6058567208156291
vn 0.4539153622498679 1.4516962947730545e-7 -0.8910448046611068
vn 0.4539153622498679 1.4516962947730545e-7 -0.8910448046611068
vn 0.02235005816786052 1.6287998704418338e-7 -0.9997502062514749
vn 0.02235005816786052 1.6287998704418338e-7 -0.9997502062514749
vn 0.4539153622498679 1.4516962947730545e-7 -0.8910448046611068
vn 0.4539153622498679 1.4516962947730545e-7 -0.8910448046611068
vn 0.02235005816786052 1.6287998704418338e-7 -0.9997502062514749
vn -0.41363570362729135 1.483299114452809e-7 -0.9104424774167414
vn 0.02235005816786052 1.6287998704418338e-7 -0.9997502062514749
vn 0.02235005816786052 1.6287998704418338e-7 -0.9997502062514749
vn -0.41363570362729135 1.483299114452809e-7 -0.9104424774167414
vn 0.02235005816786052 1.6287998704418338e-7 -0.9997502062514749
vn -0.41363570362729135 1.483299114452809e-7 -0.9104424774167414
vn -0.41363570362729135 1.483299114452809e-7 -0.9104424774167414
vn -0.7676974055914112 1.0440161735053597e-7 -0.6408125259763617
vn -0.7676974055914112 1.0440161735053597e-7 -0.6408125259763617
vn -0.41363570362729135 1.483299114452809e-7 -0.9104424774167414
vn -0.41363570362729135 1.483299114452809e-7 -0.9104424774167414
vn -0.7676974055914112 1.0440161735053597e-7 -0.6408125259763617
vn -0.9697099494620194 3.979489671208008e-8 -0.2442593169448531
vn -0.7676974055914112 1.0440161735053597e-7 -0.6408125259763617
vn -0.7676974055914112 1.0440161735053597e-7 -0.6408125259763617
vn -0.9697099494620194 3.979489671208008e-8 -0.2442593169448531
vn -0.7676974055914112 1.0440161735053597e-7 -0.6408125259763617
vn -0.9697099494620194 3.979489671208008e-8 -0.2442593169448531
vn -0.9697099494620194 3.979489671208008e-8 -0.2442593169448531
vn -0.9796585347017327 -3.269358072161839e-8 0.2006717603103468
vn -0.9796585347017327 -3.269358072161839e-8 0.2006717603103468
vn -0.9697099494620194 3.979489671208008e-8 -0.2442593169448531
vn -0.9697099494620194 3.979489671208008e-8 -0.2442593169448531
vn -0.9796585347017327 -3.269358072161839e-8 0.2006717603103468
vn -0.7955750909804689 -9.870631270717667e-8 0.6058549947069919
vn -0.9796585347017327 -3.269358072161839e-8 0.2006717603103468
vn -0.9796585347017327 -3.269358072161839e-8 0.2006717603103468
vn -0.7955750909804689 -9.870631270717667e-8 0.6058549947069919
vn -0.9796585347017327 -3.269358072161839e-8 0.2006717603103468
vn -0.7955750909804689 -9.870631270717667e-8 0.6058549947069919
vn -0.7955750909804689 -9.870631270717667e-8 0.6058549947069919
vn -0.453915290818483 -1.4516963540574725e-7 0.8910448410496247
vn -0.453915290818483 -1.4516963540574725e-7 0.8910448410496247
vn -0.7955750909804689 -9.870631270717667e-8 0.6058549947069919
vn -0.7955750909804689 -9.870631270717667e-8 0.6058549947069919
vn -0.453915290818483 -1.4516963540574725e-7 0.8910448410496247
vn -0.022350061891289977 -1.628799870306219e-7 0.9997502061682352
vn -0.453915290818483 -1.4516963540574725e-7 0.8910448410496247
vn -0.453915290818483 -1.4516963540574725e-7 0.8910448410496247
vn -0.022350061891289977 -1.628799870306219e-7 0.9997502061682352
vn -0.453915290818483 -1.4516963540574725e-7 0.8910448410496247
vn -0.022350061891289977 -1.628799870306219e-7 0.9997502061682352
vn -0.022350061891289977 -1.628799870306219e-7 0.9997502061682352
vn 0.4136356789239816 -1.4832991327378885e-7 0.9104424886400428
vn 0.4136356789239816 -1.4832991327378885e-7 0.9104424886400428
vn -0.022350061891289977 -1.628799870306219e-7 0.9997502061682352
vn -0.022350061891289977 -1.628799870306219e-7 0.9997502061682352
vn 0.4136356789239816 -1.4832991327378885e-7 0.9104424886400428
vn 0.7676973762688993 -1.0440162307370294e-7 0.6408125611049125
vn 0.4136356789239816 -1.4832991327378885e-7 0.9104424886400428
vn 0.4136356789239816 -1.4832991327378885e-7 0.9104424886400428
vn 0.7676973762688993 -1.0440162307370294e-7 0.6408125611049125
vn 0.4136356789239816 -1.4832991327378885e-7 0.9104424886400428
vn 0.7676973762688993 -1.0440162307370294e-7 0.6408125611049125
vn 0.7676973762688993 -1.0440162307370294e-7 0.6408125611049125
vn 0.9697102001626463 -3.979473278336138e-8 0.24425832166073488
vn 0.9697102001626463 -3.979473278336138e-8 0.24425832166073488
vn 0.7676973762688993 -1.0440162307370294e-7 0.6408125611049125
vn 0.7676973762688993 -1.0440162307370294e-7 0.6408125611049125
vn 0.9697102001626463 -3.979473278336138e-8 0.24425832166073488
vn 0.9796585088661645 3.2693601270232994e-8 -0.2006718864368458
vn 0.9697102001626463 -3.979473278336138e-8 0.24425832166073488
vn 0.9697102001626463 -3.979473278336138e-8 0.24425832166073488
vn 0.9796585088661645 3.2693601270232994e-8 -0.2006718864368458
vn 0.9697102001626463 -3.979473278336138e-8 0.24425832166073488
vn 0.9796585088661645 3.2693601270232994e-8 -0.2006718864368458
vn 0.9796585088661645 3.2693601270232994e-8 -0.2006718864368458
vn 0.7955737764924904 9.870659392596354e-8 -0.6058567208156291
vn 0.7955737764924904 9.870659392596354e-8 -0.6058567208156291
vn 0.9796585088661645 3.2693601270232994e-8 -0.2006718864368458
vn 0.9796585088661645 3.2693601270232994e-8 -0.2006718864368458
vn 0.7955737764924904 9.870659392596354e-8 -0.6058567208156291
vn 0 -0.9999999999999143 -4.141364429166285e-7
vn 0 -0.9999999999994124 -0.0000010840439501607854
vn 0 -0.9999999999996532 -8.328284963885111e-7
vn 0 -0.9999999999999143 -4.141364429166285e-7
vn 0 -0.9999999999996532 -8.328284963885111e-7
vn 0 -0.9999999999993074 0.0000011768954180082605
vn 0 -0.9999999999999143 -4.141364429166285e-7
vn 0 -0.9999999999993074 0.0000011768954180082605
vn 0 -0.9999999999993074 0.0000011768947358872342
vn 0 -0.9999999999999143 -4.141364429166285e-7
vn 0 -0.9999999999993074 0.0000011768947358872342
vn 0 -0.9999999999999868 -1.6292067650525028e-7
vn 0 -0.9999999999999143 -4.141364429166285e-7
vn 0 -0.9999999999999868 -1.6292067650525028e-7
vn 0 -0.9999999999999868 -1.6292067650525028e-7
vn 0 -0.9999999999999143 -4.141364429166285e-7
vn 0 -0.9999999999999868 -1.6292067650525028e-7
vn 0 -0.999999999999999 4.642575524016453e-8
vn 0 -0.9999999999999143 -4.141364429166285e-7
vn 0 -0.999999999999999 4.642575524016453e-8
vn 0 -0.9999999999997433 7.163332695901002e-7
vn 0 -0.9999999999999143 -4.141364429166285e-7
vn 0 -0.9999999999997433 7.163332695901002e-7
vn 0 -0.9999999999998717 5.069872570650284e-7
vn 0 -0.9999999999999143 -4.141364429166285e-7
vn 0 -0.9999999999998717 5.069872570650284e-7
vn 0 -0.999999999998871 -0.0000015027369983917163
vn 0 -0.9999999999999143 -4.141364429166285e-7
vn 0 -0.999999999998871 -0.0000015027369983917163
vn 0 -0.999999999998871 -0.0000015027365436443654
vn 0 -0.9999999999999143 -4.141364429166285e-7
vn 0 -0.999999999998871 -0.0000015027365436443654
vn 0 -0.9999999999999868 -1.6292067650525028e-7
vn 0 -0.9999999999999143 -4.141364429166285e-7
vn 0 -0.9999999999999868 -1.6292067650525028e-7
vn 0 -0.9999999999999868 -1.6292067650525028e-7
vn 0 0.9999999999999868 1.6292067650525028e-7
vn 0 0.999999999999876 4.978741316996087e-7
vn 0 0.9999999999881835 -0.000004861402268682502
vn 0 0.9999999999999868 1.6292067650525028e-7
vn 0 0.9999999999881835 -0.000004861402268682502
vn 0 0.9999999999847525 0.000005522222343762706
vn 0 0.9999999999999868 1.6292067650525028e-7
vn 0 0.9999999999847525 0.000005522222343762706
vn 0 0.9999999999407968 0.000010881467621875344
vn 0 0.9999999999999868 1.6292067650525028e-7
vn 0 0.9999999999407968 0.000010881467621875344
vn 0 0.9999999999999868 1.6292067650525028e-7
vn 0 0.9999999999999868 1.6292067650525028e-7
vn 0 0.9999999999999868 1.6292067650525028e-7
vn 0 0.9999999999999868 1.6292067650525028e-7
vn 0 0.9999999999999868 1.6292067650525028e-7
vn 0 0.9999999999999868 1.6292067650525028e-7
vn 0 0.9999999999999868 1.6292067650525028e-7
vn 0 0.9999999999999868 1.6292067650525028e-7
vn 0 0.9999999999999868 1.6292067650525028e-7
vn 0 0.9999999999937993 -0.0000035215669611286382
vn 0 0.9999999999999868 1.6292067650525028e-7
vn 0 0.9999999999937993 -0.0000035215669611286382
vn 0 0.9999999999937993 -0.0000035215806035491657
vn 0 0.9999999999999868 1.6292067650525028e-7
vn 0 0.9999999999937993 -0.0000035215806035491657
vn 0 0.9999999999999868 1.6292067650525028e-7
vn 0 0.9999999999999868 1.6292067650525028e-7
vn 0 0.9999999999999868 1.6292067650525028e-7
vn 0 0.9999999999999868 1.6292067650525028e-7
vn 0 0.9999999999999868 1.6292067650525028e-7
vn 0 0.9999999999999868 1.6292067650525028e-7
vn 0 0.9999999999442897 -0.00001055559170811229
vn 0 0.9999999999999868 1.6292067650525028e-7
vn 0 0.9999999999442897 -0.00001055559170811229
vn 0 0.9999999999442896 -0.000010555596255585797
vn 0.4539153622498679 1.4516962947730545e-7 -0.8910448046611068
vn 0.7955737764924904 9.870659392596354e-8 -0.6058567208156291
vn 0.7955737764924904 9.870659392596354e-8 -0.6058567208156291
vn 0.4539153622498679 1.4516962947730545e-7 -0.8910448046611068
vn 0.7955737764924904 9.870659392596354e-8 -0.6058567208156291
vn 0.4539153622498679 1.4516962947730545e-7 -0.8910448046611068
vn 0.4539153622498679 1.4516962947730545e-7 -0.8910448046611068
vn 0.02235005816786052 1.6287998704418338e-7 -0.9997502062514749
vn 0.02235005816786052 1.6287998704418338e-7 -0.9997502062514749
vn 0.4539153622498679 1.4516962947730545e-7 -0.8910448046611068
vn 0.4539153622498679 1.4516962947730545e-7 -0.8910448046611068
vn 0.02235005816786052 1.6287998704418338e-7 -0.9997502062514749
vn -0.41363570362729135 1.483299114452809e-7 -0.9104424774167414
vn 0.02235005816786052 1.6287998704418338e-7 -0.9997502062514749
vn 0.02235005816786052 1.6287998704418338e-7 -0.9997502062514749
vn -0.41363570362729135 1.483299114452809e-7 -0.9104424774167414
vn 0.02235005816786052 1.6287998704418338e-7 -0.9997502062514749
vn -0.41363570362729135 1.483299114452809e-7 -0.9104424774167414
vn -0.41363570362729135 1.483299114452809e-7 -0.9104424774167414
vn -0.7676974055914112 1.0440161735053597e-7 -0.6408125259763617
vn -0.7676974055914112 1.0440161735053597e-7 -0.6408125259763617
vn -0.41363570362729135 1.483299114452809e-7 -0.9104424774167414
vn -0.41363570362729135 1.483299114452809e-7 -0.9104424774167414
vn -0.7676974055914112 1.0440161735053597e-7 -0.6408125259763617
vn -0.9697099494620194 3.979489671208008e-8 -0.2442593169448531
vn -0.7676974055914112 1.0440161735053597e-7 -0.6408125259763617
vn -0.7676974055914112 1.0440161735053597e-7 -0.6408125259763617
vn -0.9697099494620194 3.979489671208008e-8 -0.2442593169448531
vn -0.7676974055914112 1.0440161735053597e-7 -0.6408125259763617
vn -0.9697099494620194 3.979489671208008e-8 -0.2442593169448531
vn -0.9697099494620194 3.979489671208008e-8 -0.2442593169448531
vn -0.9796585347017327 -3.269358072161839e-8 0.2006717603103468
vn -0.9796585347017327 -3.269358072161839e-8 0.2006717603103468
vn -0.9697099494620194 3.979489671208008e-8 -0.2442593169448531
vn -0.9697099494620194 3.979489671208008e-8 -0.2442593169448531
vn -0.9796585347017327 -3.269358072161839e-8 0.2006717603103468
vn -0.7955750909804689 -9.870631270717667e-8 0.6058549947069919
vn -0.9796585347017327 -3.269358072161839e-8 0.2006717603103468
vn -0.9796585347017327 -3.269358072161839e-8 0.2006717603103468
vn -0.7955750909804689 -9.870631270717667e-8 0.6058549947069919
vn -0.9796585347017327 -3.269358072161839e-8 0.2006717603103468
vn -0.7955750909804689 -9.870631270717667e-8 0.6058549947069919
vn -0.7955750909804689 -9.870631270717667e-8 0.6058549947069919
vn -0.453915290818483 -1.4516963540574725e-7 0.8910448410496247
vn -0.453915290818483 -1.4516963540574725e-7 0.8910448410496247
vn -0.7955750909804689 -9.870631270717667e-8 0.6058549947069919
vn -0.7955750909804689 -9.870631270717667e-8 0.6058549947069919
vn -0.453915290818483 -1.4516963540574725e-7 0.8910448410496247
vn -0.022350061891289977 -1.628799870306219e-7 0.9997502061682352
vn -0.453915290818483 -1.4516963540574725e-7 0.8910448410496247
vn -0.453915290818483 -1.4516963540574725e-7 0.8910448410496247
vn -0.022350061891289977 -1.628799870306219e-7 0.9997502061682352
vn -0.453915290818483 -1.4516963540574725e-7 0.8910448410496247
vn -0.022350061891289977 -1.628799870306219e-7 0.9997502061682352
vn -0.022350061891289977 -1.628799870306219e-7 0.9997502061682352
vn 0.4136356789239816 -1.4832991327378885e-7 0.9104424886400428
vn 0.4136356789239816 -1.4832991327378885e-7 0.9104424886400428
vn -0.022350061891289977 -1.628799870306219e-7 0.9997502061682352
vn -0.022350061891289977 -1.628799870306219e-7 0.9997502061682352
vn 0.4136356789239816 -1.4832991327378885e-7 0.9104424886400428
vn 0.7676973762688993 -1.0440162307370294e-7 0.6408125611049125
vn 0.4136356789239816 -1.4832991327378885e-7 0.9104424886400428
vn 0.4136356789239816 -1.4832991327378885e-7 0.9104424886400428
vn 0.7676973762688993 -1.0440162307370294e-7 0.6408125611049125
vn 0.4136356789239816 -1.4832991327378885e-7 0.9104424886400428
vn 0.7676973762688993 -1.0440162307370294e-7 0.6408125611049125
vn 0.7676973762688993 -1.0440162307370294e-7 0.6408125611049125
vn 0.9697102001626463 -3.979473278336138e-8 0.24425832166073488
vn 0.9697102001626463 -3.979473278336138e-8 0.24425832166073488
vn 0.7676973762688993 -1.0440162307370294e-7 0.6408125611049125
vn 0.7676973762688993 -1.0440162307370294e-7 0.6408125611049125
vn 0.9697102001626463 -3.979473278336138e-8 0.24425832166073488
vn 0.9796585088661645 3.2693601270232994e-8 -0.2006718864368458
vn 0.9697102001626463 -3.979473278336138e-8 0.24425832166073488
vn 0.9697102001626463 -3.979473278336138e-8 0.24425832166073488
vn 0.9796585088661645 3.2693601270232994e-8 -0.2006718864368458
vn 0.9697102001626463 -3.979473278336138e-8 0.24425832166073488
vn 0.9796585088661645 3.2693601270232994e-8 -0.2006718864368458
vn 0.9796585088661645 3.2693601270232994e-8 -0.2006718864368458
vn 0.7955737764924904 9.870659392596354e-8 -0.6058567208156291
vn 0.7955737764924904 9.870659392596354e-8 -0.6058567208156291
vn 0.9796585088661645 3.2693601270232994e-8 -0.2006718864368458
vn 0.9796585088661645 3.2693601270232994e-8 -0.2006718864368458
vn 0.7955737764924904 9.870659392596354e-8 -0.6058567208156291
vn 0 -0.9999999999999868 -1.6292067650525028e-7
vn 0 -0.999999999999999 4.642575524016453e-8
vn 0 -0.9999999999997433 7.163332695901002e-7
vn 0 -0.9999999999999868 -1.6292067650525028e-7
vn 0 -0.9999999999997433 7.163332695901002e-7
vn 0 -0.9999999999998717 5.069872570650284e-7
vn 0 -0.9999999999999868 -1.6292067650525028e-7
vn 0 -0.9999999999998717 5.069872570650284e-7
vn 0 -0.999999999998871 -0.0000015027369983917163
vn 0 -0.9999999999999868 -1.6292067650525028e-7
vn 0 -0.999999999998871 -0.0000015027369983917163
vn 0 -0.999999999998871 -0.0000015027365436443654
vn 0 -0.9999999999999868 -1.6292067650525028e-7
vn 0 -0.999999999998871 -0.0000015027365436443654
vn 0 -0.9999999999999868 -1.6292067650525028e-7
vn 0 -0.9999999999999868 -1.6292067650525028e-7
vn 0 -0.9999999999999868 -1.6292067650525028e-7
vn 0 -0.9999999999999868 -1.6292067650525028e-7
vn 0 -0.9999999999999868 -1.6292067650525028e-7
vn 0 -0.9999999999999868 -1.6292067650525028e-7
vn 0 -0.9999999999999143 -4.141364429166285e-7
vn 0 -0.9999999999999868 -1.6292067650525028e-7
vn 0 -0.9999999999999143 -4.141364429166285e-7
vn 0 -0.9999999999994124 -0.0000010840439501607854
vn 0 -0.9999999999999868 -1.6292067650525028e-7
vn 0 -0.9999999999994124 -0.0000010840439501607854
vn 0 -0.9999999999996532 -8.328284963885111e-7
vn 0 -0.9999999999999868 -1.6292067650525028e-7
vn 0 -0.9999999999996532 -8.328284963885111e-7
vn 0 -0.9999999999993074 0.0000011768954180082605
vn 0 -0.9999999999999868 -1.6292067650525028e-7
vn 0 -0.9999999999993074 0.0000011768954180082605
vn 0 -0.9999999999993074 0.0000011768947358872342
vn 0 -0.9999999999999868 -1.6292067650525028e-7
vn 0 -0.9999999999993074 0.0000011768947358872342
vn 0 -0.9999999999999868 -1.6292067650525028e-7
vn 0 0.9999999999999868 1.6292067650525028e-7
vn 0 0.9999999999999868 1.6292067650525028e-7
vn 0 0.9999999999442897 -0.00001055559170811229
vn 0 0.9999999999999868 1.6292067650525028e-7
vn 0 0.9999999999442897 -0.00001055559170811229
vn 0 0.9999999999442896 -0.000010555596255585797
vn 0 0.9999999999999868 1.6292067650525028e-7
vn 0 0.9999999999442896 -0.000010555596255585797
vn 0 0.9999999999999868 1.6292067650525028e-7
vn 0 0.9999999999999868 1.6292067650525028e-7
vn 0 0.9999999999999868 1.6292067650525028e-7
vn 0 0.999999999999876 4.978741316996087e-7
vn 0 0.9999999999999868 1.6292067650525028e-7
vn 0 0.999999999999876 4.978741316996087e-7
vn 0 0.9999999999881835 -0.000004861402268682502
vn 0 0.9999999999999868 1.6292067650525028e-7
vn 0 0.9999999999881835 -0.000004861402268682502
vn 0 0.9999999999847525 0.000005522222343762706
vn 0 0.9999999999999868 1.6292067650525028e-7
vn 0 0.9999999999847525 0.000005522222343762706
vn 0 0.9999999999407968 0.000010881467621875344
vn 0 0.9999999999999868 1.6292067650525028e-7
vn 0 0.9999999999407968 0.000010881467621875344
vn 0 0.9999999999999868 1.6292067650525028e-7
vn 0 0.9999999999999868 1.6292067650525028e-7
vn 0 0.9999999999999868 1.6292067650525028e-7
vn 0 0.9999999999999868 1.6292067650525028e-7
vn 0 0.9999999999999868 1.6292067650525028e-7
vn 0 0.9999999999999868 1.6292067650525028e-7
vn 0 0.9999999999999868 1.6292067650525028e-7
vn 0 0.9999999999999868 1.6292067650525028e-7
vn 0 0.9999999999999868 1.6292067650525028e-7
vn 0 0.9999999999937993 -0.0000035215669611286382
vn 0 0.9999999999999868 1.6292067650525028e-7
vn 0 0.9999999999937993 -0.0000035215669611286382
vn 0 0.9999999999937993 -0.0000035215806035491657
vn 0.4539153622498679 1.4516962947730545e-7 -0.8910448046611068
vn 0.7955737764924904 9.870659392596354e-8 -0.6058567208156291
vn 0.7955737764924904 9.870659392596354e-8 -0.6058567208156291
vn 0.4539153622498679 1.4516962947730545e-7 -0.8910448046611068
vn 0.7955737764924904 9.870659392596354e-8 -0.6058567208156291
vn 0.4539153622498679 1.4516962947730545e-7 -0.8910448046611068
vn 0.4539153622498679 1.4516962947730545e-7 -0.8910448046611068
vn 0.02235005816786052 1.6287998704418338e-7 -0.9997502062514749
vn 0.02235005816786052 1.6287998704418338e-7 -0.9997502062514749
vn 0.4539153622498679 1.4516962947730545e-7 -0.8910448046611068
vn 0.4539153622498679 1.4516962947730545e-7 -0.8910448046611068
vn 0.02235005816786052 1.6287998704418338e-7 -0.9997502062514749
vn -0.41363570362729135 1.483299114452809e-7 -0.9104424774167414
vn 0.02235005816786052 1.6287998704418338e-7 -0.9997502062514749
vn 0.02235005816786052 1.6287998704418338e-7 -0.9997502062514749
vn -0.41363570362729135 1.483299114452809e-7 -0.9104424774167414
vn 0.02235005816786052 1.6287998704418338e-7 -0.9997502062514749
vn -0.41363570362729135 1.483299114452809e-7 -0.9104424774167414
vn -0.41363570362729135 1.483299114452809e-7 -0.9104424774167414
vn -0.7676974055914112 1.0440161735053597e-7 -0.6408125259763617
vn -0.7676974055914112 1.0440161735053597e-7 -0.6408125259763617
vn -0.41363570362729135 1.483299114452809e-7 -0.9104424774167414
vn -0.41363570362729135 1.483299114452809e-7 -0.9104424774167414
vn -0.7676974055914112 1.0440161735053597e-7 -0.6408125259763617
vn -0.9697099494620194 3.979489671208008e-8 -0.2442593169448531
vn -0.7676974055914112 1.0440161735053597e-7 -0.6408125259763617
vn -0.7676974055914112 1.0440161735053597e-7 -0.6408125259763617
vn -0.9697099494620194 3.979489671208008e-8 -0.2442593169448531
vn -0.7676974055914112 1.0440161735053597e-7 -0.6408125259763617
vn -0.9697099494620194 3.979489671208008e-8 -0.2442593169448531
vn -0.9697099494620194 3.979489671208008e-8 -0.2442593169448531
vn -0.9796585347017327 -3.269358072161839e-8 0.2006717603103468
vn -0.9796585347017327 -3.269358072161839e-8 0.2006717603103468
vn -0.9697099494620194 3.979489671208008e-8 -0.2442593169448531
vn -0.9697099494620194 3.979489671208008e-8 -0.2442593169448531
vn -0.9796585347017327 -3.269358072161839e-8 0.2006717603103468
vn -0.7955750909804689 -9.870631270717667e-8 0.6058549947069919
vn -0.9796585347017327 -3.269358072161839e-8 0.2006717603103468
vn -0.9796585347017327 -3.269358072161839e-8 0.2006717603103468
vn -0.7955750909804689 -9.870631270717667e-8 0.6058549947069919
vn -0.9796585347017327 -3.269358072161839e-8 0.2006717603103468
vn -0.7955750909804689 -9.870631270717667e-8 0.6058549947069919
vn -0.7955750909804689 -9.870631270717667e-8 0.6058549947069919
vn -0.453915290818483 -1.4516963540574725e-7 0.8910448410496247
vn -0.453915290818483 -1.4516963540574725e-7 0.8910448410496247
vn -0.7955750909804689 -9.870631270717667e-8 0.6058549947069919
vn -0.7955750909804689 -9.870631270717667e-8 0.6058549947069919
vn -0.453915290818483 -1.4516963540574725e-7 0.8910448410496247
vn -0.022350061891289977 -1.628799870306219e-7 0.9997502061682352
vn -0.453915290818483 -1.4516963540574725e-7 0.8910448410496247
vn -0.453915290818483 -1.4516963540574725e-7 0.8910448410496247
vn -0.022350061891289977 -1.628799870306219e-7 0.9997502061682352
vn -0.453915290818483 -1.4516963540574725e-7 0.8910448410496247
vn -0.022350061891289977 -1.628799870306219e-7 0.9997502061682352
vn -0.022350061891289977 -1.628799870306219e-7 0.9997502061682352
vn 0.4136356789239816 -1.4832991327378885e-7 0.9104424886400428
vn 0.4136356789239816 -1.4832991327378885e-7 0.9104424886400428
vn -0.022350061891289977 -1.628799870306219e-7 0.9997502061682352
vn -0.022350061891289977 -1.628799870306219e-7 0.9997502061682352
vn 0.4136356789239816 -1.4832991327378885e-7 0.9104424886400428
vn 0.7676973762688993 -1.0440162307370294e-7 0.6408125611049125
vn 0.4136356789239816 -1.4832991327378885e-7 0.9104424886400428
vn 0.4136356789239816 -1.4832991327378885e-7 0.9104424886400428
vn 0.7676973762688993 -1.0440162307370294e-7 0.6408125611049125
vn 0.4136356789239816 -1.4832991327378885e-7 0.9104424886400428
vn 0.7676973762688993 -1.0440162307370294e-7 0.6408125611049125
vn 0.7676973762688993 -1.0440162307370294e-7 0.6408125611049125
vn 0.9697102001626463 -3.979473278336138e-8 0.24425832166073488
vn 0.9697102001626463 -3.979473278336138e-8 0.24425832166073488
vn 0.7676973762688993 -1.0440162307370294e-7 0.6408125611049125
vn 0.7676973762688993 -1.0440162307370294e-7 0.6408125611049125
vn 0.9697102001626463 -3.979473278336138e-8 0.24425832166073488
vn 0.9796585088661645 3.2693601270232994e-8 -0.2006718864368458
vn 0.9697102001626463 -3.979473278336138e-8 0.24425832166073488
vn 0.9697102001626463 -3.979473278336138e-8 0.24425832166073488
vn 0.9796585088661645 3.2693601270232994e-8 -0.2006718864368458
vn 0.9697102001626463 -3.979473278336138e-8 0.24425832166073488
vn 0.9796585088661645 3.2693601270232994e-8 -0.2006718864368458
vn 0.9796585088661645 3.2693601270232994e-8 -0.2006718864368458
vn 0.7955737764924904 9.870659392596354e-8 -0.6058567208156291
vn 0.7955737764924904 9.870659392596354e-8 -0.6058567208156291
vn 0.9796585088661645 3.2693601270232994e-8 -0.2006718864368458
vn 0.9796585088661645 3.2693601270232994e-8 -0.2006718864368458
vn 0.7955737764924904 9.870659392596354e-8 -0.6058567208156291
vn 0 -0.9999999999999143 -4.141364429166285e-7
vn 0 -0.9999999999994124 -0.0000010840439501607854
vn 0 -0.9999999999996532 -8.328284963885111e-7
vn 0 -0.9999999999999143 -4.141364429166285e-7
vn 0 -0.9999999999996532 -8.328284963885111e-7
vn 0 -0.9999999999993074 0.0000011768954180082605
vn 0 -0.9999999999999143 -4.141364429166285e-7
vn 0 -0.9999999999993074 0.0000011768954180082605
vn 0 -0.9999999999993074 0.0000011768947358872342
vn 0 -0.9999999999999143 -4.141364429166285e-7
vn 0 -0.9999999999993074 0.0000011768947358872342
vn 0 -0.9999999999999868 -1.6292067650525028e-7
vn 0 -0.9999999999999143 -4.141364429166285e-7
vn 0 -0.9999999999999868 -1.6292067650525028e-7
vn 0 -0.9999999999999868 -1.6292067650525028e-7
vn 0 -0.9999999999999143 -4.141364429166285e-7
vn 0 -0.9999999999999868 -1.6292067650525028e-7
vn 0 -0.999999999999999 4.642575524016453e-8
vn 0 -0.9999999999999143 -4.141364429166285e-7
vn 0 -0.999999999999999 4.642575524016453e-8
vn 0 -0.9999999999997433 7.163332695901002e-7
vn 0 -0.9999999999999143 -4.141364429166285e-7
vn 0 -0.9999999999997433 7.163332695901002e-7
vn 0 -0.9999999999998717 5.069872570650284e-7
vn 0 -0.9999999999999143 -4.141364429166285e-7
vn 0 -0.9999999999998717 5.069872570650284e-7
vn 0 -0.999999999998871 -0.0000015027369983917163
vn 0 -0.9999999999999143 -4.141364429166285e-7
vn 0 -0.999999999998871 -0.0000015027369983917163
vn 0 -0.999999999998871 -0.0000015027365436443654
vn 0 -0.9999999999999143 -4.141364429166285e-7
vn 0 -0.999999999998871 -0.0000015027365436443654
vn 0 -0.9999999999999868 -1.6292067650525028e-7
vn 0 -0.9999999999999143 -4.141364429166285e-7
vn 0 -0.9999999999999868 -1.6292067650525028e-7
vn 0 -0.9999999999999868 -1.6292067650525028e-7
vn 0 0.9999999999937993 -0.0000035215669611286382
vn 0 0.9999999999937993 -0.0000035215806035491657
vn 0 0.9999999999999868 1.6292067650525028e-7
vn 0 0.9999999999937993 -0.0000035215669611286382
vn 0 0.9999999999999868 1.6292067650525028e-7
vn 0 0.9999999999999868 1.6292067650525028e-7
vn 0 0.9999999999937993 -0.0000035215669611286382
vn 0 0.9999999999999868 1.6292067650525028e-7
vn 0 0.9999999999442897 -0.00001055559170811229
vn 0 0.9999999999937993 -0.0000035215669611286382
vn 0 0.9999999999442897 -0.00001055559170811229
vn 0 0.9999999999442896 -0.000010555596255585797
vn 0 0.9999999999937993 -0.0000035215669611286382
vn 0 0.9999999999442896 -0.000010555596255585797
vn 0 0.9999999999999868 1.6292067650525028e-7
vn 0 0.9999999999937993 -0.0000035215669611286382
vn 0 0.9999999999999868 1.6292067650525028e-7
vn 0 0.999999999999876 4.978741316996087e-7
vn 0 0.9999999999937993 -0.0000035215669611286382
vn 0 0.999999999999876 4.978741316996087e-7
vn 0 0.9999999999881835 -0.000004861402268682502
vn 0 0.9999999999937993 -0.0000035215669611286382
vn 0 0.9999999999881835 -0.000004861402268682502
vn 0 0.9999999999847525 0.000005522222343762706
vn 0 0.9999999999937993 -0.0000035215669611286382
vn 0 0.9999999999847525 0.000005522222343762706
vn 0 0.9999999999407968 0.000010881467621875344
vn 0 0.9999999999937993 -0.0000035215669611286382
vn 0 0.9999999999407968 0.000010881467621875344
vn 0 0.9999999999999868 1.6292067650525028e-7
vn 0 0.9999999999937993 -0.0000035215669611286382
vn 0 0.9999999999999868 1.6292067650525028e-7
vn 0 0.9999999999999868 1.6292067650525028e-7
vn 0 0.9999999999937993 -0.0000035215669611286382
vn 0 0.9999999999999868 1.6292067650525028e-7
vn 0 0.9999999999999868 1.6292067650525028e-7
vn 0.4539153622498679 1.4516962947730545e-7 -0.8910448046611068
vn 0.7955737764924904 9.870659392596354e-8 -0.6058567208156291
vn 0.7955737764924904 9.870659392596354e-8 -0.6058567208156291
vn 0.4539153622498679 1.4516962947730545e-7 -0.8910448046611068
vn 0.7955737764924904 9.870659392596354e-8 -0.6058567208156291
vn 0.4539153622498679 1.4516962947730545e-7 -0.8910448046611068
vn 0.4539153622498679 1.4516962947730545e-7 -0.8910448046611068
vn 0.02235005816786052 1.6287998704418338e-7 -0.9997502062514749
vn 0.02235005816786052 1.6287998704418338e-7 -0.9997502062514749
vn 0.4539153622498679 1.4516962947730545e-7 -0.8910448046611068
vn 0.4539153622498679 1.4516962947730545e-7 -0.8910448046611068
vn 0.02235005816786052 1.6287998704418338e-7 -0.9997502062514749
vn -0.41363570362729135 1.483299114452809e-7 -0.9104424774167414
vn 0.02235005816786052 1.6287998704418338e-7 -0.9997502062514749
vn 0.02235005816786052 1.6287998704418338e-7 -0.9997502062514749
vn -0.41363570362729135 1.483299114452809e-7 -0.9104424774167414
vn 0.02235005816786052 1.6287998704418338e-7 -0.9997502062514749
vn -0.41363570362729135 1.483299114452809e-7 -0.9104424774167414
vn -0.41363570362729135 1.483299114452809e-7 -0.9104424774167414
vn -0.7676974055914112 1.0440161735053597e-7 -0.6408125259763617
vn -0.7676974055914112 1.0440161735053597e-7 -0.6408125259763617
vn -0.41363570362729135 1.483299114452809e-7 -0.9104424774167414
vn -0.41363570362729135 1.483299114452809e-7 -0.9104424774167414
vn -0.7676974055914112 1.0440161735053597e-7 -0.6408125259763617
vn -0.9697099494620194 3.979489671208008e-8 -0.2442593169448531
vn -0.7676974055914112 1.0440161735053597e-7 -0.6408125259763617
vn -0.7676974055914112 1.0440161735053597e-7 -0.6408125259763617
vn -0.9697099494620194 3.979489671208008e-8 -0.2442593169448531
vn -0.7676974055914112 1.0440161735053597e-7 -0.6408125259763617
vn -0.9697099494620194 3.979489671208008e-8 -0.2442593169448531
vn -0.9697099494620194 3.979489671208008e-8 -0.2442593169448531
vn -0.9796585347017327 -3.269358072161839e-8 0.2006717603103468
vn -0.9796585347017327 -3.269358072161839e-8 0.2006717603103468
vn -0.9697099494620194 3.979489671208008e-8 -0.2442593169448531
vn -0.9697099494620194 3.979489671208008e-8 -0.2442593169448531
vn -0.9796585347017327 -3.269358072161839e-8 0.2006717603103468
vn -0.7955750909804689 -9.870631270717667e-8 0.6058549947069919
vn -0.9796585347017327 -3.269358072161839e-8 0.2006717603103468
vn -0.9796585347017327 -3.269358072161839e-8 0.2006717603103468
vn -0.7955750909804689 -9.870631270717667e-8 0.6058549947069919
vn -0.9796585347017327 -3.269358072161839e-8 0.2006717603103468
vn -0.7955750909804689 -9.870631270717667e-8 0.6058549947069919
vn -0.7955750909804689 -9.870631270717667e-8 0.6058549947069919
vn -0.453915290818483 -1.4516963540574725e-7 0.8910448410496247
vn -0.453915290818483 -1.4516963540574725e-7 0.8910448410496247
vn -0.7955750909804689 -9.870631270717667e-8 0.6058549947069919
vn -0.7955750909804689 -9.870631270717667e-8 0.6058549947069919
vn -0.453915290818483 -1.4516963540574725e-7 0.8910448410496247
vn -0.022350061891289977 -1.628799870306219e-7 0.9997502061682352
vn -0.453915290818483 -1.4516963540574725e-7 0.8910448410496247
vn -0.453915290818483 -1.4516963540574725e-7 0.8910448410496247
vn -0.022350061891289977 -1.628799870306219e-7 0.9997502061682352
vn -0.453915290818483 -1.4516963540574725e-7 0.8910448410496247
vn -0.022350061891289977 -1.628799870306219e-7 0.9997502061682352
vn -0.022350061891289977 -1.628799870306219e-7 0.9997502061682352
vn 0.4136356789239816 -1.4832991327378885e-7 0.9104424886400428
vn 0.4136356789239816 -1.4832991327378885e-7 0.9104424886400428
vn -0.022350061891289977 -1.628799870306219e-7 0.9997502061682352
vn -0.022350061891289977 -1.628799870306219e-7 0.9997502061682352
vn 0.4136356789239816 -1.4832991327378885e-7 0.9104424886400428
vn 0.7676973762688993 -1.0440162307370294e-7 0.6408125611049125
vn 0.4136356789239816 -1.4832991327378885e-7 0.9104424886400428
vn 0.4136356789239816 -1.4832991327378885e-7 0.9104424886400428
vn 0.7676973762688993 -1.0440162307370294e-7 0.6408125611049125
vn 0.4136356789239816 -1.4832991327378885e-7 0.9104424886400428
vn 0.7676973762688993 -1.0440162307370294e-7 0.6408125611049125
vn 0.7676973762688993 -1.0440162307370294e-7 0.6408125611049125
vn 0.9697102001626463 -3.979473278336138e-8 0.24425832166073488
vn 0.9697102001626463 -3.979473278336138e-8 0.24425832166073488
vn 0.7676973762688993 -1.0440162307370294e-7 0.6408125611049125
vn 0.7676973762688993 -1.0440162307370294e-7 0.6408125611049125
vn 0.9697102001626463 -3.979473278336138e-8 0.24425832166073488
vn 0.9796585088661645 3.2693601270232994e-8 -0.2006718864368458
vn 0.9697102001626463 -3.979473278336138e-8 0.24425832166073488
vn 0.9697102001626463 -3.979473278336138e-8 0.24425832166073488
vn 0.9796585088661645 3.2693601270232994e-8 -0.2006718864368458
vn 0.9697102001626463 -3.979473278336138e-8 0.24425832166073488
vn 0.9796585088661645 3.2693601270232994e-8 -0.2006718864368458
vn 0.9796585088661645 3.2693601270232994e-8 -0.2006718864368458
vn 0.7955737764924904 9.870659392596354e-8 -0.6058567208156291
vn 0.7955737764924904 9.870659392596354e-8 -0.6058567208156291
vn 0.9796585088661645 3.2693601270232994e-8 -0.2006718864368458
vn 0.9796585088661645 3.2693601270232994e-8 -0.2006718864368458
vn 0.7955737764924904 9.870659392596354e-8 -0.6058567208156291
vn 0 -0.9999999999999143 -4.141364429166285e-7
vn 0 -0.9999999999994124 -0.0000010840439501607854
vn 0 -0.9999999999996532 -8.328284963885111e-7
vn 0 -0.9999999999999143 -4.141364429166285e-7
vn 0 -0.9999999999996532 -8.328284963885111e-7
vn 0 -0.9999999999993074 0.0000011768954180082605
vn 0 -0.9999999999999143 -4.141364429166285e-7
vn 0 -0.9999999999993074 0.0000011768954180082605
vn 0 -0.9999999999993074 0.0000011768947358872342
vn 0 -0.9999999999999143 -4.141364429166285e-7
vn 0 -0.9999999999993074 0.0000011768947358872342
vn 0 -0.9999999999999868 -1.6292067650525028e-7
vn 0 -0.9999999999999143 -4.141364429166285e-7
vn 0 -0.9999999999999868 -1.6292067650525028e-7
vn 0 -0.9999999999999868 -1.6292067650525028e-7
vn 0 -0.9999999999999143 -4.141364429166285e-7
vn 0 -0.9999999999999868 -1.6292067650525028e-7
vn 0 -0.999999999999999 4.642575524016453e-8
vn 0 -0.9999999999999143 -4.141364429166285e-7
vn 0 -0.999999999999999 4.642575524016453e-8
vn 0 -0.9999999999997433 7.163332695901002e-7
vn 0 -0.9999999999999143 -4.141364429166285e-7
vn 0 -0.9999999999997433 7.163332695901002e-7
vn 0 -0.9999999999998717 5.069872570650284e-7
vn 0 -0.9999999999999143 -4.141364429166285e-7
vn 0 -0.9999999999998717 5.069872570650284e-7
vn 0 -0.999999999998871 -0.0000015027369983917163
vn 0 -0.9999999999999143 -4.141364429166285e-7
vn 0 -0.999999999998871 -0.0000015027369983917163
vn 0 -0.999999999998871 -0.0000015027365436443654
vn 0 -0.9999999999999143 -4.141364429166285e-7
vn 0 -0.999999999998871 -0.0000015027365436443654
vn 0 -0.9999999999999868 -1.6292067650525028e-7
vn 0 -0.9999999999999143 -4.141364429166285e-7
vn 0 -0.9999999999999868 -1.6292067650525028e-7
vn 0 -0.9999999999999868 -1.6292067650525028e-7
vn 0 0.9999999999999868 1.6292067650525028e-7
vn 0 0.9999999999999868 1.6292067650525028e-7
vn 0 0.9999999999442897 -0.00001055559170811229
vn 0 0.9999999999999868 1.6292067650525028e-7
vn 0 0.9999999999442897 -0.00001055559170811229
vn 0 0.9999999999442896 -0.000010555596255585797
vn 0 0.9999999999999868 1.6292067650525028e-7
vn 0 0.9999999999442896 -0.000010555596255585797
vn 0 0.9999999999999868 1.6292067650525028e-7
vn 0 0.9999999999999868 1.6292067650525028e-7
vn 0 0.9999999999999868 1.6292067650525028e-7
vn 0 0.999999999999876 4.978741316996087e-7
vn 0 0.9999999999999868 1.6292067650525028e-7
vn 0 0.999999999999876 4.978741316996087e-7
vn 0 0.9999999999881835 -0.000004861402268682502
vn 0 0.9999999999999868 1.6292067650525028e-7
vn 0 0.9999999999881835 -0.000004861402268682502
vn 0 0.9999999999847525 0.000005522222343762706
vn 0 0.9999999999999868 1.6292067650525028e-7
vn 0 0.9999999999847525 0.000005522222343762706
vn 0 0.9999999999407968 0.000010881467621875344
vn 0 0.9999999999999868 1.6292067650525028e-7
vn 0 0.9999999999407968 0.000010881467621875344
vn 0 0.9999999999999868 1.6292067650525028e-7
vn 0 0.9999999999999868 1.6292067650525028e-7
vn 0 0.9999999999999868 1.6292067650525028e-7
vn 0 0.9999999999999868 1.6292067650525028e-7
vn 0 0.9999999999999868 1.6292067650525028e-7
vn 0 0.9999999999999868 1.6292067650525028e-7
vn 0 0.9999999999999868 1.6292067650525028e-7
vn 0 0.9999999999999868 1.6292067650525028e-7
vn 0 0.9999999999999868 1.6292067650525028e-7
vn 0 0.9999999999937993 -0.0000035215669611286382
vn 0 0.9999999999999868 1.6292067650525028e-7
vn 0 0.9999999999937993 -0.0000035215669611286382
vn 0 0.9999999999937993 -0.0000035215806035491657
vn 0.4539153622498679 1.4516962947730545e-7 -0.8910448046611068
vn 0.7955737764924904 9.870659392596354e-8 -0.6058567208156291
vn 0.7955737764924904 9.870659392596354e-8 -0.6058567208156291
vn 0.4539153622498679 1.4516962947730545e-7 -0.8910448046611068
vn 0.7955737764924904 9.870659392596354e-8 -0.6058567208156291
vn 0.4539153622498679 1.4516962947730545e-7 -0.8910448046611068
vn 0.4539153622498679 1.4516962947730545e-7 -0.8910448046611068
vn 0.02235005816786052 1.6287998704418338e-7 -0.9997502062514749
vn 0.02235005816786052 1.6287998704418338e-7 -0.9997502062514749
vn 0.4539153622498679 1.4516962947730545e-7 -0.8910448046611068
vn 0.4539153622498679 1.4516962947730545e-7 -0.8910448046611068
vn 0.02235005816786052 1.6287998704418338e-7 -0.9997502062514749
vn -0.41363570362729135 1.483299114452809e-7 -0.9104424774167414
vn 0.02235005816786052 1.6287998704418338e-7 -0.9997502062514749
vn 0.02235005816786052 1.6287998704418338e-7 -0.9997502062514749
vn -0.41363570362729135 1.483299114452809e-7 -0.9104424774167414
vn 0.02235005816786052 1.6287998704418338e-7 -0.9997502062514749
vn -0.41363570362729135 1.483299114452809e-7 -0.9104424774167414
vn -0.41363570362729135 1.483299114452809e-7 -0.9104424774167414
vn -0.7676974055914112 1.0440161735053597e-7 -0.6408125259763617
vn -0.7676974055914112 1.0440161735053597e-7 -0.6408125259763617
vn -0.41363570362729135 1.483299114452809e-7 -0.9104424774167414
vn -0.41363570362729135 1.483299114452809e-7 -0.9104424774167414
vn -0.7676974055914112 1.0440161735053597e-7 -0.6408125259763617
vn -0.9697099494620194 3.979489671208008e-8 -0.2442593169448531
vn -0.7676974055914112 1.0440161735053597e-7 -0.6408125259763617
vn -0.7676974055914112 1.0440161735053597e-7 -0.6408125259763617
vn -0.9697099494620194 3.979489671208008e-8 -0.2442593169448531
vn -0.7676974055914112 1.0440161735053597e-7 -0.6408125259763617
vn -0.9697099494620194 3.979489671208008e-8 -0.2442593169448531
vn -0.9697099494620194 3.979489671208008e-8 -0.2442593169448531
vn -0.9796585347017327 -3.269358072161839e-8 0.2006717603103468
vn -0.9796585347017327 -3.269358072161839e-8 0.2006717603103468
vn -0.9697099494620194 3.979489671208008e-8 -0.2442593169448531
vn -0.9697099494620194 3.979489671208008e-8 -0.2442593169448531
vn -0.9796585347017327 -3.269358072161839e-8 0.2006717603103468
vn -0.7955750909804689 -9.870631270717667e-8 0.6058549947069919
vn -0.9796585347017327 -3.269358072161839e-8 0.2006717603103468
vn -0.9796585347017327 -3.269358072161839e-8 0.2006717603103468
vn -0.7955750909804689 -9.870631270717667e-8 0.6058549947069919
vn -0.9796585347017327 -3.269358072161839e-8 0.2006717603103468
vn -0.7955750909804689 -9.870631270717667e-8 0.6058549947069919
vn -0.7955750909804689 -9.870631270717667e-8 0.6058549947069919
vn -0.453915290818483 -1.4516963540574725e-7 0.8910448410496247
vn -0.453915290818483 -1.4516963540574725e-7 0.8910448410496247
vn -0.7955750909804689 -9.870631270717667e-8 0.6058549947069919
vn -0.7955750909804689 -9.870631270717667e-8 0.6058549947069919
vn -0.453915290818483 -1.4516963540574725e-7 0.8910448410496247
vn -0.022350061891289977 -1.628799870306219e-7 0.9997502061682352
vn -0.453915290818483 -1.4516963540574725e-7 0.8910448410496247
vn -0.453915290818483 -1.4516963540574725e-7 0.8910448410496247
vn -0.022350061891289977 -1.628799870306219e-7 0.9997502061682352
vn -0.453915290818483 -1.4516963540574725e-7 0.8910448410496247
vn -0.022350061891289977 -1.628799870306219e-7 0.9997502061682352
vn -0.022350061891289977 -1.628799870306219e-7 0.9997502061682352
vn 0.4136356789239816 -1.4832991327378885e-7 0.9104424886400428
vn 0.4136356789239816 -1.4832991327378885e-7 0.9104424886400428
vn -0.022350061891289977 -1.628799870306219e-7 0.9997502061682352
vn -0.022350061891289977 -1.628799870306219e-7 0.9997502061682352
vn 0.4136356789239816 -1.4832991327378885e-7 0.9104424886400428
vn 0.7676973762688993 -1.0440162307370294e-7 0.6408125611049125
vn 0.4136356789239816 -1.4832991327378885e-7 0.9104424886400428
vn 0.4136356789239816 -1.4832991327378885e-7 0.9104424886400428
vn 0.7676973762688993 -1.0440162307370294e-7 0.6408125611049125
vn 0.4136356789239816 -1.4832991327378885e-7 0.9104424886400428
vn 0.7676973762688993 -1.0440162307370294e-7 0.6408125611049125
vn 0.7676973762688993 -1.0440162307370294e-7 0.6408125611049125
vn 0.9697102001626463 -3.979473278336138e-8 0.24425832166073488
vn 0.9697102001626463 -3.979473278336138e-8 0.24425832166073488
vn 0.7676973762688993 -1.0440162307370294e-7 0.6408125611049125
vn 0.7676973762688993 -1.0440162307370294e-7 0.6408125611049125
vn 0.9697102001626463 -3.979473278336138e-8 0.24425832166073488
vn 0.9796585088661645 3.2693601270232994e-8 -0.2006718864368458
vn 0.9697102001626463 -3.979473278336138e-8 0.24425832166073488
vn 0.9697102001626463 -3.979473278336138e-8 0.24425832166073488
vn 0.9796585088661645 3.2693601270232994e-8 -0.2006718864368458
vn 0.9697102001626463 -3.979473278336138e-8 0.24425832166073488
vn 0.9796585088661645 3.2693601270232994e-8 -0.2006718864368458
vn 0.9796585088661645 3.2693601270232994e-8 -0.2006718864368458
vn 0.7955737764924904 9.870659392596354e-8 -0.6058567208156291
vn 0.7955737764924904 9.870659392596354e-8 -0.6058567208156291
vn 0.9796585088661645 3.2693601270232994e-8 -0.2006718864368458
vn 0.9796585088661645 3.2693601270232994e-8 -0.2006718864368458
vn 0.7955737764924904 9.870659392596354e-8 -0.6058567208156291
vn 0 -0.9999999999996532 -8.328284963885111e-7
vn 0 -0.9999999999993074 0.0000011768954180082605
vn 0 -0.9999999999993074 0.0000011768947358872342
vn 0 -0.9999999999996532 -8.328284963885111e-7
vn 0 -0.9999999999993074 0.0000011768947358872342
vn 0 -0.9999999999999868 -1.6292067650525028e-7
vn 0 -0.9999999999996532 -8.328284963885111e-7
vn 0 -0.9999999999999868 -1.6292067650525028e-7
vn 0 -0.9999999999999868 -1.6292067650525028e-7
vn 0 -0.9999999999996532 -8.328284963885111e-7
vn 0 -0.9999999999999868 -1.6292067650525028e-7
vn 0 -0.999999999999999 4.642575524016453e-8
vn 0 -0.9999999999996532 -8.328284963885111e-7
vn 0 -0.999999999999999 4.642575524016453e-8
vn 0 -0.9999999999997433 7.163332695901002e-7
vn 0 -0.9999999999996532 -8.328284963885111e-7
vn 0 -0.9999999999997433 7.163332695901002e-7
vn 0 -0.9999999999998717 5.069872570650284e-7
vn 0 -0.9999999999996532 -8.328284963885111e-7
vn 0 -0.9999999999998717 5.069872570650284e-7
vn 0 -0.999999999998871 -0.0000015027369983917163
vn 0 -0.9999999999996532 -8.328284963885111e-7
vn 0 -0.999999999998871 -0.0000015027369983917163
vn 0 -0.999999999998871 -0.0000015027365436443654
vn 0 -0.9999999999996532 -8.328284963885111e-7
vn 0 -0.999999999998871 -0.0000015027365436443654
vn 0 -0.9999999999999868 -1.6292067650525028e-7
vn 0 -0.9999999999996532 -8.328284963885111e-7
vn 0 -0.9999999999999868 -1.6292067650525028e-7
vn 0 -0.9999999999999868 -1.6292067650525028e-7
vn 0 -0.9999999999996532 -8.328284963885111e-7
vn 0 -0.9999999999999868 -1.6292067650525028e-7
vn 0 -0.9999999999999143 -4.141364429166285e-7
vn 0 -0.9999999999996532 -8.328284963885111e-7
vn 0 -0.9999999999999143 -4.141364429166285e-7
vn 0 -0.9999999999994124 -0.0000010840439501607854
vn 0 0.9999999999881835 -0.000004861402268682502
vn 0 0.9999999999847525 0.000005522222343762706
vn 0 0.9999999999407968 0.000010881467621875344
vn 0 0.9999999999881835 -0.000004861402268682502
vn 0 0.9999999999407968 0.000010881467621875344
vn 0 0.9999999999999868 1.6292067650525028e-7
vn 0 0.9999999999881835 -0.000004861402268682502
vn 0 0.9999999999999868 1.6292067650525028e-7
vn 0 0.9999999999999868 1.6292067650525028e-7
vn 0 0.9999999999881835 -0.000004861402268682502
vn 0 0.9999999999999868 1.6292067650525028e-7
vn 0 0.9999999999999868 1.6292067650525028e-7
vn 0 0.9999999999881835 -0.000004861402268682502
vn 0 0.9999999999999868 1.6292067650525028e-7
vn 0 0.9999999999937993 -0.0000035215669611286382
vn 0 0.9999999999881835 -0.000004861402268682502
vn 0 0.9999999999937993 -0.0000035215669611286382
vn 0 0.9999999999937993 -0.0000035215806035491657
vn 0 0.9999999999881835 -0.000004861402268682502
vn 0 0.9999999999937993 -0.0000035215806035491657
vn 0 0.9999999999999868 1.6292067650525028e-7
vn 0 0.9999999999881835 -0.000004861402268682502
vn 0 0.9999999999999868 1.6292067650525028e-7
vn 0 0.9999999999999868 1.6292067650525028e-7
vn 0 0.9999999999881835 -0.000004861402268682502
vn 0 0.9999999999999868 1.6292067650525028e-7
vn 0 0.9999999999442897 -0.00001055559170811229
vn 0 0.9999999999881835 -0.000004861402268682502
vn 0 0.9999999999442897 -0.00001055559170811229
vn 0 0.9999999999442896 -0.000010555596255585797
vn 0 0.9999999999881835 -0.000004861402268682502
vn 0 0.9999999999442896 -0.000010555596255585797
vn 0 0.9999999999999868 1.6292067650525028e-7
vn 0 0.9999999999881835 -0.000004861402268682502
vn 0 0.9999999999999868 1.6292067650525028e-7
vn 0 0.999999999999876 4.978741316996087e-7
vn 0 0.9999999999999868 1.6292067650525028e-7
vn 0 0.9999999999985696 -0.0000016912707194701789
vn 0 0.9999999999985699 -0.0000016912637845730783
vn 0 0.9999999999999868 1.6292067650525028e-7
vn 0 0.9999999999985699 -0.0000016912637845730783
vn 0 0.9999999999999868 1.6292067650525028e-7
vn 0 0.9999999999985696 -0.0000016912770859330915
vn 0 0.9999999999985699 -0.0000016912637845730783
vn 0 0.9999999999985696 -0.0000016912707194701789
vn 0 0.9999999999985696 -0.0000016912770859330915
vn 0 0.9999999999985696 -0.0000016912707194701789
vn 0 0.9999999999985696 -0.0000016912693552281264
vn 0 0.9999999999906044 0.000004334855637515619
vn 0 0.9999999999985696 -0.0000016912770859330915
vn 0 0.9999999999985696 -0.0000016912693552281264
vn 0 0.9999999999979656 0.0000020171138914687034
vn 0 0.9999999999906044 0.000004334855637515619
vn 0 0.9999999999985696 -0.0000016912693552281264
vn 0 0.9999999999979656 0.0000020171138914687034
vn 0 0.9999999999985696 -0.0000016912693552281264
vn 0 0.9999999999979656 0.000002017117074700159
vn 0 0.9999999999999548 -3.00617878590241e-7
vn 0 0.9999999999979656 0.0000020171138914687034
vn 0 0.9999999999979656 0.000002017117074700159
vn 0 0.9999999999999548 -3.00617878590241e-7
vn 0 0.9999999999979656 0.000002017117074700159
vn 0 0.9999999999999548 -3.006368074487216e-7
vn 0 0.9999999999999868 1.6291230631182302e-7
vn 0 0.9999999999999548 -3.00617878590241e-7
vn 0 0.9999999999999548 -3.006368074487216e-7
vn 0 0.9999999999999868 1.6291230631182302e-7
vn 0 0.9999999999999548 -3.006368074487216e-7
vn 0 0.9999999999999868 1.6292498239422898e-7
vn 0 0.9999999999985699 -0.0000016912631024520522
vn 0 0.9999999999999868 1.6291230631182302e-7
vn 0 0.9999999999999868 1.6292498239422898e-7
vn 0 0.9999999999985699 -0.0000016912631024520522
vn 0 0.9999999999999868 1.6292498239422898e-7
vn 0 0.9999999999985699 -0.0000016912629887652142
vn 0 0.9999999999999868 1.6292067650525028e-7
vn 0 0.9999999999985699 -0.0000016912631024520522
vn 0 0.9999999999985699 -0.0000016912629887652142
vn 0 0.9999999999999868 1.6292067650525028e-7
vn 0 0.9999999999985699 -0.0000016912629887652142
vn 0 0.9999999999999868 1.6292067650525028e-7
vn 0 0.9999999999836093 0.0000057254880431365
vn 0 0.9999999999999868 1.6292067650525028e-7
vn 0 0.9999999999999868 1.6292067650525028e-7
vn 0 0.9999999999836093 0.0000057254880431365
vn 0 0.9999999999999868 1.6292067650525028e-7
vn 0 0.9999999999836091 0.000005725513054240796
vn 0 0.9999999999836093 0.0000057254935001047096
vn 0 0.9999999999836093 0.0000057254880431365
vn 0 0.9999999999836091 0.000005725513054240796
vn 0 0.9999999999836093 0.0000057254935001047096
vn 0 0.9999999999836091 0.000005725513054240796
vn 0 0.9999999999836093 0.0000057254935001047096
vn 0 0.9999999999994059 0.0000010900161471199674
vn 0 0.9999999999836093 0.0000057254935001047096
vn 0 0.9999999999836093 0.0000057254935001047096
vn 0 0.9999999999994059 0.0000010900161471199674
vn 0 0.9999999999836093 0.0000057254935001047096
vn 0 0.9999999999994059 0.0000010900160334331296
vn 0 0.9999999999994059 0.0000010900151239384279
vn 0 0.9999999999994059 0.0000010900161471199674
vn 0 0.9999999999994059 0.0000010900160334331296
vn 0 0.9999999999994059 0.0000010900151239384279
vn 0 0.9999999999994059 0.0000010900160334331296
vn 0 0.9999999999994059 0.0000010900192166645858
vn 0 0.9999999999999868 1.6292067650525028e-7
vn 0 0.9999999999994059 0.0000010900151239384279
vn 0 0.9999999999994059 0.0000010900192166645858
vn 0 0.9999999999999868 1.6292067650525028e-7
vn 0 0.9999999999994059 0.0000010900192166645858
vn 0 0.9999999999999868 1.6292067650525028e-7
vn 0 0.9999999999999868 1.6292067650525028e-7
vn 0 0.9999999999999868 1.6292067650525028e-7
vn 0 0.9999999999999868 1.6292067650525028e-7
vn 0 0.9999999999999868 1.6292067650525028e-7
vn 0 0.9999999999999868 1.6292067650525028e-7
vn 0 0.9999999999999868 1.6292067650525028e-7
vn 0.6234911135307981 1.0438160309498276e-7 -0.7818304364426565
vn 0.9009691813417066 1.5501128312549816e-8 -0.43388308825356997
vn 0.9009691701208613 1.5501132919748992e-8 -0.4338831115539374
vn 0.9009691701208613 1.5501132919748992e-8 -0.4338831115539374
vn 0.6234911135307981 1.0438159598955533e-7 -0.7818304364426565
vn 0.6234911135307981 1.0438160309498276e-7 -0.7818304364426565
vn 0.22252068107812392 1.542369649263497e-7 -0.9749279698995738
vn 0.6234911135307981 1.0438160309498276e-7 -0.7818304364426565
vn 0.6234911135307981 1.0438159598955533e-7 -0.7818304364426565
vn 0.6234911135307981 1.0438159598955533e-7 -0.7818304364426565
vn 0.22252065275147653 1.542369659491926e-7 -0.9749279763649381
vn 0.22252068107812392 1.542369649263497e-7 -0.9749279698995738
vn -0.22252079438470773 1.5883592018656354e-7 -0.9749279440381086
vn 0.22252068107812392 1.542369649263497e-7 -0.9749279698995738
vn 0.22252065275147653 1.542369659491926e-7 -0.9749279763649381
vn 0.22252065275147653 1.542369659491926e-7 -0.9749279763649381
vn -0.22252079438470773 1.5883592018656354e-7 -0.9749279440381086
vn -0.22252079438470773 1.5883592018656354e-7 -0.9749279440381086
vn -0.6234914119206354 1.0898049536725089e-7 -0.7818301984837889
vn -0.22252079438470773 1.5883592018656354e-7 -0.9749279440381086
vn -0.22252079438470773 1.5883592018656354e-7 -0.9749279440381086
vn -0.22252079438470773 1.5883592018656354e-7 -0.9749279440381086
vn -0.6234913828654928 1.089804999995111e-7 -0.7818302216545889
vn -0.6234914119206354 1.0898049536725089e-7 -0.7818301984837889
vn -0.9009691701208613 1.5501129367035227e-8 -0.4338831115539374
vn -0.6234914119206354 1.0898049536725089e-7 -0.7818301984837889
vn -0.6234913828654928 1.089804999995111e-7 -0.7818302216545889
vn -0.6234913828654928 1.089804999995111e-7 -0.7818302216545889
vn -0.9009691584706768 1.550113379996436e-8 -0.4338831357458369
vn -0.9009691701208613 1.5501129367035227e-8 -0.4338831115539374
vn -0.9999999999999838 -7.358340064462355e-8 -1.639563468293111e-7
vn -0.9009691701208613 1.5501129367035227e-8 -0.4338831115539374
vn -0.9009691584706768 1.550113379996436e-8 -0.4338831357458369
vn -0.9009691584706768 1.550113379996436e-8 -0.4338831357458369
vn -0.9999999999999838 -7.358340064462355e-8 -1.639563468293111e-7
vn -0.9999999999999838 -7.358340064462355e-8 -1.639563468293111e-7
vn -0.9009682678446117 -1.4427235796639716e-7 0.433884985148206
vn -0.9999999999999838 -7.358340064462355e-8 -1.639563468293111e-7
vn -0.9999999999999838 -7.358340064462355e-8 -1.639563468293111e-7
vn -0.9999999999999838 -7.358340064462355e-8 -1.639563468293111e-7
vn -0.9009682794948345 -1.442723443183953e-7 0.43388496095635415
vn -0.9009682678446117 -1.4427235796639716e-7 0.433884985148206
vn -0.6234911135307936 -1.7336583887379063e-7 0.7818304364426478
vn -0.9009682678446117 -1.4427235796639716e-7 0.433884985148206
vn -0.9009682794948345 -1.442723443183953e-7 0.43388496095635415
vn -0.9009682794948345 -1.442723443183953e-7 0.43388496095635415
vn -0.6234910480417877 -1.7336585405386136e-7 0.7818304886685624
vn -0.6234911135307936 -1.7336583887379063e-7 0.7818304364426478
vn -0.2225252632015655 -1.6803365843838414e-7 0.9749269240497187
vn -0.6234911135307936 -1.7336583887379063e-7 0.7818304364426478
vn -0.6234910480417877 -1.7336585405386136e-7 0.7818304886685624
vn -0.2225252632015655 -1.6803365843838414e-7 0.9749269240497187
vn -0.6234910480417877 -1.7336585405386136e-7 0.7818304886685624
vn -0.2225252632015655 -1.6803365843838414e-7 0.9749269240497187
vn -0.2225252632015655 -1.6803365843838414e-7 0.9749269240497187
vn 0.22252531862242736 -1.5883575194846586e-7 0.9749269114000096
vn 0.22252531862242736 -1.5883575194846586e-7 0.9749269114000096
vn -0.2225252632015655 -1.6803365843838414e-7 0.9749269240497187
vn -0.2225252632015655 -1.6803365843838414e-7 0.9749269240497187
vn 0.22252531862242736 -1.5883575194846586e-7 0.9749269114000096
vn 0.6234913464316457 -1.2737631335790013e-7 0.7818302507097288
vn 0.22252531862242736 -1.5883575194846586e-7 0.9749269114000096
vn 0.22252531862242736 -1.5883575194846586e-7 0.9749269114000096
vn 0.6234913464316457 -1.2737631335790013e-7 0.7818302507097288
vn 0.22252531862242736 -1.5883575194846586e-7 0.9749269114000096
vn 0.6234913464316457 -1.2737631335790013e-7 0.7818302507097288
vn 0.6234913464316457 -1.2737631335790013e-7 0.7818302507097288
vn 0.9009683023660001 -1.0748057682755572e-7 0.4338849134640616
vn 0.9009682907157788 -1.074805909513034e-7 0.4338849376559136
vn 0.6234913464316457 -1.2737631335790013e-7 0.7818302507097288
vn 0.6234913464316457 -1.2737631335790013e-7 0.7818302507097288
vn 0.9009682907157788 -1.074805909513034e-7 0.4338849376559136
vn 0.9999999999999972 -7.358343674500407e-8 1.17111541607581e-8
vn 0.9009682907157788 -1.074805909513034e-7 0.4338849376559136
vn 0.9009683023660001 -1.0748057682755572e-7 0.4338849134640616
vn 0.9009683023660001 -1.0748057682755572e-7 0.4338849134640616
vn 0.9999999999999972 -7.358343674500407e-8 1.17111541607581e-8
vn 0.9999999999999972 -7.358343674500407e-8 1.17111541607581e-8
vn 0.9009691813417066 1.5501128312549816e-8 -0.43388308825356997
vn 0.9999999999999972 -7.358343674500407e-8 1.17111541607581e-8
vn 0.9999999999999972 -7.358343674500407e-8 1.17111541607581e-8
vn 0.9999999999999972 -7.358343674500407e-8 1.17111541607581e-8
vn 0.9009691701208613 1.5501132919748992e-8 -0.4338831115539374
vn 0.9009691813417066 1.5501128312549816e-8 -0.43388308825356997
vn 0 -0.9999999999998038 -6.264695486811785e-7
vn 0 -0.999999999996572 0.00000261837164704697
vn 0 -0.999999999996572 0.0000026183682364418384
vn 0 -0.9999999999998038 -6.264695486811785e-7
vn 0 -0.999999999996572 0.0000026183682364418384
vn 0 -0.9999999999998038 -6.264700034285294e-7
vn 0 -0.999999999996923 -0.0000024806615130860825
vn 0 -0.9999999999906044 -0.0000043348542732735665
vn 0 -0.9999999999906044 -0.000004334853818526216
vn 0 -0.999999999996923 -0.0000024806615130860825
vn 0 -0.9999999999906044 -0.000004334853818526216
vn 0 -0.999999999996923 -0.000002480661285712407
vn 0 -0.9999999999999868 -1.6292067650525028e-7
vn 0 -0.999999999996923 -0.0000024806615130860825
vn 0 -0.999999999996923 -0.000002480661285712407
vn 0 -0.9999999999999868 -1.6292067650525028e-7
vn 0 -0.999999999996923 -0.000002480661285712407
vn 0 -0.9999999999999868 -1.6292067650525028e-7
vn 0 -0.9999999999999868 -1.6292067650525028e-7
vn 0 -0.9999999999999868 -1.6292067650525028e-7
vn 0 -0.9999999999999868 -1.6292067650525028e-7
vn 0 -0.9999999999999868 -1.6292067650525028e-7
vn 0 -0.9999999999999868 -1.6292067650525028e-7
vn 0 -0.9999999999999868 -1.6292067650525028e-7
vn 0 -0.9999999999925064 -0.000003871288916517617
vn 0 -0.9999999999999868 -1.6292067650525028e-7
vn 0 -0.9999999999999868 -1.6292067650525028e-7
vn 0 -0.9999999999925064 -0.000003871288916517617
vn 0 -0.9999999999999868 -1.6292067650525028e-7
vn 0 -0.9999999999925064 -0.000003871289826012318
vn 0 -0.9999999999925064 -0.000003871294373485827
vn 0 -0.9999999999925064 -0.000003871288916517617
vn 0 -0.9999999999925064 -0.000003871289826012318
vn 0 -0.9999999999925064 -0.000003871294373485827
vn 0 -0.9999999999925064 -0.000003871289826012318
vn 0 -0.9999999999925064 -0.000003871307106411652
vn 0 -0.9999999999925064 -0.00000387131574661132
vn 0 -0.9999999999925064 -0.000003871294373485827
vn 0 -0.9999999999925064 -0.000003871307106411652
vn 0 -0.9999999999925064 -0.00000387131574661132
vn 0 -0.9999999999925064 -0.000003871307106411652
vn 0 -0.9999999999925064 -0.000003871298920959336
vn 0 -0.9999999999861559 -0.00000526194815224142
vn 0 -0.9999999999925064 -0.00000387131574661132
vn 0 -0.9999999999925064 -0.000003871298920959336
vn 0 -0.9999999999861559 -0.00000526194815224142
vn 0 -0.9999999999925064 -0.000003871298920959336
vn 0 -0.9999999999861559 -0.000005261947697494069
vn 0 -0.9999999999998038 -6.264700034285294e-7
vn 0 -0.9999999999861559 -0.00000526194815224142
vn 0 -0.9999999999861559 -0.000005261947697494069
vn 0 -0.9999999999998038 -6.264695486811785e-7
vn 0 -0.9999999999998038 -6.264700034285294e-7
vn 0 -0.9999999999861559 -0.000005261947697494069
vn 0 -0.9999999999979656 -0.000002017110708237247
vn 0 -0.9999999999906044 -0.000004334853818526216
vn 0 -0.9999999999906044 -0.0000043348542732735665
vn 0 -0.9999999999906044 -0.0000043348542732735665
vn 0 -0.9999999999979656 -0.0000020171184389422122
vn 0 -0.9999999999979656 -0.000002017110708237247
vn 0 -0.9999999999999868 -1.6292067650525028e-7
vn 0 -0.9999999999979656 -0.000002017110708237247
vn 0 -0.9999999999979656 -0.0000020171184389422122
vn 0 -0.9999999999979656 -0.0000020171184389422122
vn 0 -0.9999999999999868 -1.6292067650525028e-7
vn 0 -0.9999999999999868 -1.6292067650525028e-7
vn 0 -0.9999999999999868 -1.6292067650525028e-7
vn 0 -0.9999999999999868 -1.6292067650525028e-7
vn 0 -0.9999999999999868 -1.6292067650525028e-7
vn 0 -0.9999999999999868 -1.6292067650525028e-7
vn 0 -0.9999999999999868 -1.6292067650525028e-7
vn 0 -0.9999999999999868 -1.6292067650525028e-7
vn 0 -0.9999999999985699 0.0000016912645803809425
vn 0 -0.9999999999999868 -1.6292067650525028e-7
vn 0 -0.9999999999999868 -1.6292067650525028e-7
vn 0 -0.9999999999999868 -1.6292067650525028e-7
vn 0 -0.9999999999985696 0.0000016912703784096657
vn 0 -0.9999999999985699 0.0000016912645803809425
vn 0 -0.999999999996572 0.00000261837164704697
vn 0 -0.9999999999985699 0.0000016912645803809425
vn 0 -0.9999999999985696 0.0000016912703784096657
vn 0.9009696443431713 7.06883696247307e-8 -0.4338821268180272
vn 0.6234893886789771 1.2737656771910525e-7 -0.7818318119677014
vn 0 -0.999999999996572 0.0000026183682364418384
vn 0 -0.9999999999985696 0.0000016912703784096657
vn 0.9009696443431713 7.06883696247307e-8 -0.4338821268180272
vn 0 -0.999999999996572 0.0000026183682364418384
vn 0 -0.999999999996572 0.00000261837164704697
vn 0 -0.9999999999985696 0.0000016912703784096657
vn 0 -0.999999999996572 0.0000026183682364418384
vn -0.623489687069341 -1.1382651430784273e-7 0.7818315740094934
vn -0.9009697250355632 -4.358841525268117e-8 0.4338819592577453
vn -0.9009697483358825 -4.358841022182229e-8 0.43388191087388595
vn -0.9009697483358825 -4.358841022182229e-8 0.43388191087388595
vn -0.623489687069341 -1.1382651430784273e-7 0.7818315740094934
vn -0.623489687069341 -1.1382651430784273e-7 0.7818315740094934
vn -0.22251688963143051 -1.5883606538564765e-7 0.9749288352637482
vn -0.623489687069341 -1.1382651430784273e-7 0.7818315740094934
vn -0.623489687069341 -1.1382651430784273e-7 0.7818315740094934
vn -0.623489687069341 -1.1382651430784273e-7 0.7818315740094934
vn -0.22251688963143051 -1.5883606538564765e-7 0.9749288352637482
vn -0.22251688963143051 -1.5883606538564765e-7 0.9749288352637482
vn 0.22251686130473383 -1.520610557628041e-7 0.9749288417290087
vn -0.22251688963143051 -1.5883606538564765e-7 0.9749288352637482
vn -0.22251688963143051 -1.5883606538564765e-7 0.9749288352637482
vn 0.22251686130473383 -1.520610557628041e-7 0.9749288417290087
vn -0.22251688963143051 -1.5883606538564765e-7 0.9749288352637482
vn 0.6234892577007647 -1.0705157382575284e-7 0.7818319164192121
vn 0.22251686130473383 -1.520610557628041e-7 0.9749288417290087
vn 0.6234892577007647 -1.0705157382575284e-7 0.7818319164192121
vn 0.6234892577007647 -1.0705157382575284e-7 0.7818319164192121
vn 0.9009695053998993 -3.003854027264967e-8 0.4338824153379114
vn 0.6234892577007647 -1.0705157382575284e-7 0.7818319164192121
vn 0.6234892577007647 -1.0705157382575284e-7 0.7818319164192121
vn 0.9009695053998993 -3.003854027264967e-8 0.4338824153379114
vn 0.6234892577007647 -1.0705157382575284e-7 0.7818319164192121
vn 0.9009695170500689 -3.0038535805654537e-8 0.4338823911459935
vn 0.9009695170500689 -3.0038535805654537e-8 0.4338823911459935
vn 0.9999999999999746 2.7099974675050388e-8 2.2428125253322903e-7
vn 0.9999999999999746 2.7099974675050388e-8 2.2428125253322903e-7
vn 0.9009695053998993 -3.003854027264967e-8 0.4338824153379114
vn 0.9009695170500689 -3.0038535805654537e-8 0.4338823911459935
vn 0.9999999999999746 2.7099974675050388e-8 2.2428125253322903e-7
vn 0.9009696443431713 7.06883696247307e-8 -0.4338821268180272
vn 0.9999999999999746 2.7099974675050388e-8 2.2428125253322903e-7
vn 0.9999999999999746 2.7099974675050388e-8 2.2428125253322903e-7
vn 0.9999999999999746 2.7099974675050388e-8 2.2428125253322903e-7
vn 0.9009696443431713 7.06883696247307e-8 -0.4338821268180272
vn 0.9009696443431713 7.06883696247307e-8 -0.4338821268180272
vn 0.22251714333886427 1.5883605595156403e-7 -0.9749287773577546
vn 0.6234893886789771 1.2737656771910525e-7 -0.7818318119677014
vn 0.6234893886789771 1.2737656771910525e-7 -0.7818318119677014
vn 0.6234893886789771 1.2737656771910525e-7 -0.7818318119677014
vn 0.22251714333886427 1.5883605595156403e-7 -0.9749287773577546
vn 0.22251714333886427 1.5883605595156403e-7 -0.9749287773577546
vn -0.22251701586873884 1.6222358032499455e-7 -0.9749288064514482
vn 0.22251714333886427 1.5883605595156403e-7 -0.9749287773577546
vn 0.22251714333886427 1.5883605595156403e-7 -0.9749287773577546
vn 0.22251714333886427 1.5883605595156403e-7 -0.9749287773577546
vn -0.22251701586873884 1.6222358032499455e-7 -0.9749288064514482
vn -0.22251701586873884 1.6222358032499455e-7 -0.9749288064514482
vn -0.6234891267225366 1.4431409986808878e-7 -0.7818320208706906
vn -0.22251701586873884 1.6222358032499455e-7 -0.9749288064514482
vn -0.22251701586873884 1.6222358032499455e-7 -0.9749288064514482
vn -0.22251701586873884 1.6222358032499455e-7 -0.9749288064514482
vn -0.6234890902885223 1.4431411233663912e-7 -0.7818320499257947
vn -0.6234891267225366 1.4431409986808878e-7 -0.7818320208706906
vn -0.9009693897568881 8.423841340908017e-8 -0.433882655473912
vn -0.6234891267225366 1.4431409986808878e-7 -0.7818320208706906
vn -0.6234890902885223 1.4431411233663912e-7 -0.7818320499257947
vn -0.6234890902885223 1.4431411233663912e-7 -0.7818320499257947
vn -0.9009693897568881 8.423841340908017e-8 -0.433882655473912
vn -0.9009693897568881 8.423841340908017e-8 -0.433882655473912
vn -0.9999999999999998 1.355000682726571e-8 -8.626199606301922e-9
vn -0.9009693897568881 8.423841340908017e-8 -0.433882655473912
vn -0.9009693897568881 8.423841340908017e-8 -0.433882655473912
vn -0.9009693897568881 8.423841340908017e-8 -0.433882655473912
vn -0.9999999999999998 1.355000682726571e-8 -8.626199606301922e-9
vn -0.9999999999999998 1.355000682726571e-8 -8.626199606301922e-9
vn -0.9009697250355632 -4.358841525268117e-8 0.4338819592577453
vn -0.9999999999999998 1.355000682726571e-8 -8.626199606301922e-9
vn -0.9999999999999998 1.355000682726571e-8 -8.626199606301922e-9
vn -0.9999999999999998 1.355000682726571e-8 -8.626199606301922e-9
vn -0.9009697483358825 -4.358841022182229e-8 0.43388191087388595
vn -0.9009697250355632 -4.358841525268117e-8 0.4338819592577453
vn 0 0.9999999999999868 1.6292067650525028e-7
vn 0 0.9999999999985696 -0.0000016912707194701789
vn 0 0.9999999999985699 -0.0000016912637845730783
vn 0 0.9999999999999868 1.6292067650525028e-7
vn 0 0.9999999999985699 -0.0000016912637845730783
vn 0 0.9999999999999868 1.6292067650525028e-7
vn 0 0.9999999999985696 -0.0000016912770859330915
vn 0 0.9999999999985699 -0.0000016912637845730783
vn 0 0.9999999999985696 -0.0000016912707194701789
vn 0 0.9999999999985696 -0.0000016912770859330915
vn 0 0.9999999999985696 -0.0000016912707194701789
vn 0 0.9999999999985696 -0.0000016912693552281264
vn 0 0.9999999999906044 0.000004334855637515619
vn 0 0.9999999999985696 -0.0000016912770859330915
vn 0 0.9999999999985696 -0.0000016912693552281264
vn 0 0.9999999999979656 0.0000020171138914687034
vn 0 0.9999999999906044 0.000004334855637515619
vn 0 0.9999999999985696 -0.0000016912693552281264
vn 0 0.9999999999979656 0.0000020171138914687034
vn 0 0.9999999999985696 -0.0000016912693552281264
vn 0 0.9999999999979656 0.000002017117074700159
vn 0 0.9999999999999548 -3.00617878590241e-7
vn 0 0.9999999999979656 0.0000020171138914687034
vn 0 0.9999999999979656 0.000002017117074700159
vn 0 0.9999999999999548 -3.00617878590241e-7
vn 0 0.9999999999979656 0.000002017117074700159
vn 0 0.9999999999999548 -3.006368074487216e-7
vn 0 0.9999999999999868 1.6291230631182302e-7
vn 0 0.9999999999999548 -3.00617878590241e-7
vn 0 0.9999999999999548 -3.006368074487216e-7
vn 0 0.9999999999999868 1.6291230631182302e-7
vn 0 0.9999999999999548 -3.006368074487216e-7
vn 0 0.9999999999999868 1.6292498239422898e-7
vn 0 0.9999999999985699 -0.0000016912631024520522
vn 0 0.9999999999999868 1.6291230631182302e-7
vn 0 0.9999999999999868 1.6292498239422898e-7
vn 0 0.9999999999985699 -0.0000016912631024520522
vn 0 0.9999999999999868 1.6292498239422898e-7
vn 0 0.9999999999985699 -0.0000016912629887652142
vn 0 0.9999999999999868 1.6292067650525028e-7
vn 0 0.9999999999985699 -0.0000016912631024520522
vn 0 0.9999999999985699 -0.0000016912629887652142
vn 0 0.9999999999999868 1.6292067650525028e-7
vn 0 0.9999999999985699 -0.0000016912629887652142
vn 0 0.9999999999999868 1.6292067650525028e-7
vn 0 0.9999999999836093 0.0000057254880431365
vn 0 0.9999999999999868 1.6292067650525028e-7
vn 0 0.9999999999999868 1.6292067650525028e-7
vn 0 0.9999999999836093 0.0000057254880431365
vn 0 0.9999999999999868 1.6292067650525028e-7
vn 0 0.9999999999836091 0.000005725513054240796
vn 0 0.9999999999836093 0.0000057254935001047096
vn 0 0.9999999999836093 0.0000057254880431365
vn 0 0.9999999999836091 0.000005725513054240796
vn 0 0.9999999999836093 0.0000057254935001047096
vn 0 0.9999999999836091 0.000005725513054240796
vn 0 0.9999999999836093 0.0000057254935001047096
vn 0 0.9999999999994059 0.0000010900161471199674
vn 0 0.9999999999836093 0.0000057254935001047096
vn 0 0.9999999999836093 0.0000057254935001047096
vn 0 0.9999999999994059 0.0000010900161471199674
vn 0 0.9999999999836093 0.0000057254935001047096
vn 0 0.9999999999994059 0.0000010900160334331296
vn 0 0.9999999999994059 0.0000010900151239384279
vn 0 0.9999999999994059 0.0000010900161471199674
vn 0 0.9999999999994059 0.0000010900160334331296
vn 0 0.9999999999994059 0.0000010900151239384279
vn 0 0.9999999999994059 0.0000010900160334331296
vn 0 0.9999999999994059 0.0000010900192166645858
vn 0 0.9999999999999868 1.6292067650525028e-7
vn 0 0.9999999999994059 0.0000010900151239384279
vn 0 0.9999999999994059 0.0000010900192166645858
vn 0 0.9999999999999868 1.6292067650525028e-7
vn 0 0.9999999999994059 0.0000010900192166645858
vn 0 0.9999999999999868 1.6292067650525028e-7
vn 0 0.9999999999999868 1.6292067650525028e-7
vn 0 0.9999999999999868 1.6292067650525028e-7
vn 0 0.9999999999999868 1.6292067650525028e-7
vn 0 0.9999999999999868 1.6292067650525028e-7
vn 0 0.9999999999999868 1.6292067650525028e-7
vn 0 0.9999999999999868 1.6292067650525028e-7
vn 0.6234911135307981 1.0438160309498276e-7 -0.7818304364426565
vn 0.9009691813417066 1.5501128312549816e-8 -0.43388308825356997
vn 0.9009691701208613 1.5501132919748992e-8 -0.4338831115539374
vn 0.9009691701208613 1.5501132919748992e-8 -0.4338831115539374
vn 0.6234911135307981 1.0438159598955533e-7 -0.7818304364426565
vn 0.6234911135307981 1.0438160309498276e-7 -0.7818304364426565
vn 0.22252068107812392 1.542369649263497e-7 -0.9749279698995738
vn 0.6234911135307981 1.0438160309498276e-7 -0.7818304364426565
vn 0.6234911135307981 1.0438159598955533e-7 -0.7818304364426565
vn 0.6234911135307981 1.0438159598955533e-7 -0.7818304364426565
vn 0.22252065275147653 1.542369659491926e-7 -0.9749279763649381
vn 0.22252068107812392 1.542369649263497e-7 -0.9749279698995738
vn -0.22252079438470773 1.5883592018656354e-7 -0.9749279440381086
vn 0.22252068107812392 1.542369649263497e-7 -0.9749279698995738
vn 0.22252065275147653 1.542369659491926e-7 -0.9749279763649381
vn 0.22252065275147653 1.542369659491926e-7 -0.9749279763649381
vn -0.22252079438470773 1.5883592018656354e-7 -0.9749279440381086
vn -0.22252079438470773 1.5883592018656354e-7 -0.9749279440381086
vn -0.6234914119206354 1.0898049536725089e-7 -0.7818301984837889
vn -0.22252079438470773 1.5883592018656354e-7 -0.9749279440381086
vn -0.22252079438470773 1.5883592018656354e-7 -0.9749279440381086
vn -0.22252079438470773 1.5883592018656354e-7 -0.9749279440381086
vn -0.6234913828654928 1.089804999995111e-7 -0.7818302216545889
vn -0.6234914119206354 1.0898049536725089e-7 -0.7818301984837889
vn -0.9009691701208613 1.5501129367035227e-8 -0.4338831115539374
vn -0.6234914119206354 1.0898049536725089e-7 -0.7818301984837889
vn -0.6234913828654928 1.089804999995111e-7 -0.7818302216545889
vn -0.6234913828654928 1.089804999995111e-7 -0.7818302216545889
vn -0.9009691584706768 1.550113379996436e-8 -0.4338831357458369
vn -0.9009691701208613 1.5501129367035227e-8 -0.4338831115539374
vn -0.9999999999999838 -7.358340064462355e-8 -1.639563468293111e-7
vn -0.9009691701208613 1.5501129367035227e-8 -0.4338831115539374
vn -0.9009691584706768 1.550113379996436e-8 -0.4338831357458369
vn -0.9009691584706768 1.550113379996436e-8 -0.4338831357458369
vn -0.9999999999999838 -7.358340064462355e-8 -1.639563468293111e-7
vn -0.9999999999999838 -7.358340064462355e-8 -1.639563468293111e-7
vn -0.9009682678446117 -1.4427235796639716e-7 0.433884985148206
vn -0.9999999999999838 -7.358340064462355e-8 -1.639563468293111e-7
vn -0.9999999999999838 -7.358340064462355e-8 -1.639563468293111e-7
vn -0.9999999999999838 -7.358340064462355e-8 -1.639563468293111e-7
vn -0.9009682794948345 -1.442723443183953e-7 0.43388496095635415
vn -0.9009682678446117 -1.4427235796639716e-7 0.433884985148206
vn -0.6234911135307936 -1.7336583887379063e-7 0.7818304364426478
vn -0.9009682678446117 -1.4427235796639716e-7 0.433884985148206
vn -0.9009682794948345 -1.442723443183953e-7 0.43388496095635415
vn -0.9009682794948345 -1.442723443183953e-7 0.43388496095635415
vn -0.6234910480417877 -1.7336585405386136e-7 0.7818304886685624
vn -0.6234911135307936 -1.7336583887379063e-7 0.7818304364426478
vn -0.2225252632015655 -1.6803365843838414e-7 0.9749269240497187
vn -0.6234911135307936 -1.7336583887379063e-7 0.7818304364426478
vn -0.6234910480417877 -1.7336585405386136e-7 0.7818304886685624
vn -0.2225252632015655 -1.6803365843838414e-7 0.9749269240497187
vn -0.6234910480417877 -1.7336585405386136e-7 0.7818304886685624
vn -0.2225252632015655 -1.6803365843838414e-7 0.9749269240497187
vn -0.2225252632015655 -1.6803365843838414e-7 0.9749269240497187
vn 0.22252531862242736 -1.5883575194846586e-7 0.9749269114000096
vn 0.22252531862242736 -1.5883575194846586e-7 0.9749269114000096
vn -0.2225252632015655 -1.6803365843838414e-7 0.9749269240497187
vn -0.2225252632015655 -1.6803365843838414e-7 0.9749269240497187
vn 0.22252531862242736 -1.5883575194846586e-7 0.9749269114000096
vn 0.6234913464316457 -1.2737631335790013e-7 0.7818302507097288
vn 0.22252531862242736 -1.5883575194846586e-7 0.9749269114000096
vn 0.22252531862242736 -1.5883575194846586e-7 0.9749269114000096
vn 0.6234913464316457 -1.2737631335790013e-7 0.7818302507097288
vn 0.22252531862242736 -1.5883575194846586e-7 0.9749269114000096
vn 0.6234913464316457 -1.2737631335790013e-7 0.7818302507097288
vn 0.6234913464316457 -1.2737631335790013e-7 0.7818302507097288
vn 0.9009683023660001 -1.0748057682755572e-7 0.4338849134640616
vn 0.9009682907157788 -1.074805909513034e-7 0.4338849376559136
vn 0.6234913464316457 -1.2737631335790013e-7 0.7818302507097288
vn 0.6234913464316457 -1.2737631335790013e-7 0.7818302507097288
vn 0.9009682907157788 -1.074805909513034e-7 0.4338849376559136
vn 0.9999999999999972 -7.358343674500407e-8 1.17111541607581e-8
vn 0.9009682907157788 -1.074805909513034e-7 0.4338849376559136
vn 0.9009683023660001 -1.0748057682755572e-7 0.4338849134640616
vn 0.9009683023660001 -1.0748057682755572e-7 0.4338849134640616
vn 0.9999999999999972 -7.358343674500407e-8 1.17111541607581e-8
vn 0.9999999999999972 -7.358343674500407e-8 1.17111541607581e-8
vn 0.9009691813417066 1.5501128312549816e-8 -0.43388308825356997
vn 0.9999999999999972 -7.358343674500407e-8 1.17111541607581e-8
vn 0.9999999999999972 -7.358343674500407e-8 1.17111541607581e-8
vn 0.9999999999999972 -7.358343674500407e-8 1.17111541607581e-8
vn 0.9009691701208613 1.5501132919748992e-8 -0.4338831115539374
vn 0.9009691813417066 1.5501128312549816e-8 -0.43388308825356997
vn 0 -0.9999999999998038 -6.264695486811785e-7
vn 0 -0.999999999996572 0.00000261837164704697
vn 0 -0.999999999996572 0.0000026183682364418384
vn 0 -0.9999999999998038 -6.264695486811785e-7
vn 0 -0.999999999996572 0.0000026183682364418384
vn 0 -0.9999999999998038 -6.264700034285294e-7
vn 0 -0.999999999996923 -0.0000024806615130860825
vn 0 -0.9999999999906044 -0.0000043348542732735665
vn 0 -0.9999999999906044 -0.000004334853818526216
vn 0 -0.999999999996923 -0.0000024806615130860825
vn 0 -0.9999999999906044 -0.000004334853818526216
vn 0 -0.999999999996923 -0.000002480661285712407
vn 0 -0.9999999999999868 -1.6292067650525028e-7
vn 0 -0.999999999996923 -0.0000024806615130860825
vn 0 -0.999999999996923 -0.000002480661285712407
vn 0 -0.9999999999999868 -1.6292067650525028e-7
vn 0 -0.999999999996923 -0.000002480661285712407
vn 0 -0.9999999999999868 -1.6292067650525028e-7
vn 0 -0.9999999999999868 -1.6292067650525028e-7
vn 0 -0.9999999999999868 -1.6292067650525028e-7
vn 0 -0.9999999999999868 -1.6292067650525028e-7
vn 0 -0.9999999999999868 -1.6292067650525028e-7
vn 0 -0.9999999999999868 -1.6292067650525028e-7
vn 0 -0.9999999999999868 -1.6292067650525028e-7
vn 0 -0.9999999999925064 -0.000003871288916517617
vn 0 -0.9999999999999868 -1.6292067650525028e-7
vn 0 -0.9999999999999868 -1.6292067650525028e-7
vn 0 -0.9999999999925064 -0.000003871288916517617
vn 0 -0.9999999999999868 -1.6292067650525028e-7
vn 0 -0.9999999999925064 -0.000003871289826012318
vn 0 -0.9999999999925064 -0.000003871294373485827
vn 0 -0.9999999999925064 -0.000003871288916517617
vn 0 -0.9999999999925064 -0.000003871289826012318
vn 0 -0.9999999999925064 -0.000003871294373485827
vn 0 -0.9999999999925064 -0.000003871289826012318
vn 0 -0.9999999999925064 -0.000003871307106411652
vn 0 -0.9999999999925064 -0.00000387131574661132
vn 0 -0.9999999999925064 -0.000003871294373485827
vn 0 -0.9999999999925064 -0.000003871307106411652
vn 0 -0.9999999999925064 -0.00000387131574661132
vn 0 -0.9999999999925064 -0.000003871307106411652
vn 0 -0.9999999999925064 -0.000003871298920959336
vn 0 -0.9999999999861559 -0.00000526194815224142
vn 0 -0.9999999999925064 -0.00000387131574661132
vn 0 -0.9999999999925064 -0.000003871298920959336
vn 0 -0.9999999999861559 -0.00000526194815224142
vn 0 -0.9999999999925064 -0.000003871298920959336
vn 0 -0.9999999999861559 -0.000005261947697494069
vn 0 -0.9999999999998038 -6.264700034285294e-7
vn 0 -0.9999999999861559 -0.00000526194815224142
vn 0 -0.9999999999861559 -0.000005261947697494069
vn 0 -0.9999999999998038 -6.264695486811785e-7
vn 0 -0.9999999999998038 -6.264700034285294e-7
vn 0 -0.9999999999861559 -0.000005261947697494069
vn 0 -0.9999999999979656 -0.000002017110708237247
vn 0 -0.9999999999906044 -0.000004334853818526216
vn 0 -0.9999999999906044 -0.0000043348542732735665
vn 0 -0.9999999999906044 -0.0000043348542732735665
vn 0 -0.9999999999979656 -0.0000020171184389422122
vn 0 -0.9999999999979656 -0.000002017110708237247
vn 0 -0.9999999999999868 -1.6292067650525028e-7
vn 0 -0.9999999999979656 -0.000002017110708237247
vn 0 -0.9999999999979656 -0.0000020171184389422122
vn 0 -0.9999999999979656 -0.0000020171184389422122
vn 0 -0.9999999999999868 -1.6292067650525028e-7
vn 0 -0.9999999999999868 -1.6292067650525028e-7
vn 0 -0.9999999999999868 -1.6292067650525028e-7
vn 0 -0.9999999999999868 -1.6292067650525028e-7
vn 0 -0.9999999999999868 -1.6292067650525028e-7
vn 0 -0.9999999999999868 -1.6292067650525028e-7
vn 0 -0.9999999999999868 -1.6292067650525028e-7
vn 0 -0.9999999999999868 -1.6292067650525028e-7
vn 0 -0.9999999999985699 0.0000016912645803809425
vn 0 -0.9999999999999868 -1.6292067650525028e-7
vn 0 -0.9999999999999868 -1.6292067650525028e-7
vn 0 -0.9999999999999868 -1.6292067650525028e-7
vn 0 -0.9999999999985696 0.0000016912703784096657
vn 0 -0.9999999999985699 0.0000016912645803809425
vn 0 -0.999999999996572 0.00000261837164704697
vn 0 -0.9999999999985699 0.0000016912645803809425
vn 0 -0.9999999999985696 0.0000016912703784096657
vn 0.9009696443431713 7.06883696247307e-8 -0.4338821268180272
vn 0.6234893886789771 1.2737656771910525e-7 -0.7818318119677014
vn 0 -0.999999999996572 0.0000026183682364418384
vn 0 -0.9999999999985696 0.0000016912703784096657
vn 0.9009696443431713 7.06883696247307e-8 -0.4338821268180272
vn 0 -0.999999999996572 0.0000026183682364418384
vn 0 -0.999999999996572 0.00000261837164704697
vn 0 -0.9999999999985696 0.0000016912703784096657
vn 0 -0.999999999996572 0.0000026183682364418384
vn -0.623489687069341 -1.1382651430784273e-7 0.7818315740094934
vn -0.9009697250355632 -4.358841525268117e-8 0.4338819592577453
vn -0.9009697483358825 -4.358841022182229e-8 0.43388191087388595
vn -0.9009697483358825 -4.358841022182229e-8 0.43388191087388595
vn -0.623489687069341 -1.1382651430784273e-7 0.7818315740094934
vn -0.623489687069341 -1.1382651430784273e-7 0.7818315740094934
vn -0.22251688963143051 -1.5883606538564765e-7 0.9749288352637482
vn -0.623489687069341 -1.1382651430784273e-7 0.7818315740094934
vn -0.623489687069341 -1.1382651430784273e-7 0.7818315740094934
vn -0.623489687069341 -1.1382651430784273e-7 0.7818315740094934
vn -0.22251688963143051 -1.5883606538564765e-7 0.9749288352637482
vn -0.22251688963143051 -1.5883606538564765e-7 0.9749288352637482
vn 0.22251686130473383 -1.520610557628041e-7 0.9749288417290087
vn -0.22251688963143051 -1.5883606538564765e-7 0.9749288352637482
vn -0.22251688963143051 -1.5883606538564765e-7 0.9749288352637482
vn 0.22251686130473383 -1.520610557628041e-7 0.9749288417290087
vn -0.22251688963143051 -1.5883606538564765e-7 0.9749288352637482
vn 0.6234892577007647 -1.0705157382575284e-7 0.7818319164192121
vn 0.22251686130473383 -1.520610557628041e-7 0.9749288417290087
vn 0.6234892577007647 -1.0705157382575284e-7 0.7818319164192121
vn 0.6234892577007647 -1.0705157382575284e-7 0.7818319164192121
vn 0.9009695053998993 -3.003854027264967e-8 0.4338824153379114
vn 0.6234892577007647 -1.0705157382575284e-7 0.7818319164192121
vn 0.6234892577007647 -1.0705157382575284e-7 0.7818319164192121
vn 0.9009695053998993 -3.003854027264967e-8 0.4338824153379114
vn 0.6234892577007647 -1.0705157382575284e-7 0.7818319164192121
vn 0.9009695170500689 -3.0038535805654537e-8 0.4338823911459935
vn 0.9009695170500689 -3.0038535805654537e-8 0.4338823911459935
vn 0.9999999999999746 2.7099974675050388e-8 2.2428125253322903e-7
vn 0.9999999999999746 2.7099974675050388e-8 2.2428125253322903e-7
vn 0.9009695053998993 -3.003854027264967e-8 0.4338824153379114
vn 0.9009695170500689 -3.0038535805654537e-8 0.4338823911459935
vn 0.9999999999999746 2.7099974675050388e-8 2.2428125253322903e-7
vn 0.9009696443431713 7.06883696247307e-8 -0.4338821268180272
vn 0.9999999999999746 2.7099974675050388e-8 2.2428125253322903e-7
vn 0.9999999999999746 2.7099974675050388e-8 2.2428125253322903e-7
vn 0.9999999999999746 2.7099974675050388e-8 2.2428125253322903e-7
vn 0.9009696443431713 7.06883696247307e-8 -0.4338821268180272
vn 0.9009696443431713 7.06883696247307e-8 -0.4338821268180272
vn 0.22251714333886427 1.5883605595156403e-7 -0.9749287773577546
vn 0.6234893886789771 1.2737656771910525e-7 -0.7818318119677014
vn 0.6234893886789771 1.2737656771910525e-7 -0.7818318119677014
vn 0.6234893886789771 1.2737656771910525e-7 -0.7818318119677014
vn 0.22251714333886427 1.5883605595156403e-7 -0.9749287773577546
vn 0.22251714333886427 1.5883605595156403e-7 -0.9749287773577546
vn -0.22251701586873884 1.6222358032499455e-7 -0.9749288064514482
vn 0.22251714333886427 1.5883605595156403e-7 -0.9749287773577546
vn 0.22251714333886427 1.5883605595156403e-7 -0.9749287773577546
vn 0.22251714333886427 1.5883605595156403e-7 -0.9749287773577546
vn -0.22251701586873884 1.6222358032499455e-7 -0.9749288064514482
vn -0.22251701586873884 1.6222358032499455e-7 -0.9749288064514482
vn -0.6234891267225366 1.4431409986808878e-7 -0.7818320208706906
vn -0.22251701586873884 1.6222358032499455e-7 -0.9749288064514482
vn -0.22251701586873884 1.6222358032499455e-7 -0.9749288064514482
vn -0.22251701586873884 1.6222358032499455e-7 -0.9749288064514482
vn -0.6234890902885223 1.4431411233663912e-7 -0.7818320499257947
vn -0.6234891267225366 1.4431409986808878e-7 -0.7818320208706906
vn -0.9009693897568881 8.423841340908017e-8 -0.433882655473912
vn -0.6234891267225366 1.4431409986808878e-7 -0.7818320208706906
vn -0.6234890902885223 1.4431411233663912e-7 -0.7818320499257947
vn -0.6234890902885223 1.4431411233663912e-7 -0.7818320499257947
vn -0.9009693897568881 8.423841340908017e-8 -0.433882655473912
vn -0.9009693897568881 8.423841340908017e-8 -0.433882655473912
vn -0.9999999999999998 1.355000682726571e-8 -8.626199606301922e-9
vn -0.9009693897568881 8.423841340908017e-8 -0.433882655473912
vn -0.9009693897568881 8.423841340908017e-8 -0.433882655473912
vn -0.9009693897568881 8.423841340908017e-8 -0.433882655473912
vn -0.9999999999999998 1.355000682726571e-8 -8.626199606301922e-9
vn -0.9999999999999998 1.355000682726571e-8 -8.626199606301922e-9
vn -0.9009697250355632 -4.358841525268117e-8 0.4338819592577453
vn -0.9999999999999998 1.355000682726571e-8 -8.626199606301922e-9
vn -0.9999999999999998 1.355000682726571e-8 -8.626199606301922e-9
vn -0.9999999999999998 1.355000682726571e-8 -8.626199606301922e-9
vn -0.9009697483358825 -4.358841022182229e-8 0.43388191087388595
vn -0.9009697250355632 -4.358841525268117e-8 0.4338819592577453
vn 0 -1 -6.517013595442071e-10
vn 0 -1 -6.517013595442071e-10
vn 0 -1 -6.517013595442071e-10
vn 0 -1 -6.517013595442071e-10
vn 0 -1 -6.517013595442071e-10
vn 0 -1 -6.517013595442071e-10
vn 0 1 6.517013595442071e-10
vn 0 1 6.517013595442071e-10
vn 0 1 6.517013595442071e-10
vn 0 1 6.517013595442071e-10
vn 0 1 6.517013595442071e-10
vn 0 1 6.517013595442071e-10
vn 0 -4.371138695447029e-8 0.9999999999999991
vn 0 -4.371138695447029e-8 0.9999999999999991
vn 0 -4.371138695447029e-8 0.9999999999999991
vn 0 -4.371138695447029e-8 0.9999999999999991
vn 0 -4.371138695447029e-8 0.9999999999999991
vn 0 -4.371138695447029e-8 0.9999999999999991
vn 1 0 0
vn 1 0 0
vn 1 0 0
vn 1 0 0
vn 1 0 0
vn 1 0 0
vn 0 4.371138695447029e-8 -0.9999999999999991
vn 0 4.371138695447029e-8 -0.9999999999999991
vn 0 4.371138695447029e-8 -0.9999999999999991
vn 0 4.371138695447029e-8 -0.9999999999999991
vn 0 4.371138695447029e-8 -0.9999999999999991
vn 0 4.371138695447029e-8 -0.9999999999999991
vn -1 0 0
vn -1 0 0
vn -1 0 0
vn -1 0 0
vn -1 0 0
vn -1 0 0
vn 0.4539153622498602 2.513904547042944e-7 -0.8910448046610872
vn 0.7955737764924842 1.7093035028938715e-7 -0.6058567208156211
vn 0.7955737764924842 1.7093035028938715e-7 -0.6058567208156211
vn 0.4539153622498602 2.513904547042944e-7 -0.8910448046610872
vn 0.7955737764924842 1.7093035028938715e-7 -0.6058567208156211
vn 0.4539153622498602 2.513904547042944e-7 -0.8910448046610872
vn 0.4539153622498602 2.513904547042944e-7 -0.8910448046610872
vn 0.02235005816786004 2.8205950596509074e-7 -0.9997502062514486
vn 0.02235005816786004 2.8205950596509074e-7 -0.9997502062514486
vn 0.4539153622498602 2.513904547042944e-7 -0.8910448046610872
vn 0.4539153622498602 2.513904547042944e-7 -0.8910448046610872
vn 0.02235005816786004 2.8205950596509074e-7 -0.9997502062514486
vn -0.413635703627284 2.5686311946040727e-7 -0.9104424774167206
vn 0.02235005816786004 2.8205950596509074e-7 -0.9997502062514486
vn 0.02235005816786004 2.8205950596509074e-7 -0.9997502062514486
vn -0.413635703627284 2.5686311946040727e-7 -0.9104424774167206
vn 0.02235005816786004 2.8205950596509074e-7 -0.9997502062514486
vn -0.413635703627284 2.5686311946040727e-7 -0.9104424774167206
vn -0.413635703627284 2.5686311946040727e-7 -0.9104424774167206
vn -0.7676974055914044 1.8079243041284586e-7 -0.6408125259763527
vn -0.7676974055914044 1.8079243041284586e-7 -0.6408125259763527
vn -0.413635703627284 2.5686311946040727e-7 -0.9104424774167206
vn -0.413635703627284 2.5686311946040727e-7 -0.9104424774167206
vn -0.7676974055914044 1.8079243041284586e-7 -0.6408125259763527
vn -0.969709949462018 6.891287635123517e-8 -0.24425931694485148
vn -0.7676974055914044 1.8079243041284586e-7 -0.6408125259763527
vn -0.7676974055914044 1.8079243041284586e-7 -0.6408125259763527
vn -0.969709949462018 6.891287635123517e-8 -0.24425931694485148
vn -0.7676974055914044 1.8079243041284586e-7 -0.6408125259763527
vn -0.969709949462018 6.891287635123517e-8 -0.24425931694485148
vn -0.969709949462018 6.891287635123517e-8 -0.24425931694485148
vn -0.9796585347017317 -5.6615520477476385e-8 0.2006717603103456
vn -0.9796585347017317 -5.6615520477476385e-8 0.2006717603103456
vn -0.969709949462018 6.891287635123517e-8 -0.24425931694485148
vn -0.969709949462018 6.891287635123517e-8 -0.24425931694485148
vn -0.9796585347017317 -5.6615520477476385e-8 0.2006717603103456
vn -0.7955750909804626 -1.7092986330241598e-7 0.6058549947069839
vn -0.9796585347017317 -5.6615520477476385e-8 0.2006717603103456
vn -0.9796585347017317 -5.6615520477476385e-8 0.2006717603103456
vn -0.7955750909804626 -1.7092986330241598e-7 0.6058549947069839
vn -0.9796585347017317 -5.6615520477476385e-8 0.2006717603103456
vn -0.7955750909804626 -1.7092986330241598e-7 0.6058549947069839
vn -0.7955750909804626 -1.7092986330241598e-7 0.6058549947069839
vn -0.4539152908184752 -2.513904649705853e-7 0.8910448410496049
vn -0.4539152908184752 -2.513904649705853e-7 0.8910448410496049
vn -0.7955750909804626 -1.7092986330241598e-7 0.6058549947069839
vn -0.7955750909804626 -1.7092986330241598e-7 0.6058549947069839
vn -0.4539152908184752 -2.513904649705853e-7 0.8910448410496049
vn -0.022350061891289498 -2.820595059416063e-7 0.9997502061682089
vn -0.4539152908184752 -2.513904649705853e-7 0.8910448410496049
vn -0.4539152908184752 -2.513904649705853e-7 0.8910448410496049
vn -0.022350061891289498 -2.820595059416063e-7 0.9997502061682089
vn -0.4539152908184752 -2.513904649705853e-7 0.8910448410496049
vn -0.022350061891289498 -2.820595059416063e-7 0.9997502061682089
vn -0.022350061891289498 -2.820595059416063e-7 0.9997502061682089
vn 0.41363567892397435 -2.5686312262683713e-7 0.9104424886400221
vn 0.41363567892397435 -2.5686312262683713e-7 0.9104424886400221
vn -0.022350061891289498 -2.820595059416063e-7 0.9997502061682089
vn -0.022350061891289498 -2.820595059416063e-7 0.9997502061682089
vn 0.41363567892397435 -2.5686312262683713e-7 0.9104424886400221
vn 0.7676973762688926 -1.8079244032366212e-7 0.6408125611049035
vn 0.41363567892397435 -2.5686312262683713e-7 0.9104424886400221
vn 0.41363567892397435 -2.5686312262683713e-7 0.9104424886400221
vn 0.7676973762688926 -1.8079244032366212e-7 0.6408125611049035
vn 0.41363567892397435 -2.5686312262683713e-7 0.9104424886400221
vn 0.7676973762688926 -1.8079244032366212e-7 0.6408125611049035
vn 0.7676973762688926 -1.8079244032366212e-7 0.6408125611049035
vn 0.969710200162645 -6.891259555176073e-8 0.24425832166073327
vn 0.969710200162645 -6.891259555176073e-8 0.24425832166073327
vn 0.7676973762688926 -1.8079244032366212e-7 0.6408125611049035
vn 0.7676973762688926 -1.8079244032366212e-7 0.6408125611049035
vn 0.969710200162645 -6.891259555176073e-8 0.24425832166073327
vn 0.9796585088661635 5.661555606154139e-8 -0.20067188643684458
vn 0.969710200162645 -6.891259555176073e-8 0.24425832166073327
vn 0.969710200162645 -6.891259555176073e-8 0.24425832166073327
vn 0.9796585088661635 5.661555606154139e-8 -0.20067188643684458
vn 0.969710200162645 -6.891259555176073e-8 0.24425832166073327
vn 0.9796585088661635 5.661555606154139e-8 -0.20067188643684458
vn 0.9796585088661635 5.661555606154139e-8 -0.20067188643684458
vn 0.7955737764924842 1.7093035028938715e-7 -0.6058567208156211
vn 0.7955737764924842 1.7093035028938715e-7 -0.6058567208156211
vn 0.9796585088661635 5.661555606154139e-8 -0.20067188643684458
vn 0.9796585088661635 5.661555606154139e-8 -0.20067188643684458
vn 0.7955737764924842 1.7093035028938715e-7 -0.6058567208156211
vn 0 -0.9999999999998577 -5.333457040456645e-7
vn 0 -0.9999999999992761 -0.0000012032532397113443
vn 0 -0.9999999999995469 -9.520377859391588e-7
vn 0 -0.9999999999998577 -5.333457040456645e-7
vn 0 -0.9999999999995469 -9.520377859391588e-7
vn 0 -0.9999999999994406 0.0000010576861284577145
vn 0 -0.9999999999998577 -5.333457040456645e-7
vn 0 -0.9999999999994406 0.0000010576861284577145
vn 0 -0.9999999999994406 0.0000010576854463366882
vn 0 -0.9999999999998577 -5.333457040456645e-7
vn 0 -0.9999999999994406 0.0000010576854463366882
vn 0 -0.9999999999999603 -2.8212996605602454e-7
vn 0 -0.9999999999998577 -5.333457040456645e-7
vn 0 -0.9999999999999603 -2.8212996605602454e-7
vn 0 -0.9999999999999603 -2.8212996605602454e-7
vn 0 -0.9999999999998577 -5.333457040456645e-7
vn 0 -0.9999999999999603 -2.8212996605602454e-7
vn 0 -0.9999999999999972 -7.278353431061638e-8
vn 0 -0.9999999999998577 -5.333457040456645e-7
vn 0 -0.9999999999999972 -7.278353431061638e-8
vn 0 -0.9999999999998217 5.971239800394035e-7
vn 0 -0.9999999999998577 -5.333457040456645e-7
vn 0 -0.9999999999998217 5.971239800394035e-7
vn 0 -0.9999999999999248 3.87777967514288e-7
vn 0 -0.9999999999998577 -5.333457040456645e-7
vn 0 -0.9999999999999248 3.87777967514288e-7
vn 0 -0.9999999999986845 -0.0000016219462879420764
vn 0 -0.9999999999998577 -5.333457040456645e-7
vn 0 -0.9999999999986845 -0.0000016219462879420764
vn 0 -0.9999999999986845 -0.0000016219458331947255
vn 0 -0.9999999999998577 -5.333457040456645e-7
vn 0 -0.9999999999986845 -0.0000016219458331947255
vn 0 -0.9999999999999603 -2.8212996605602454e-7
vn 0 -0.9999999999998577 -5.333457040456645e-7
vn 0 -0.9999999999999603 -2.8212996605602454e-7
vn 0 -0.9999999999999603 -2.8212996605602454e-7
vn 0 0.9999999999942119 -0.000003402357671580036
vn 0 0.9999999999942119 -0.0000034023713140005634
vn 0 0.9999999999999603 2.8212996605602454e-7
vn 0 0.9999999999942119 -0.000003402357671580036
vn 0 0.9999999999999603 2.8212996605602454e-7
vn 0 0.9999999999999603 2.8212996605602454e-7
vn 0 0.9999999999942119 -0.000003402357671580036
vn 0 0.9999999999999603 2.8212996605602454e-7
vn 0 0.999999999945541 -0.000010436382418581319
vn 0 0.9999999999942119 -0.000003402357671580036
vn 0 0.999999999945541 -0.000010436382418581319
vn 0 0.999999999945541 -0.000010436386966054828
vn 0 0.9999999999942119 -0.000003402357671580036
vn 0 0.999999999945541 -0.000010436386966054828
vn 0 0.9999999999999603 2.8212996605602454e-7
vn 0 0.9999999999942119 -0.000003402357671580036
vn 0 0.9999999999999603 2.8212996605602454e-7
vn 0 0.9999999999998096 6.17083449672049e-7
vn 0 0.9999999999942119 -0.000003402357671580036
vn 0 0.9999999999998096 6.17083449672049e-7
vn 0 0.9999999999887558 -0.000004742192979135893
vn 0 0.9999999999942119 -0.000003402357671580036
vn 0 0.9999999999887558 -0.000004742192979135893
vn 0 0.999999999984087 0.000005641431633307973
vn 0 0.9999999999942119 -0.000003402357671580036
vn 0 0.999999999984087 0.000005641431633307973
vn 0 0.9999999999394925 0.000011000676911404836
vn 0 0.9999999999942119 -0.000003402357671580036
vn 0 0.9999999999394925 0.000011000676911404836
vn 0 0.9999999999999603 2.8212996605602454e-7
vn 0 0.9999999999942119 -0.000003402357671580036
vn 0 0.9999999999999603 2.8212996605602454e-7
vn 0 0.9999999999999603 2.8212996605602454e-7
vn 0 0.9999999999942119 -0.000003402357671580036
vn 0 0.9999999999999603 2.8212996605602454e-7
vn 0 0.9999999999999603 2.8212996605602454e-7
vn 0.453915362249869 -1.1684642940100589e-7 0.8910448046611104
vn 0.7955737764924914 -7.944852309931225e-8 0.6058567208156307
vn 0.7955737764924914 -7.944852309931225e-8 0.6058567208156307
vn 0.453915362249869 -1.1684642940100589e-7 0.8910448046611104
vn 0.7955737764924914 -7.944852309931225e-8 0.6058567208156307
vn 0.453915362249869 -1.1684642940100589e-7 0.8910448046611104
vn 0.453915362249869 -1.1684642940100589e-7 0.8910448046611104
vn 0.022350058167860593 -1.3110141763848598e-7 0.9997502062514796
vn 0.022350058167860593 -1.3110141763848598e-7 0.9997502062514796
vn 0.453915362249869 -1.1684642940100589e-7 0.8910448046611104
vn 0.453915362249869 -1.1684642940100589e-7 0.8910448046611104
vn 0.022350058167860593 -1.3110141763848598e-7 0.9997502062514796
vn -0.4136357036272925 -1.1939012380201363e-7 0.9104424774167451
vn 0.022350058167860593 -1.3110141763848598e-7 0.9997502062514796
vn 0.022350058167860593 -1.3110141763848598e-7 0.9997502062514796
vn -0.4136357036272925 -1.1939012380201363e-7 0.9104424774167451
vn 0.022350058167860593 -1.3110141763848598e-7 0.9997502062514796
vn -0.4136357036272925 -1.1939012380201363e-7 0.9104424774167451
vn -0.4136357036272925 -1.1939012380201363e-7 0.9104424774167451
vn -0.7676974055914123 -8.403242803800846e-8 0.6408125259763635
vn -0.7676974055914123 -8.403242803800846e-8 0.6408125259763635
vn -0.4136357036272925 -1.1939012380201363e-7 0.9104424774167451
vn -0.4136357036272925 -1.1939012380201363e-7 0.9104424774167451
vn -0.7676974055914123 -8.403242803800846e-8 0.6408125259763635
vn -0.9697099494620196 -3.2030746367063524e-8 0.2442593169448535
vn -0.7676974055914123 -8.403242803800846e-8 0.6408125259763635
vn -0.7676974055914123 -8.403242803800846e-8 0.6408125259763635
vn -0.9697099494620196 -3.2030746367063524e-8 0.2442593169448535
vn -0.7676974055914123 -8.403242803800846e-8 0.6408125259763635
vn -0.9697099494620196 -3.2030746367063524e-8 0.2442593169448535
vn -0.9697099494620196 -3.2030746367063524e-8 0.2442593169448535
vn -0.9796585347017327 2.631492673317493e-8 -0.2006717603103471
vn -0.9796585347017327 2.631492673317493e-8 -0.2006717603103471
vn -0.9697099494620196 -3.2030746367063524e-8 0.2442593169448535
vn -0.9697099494620196 -3.2030746367063524e-8 0.2442593169448535
vn -0.9796585347017327 2.631492673317493e-8 -0.2006717603103471
vn -0.7955750909804697 7.944829864682823e-8 -0.6058549947069933
vn -0.9796585347017327 2.631492673317493e-8 -0.2006717603103471
vn -0.9796585347017327 2.631492673317493e-8 -0.2006717603103471
vn -0.7955750909804697 7.944829864682823e-8 -0.6058549947069933
vn -0.9796585347017327 2.631492673317493e-8 -0.2006717603103471
vn -0.7955750909804697 7.944829864682823e-8 -0.6058549947069933
vn -0.7955750909804697 7.944829864682823e-8 -0.6058549947069933
vn -0.45391529081848414 1.1684643606740717e-7 -0.8910448410496282
vn -0.45391529081848414 1.1684643606740717e-7 -0.8910448410496282
vn -0.7955750909804697 7.944829864682823e-8 -0.6058549947069933
vn -0.7955750909804697 7.944829864682823e-8 -0.6058549947069933
vn -0.45391529081848414 1.1684643606740717e-7 -0.8910448410496282
vn -0.02235006189129005 1.3110141762757042e-7 -0.99975020616824
vn -0.45391529081848414 1.1684643606740717e-7 -0.8910448410496282
vn -0.45391529081848414 1.1684643606740717e-7 -0.8910448410496282
vn -0.02235006189129005 1.3110141762757042e-7 -0.99975020616824
vn -0.45391529081848414 1.1684643606740717e-7 -0.8910448410496282
vn -0.02235006189129005 1.3110141762757042e-7 -0.99975020616824
vn -0.02235006189129005 1.3110141762757042e-7 -0.99975020616824
vn 0.4136356789239828 1.1939012527377202e-7 -0.9104424886400466
vn 0.4136356789239828 1.1939012527377202e-7 -0.9104424886400466
vn -0.02235006189129005 1.3110141762757042e-7 -0.99975020616824
vn -0.02235006189129005 1.3110141762757042e-7 -0.99975020616824
vn 0.4136356789239828 1.1939012527377202e-7 -0.9104424886400466
vn 0.7676973762689004 8.403243098647124e-8 -0.6408125611049141
vn 0.4136356789239828 1.1939012527377202e-7 -0.9104424886400466
vn 0.4136356789239828 1.1939012527377202e-7 -0.9104424886400466
vn 0.7676973762689004 8.403243098647124e-8 -0.6408125611049141
vn 0.4136356789239828 1.1939012527377202e-7 -0.9104424886400466
vn 0.7676973762689004 8.403243098647124e-8 -0.6408125611049141
vn 0.7676973762689004 8.403243098647124e-8 -0.6408125611049141
vn 0.9697102001626464 3.2030616090787493e-8 -0.24425832166073527
vn 0.9697102001626464 3.2030616090787493e-8 -0.24425832166073527
vn 0.7676973762689004 8.403243098647124e-8 -0.6408125611049141
vn 0.7676973762689004 8.403243098647124e-8 -0.6408125611049141
vn 0.9697102001626464 3.2030616090787493e-8 -0.24425832166073527
vn 0.9796585088661645 -2.6314941732845063e-8 0.20067188643684608
vn 0.9697102001626464 3.2030616090787493e-8 -0.24425832166073527
vn 0.9697102001626464 3.2030616090787493e-8 -0.24425832166073527
vn 0.9796585088661645 -2.6314941732845063e-8 0.20067188643684608
vn 0.9697102001626464 3.2030616090787493e-8 -0.24425832166073527
vn 0.9796585088661645 -2.6314941732845063e-8 0.20067188643684608
vn 0.9796585088661645 -2.6314941732845063e-8 0.20067188643684608
vn 0.7955737764924914 -7.944852309931225e-8 0.6058567208156307
vn 0.7955737764924914 -7.944852309931225e-8 0.6058567208156307
vn 0.9796585088661645 -2.6314941732845063e-8 0.20067188643684608
vn 0.9796585088661645 -2.6314941732845063e-8 0.20067188643684608
vn 0.7955737764924914 -7.944852309931225e-8 0.6058567208156307
vn 0 0.9999999999999271 3.8234994415018433e-7
vn 0 0.9999999999994463 0.0000010522574513943862
vn 0 0.9999999999996791 8.010419976220899e-7
vn 0 0.9999999999999271 3.8234994415018433e-7
vn 0 0.9999999999996791 8.010419976220899e-7
vn 0 0.9999999999992695 -0.0000012086819167746398
vn 0 0.9999999999999271 3.8234994415018433e-7
vn 0 0.9999999999992695 -0.0000012086819167746398
vn 0 0.9999999999992695 -0.0000012086812346536135
vn 0 0.9999999999999271 3.8234994415018433e-7
vn 0 0.9999999999992695 -0.0000012086812346536135
vn 0 0.9999999999999913 1.3113417063337293e-7
vn 0 0.9999999999999271 3.8234994415018433e-7
vn 0 0.9999999999999913 1.3113417063337293e-7
vn 0 0.9999999999999913 1.3113417063337293e-7
vn 0 0.9999999999999271 3.8234994415018433e-7
vn 0 0.9999999999999913 1.3113417063337293e-7
vn 0 0.999999999999997 -7.821226111204215e-8
vn 0 0.9999999999999271 3.8234994415018433e-7
vn 0 0.999999999999997 -7.821226111204215e-8
vn 0 0.9999999999997202 -7.481197683565234e-7
vn 0 0.9999999999999271 3.8234994415018433e-7
vn 0 0.9999999999997202 -7.481197683565234e-7
vn 0 0.9999999999998548 -5.387737558314644e-7
vn 0 0.9999999999999271 3.8234994415018433e-7
vn 0 0.9999999999998548 -5.387737558314644e-7
vn 0 0.9999999999989181 0.0000014709504996253666
vn 0 0.9999999999999271 3.8234994415018433e-7
vn 0 0.9999999999989181 0.0000014709504996253666
vn 0 0.9999999999989181 0.0000014709500448780157
vn 0 0.9999999999999271 3.8234994415018433e-7
vn 0 0.9999999999989181 0.0000014709500448780157
vn 0 0.9999999999999913 1.3113417063337293e-7
vn 0 0.9999999999999271 3.8234994415018433e-7
vn 0 0.9999999999999913 1.3113417063337293e-7
vn 0 0.9999999999999913 1.3113417063337293e-7
vn 0 -0.9999999999999913 -1.3113417063337293e-7
vn 0 -0.9999999999998914 -4.6608763293316773e-7
vn 0 -0.9999999999880285 0.000004893188653760967
vn 0 -0.9999999999999913 -1.3113417063337293e-7
vn 0 -0.9999999999880285 0.000004893188653760967
vn 0 -0.9999999999849276 -0.000005490435958684524
vn 0 -0.9999999999999913 -1.3113417063337293e-7
vn 0 -0.9999999999849276 -0.000005490435958684524
vn 0 -0.9999999999411423 -0.000010849680782053981
vn 0 -0.9999999999999913 -1.3113417063337293e-7
vn 0 -0.9999999999411423 -0.000010849680782053981
vn 0 -0.9999999999999913 -1.3113417063337293e-7
vn 0 -0.9999999999999913 -1.3113417063337293e-7
vn 0 -0.9999999999999913 -1.3113417063337293e-7
vn 0 -0.9999999999999913 -1.3113417063337293e-7
vn 0 -0.9999999999999913 -1.3113417063337293e-7
vn 0 -0.9999999999999913 -1.3113417063337293e-7
vn 0 -0.9999999999999913 -1.3113417063337293e-7
vn 0 -0.9999999999999913 -1.3113417063337293e-7
vn 0 -0.9999999999999913 -1.3113417063337293e-7
vn 0 -0.9999999999936868 0.0000035533535735813206
vn 0 -0.9999999999999913 -1.3113417063337293e-7
vn 0 -0.9999999999936868 0.0000035533535735813206
vn 0 -0.9999999999936868 0.000003553367216001847
vn 0 -0.9999999999999913 -1.3113417063337293e-7
vn 0 -0.9999999999936868 0.000003553367216001847
vn 0 -0.9999999999999913 -1.3113417063337293e-7
vn 0 -0.9999999999999913 -1.3113417063337293e-7
vn 0 -0.9999999999999913 -1.3113417063337293e-7
vn 0 -0.9999999999999913 -1.3113417063337293e-7
vn 0 -0.9999999999999913 -1.3113417063337293e-7
vn 0 -0.9999999999999913 -1.3113417063337293e-7
vn 0 -0.9999999999439537 0.000010587378547933897
vn 0 -0.9999999999999913 -1.3113417063337293e-7
vn 0 -0.9999999999439537 0.000010587378547933897
vn 0 -0.9999999999439537 0.000010587383095407406
vn 0.4539153622498602 2.513904547042944e-7 -0.8910448046610872
vn 0.02235005816786004 2.8205950596509074e-7 -0.9997502062514486
vn 0.02235005816786004 2.8205950596509074e-7 -0.9997502062514486
vn 0.4539153622498602 2.513904547042944e-7 -0.8910448046610872
vn 0.02235005816786004 2.8205950596509074e-7 -0.9997502062514486
vn 0.4539153622498602 2.513904547042944e-7 -0.8910448046610872
vn 0.9796585088661635 5.661555606154139e-8 -0.20067188643684458
vn 0.969710200162645 -6.891259555176073e-8 0.24425832166073327
vn 0.969710200162645 -6.891259555176073e-8 0.24425832166073327
vn 0.9796585088661635 5.661555606154139e-8 -0.20067188643684458
vn 0.969710200162645 -6.891259555176073e-8 0.24425832166073327
vn 0.9796585088661635 5.661555606154139e-8 -0.20067188643684458
vn 0.7955737764924842 1.7093035028938715e-7 -0.6058567208156211
vn 0.9796585088661635 5.661555606154139e-8 -0.20067188643684458
vn 0.9796585088661635 5.661555606154139e-8 -0.20067188643684458
vn 0.7955737764924842 1.7093035028938715e-7 -0.6058567208156211
vn 0.9796585088661635 5.661555606154139e-8 -0.20067188643684458
vn 0.7955737764924842 1.7093035028938715e-7 -0.6058567208156211
vn 0.4539153622498602 2.513904547042944e-7 -0.8910448046610872
vn 0.7955737764924842 1.7093035028938715e-7 -0.6058567208156211
vn 0.7955737764924842 1.7093035028938715e-7 -0.6058567208156211
vn 0.4539153622498602 2.513904547042944e-7 -0.8910448046610872
vn 0.4539153622498602 2.513904547042944e-7 -0.8910448046610872
vn 0.7955737764924842 1.7093035028938715e-7 -0.6058567208156211
vn -0.413635703627284 2.5686311946040727e-7 -0.9104424774167206
vn 0.02235005816786004 2.8205950596509074e-7 -0.9997502062514486
vn 0.02235005816786004 2.8205950596509074e-7 -0.9997502062514486
vn -0.413635703627284 2.5686311946040727e-7 -0.9104424774167206
vn 0.02235005816786004 2.8205950596509074e-7 -0.9997502062514486
vn -0.413635703627284 2.5686311946040727e-7 -0.9104424774167206
vn -0.413635703627284 2.5686311946040727e-7 -0.9104424774167206
vn -0.7676974055914044 1.8079243041284586e-7 -0.6408125259763527
vn -0.7676974055914044 1.8079243041284586e-7 -0.6408125259763527
vn -0.413635703627284 2.5686311946040727e-7 -0.9104424774167206
vn -0.413635703627284 2.5686311946040727e-7 -0.9104424774167206
vn -0.7676974055914044 1.8079243041284586e-7 -0.6408125259763527
vn -0.969709949462018 6.891287635123517e-8 -0.24425931694485148
vn -0.7676974055914044 1.8079243041284586e-7 -0.6408125259763527
vn -0.7676974055914044 1.8079243041284586e-7 -0.6408125259763527
vn -0.969709949462018 6.891287635123517e-8 -0.24425931694485148
vn -0.7676974055914044 1.8079243041284586e-7 -0.6408125259763527
vn -0.969709949462018 6.891287635123517e-8 -0.24425931694485148
vn -0.969709949462018 6.891287635123517e-8 -0.24425931694485148
vn -0.9796585347017317 -5.6615520477476385e-8 0.2006717603103456
vn -0.9796585347017317 -5.6615520477476385e-8 0.2006717603103456
vn -0.969709949462018 6.891287635123517e-8 -0.24425931694485148
vn -0.969709949462018 6.891287635123517e-8 -0.24425931694485148
vn -0.9796585347017317 -5.6615520477476385e-8 0.2006717603103456
vn -0.7955750909804626 -1.7092986330241598e-7 0.6058549947069839
vn -0.9796585347017317 -5.6615520477476385e-8 0.2006717603103456
vn -0.9796585347017317 -5.6615520477476385e-8 0.2006717603103456
vn -0.7955750909804626 -1.7092986330241598e-7 0.6058549947069839
vn -0.9796585347017317 -5.6615520477476385e-8 0.2006717603103456
vn -0.7955750909804626 -1.7092986330241598e-7 0.6058549947069839
vn -0.7955750909804626 -1.7092986330241598e-7 0.6058549947069839
vn -0.4539152908184752 -2.513904649705853e-7 0.8910448410496049
vn -0.4539152908184752 -2.513904649705853e-7 0.8910448410496049
vn -0.7955750909804626 -1.7092986330241598e-7 0.6058549947069839
vn -0.7955750909804626 -1.7092986330241598e-7 0.6058549947069839
vn -0.4539152908184752 -2.513904649705853e-7 0.8910448410496049
vn -0.022350061891289498 -2.820595059416063e-7 0.9997502061682089
vn -0.4539152908184752 -2.513904649705853e-7 0.8910448410496049
vn -0.4539152908184752 -2.513904649705853e-7 0.8910448410496049
vn -0.022350061891289498 -2.820595059416063e-7 0.9997502061682089
vn -0.4539152908184752 -2.513904649705853e-7 0.8910448410496049
vn -0.022350061891289498 -2.820595059416063e-7 0.9997502061682089
vn 0.7676973762688926 -1.8079244032366212e-7 0.6408125611049035
vn 0.969710200162645 -6.891259555176073e-8 0.24425832166073327
vn 0.969710200162645 -6.891259555176073e-8 0.24425832166073327
vn 0.7676973762688926 -1.8079244032366212e-7 0.6408125611049035
vn 0.969710200162645 -6.891259555176073e-8 0.24425832166073327
vn 0.7676973762688926 -1.8079244032366212e-7 0.6408125611049035
vn 0.41363567892397435 -2.5686312262683713e-7 0.9104424886400221
vn 0.7676973762688926 -1.8079244032366212e-7 0.6408125611049035
vn 0.7676973762688926 -1.8079244032366212e-7 0.6408125611049035
vn 0.41363567892397435 -2.5686312262683713e-7 0.9104424886400221
vn 0.7676973762688926 -1.8079244032366212e-7 0.6408125611049035
vn 0.41363567892397435 -2.5686312262683713e-7 0.9104424886400221
vn -0.022350061891289498 -2.820595059416063e-7 0.9997502061682089
vn 0.41363567892397435 -2.5686312262683713e-7 0.9104424886400221
vn 0.41363567892397435 -2.5686312262683713e-7 0.9104424886400221
vn -0.022350061891289498 -2.820595059416063e-7 0.9997502061682089
vn -0.022350061891289498 -2.820595059416063e-7 0.9997502061682089
vn 0.41363567892397435 -2.5686312262683713e-7 0.9104424886400221
vn 0 -0.9999999999994406 0.0000010576854463366882
vn 0 -0.9999999999999603 -2.8212996605602454e-7
vn 0 -0.9999999999999603 -2.8212996605602454e-7
vn 0 -0.9999999999994406 0.0000010576854463366882
vn 0 -0.9999999999999603 -2.8212996605602454e-7
vn 0 -0.9999999999999972 -7.278353431061638e-8
vn 0 -0.9999999999994406 0.0000010576854463366882
vn 0 -0.9999999999999972 -7.278353431061638e-8
vn 0 -0.9999999999998217 5.971239800394035e-7
vn 0 -0.9999999999994406 0.0000010576854463366882
vn 0 -0.9999999999998217 5.971239800394035e-7
vn 0 -0.9999999999999248 3.87777967514288e-7
vn 0 -0.9999999999994406 0.0000010576854463366882
vn 0 -0.9999999999999248 3.87777967514288e-7
vn 0 -0.9999999999986845 -0.0000016219462879420764
vn 0 -0.9999999999994406 0.0000010576854463366882
vn 0 -0.9999999999986845 -0.0000016219462879420764
vn 0 -0.9999999999986845 -0.0000016219458331947255
vn 0 -0.9999999999994406 0.0000010576854463366882
vn 0 -0.9999999999986845 -0.0000016219458331947255
vn 0 -0.9999999999999603 -2.8212996605602454e-7
vn 0 -0.9999999999994406 0.0000010576854463366882
vn 0 -0.9999999999999603 -2.8212996605602454e-7
vn 0 -0.9999999999999603 -2.8212996605602454e-7
vn 0 -0.9999999999994406 0.0000010576854463366882
vn 0 -0.9999999999999603 -2.8212996605602454e-7
vn 0 -0.9999999999998577 -5.333457040456645e-7
vn 0 -0.9999999999994406 0.0000010576854463366882
vn 0 -0.9999999999998577 -5.333457040456645e-7
vn 0 -0.9999999999992761 -0.0000012032532397113443
vn 0 -0.9999999999994406 0.0000010576854463366882
vn 0 -0.9999999999992761 -0.0000012032532397113443
vn 0 -0.9999999999995469 -9.520377859391588e-7
vn 0 -0.9999999999994406 0.0000010576854463366882
vn 0 -0.9999999999995469 -9.520377859391588e-7
vn 0 -0.9999999999994406 0.0000010576861284577145
vn 0 0.9999999999999603 2.8212996605602454e-7
vn 0 0.9999999999999603 2.8212996605602454e-7
vn 0 0.9999999999942119 -0.000003402357671580036
vn 0 0.9999999999999603 2.8212996605602454e-7
vn 0 0.9999999999942119 -0.000003402357671580036
vn 0 0.9999999999942119 -0.0000034023713140005634
vn 0 0.9999999999999603 2.8212996605602454e-7
vn 0 0.9999999999942119 -0.0000034023713140005634
vn 0 0.9999999999999603 2.8212996605602454e-7
vn 0 0.9999999999999603 2.8212996605602454e-7
vn 0 0.9999999999999603 2.8212996605602454e-7
vn 0 0.9999999999999603 2.8212996605602454e-7
vn 0 0.9999999999999603 2.8212996605602454e-7
vn 0 0.9999999999999603 2.8212996605602454e-7
vn 0 0.999999999945541 -0.000010436382418581319
vn 0 0.9999999999999603 2.8212996605602454e-7
vn 0 0.999999999945541 -0.000010436382418581319
vn 0 0.999999999945541 -0.000010436386966054828
vn 0 0.9999999999999603 2.8212996605602454e-7
vn 0 0.999999999945541 -0.000010436386966054828
vn 0 0.9999999999999603 2.8212996605602454e-7
vn 0 0.9999999999999603 2.8212996605602454e-7
vn 0 0.9999999999999603 2.8212996605602454e-7
vn 0 0.9999999999998096 6.17083449672049e-7
vn 0 0.9999999999999603 2.8212996605602454e-7
vn 0 0.9999999999998096 6.17083449672049e-7
vn 0 0.9999999999887558 -0.000004742192979135893
vn 0 0.9999999999999603 2.8212996605602454e-7
vn 0 0.9999999999887558 -0.000004742192979135893
vn 0 0.999999999984087 0.000005641431633307973
vn 0 0.9999999999999603 2.8212996605602454e-7
vn 0 0.999999999984087 0.000005641431633307973
vn 0 0.9999999999394925 0.000011000676911404836
vn 0 0.9999999999999603 2.8212996605602454e-7
vn 0 0.9999999999394925 0.000011000676911404836
vn 0 0.9999999999999603 2.8212996605602454e-7
vn 0.453915362249869 -1.1684642940100589e-7 0.8910448046611104
vn 0.7955737764924914 -7.944852309931225e-8 0.6058567208156307
vn 0.7955737764924914 -7.944852309931225e-8 0.6058567208156307
vn 0.453915362249869 -1.1684642940100589e-7 0.8910448046611104
vn 0.7955737764924914 -7.944852309931225e-8 0.6058567208156307
vn 0.453915362249869 -1.1684642940100589e-7 0.8910448046611104
vn 0.453915362249869 -1.1684642940100589e-7 0.8910448046611104
vn 0.022350058167860593 -1.3110141763848598e-7 0.9997502062514796
vn 0.022350058167860593 -1.3110141763848598e-7 0.9997502062514796
vn 0.453915362249869 -1.1684642940100589e-7 0.8910448046611104
vn 0.453915362249869 -1.1684642940100589e-7 0.8910448046611104
vn 0.022350058167860593 -1.3110141763848598e-7 0.9997502062514796
vn -0.4136357036272925 -1.1939012380201363e-7 0.9104424774167451
vn 0.022350058167860593 -1.3110141763848598e-7 0.9997502062514796
vn 0.022350058167860593 -1.3110141763848598e-7 0.9997502062514796
vn -0.4136357036272925 -1.1939012380201363e-7 0.9104424774167451
vn 0.022350058167860593 -1.3110141763848598e-7 0.9997502062514796
vn -0.4136357036272925 -1.1939012380201363e-7 0.9104424774167451
vn -0.4136357036272925 -1.1939012380201363e-7 0.9104424774167451
vn -0.7676974055914123 -8.403242803800846e-8 0.6408125259763635
vn -0.7676974055914123 -8.403242803800846e-8 0.6408125259763635
vn -0.4136357036272925 -1.1939012380201363e-7 0.9104424774167451
vn -0.4136357036272925 -1.1939012380201363e-7 0.9104424774167451
vn -0.7676974055914123 -8.403242803800846e-8 0.6408125259763635
vn -0.9697099494620196 -3.2030746367063524e-8 0.2442593169448535
vn -0.7676974055914123 -8.403242803800846e-8 0.6408125259763635
vn -0.7676974055914123 -8.403242803800846e-8 0.6408125259763635
vn -0.9697099494620196 -3.2030746367063524e-8 0.2442593169448535
vn -0.7676974055914123 -8.403242803800846e-8 0.6408125259763635
vn -0.9697099494620196 -3.2030746367063524e-8 0.2442593169448535
vn -0.9697099494620196 -3.2030746367063524e-8 0.2442593169448535
vn -0.9796585347017327 2.631492673317493e-8 -0.2006717603103471
vn -0.9796585347017327 2.631492673317493e-8 -0.2006717603103471
vn -0.9697099494620196 -3.2030746367063524e-8 0.2442593169448535
vn -0.9697099494620196 -3.2030746367063524e-8 0.2442593169448535
vn -0.9796585347017327 2.631492673317493e-8 -0.2006717603103471
vn -0.7955750909804697 7.944829864682823e-8 -0.6058549947069933
vn -0.9796585347017327 2.631492673317493e-8 -0.2006717603103471
vn -0.9796585347017327 2.631492673317493e-8 -0.2006717603103471
vn -0.7955750909804697 7.944829864682823e-8 -0.6058549947069933
vn -0.9796585347017327 2.631492673317493e-8 -0.2006717603103471
vn -0.7955750909804697 7.944829864682823e-8 -0.6058549947069933
vn -0.7955750909804697 7.944829864682823e-8 -0.6058549947069933
vn -0.45391529081848414 1.1684643606740717e-7 -0.8910448410496282
vn -0.45391529081848414 1.1684643606740717e-7 -0.8910448410496282
vn -0.7955750909804697 7.944829864682823e-8 -0.6058549947069933
vn -0.7955750909804697 7.944829864682823e-8 -0.6058549947069933
vn -0.45391529081848414 1.1684643606740717e-7 -0.8910448410496282
vn -0.02235006189129005 1.3110141762757042e-7 -0.99975020616824
vn -0.45391529081848414 1.1684643606740717e-7 -0.8910448410496282
vn -0.45391529081848414 1.1684643606740717e-7 -0.8910448410496282
vn -0.02235006189129005 1.3110141762757042e-7 -0.99975020616824
vn -0.45391529081848414 1.1684643606740717e-7 -0.8910448410496282
vn -0.02235006189129005 1.3110141762757042e-7 -0.99975020616824
vn -0.02235006189129005 1.3110141762757042e-7 -0.99975020616824
vn 0.4136356789239828 1.1939012527377202e-7 -0.9104424886400466
vn 0.4136356789239828 1.1939012527377202e-7 -0.9104424886400466
vn -0.02235006189129005 1.3110141762757042e-7 -0.99975020616824
vn -0.02235006189129005 1.3110141762757042e-7 -0.99975020616824
vn 0.4136356789239828 1.1939012527377202e-7 -0.9104424886400466
vn 0.7676973762689004 8.403243098647124e-8 -0.6408125611049141
vn 0.4136356789239828 1.1939012527377202e-7 -0.9104424886400466
vn 0.4136356789239828 1.1939012527377202e-7 -0.9104424886400466
vn 0.7676973762689004 8.403243098647124e-8 -0.6408125611049141
vn 0.4136356789239828 1.1939012527377202e-7 -0.9104424886400466
vn 0.7676973762689004 8.403243098647124e-8 -0.6408125611049141
vn 0.7676973762689004 8.403243098647124e-8 -0.6408125611049141
vn 0.9697102001626464 3.2030616090787493e-8 -0.24425832166073527
vn 0.9697102001626464 3.2030616090787493e-8 -0.24425832166073527
vn 0.7676973762689004 8.403243098647124e-8 -0.6408125611049141
vn 0.7676973762689004 8.403243098647124e-8 -0.6408125611049141
vn 0.9697102001626464 3.2030616090787493e-8 -0.24425832166073527
vn 0.9796585088661645 -2.6314941732845063e-8 0.20067188643684608
vn 0.9697102001626464 3.2030616090787493e-8 -0.24425832166073527
vn 0.9697102001626464 3.2030616090787493e-8 -0.24425832166073527
vn 0.9796585088661645 -2.6314941732845063e-8 0.20067188643684608
vn 0.9697102001626464 3.2030616090787493e-8 -0.24425832166073527
vn 0.9796585088661645 -2.6314941732845063e-8 0.20067188643684608
vn 0.9796585088661645 -2.6314941732845063e-8 0.20067188643684608
vn 0.7955737764924914 -7.944852309931225e-8 0.6058567208156307
vn 0.7955737764924914 -7.944852309931225e-8 0.6058567208156307
vn 0.9796585088661645 -2.6314941732845063e-8 0.20067188643684608
vn 0.9796585088661645 -2.6314941732845063e-8 0.20067188643684608
vn 0.7955737764924914 -7.944852309931225e-8 0.6058567208156307
vn 0 0.9999999999999913 1.3113417063337293e-7
vn 0 0.9999999999999913 1.3113417063337293e-7
vn 0 0.9999999999999271 3.8234994415018433e-7
vn 0 0.9999999999999913 1.3113417063337293e-7
vn 0 0.9999999999999271 3.8234994415018433e-7
vn 0 0.9999999999994463 0.0000010522574513943862
vn 0 0.9999999999999913 1.3113417063337293e-7
vn 0 0.9999999999994463 0.0000010522574513943862
vn 0 0.9999999999996791 8.010419976220899e-7
vn 0 0.9999999999999913 1.3113417063337293e-7
vn 0 0.9999999999996791 8.010419976220899e-7
vn 0 0.9999999999992695 -0.0000012086819167746398
vn 0 0.9999999999999913 1.3113417063337293e-7
vn 0 0.9999999999992695 -0.0000012086819167746398
vn 0 0.9999999999992695 -0.0000012086812346536135
vn 0 0.9999999999999913 1.3113417063337293e-7
vn 0 0.9999999999992695 -0.0000012086812346536135
vn 0 0.9999999999999913 1.3113417063337293e-7
vn 0 0.9999999999999913 1.3113417063337293e-7
vn 0 0.9999999999999913 1.3113417063337293e-7
vn 0 0.9999999999999913 1.3113417063337293e-7
vn 0 0.9999999999999913 1.3113417063337293e-7
vn 0 0.9999999999999913 1.3113417063337293e-7
vn 0 0.999999999999997 -7.821226111204215e-8
vn 0 0.9999999999999913 1.3113417063337293e-7
vn 0 0.999999999999997 -7.821226111204215e-8
vn 0 0.9999999999997202 -7.481197683565234e-7
vn 0 0.9999999999999913 1.3113417063337293e-7
vn 0 0.9999999999997202 -7.481197683565234e-7
vn 0 0.9999999999998548 -5.387737558314644e-7
vn 0 0.9999999999999913 1.3113417063337293e-7
vn 0 0.9999999999998548 -5.387737558314644e-7
vn 0 0.9999999999989181 0.0000014709504996253666
vn 0 0.9999999999999913 1.3113417063337293e-7
vn 0 0.9999999999989181 0.0000014709504996253666
vn 0 0.9999999999989181 0.0000014709500448780157
vn 0 -0.9999999999999913 -1.3113417063337293e-7
vn 0 -0.9999999999998914 -4.6608763293316773e-7
vn 0 -0.9999999999880285 0.000004893188653760967
vn 0 -0.9999999999999913 -1.3113417063337293e-7
vn 0 -0.9999999999880285 0.000004893188653760967
vn 0 -0.9999999999849276 -0.000005490435958684524
vn 0 -0.9999999999999913 -1.3113417063337293e-7
vn 0 -0.9999999999849276 -0.000005490435958684524
vn 0 -0.9999999999411423 -0.000010849680782053981
vn 0 -0.9999999999999913 -1.3113417063337293e-7
vn 0 -0.9999999999411423 -0.000010849680782053981
vn 0 -0.9999999999999913 -1.3113417063337293e-7
vn 0 -0.9999999999999913 -1.3113417063337293e-7
vn 0 -0.9999999999999913 -1.3113417063337293e-7
vn 0 -0.9999999999999913 -1.3113417063337293e-7
vn 0 -0.9999999999999913 -1.3113417063337293e-7
vn 0 -0.9999999999999913 -1.3113417063337293e-7
vn 0 -0.9999999999999913 -1.3113417063337293e-7
vn 0 -0.9999999999999913 -1.3113417063337293e-7
vn 0 -0.9999999999999913 -1.3113417063337293e-7
vn 0 -0.9999999999936868 0.0000035533535735813206
vn 0 -0.9999999999999913 -1.3113417063337293e-7
vn 0 -0.9999999999936868 0.0000035533535735813206
vn 0 -0.9999999999936868 0.000003553367216001847
vn 0 -0.9999999999999913 -1.3113417063337293e-7
vn 0 -0.9999999999936868 0.000003553367216001847
vn 0 -0.9999999999999913 -1.3113417063337293e-7
vn 0 -0.9999999999999913 -1.3113417063337293e-7
vn 0 -0.9999999999999913 -1.3113417063337293e-7
vn 0 -0.9999999999999913 -1.3113417063337293e-7
vn 0 -0.9999999999999913 -1.3113417063337293e-7
vn 0 -0.9999999999999913 -1.3113417063337293e-7
vn 0 -0.9999999999439537 0.000010587378547933897
vn 0 -0.9999999999999913 -1.3113417063337293e-7
vn 0 -0.9999999999439537 0.000010587378547933897
vn 0 -0.9999999999439537 0.000010587383095407406
vn 0.4539153622498602 2.513904547042944e-7 -0.8910448046610872
vn 0.7955737764924842 1.7093035028938715e-7 -0.6058567208156211
vn 0.7955737764924842 1.7093035028938715e-7 -0.6058567208156211
vn 0.4539153622498602 2.513904547042944e-7 -0.8910448046610872
vn 0.7955737764924842 1.7093035028938715e-7 -0.6058567208156211
vn 0.4539153622498602 2.513904547042944e-7 -0.8910448046610872
vn 0.4539153622498602 2.513904547042944e-7 -0.8910448046610872
vn 0.02235005816786004 2.8205950596509074e-7 -0.9997502062514486
vn 0.02235005816786004 2.8205950596509074e-7 -0.9997502062514486
vn 0.4539153622498602 2.513904547042944e-7 -0.8910448046610872
vn 0.4539153622498602 2.513904547042944e-7 -0.8910448046610872
vn 0.02235005816786004 2.8205950596509074e-7 -0.9997502062514486
vn -0.413635703627284 2.5686311946040727e-7 -0.9104424774167206
vn 0.02235005816786004 2.8205950596509074e-7 -0.9997502062514486
vn 0.02235005816786004 2.8205950596509074e-7 -0.9997502062514486
vn -0.413635703627284 2.5686311946040727e-7 -0.9104424774167206
vn 0.02235005816786004 2.8205950596509074e-7 -0.9997502062514486
vn -0.413635703627284 2.5686311946040727e-7 -0.9104424774167206
vn -0.413635703627284 2.5686311946040727e-7 -0.9104424774167206
vn -0.7676974055914044 1.8079243041284586e-7 -0.6408125259763527
vn -0.7676974055914044 1.8079243041284586e-7 -0.6408125259763527
vn -0.413635703627284 2.5686311946040727e-7 -0.9104424774167206
vn -0.413635703627284 2.5686311946040727e-7 -0.9104424774167206
vn -0.7676974055914044 1.8079243041284586e-7 -0.6408125259763527
vn -0.969709949462018 6.891287635123517e-8 -0.24425931694485148
vn -0.7676974055914044 1.8079243041284586e-7 -0.6408125259763527
vn -0.7676974055914044 1.8079243041284586e-7 -0.6408125259763527
vn -0.969709949462018 6.891287635123517e-8 -0.24425931694485148
vn -0.7676974055914044 1.8079243041284586e-7 -0.6408125259763527
vn -0.969709949462018 6.891287635123517e-8 -0.24425931694485148
vn -0.969709949462018 6.891287635123517e-8 -0.24425931694485148
vn -0.9796585347017317 -5.6615520477476385e-8 0.2006717603103456
vn -0.9796585347017317 -5.6615520477476385e-8 0.2006717603103456
vn -0.969709949462018 6.891287635123517e-8 -0.24425931694485148
vn -0.969709949462018 6.891287635123517e-8 -0.24425931694485148
vn -0.9796585347017317 -5.6615520477476385e-8 0.2006717603103456
vn -0.7955750909804626 -1.7092986330241598e-7 0.6058549947069839
vn -0.9796585347017317 -5.6615520477476385e-8 0.2006717603103456
vn -0.9796585347017317 -5.6615520477476385e-8 0.2006717603103456
vn -0.7955750909804626 -1.7092986330241598e-7 0.6058549947069839
vn -0.9796585347017317 -5.6615520477476385e-8 0.2006717603103456
vn -0.7955750909804626 -1.7092986330241598e-7 0.6058549947069839
vn -0.7955750909804626 -1.7092986330241598e-7 0.6058549947069839
vn -0.4539152908184752 -2.513904649705853e-7 0.8910448410496049
vn -0.4539152908184752 -2.513904649705853e-7 0.8910448410496049
vn -0.7955750909804626 -1.7092986330241598e-7 0.6058549947069839
vn -0.7955750909804626 -1.7092986330241598e-7 0.6058549947069839
vn -0.4539152908184752 -2.513904649705853e-7 0.8910448410496049
vn -0.022350061891289498 -2.820595059416063e-7 0.9997502061682089
vn -0.4539152908184752 -2.513904649705853e-7 0.8910448410496049
vn -0.4539152908184752 -2.513904649705853e-7 0.8910448410496049
vn -0.022350061891289498 -2.820595059416063e-7 0.9997502061682089
vn -0.4539152908184752 -2.513904649705853e-7 0.8910448410496049
vn -0.022350061891289498 -2.820595059416063e-7 0.9997502061682089
vn -0.022350061891289498 -2.820595059416063e-7 0.9997502061682089
vn 0.41363567892397435 -2.5686312262683713e-7 0.9104424886400221
vn 0.41363567892397435 -2.5686312262683713e-7 0.9104424886400221
vn -0.022350061891289498 -2.820595059416063e-7 0.9997502061682089
vn -0.022350061891289498 -2.820595059416063e-7 0.9997502061682089
vn 0.41363567892397435 -2.5686312262683713e-7 0.9104424886400221
vn 0.7676973762688926 -1.8079244032366212e-7 0.6408125611049035
vn 0.41363567892397435 -2.5686312262683713e-7 0.9104424886400221
vn 0.41363567892397435 -2.5686312262683713e-7 0.9104424886400221
vn 0.7676973762688926 -1.8079244032366212e-7 0.6408125611049035
vn 0.41363567892397435 -2.5686312262683713e-7 0.9104424886400221
vn 0.7676973762688926 -1.8079244032366212e-7 0.6408125611049035
vn 0.7676973762688926 -1.8079244032366212e-7 0.6408125611049035
vn 0.969710200162645 -6.891259555176073e-8 0.24425832166073327
vn 0.969710200162645 -6.891259555176073e-8 0.24425832166073327
vn 0.7676973762688926 -1.8079244032366212e-7 0.6408125611049035
vn 0.7676973762688926 -1.8079244032366212e-7 0.6408125611049035
vn 0.969710200162645 -6.891259555176073e-8 0.24425832166073327
vn 0.9796585088661635 5.661555606154139e-8 -0.20067188643684458
vn 0.969710200162645 -6.891259555176073e-8 0.24425832166073327
vn 0.969710200162645 -6.891259555176073e-8 0.24425832166073327
vn 0.9796585088661635 5.661555606154139e-8 -0.20067188643684458
vn 0.969710200162645 -6.891259555176073e-8 0.24425832166073327
vn 0.9796585088661635 5.661555606154139e-8 -0.20067188643684458
vn 0.9796585088661635 5.661555606154139e-8 -0.20067188643684458
vn 0.7955737764924842 1.7093035028938715e-7 -0.6058567208156211
vn 0.7955737764924842 1.7093035028938715e-7 -0.6058567208156211
vn 0.9796585088661635 5.661555606154139e-8 -0.20067188643684458
vn 0.9796585088661635 5.661555606154139e-8 -0.20067188643684458
vn 0.7955737764924842 1.7093035028938715e-7 -0.6058567208156211
vn 0 -0.9999999999986845 -0.0000016219462879420764
vn 0 -0.9999999999986845 -0.0000016219458331947255
vn 0 -0.9999999999999603 -2.8212996605602454e-7
vn 0 -0.9999999999986845 -0.0000016219462879420764
vn 0 -0.9999999999999603 -2.8212996605602454e-7
vn 0 -0.9999999999999603 -2.8212996605602454e-7
vn 0 -0.9999999999986845 -0.0000016219462879420764
vn 0 -0.9999999999999603 -2.8212996605602454e-7
vn 0 -0.9999999999998577 -5.333457040456645e-7
vn 0 -0.9999999999986845 -0.0000016219462879420764
vn 0 -0.9999999999998577 -5.333457040456645e-7
vn 0 -0.9999999999992761 -0.0000012032532397113443
vn 0 -0.9999999999986845 -0.0000016219462879420764
vn 0 -0.9999999999992761 -0.0000012032532397113443
vn 0 -0.9999999999995469 -9.520377859391588e-7
vn 0 -0.9999999999986845 -0.0000016219462879420764
vn 0 -0.9999999999995469 -9.520377859391588e-7
vn 0 -0.9999999999994406 0.0000010576861284577145
vn 0 -0.9999999999986845 -0.0000016219462879420764
vn 0 -0.9999999999994406 0.0000010576861284577145
vn 0 -0.9999999999994406 0.0000010576854463366882
vn 0 -0.9999999999986845 -0.0000016219462879420764
vn 0 -0.9999999999994406 0.0000010576854463366882
vn 0 -0.9999999999999603 -2.8212996605602454e-7
vn 0 -0.9999999999986845 -0.0000016219462879420764
vn 0 -0.9999999999999603 -2.8212996605602454e-7
vn 0 -0.9999999999999603 -2.8212996605602454e-7
vn 0 -0.9999999999986845 -0.0000016219462879420764
vn 0 -0.9999999999999603 -2.8212996605602454e-7
vn 0 -0.9999999999999972 -7.278353431061638e-8
vn 0 -0.9999999999986845 -0.0000016219462879420764
vn 0 -0.9999999999999972 -7.278353431061638e-8
vn 0 -0.9999999999998217 5.971239800394035e-7
vn 0 -0.9999999999986845 -0.0000016219462879420764
vn 0 -0.9999999999998217 5.971239800394035e-7
vn 0 -0.9999999999999248 3.87777967514288e-7
vn 0 0.9999999999394925 0.000011000676911404836
vn 0 0.9999999999999603 2.8212996605602454e-7
vn 0 0.9999999999999603 2.8212996605602454e-7
vn 0 0.9999999999394925 0.000011000676911404836
vn 0 0.9999999999999603 2.8212996605602454e-7
vn 0 0.9999999999999603 2.8212996605602454e-7
vn 0 0.9999999999394925 0.000011000676911404836
vn 0 0.9999999999999603 2.8212996605602454e-7
vn 0 0.9999999999942119 -0.000003402357671580036
vn 0 0.9999999999394925 0.000011000676911404836
vn 0 0.9999999999942119 -0.000003402357671580036
vn 0 0.9999999999942119 -0.0000034023713140005634
vn 0 0.9999999999394925 0.000011000676911404836
vn 0 0.9999999999942119 -0.0000034023713140005634
vn 0 0.9999999999999603 2.8212996605602454e-7
vn 0 0.9999999999394925 0.000011000676911404836
vn 0 0.9999999999999603 2.8212996605602454e-7
vn 0 0.9999999999999603 2.8212996605602454e-7
vn 0 0.9999999999394925 0.000011000676911404836
vn 0 0.9999999999999603 2.8212996605602454e-7
vn 0 0.999999999945541 -0.000010436382418581319
vn 0 0.9999999999394925 0.000011000676911404836
vn 0 0.999999999945541 -0.000010436382418581319
vn 0 0.999999999945541 -0.000010436386966054828
vn 0 0.9999999999394925 0.000011000676911404836
vn 0 0.999999999945541 -0.000010436386966054828
vn 0 0.9999999999999603 2.8212996605602454e-7
vn 0 0.9999999999394925 0.000011000676911404836
vn 0 0.9999999999999603 2.8212996605602454e-7
vn 0 0.9999999999998096 6.17083449672049e-7
vn 0 0.9999999999394925 0.000011000676911404836
vn 0 0.9999999999998096 6.17083449672049e-7
vn 0 0.9999999999887558 -0.000004742192979135893
vn 0 0.9999999999394925 0.000011000676911404836
vn 0 0.9999999999887558 -0.000004742192979135893
vn 0 0.999999999984087 0.000005641431633307973
vn -3.789497539204958e-7 -0.9983510458436077 -0.057403739101482804
vn -1.54083253680595e-7 -0.9738383844037283 -0.2272417238579063
vn 0.5793353710948776 -0.7937653895986898 -0.18522158101474276
vn 0.5793353710948776 -0.7937653895986898 -0.18522158101474276
vn 0.5829813502498904 -0.8111457835099768 -0.04663971649571214
vn -3.789497539204958e-7 -0.9983510458436077 -0.057403739101482804
vn 0.5829813502498904 -0.8111457835099768 -0.04663971649571214
vn 0.5793353710948776 -0.7937653895986898 -0.18522158101474276
vn 0.9448420255747343 -0.3189580059449695 -0.07442672336897595
vn 0.9448420255747343 -0.3189580059449695 -0.07442672336897595
vn 0.9478275307711606 -0.3182579313875617 -0.018299208211141497
vn 0.5829813502498904 -0.8111457835099768 -0.04663971649571214
vn 0.9478275307711606 -0.3182579313875617 -0.018299208211141497
vn 0.9448420255747343 -0.3189580059449695 -0.07442672336897595
vn 0.9579319308078402 0.27948727773421916 0.06521715666508739
vn 0.9579319308078402 0.27948727773421916 0.06521715666508739
vn 0.9544518393925935 0.2978730431073847 0.017127068343439918
vn 0.9478275307711606 -0.3182579313875617 -0.018299208211141497
vn 0.9544518393925935 0.2978730431073847 0.017127068343439918
vn 0.9579319308078402 0.27948727773421916 0.06521715666508739
vn 0.6007836000938854 0.7784984208504457 0.18165702461394842
vn 0.6007836000938854 0.7784984208504457 0.18165702461394842
vn 0.5937339732115878 0.8033346010369954 0.04618969399241708
vn 0.9544518393925935 0.2978730431073847 0.017127068343439918
vn 0.5937339732115878 0.8033346010369954 0.04618969399241708
vn 0.6007836000938854 0.7784984208504457 0.18165702461394842
vn 8.468346308343341e-8 0.9738392648523377 0.22723795068573202
vn 8.468346308343341e-8 0.9738392648523377 0.22723795068573202
vn 1.6300843901190005e-7 0.9983511070984968 0.05740267376333064
vn 0.5937339732115878 0.8033346010369954 0.04618969399241708
vn 1.6300843901190005e-7 0.9983511070984968 0.05740267376333064
vn 8.468346308343341e-8 0.9738392648523377 0.22723795068573202
vn -0.6007837125157797 0.7784982928460044 0.18165720137559604
vn -0.6007837125157797 0.7784982928460044 0.18165720137559604
vn -0.5937342497271825 0.8033343931227963 0.04618975564915155
vn 1.6300843901190005e-7 0.9983511070984968 0.05740267376333064
vn -0.5937342497271825 0.8033343931227963 0.04618975564915155
vn -0.6007837125157797 0.7784982928460044 0.18165720137559604
vn -0.9579320659627575 0.2794868055493674 0.06521719500356735
vn -0.9579320659627575 0.2794868055493674 0.06521719500356735
vn -0.9544519845673017 0.2978725743737181 0.01712713027664333
vn -0.5937342497271825 0.8033343931227963 0.04618975564915155
vn -0.9544519845673017 0.2978725743737181 0.01712713027664333
vn -0.9579320659627575 0.2794868055493674 0.06521719500356735
vn -0.9448418727943387 -0.318958431965837 -0.07442683717840826
vn -0.9448418727943387 -0.318958431965837 -0.07442683717840826
vn -0.9478275616014352 -0.318257832318842 -0.01829933431547397
vn -0.9544519845673017 0.2978725743737181 0.01712713027664333
vn -0.9478275616014352 -0.318257832318842 -0.01829933431547397
vn -0.9448418727943387 -0.318958431965837 -0.07442683717840826
vn -0.5793353349202431 -0.7937653620962204 -0.1852218120230597
vn -0.5793353349202431 -0.7937653620962204 -0.1852218120230597
vn -0.5829825995285436 -0.8111448860747271 -0.04663970885157652
vn -0.9478275616014352 -0.318257832318842 -0.01829933431547397
vn -0.5829825995285436 -0.8111448860747271 -0.04663970885157652
vn -0.5793353349202431 -0.7937653620962204 -0.1852218120230597
vn -1.54083253680595e-7 -0.9738383844037283 -0.2272417238579063
vn -1.54083253680595e-7 -0.9738383844037283 -0.2272417238579063
vn -3.789497539204958e-7 -0.9983510458436077 -0.057403739101482804
vn -0.5829825995285436 -0.8111448860747271 -0.04663970885157652
vn -1.54083253680595e-7 -0.9738383844037283 -0.2272417238579063
vn -1.693357100057308e-7 -0.8982214333626899 -0.4395432363805021
vn 0.5794932365746214 -0.7320300335074093 -0.35821727876724646
vn 0.5794932365746214 -0.7320300335074093 -0.35821727876724646
vn 0.5793353710948776 -0.7937653895986898 -0.18522158101474276
vn -1.54083253680595e-7 -0.9738383844037283 -0.2272417238579063
vn 0.5793353710948776 -0.7937653895986898 -0.18522158101474276
vn 0.5794932365746214 -0.7320300335074093 -0.35821727876724646
vn 0.9449879221271895 -0.29381293332290304 -0.14377686617091023
vn 0.9449879221271895 -0.29381293332290304 -0.14377686617091023
vn 0.9448420255747343 -0.3189580059449695 -0.07442672336897595
vn 0.5793353710948776 -0.7937653895986898 -0.18522158101474276
vn 0.9448420255747343 -0.3189580059449695 -0.07442672336897595
vn 0.9449879221271895 -0.29381293332290304 -0.14377686617091023
vn 0.9577525140662516 0.2583231242997327 0.1264091976550734
vn 0.9577525140662516 0.2583231242997327 0.1264091976550734
vn 0.9579319308078402 0.27948727773421916 0.06521715666508739
vn 0.9448420255747343 -0.3189580059449695 -0.07442672336897595
vn 0.9579319308078402 0.27948727773421916 0.06521715666508739
vn 0.9577525140662516 0.2583231242997327 0.1264091976550734
vn 0.6003959219649225 0.7183111801127985 0.3515021840797712
vn 0.6003959219649225 0.7183111801127985 0.3515021840797712
vn 0.6007836000938854 0.7784984208504457 0.18165702461394842
vn 0.9579319308078402 0.27948727773421916 0.06521715666508739
vn 0.6007836000938854 0.7784984208504457 0.18165702461394842
vn 0.6003959219649225 0.7183111801127985 0.3515021840797712
vn 1.5344824575101308e-7 0.8982229331608729 0.4395401714790751
vn 1.5344824575101308e-7 0.8982229331608729 0.4395401714790751
vn 8.468346308343341e-8 0.9738392648523377 0.22723795068573202
vn 0.6007836000938854 0.7784984208504457 0.18165702461394842
vn 8.468346308343341e-8 0.9738392648523377 0.22723795068573202
vn 1.5344824575101308e-7 0.8982229331608729 0.4395401714790751
vn -0.6003959156754265 0.7183111725880704 0.3515022101999039
vn -0.6003959156754265 0.7183111725880704 0.3515022101999039
vn -0.6007837125157797 0.7784982928460044 0.18165720137559604
vn 8.468346308343341e-8 0.9738392648523377 0.22723795068573202
vn -0.6007837125157797 0.7784982928460044 0.18165720137559604
vn -0.6003959156754265 0.7183111725880704 0.3515022101999039
vn -0.9577526194657104 0.25832279274944087 0.12640907662307932
vn -0.9577526194657104 0.25832279274944087 0.12640907662307932
vn -0.9579320659627575 0.2794868055493674 0.06521719500356735
vn -0.6007837125157797 0.7784982928460044 0.18165720137559604
vn -0.9579320659627575 0.2794868055493674 0.06521719500356735
vn -0.9577526194657104 0.25832279274944087 0.12640907662307932
vn -0.9449878016258144 -0.29381335015370086 -0.1437768063696958
vn -0.9449878016258144 -0.29381335015370086 -0.1437768063696958
vn -0.9448418727943387 -0.318958431965837 -0.07442683717840826
vn -0.9579320659627575 0.2794868055493674 0.06521719500356735
vn -0.9448418727943387 -0.318958431965837 -0.07442683717840826
vn -0.9449878016258144 -0.29381335015370086 -0.1437768063696958
vn -0.5794931181235333 -0.7320302728837885 -0.35821698121271495
vn -0.5794931181235333 -0.7320302728837885 -0.35821698121271495
vn -0.5793353349202431 -0.7937653620962204 -0.1852218120230597
vn -0.9448418727943387 -0.318958431965837 -0.07442683717840826
vn -0.5793353349202431 -0.7937653620962204 -0.1852218120230597
vn -0.5794931181235333 -0.7320302728837885 -0.35821698121271495
vn -1.693357100057308e-7 -0.8982214333626899 -0.4395432363805021
vn -1.693357100057308e-7 -0.8982214333626899 -0.4395432363805021
vn -1.54083253680595e-7 -0.9738383844037283 -0.2272417238579063
vn -0.5793353349202431 -0.7937653620962204 -0.1852218120230597
vn -1.693357100057308e-7 -0.8982214333626899 -0.4395432363805021
vn 0.0000012666339540973755 -0.7800935889125408 -0.6256628425405713
vn 0.5796089662451394 -0.6356947679000757 -0.5098486131320843
vn 0.5796089662451394 -0.6356947679000757 -0.5098486131320843
vn 0.5794932365746214 -0.7320300335074093 -0.35821727876724646
vn -1.693357100057308e-7 -0.8982214333626899 -0.4395432363805021
vn 0.5794932365746214 -0.7320300335074093 -0.35821727876724646
vn 0.5796089662451394 -0.6356947679000757 -0.5098486131320843
vn 0.9450921416933611 -0.25493856372516643 -0.20446802301388087
vn 0.9450921416933611 -0.25493856372516643 -0.20446802301388087
vn 0.9449879221271895 -0.29381293332290304 -0.14377686617091023
vn 0.5794932365746214 -0.7320300335074093 -0.35821727876724646
vn 0.9449879221271895 -0.29381293332290304 -0.14377686617091023
vn 0.9450921416933611 -0.25493856372516643 -0.20446802301388087
vn 0.9576253657694703 0.2246803954849187 0.18020093984113558
vn 0.9576253657694703 0.2246803954849187 0.18020093984113558
vn 0.9577525140662516 0.2583231242997327 0.1264091976550734
vn 0.9449879221271895 -0.29381293332290304 -0.14377686617091023
vn 0.9577525140662516 0.2583231242997327 0.1264091976550734
vn 0.9576253657694703 0.2246803954849187 0.18020093984113558
vn 0.6001227056532796 0.6240054906931293 0.5004696651588527
vn 0.6001227056532796 0.6240054906931293 0.5004696651588527
vn 0.6003959219649225 0.7183111801127985 0.3515021840797712
vn 0.9577525140662516 0.2583231242997327 0.1264091976550734
vn 0.6003959219649225 0.7183111801127985 0.3515021840797712
vn 0.6001227056532796 0.6240054906931293 0.5004696651588527
vn 2.455594498059431e-7 0.7800974619264308 0.6256580135312586
vn 2.455594498059431e-7 0.7800974619264308 0.6256580135312586
vn 1.5344824575101308e-7 0.8982229331608729 0.4395401714790751
vn 0.6003959219649225 0.7183111801127985 0.3515021840797712
vn 1.5344824575101308e-7 0.8982229331608729 0.4395401714790751
vn 2.455594498059431e-7 0.7800974619264308 0.6256580135312586
vn -0.6001229163304729 0.6240054022431001 0.5004695228147616
vn -0.6001229163304729 0.6240054022431001 0.5004695228147616
vn -0.6003959156754265 0.7183111725880704 0.3515022101999039
vn 1.5344824575101308e-7 0.8982229331608729 0.4395401714790751
vn -0.6003959156754265 0.7183111725880704 0.3515022101999039
vn -0.6001229163304729 0.6240054022431001 0.5004695228147616
vn -0.9576254650913013 0.22468018128605136 0.18020067909399218
vn -0.9576254650913013 0.22468018128605136 0.18020067909399218
vn -0.9577526194657104 0.25832279274944087 0.12640907662307932
vn -0.6003959156754265 0.7183111725880704 0.3515022101999039
vn -0.9577526194657104 0.25832279274944087 0.12640907662307932
vn -0.9576254650913013 0.22468018128605136 0.18020067909399218
vn -0.9450922944515684 -0.2549381692664653 -0.20446780876053083
vn -0.9450922944515684 -0.2549381692664653 -0.20446780876053083
vn -0.9449878016258144 -0.29381335015370086 -0.1437768063696958
vn -0.9577526194657104 0.25832279274944087 0.12640907662307932
vn -0.9449878016258144 -0.29381335015370086 -0.1437768063696958
vn -0.9450922944515684 -0.2549381692664653 -0.20446780876053083
vn -0.5796081831393811 -0.6356948184614154 -0.5098494403440822
vn -0.5796081831393811 -0.6356948184614154 -0.5098494403440822
vn -0.5794931181235333 -0.7320302728837885 -0.35821698121271495
vn -0.9449878016258144 -0.29381335015370086 -0.1437768063696958
vn -0.5794931181235333 -0.7320302728837885 -0.35821698121271495
vn -0.5796081831393811 -0.6356948184614154 -0.5098494403440822
vn 0.0000012666339540973755 -0.7800935889125408 -0.6256628425405713
vn 0.0000012666339540973755 -0.7800935889125408 -0.6256628425405713
vn -1.693357100057308e-7 -0.8982214333626899 -0.4395432363805021
vn -0.5794931181235333 -0.7320302728837885 -0.35821698121271495
vn 0.0000012666339540973755 -0.7800935889125408 -0.6256628425405713
vn -2.4101950057169314e-7 -0.6256598333394228 -0.7800960023904926
vn 0.579607494018256 -0.5098479772474939 -0.635696620232101
vn 0.579607494018256 -0.5098479772474939 -0.635696620232101
vn 0.5796089662451394 -0.6356947679000757 -0.5098486131320843
vn 0.0000012666339540973755 -0.7800935889125408 -0.6256628425405713
vn 0.5796089662451394 -0.6356947679000757 -0.5098486131320843
vn 0.579607494018256 -0.5098479772474939 -0.635696620232101
vn 0.9450918785778922 -0.20446941099362337 -0.25493842592679394
vn 0.9450918785778922 -0.20446941099362337 -0.25493842592679394
vn 0.9450921416933611 -0.25493856372516643 -0.20446802301388087
vn 0.5796089662451394 -0.6356947679000757 -0.5098486131320843
vn 0.9450921416933611 -0.25493856372516643 -0.20446802301388087
vn 0.9450918785778922 -0.20446941099362337 -0.25493842592679394
vn 0.9576263594030512 0.180199139579022 0.22467760429432782
vn 0.9576263594030512 0.180199139579022 0.22467760429432782
vn 0.9576253657694703 0.2246803954849187 0.18020093984113558
vn 0.9450921416933611 -0.25493856372516643 -0.20446802301388087
vn 0.9576253657694703 0.2246803954849187 0.18020093984113558
vn 0.9576263594030512 0.180199139579022 0.22467760429432782
vn 0.6001246022631549 0.5004727010927496 0.6240012317451122
vn 0.6001246022631549 0.5004727010927496 0.6240012317451122
vn 0.6001227056532796 0.6240054906931293 0.5004696651588527
vn 0.9576253657694703 0.2246803954849187 0.18020093984113558
vn 0.6001227056532796 0.6240054906931293 0.5004696651588527
vn 0.6001246022631549 0.5004727010927496 0.6240012317451122
vn 2.418758823816586e-7 0.6256642629777174 0.7800924496702242
vn 2.418758823816586e-7 0.6256642629777174 0.7800924496702242
vn 2.455594498059431e-7 0.7800974619264308 0.6256580135312586
vn 0.6001227056532796 0.6240054906931293 0.5004696651588527
vn 2.455594498059431e-7 0.7800974619264308 0.6256580135312586
vn 2.418758823816586e-7 0.6256642629777174 0.7800924496702242
vn -0.6001249092027906 0.5004724701099883 0.6240011218069638
vn -0.6001249092027906 0.5004724701099883 0.6240011218069638
vn -0.6001229163304729 0.6240054022431001 0.5004695228147616
vn 2.455594498059431e-7 0.7800974619264308 0.6256580135312586
vn -0.6001229163304729 0.6240054022431001 0.5004695228147616
vn -0.6001249092027906 0.5004724701099883 0.6240011218069638
vn -0.9576264016488741 0.1801988829928242 0.22467763002392496
vn -0.9576264016488741 0.1801988829928242 0.22467763002392496
vn -0.9576254650913013 0.22468018128605136 0.18020067909399218
vn -0.6001229163304729 0.6240054022431001 0.5004695228147616
vn -0.9576254650913013 0.22468018128605136 0.18020067909399218
vn -0.9576264016488741 0.1801988829928242 0.22467763002392496
vn -0.9450916998302723 -0.20446990274626428 -0.25493869416559695
vn -0.9450916998302723 -0.20446990274626428 -0.25493869416559695
vn -0.9450922944515684 -0.2549381692664653 -0.20446780876053083
vn -0.9576254650913013 0.22468018128605136 0.18020067909399218
vn -0.9450922944515684 -0.2549381692664653 -0.20446780876053083
vn -0.9450916998302723 -0.20446990274626428 -0.25493869416559695
vn -0.5796073180865811 -0.5098480989921464 -0.6356966829979337
vn -0.5796073180865811 -0.5098480989921464 -0.6356966829979337
vn -0.5796081831393811 -0.6356948184614154 -0.5098494403440822
vn -0.9450922944515684 -0.2549381692664653 -0.20446780876053083
vn -0.5796081831393811 -0.6356948184614154 -0.5098494403440822
vn -0.5796073180865811 -0.5098480989921464 -0.6356966829979337
vn -2.4101950057169314e-7 -0.6256598333394228 -0.7800960023904926
vn -2.4101950057169314e-7 -0.6256598333394228 -0.7800960023904926
vn 0.0000012666339540973755 -0.7800935889125408 -0.6256628425405713
vn -0.5796081831393811 -0.6356948184614154 -0.5098494403440822
vn -2.4101950057169314e-7 -0.6256598333394228 -0.7800960023904926
vn -2.0012374010028434e-7 -0.4395373155586265 -0.8982243306833079
vn 0.5794928548368754 -0.3582132659609077 -0.7320322993438392
vn 0.5794928548368754 -0.3582132659609077 -0.7320322993438392
vn 0.579607494018256 -0.5098479772474939 -0.635696620232101
vn -2.4101950057169314e-7 -0.6256598333394228 -0.7800960023904926
vn 0.579607494018256 -0.5098479772474939 -0.635696620232101
vn 0.5794928548368754 -0.3582132659609077 -0.7320322993438392
vn 0.9449882972189669 -0.14377525455034657 -0.29381251555742216
vn 0.9449882972189669 -0.14377525455034657 -0.29381251555742216
vn 0.9450918785778922 -0.20446941099362337 -0.25493842592679394
vn 0.579607494018256 -0.5098479772474939 -0.635696620232101
vn 0.9450918785778922 -0.20446941099362337 -0.25493842592679394
vn 0.9449882972189669 -0.14377525455034657 -0.29381251555742216
vn 0.9577530518974968 0.12640826628438018 0.2583215860047465
vn 0.9577530518974968 0.12640826628438018 0.2583215860047465
vn 0.9576263594030512 0.180199139579022 0.22467760429432782
vn 0.9450918785778922 -0.20446941099362337 -0.25493842592679394
vn 0.9576263594030512 0.180199139579022 0.22467760429432782
vn 0.9577530518974968 0.12640826628438018 0.2583215860047465
vn 0.6003965274010661 0.3515033784778266 0.7183100895876477
vn 0.6003965274010661 0.3515033784778266 0.7183100895876477
vn 0.6001246022631549 0.5004727010927496 0.6240012317451122
vn 0.9576263594030512 0.180199139579022 0.22467760429432782
vn 0.6001246022631549 0.5004727010927496 0.6240012317451122
vn 0.6003965274010661 0.3515033784778266 0.7183100895876477
vn 1.5835847405150132e-7 0.43954320594462554 0.8982214482564393
vn 1.5835847405150132e-7 0.43954320594462554 0.8982214482564393
vn 2.418758823816586e-7 0.6256642629777174 0.7800924496702242
vn 0.6001246022631549 0.5004727010927496 0.6240012317451122
vn 2.418758823816586e-7 0.6256642629777174 0.7800924496702242
vn 1.5835847405150132e-7 0.43954320594462554 0.8982214482564393
vn -0.6003966282486959 0.35150312930937605 0.718310127224525
vn -0.6003966282486959 0.35150312930937605 0.718310127224525
vn -0.6001249092027906 0.5004724701099883 0.6240011218069638
vn 2.418758823816586e-7 0.6256642629777174 0.7800924496702242
vn -0.6001249092027906 0.5004724701099883 0.6240011218069638
vn -0.6003966282486959 0.35150312930937605 0.718310127224525
vn -0.957753191258929 0.12640774740350896 0.25832132321917994
vn -0.957753191258929 0.12640774740350896 0.25832132321917994
vn -0.9576264016488741 0.1801988829928242 0.22467763002392496
vn -0.6001249092027906 0.5004724701099883 0.6240011218069638
vn -0.9576264016488741 0.1801988829928242 0.22467763002392496
vn -0.957753191258929 0.12640774740350896 0.25832132321917994
vn -0.9449881671239996 -0.14377544660922079 -0.29381283999843005
vn -0.9449881671239996 -0.14377544660922079 -0.29381283999843005
vn -0.9450916998302723 -0.20446990274626428 -0.25493869416559695
vn -0.9576264016488741 0.1801988829928242 0.22467763002392496
vn -0.9450916998302723 -0.20446990274626428 -0.25493869416559695
vn -0.9449881671239996 -0.14377544660922079 -0.29381283999843005
vn -0.5794927910414864 -0.3582135017889748 -0.7320322344453337
vn -0.5794927910414864 -0.3582135017889748 -0.7320322344453337
vn -0.5796073180865811 -0.5098480989921464 -0.6356966829979337
vn -0.9450916998302723 -0.20446990274626428 -0.25493869416559695
vn -0.5796073180865811 -0.5098480989921464 -0.6356966829979337
vn -0.5794927910414864 -0.3582135017889748 -0.7320322344453337
vn -2.0012374010028434e-7 -0.4395373155586265 -0.8982243306833079
vn -2.0012374010028434e-7 -0.4395373155586265 -0.8982243306833079
vn -2.4101950057169314e-7 -0.6256598333394228 -0.7800960023904926
vn -0.5796073180865811 -0.5098480989921464 -0.6356966829979337
vn -2.0012374010028434e-7 -0.4395373155586265 -0.8982243306833079
vn -1.1813032282139541e-7 -0.22723657014060128 -0.9738395869909591
vn 0.5793352670110227 -0.18521893855648805 -0.7937660821660718
vn 0.5793352670110227 -0.18521893855648805 -0.7937660821660718
vn 0.5794928548368754 -0.3582132659609077 -0.7320322993438392
vn -2.0012374010028434e-7 -0.4395373155586265 -0.8982243306833079
vn 0.5794928548368754 -0.3582132659609077 -0.7320322993438392
vn 0.5793352670110227 -0.18521893855648805 -0.7937660821660718
vn 0.9448425642196572 -0.0744272619025191 -0.318956284660636
vn 0.9448425642196572 -0.0744272619025191 -0.318956284660636
vn 0.9449882972189669 -0.14377525455034657 -0.29381251555742216
vn 0.5794928548368754 -0.3582132659609077 -0.7320322993438392
vn 0.9449882972189669 -0.14377525455034657 -0.29381251555742216
vn 0.9448425642196572 -0.0744272619025191 -0.318956284660636
vn 0.9579321079768892 0.06521632000628719 0.2794868657232236
vn 0.9579321079768892 0.06521632000628719 0.2794868657232236
vn 0.9577530518974968 0.12640826628438018 0.2583215860047465
vn 0.9449882972189669 -0.14377525455034657 -0.29381251555742216
vn 0.9577530518974968 0.12640826628438018 0.2583215860047465
vn 0.9579321079768892 0.06521632000628719 0.2794868657232236
vn 0.600784082285586 0.18166095168587026 0.7784971323677757
vn 0.600784082285586 0.18166095168587026 0.7784971323677757
vn 0.6003965274010661 0.3515033784778266 0.7183100895876477
vn 0.9577530518974968 0.12640826628438018 0.2583215860047465
vn 0.6003965274010661 0.3515033784778266 0.7183100895876477
vn 0.600784082285586 0.18166095168587026 0.7784971323677757
vn 1.3868448067905612e-7 0.2272445818878836 0.9738377174881766
vn 1.3868448067905612e-7 0.2272445818878836 0.9738377174881766
vn 1.5835847405150132e-7 0.43954320594462554 0.8982214482564393
vn 0.6003965274010661 0.3515033784778266 0.7183100895876477
vn 1.5835847405150132e-7 0.43954320594462554 0.8982214482564393
vn 1.3868448067905612e-7 0.2272445818878836 0.9738377174881766
vn -0.6007838297957792 0.18166084312297032 0.7784973525528317
vn -0.6007838297957792 0.18166084312297032 0.7784973525528317
vn -0.6003966282486959 0.35150312930937605 0.718310127224525
vn 1.5835847405150132e-7 0.43954320594462554 0.8982214482564393
vn -0.6003966282486959 0.35150312930937605 0.718310127224525
vn -0.6007838297957792 0.18166084312297032 0.7784973525528317
vn -0.9579322685211599 0.06521602818986816 0.2794863835556981
vn -0.9579322685211599 0.06521602818986816 0.2794863835556981
vn -0.957753191258929 0.12640774740350896 0.25832132321917994
vn -0.6003966282486959 0.35150312930937605 0.718310127224525
vn -0.957753191258929 0.12640774740350896 0.25832132321917994
vn -0.9579322685211599 0.06521602818986816 0.2794863835556981
vn -0.9448423892857747 -0.0744274335714902 -0.31895676280760954
vn -0.9448423892857747 -0.0744274335714902 -0.31895676280760954
vn -0.9449881671239996 -0.14377544660922079 -0.29381283999843005
vn -0.957753191258929 0.12640774740350896 0.25832132321917994
vn -0.9449881671239996 -0.14377544660922079 -0.29381283999843005
vn -0.9448423892857747 -0.0744274335714902 -0.31895676280760954
vn -0.579335278203687 -0.1852188378267588 -0.7937660975015005
vn -0.579335278203687 -0.1852188378267588 -0.7937660975015005
vn -0.5794927910414864 -0.3582135017889748 -0.7320322344453337
vn -0.9449881671239996 -0.14377544660922079 -0.29381283999843005
vn -0.5794927910414864 -0.3582135017889748 -0.7320322344453337
vn -0.579335278203687 -0.1852188378267588 -0.7937660975015005
vn -1.1813032282139541e-7 -0.22723657014060128 -0.9738395869909591
vn -1.1813032282139541e-7 -0.22723657014060128 -0.9738395869909591
vn -2.0012374010028434e-7 -0.4395373155586265 -0.8982243306833079
vn -0.5794927910414864 -0.3582135017889748 -0.7320322344453337
vn -1.1813032282139541e-7 -0.22723657014060128 -0.9738395869909591
vn -1.0105331206589376e-7 -0.057402400833940194 -0.9983511227912198
vn 0.5829829060423297 -0.046638711021010325 -0.8111447231516327
vn 0.5829829060423297 -0.046638711021010325 -0.8111447231516327
vn 0.5793352670110227 -0.18521893855648805 -0.7937660821660718
vn -1.1813032282139541e-7 -0.22723657014060128 -0.9738395869909591
vn 0.5793352670110227 -0.18521893855648805 -0.7937660821660718
vn 0.5829829060423297 -0.046638711021010325 -0.8111447231516327
vn 0.9478280521497631 -0.018299215487658903 -0.31825637820870517
vn 0.9478280521497631 -0.018299215487658903 -0.31825637820870517
vn 0.9448425642196572 -0.0744272619025191 -0.318956284660636
vn 0.5793352670110227 -0.18521893855648805 -0.7937660821660718
vn 0.9448425642196572 -0.0744272619025191 -0.318956284660636
vn 0.9478280521497631 -0.018299215487658903 -0.31825637820870517
vn 0.9544517358822121 0.017127023957793502 0.2978733773296655
vn 0.9544517358822121 0.017127023957793502 0.2978733773296655
vn 0.9579321079768892 0.06521632000628719 0.2794868657232236
vn 0.9448425642196572 -0.0744272619025191 -0.318956284660636
vn 0.9579321079768892 0.06521632000628719 0.2794868657232236
vn 0.9544517358822121 0.017127023957793502 0.2978733773296655
vn 0.593734158061471 0.04619125218415116 0.8033343748232713
vn 0.593734158061471 0.04619125218415116 0.8033343748232713
vn 0.600784082285586 0.18166095168587026 0.7784971323677757
vn 0.9579321079768892 0.06521632000628719 0.2794868657232236
vn 0.600784082285586 0.18166095168587026 0.7784971323677757
vn 0.593734158061471 0.04619125218415116 0.8033343748232713
vn 7.934313606047792e-8 0.05740536322542479 0.9983509524575767
vn 7.934313606047792e-8 0.05740536322542479 0.9983509524575767
vn 1.3868448067905612e-7 0.2272445818878836 0.9738377174881766
vn 0.600784082285586 0.18166095168587026 0.7784971323677757
vn 1.3868448067905612e-7 0.2272445818878836 0.9738377174881766
vn 7.934313606047792e-8 0.05740536322542479 0.9983509524575767
vn -0.5937340404927709 0.04619168817075874 0.8033344366476916
vn -0.5937340404927709 0.04619168817075874 0.8033344366476916
vn -0.6007838297957792 0.18166084312297032 0.7784973525528317
vn 1.3868448067905612e-7 0.2272445818878836 0.9738377174881766
vn -0.6007838297957792 0.18166084312297032 0.7784973525528317
vn -0.5937340404927709 0.04619168817075874 0.8033344366476916
vn -0.954451814461071 0.01712720683751281 0.2978731150304008
vn -0.954451814461071 0.01712720683751281 0.2978731150304008
vn -0.9579322685211599 0.06521602818986816 0.2794863835556981
vn -0.6007838297957792 0.18166084312297032 0.7784973525528317
vn -0.9579322685211599 0.06521602818986816 0.2794863835556981
vn -0.954451814461071 0.01712720683751281 0.2978731150304008
vn -0.9478279348462162 -0.018299578740241705 -0.3182567066741669
vn -0.9478279348462162 -0.018299578740241705 -0.3182567066741669
vn -0.9448423892857747 -0.0744274335714902 -0.31895676280760954
vn -0.9579322685211599 0.06521602818986816 0.2794863835556981
vn -0.9448423892857747 -0.0744274335714902 -0.31895676280760954
vn -0.9478279348462162 -0.018299578740241705 -0.3182567066741669
vn -0.582982856262635 -0.046639095511920456 -0.8111447368217893
vn -0.582982856262635 -0.046639095511920456 -0.8111447368217893
vn -0.579335278203687 -0.1852188378267588 -0.7937660975015005
vn -0.9448423892857747 -0.0744274335714902 -0.31895676280760954
vn -0.579335278203687 -0.1852188378267588 -0.7937660975015005
vn -0.582982856262635 -0.046639095511920456 -0.8111447368217893
vn -1.0105331206589376e-7 -0.057402400833940194 -0.9983511227912198
vn -1.0105331206589376e-7 -0.057402400833940194 -0.9983511227912198
vn -1.1813032282139541e-7 -0.22723657014060128 -0.9738395869909591
vn -0.579335278203687 -0.1852188378267588 -0.7937660975015005
vn -1.0105331206589376e-7 -0.057402400833940194 -0.9983511227912198
vn -2.0210668470649663e-8 0.05740204656094713 -0.9983511431608693
vn 0.5829828495498698 0.0466383761258597 -0.811144783009209
vn 0.5829828495498698 0.0466383761258597 -0.811144783009209
vn 0.5829829060423297 -0.046638711021010325 -0.8111447231516327
vn -1.0105331206589376e-7 -0.057402400833940194 -0.9983511227912198
vn 0.5829829060423297 -0.046638711021010325 -0.8111447231516327
vn 0.5829828495498698 0.0466383761258597 -0.811144783009209
vn 0.9478280608812488 0.018299258380248665 -0.3182563497384218
vn 0.9478280608812488 0.018299258380248665 -0.3182563497384218
vn 0.9478280521497631 -0.018299215487658903 -0.31825637820870517
vn 0.5829829060423297 -0.046638711021010325 -0.8111447231516327
vn 0.9478280521497631 -0.018299215487658903 -0.31825637820870517
vn 0.9478280608812488 0.018299258380248665 -0.3182563497384218
vn 0.9544517745625829 -0.017127081288198644 0.29787325009286053
vn 0.9544517745625829 -0.017127081288198644 0.29787325009286053
vn 0.9544517358822121 0.017127023957793502 0.2978733773296655
vn 0.9478280521497631 -0.018299215487658903 -0.31825637820870517
vn 0.9544517358822121 0.017127023957793502 0.2978733773296655
vn 0.9544517745625829 -0.017127081288198644 0.29787325009286053
vn 0.5937338944677897 -0.046191156542538414 0.8033345751412511
vn 0.5937338944677897 -0.046191156542538414 0.8033345751412511
vn 0.593734158061471 0.04619125218415116 0.8033343748232713
vn 0.9544517358822121 0.017127023957793502 0.2978733773296655
vn 0.593734158061471 0.04619125218415116 0.8033343748232713
vn 0.5937338944677897 -0.046191156542538414 0.8033345751412511
vn -1.7165287213635732e-7 -0.05740489726493071 0.9983509792502702
vn -1.7165287213635732e-7 -0.05740489726493071 0.9983509792502702
vn 7.934313606047792e-8 0.05740536322542479 0.9983509524575767
vn 0.593734158061471 0.04619125218415116 0.8033343748232713
vn 7.934313606047792e-8 0.05740536322542479 0.9983509524575767
vn -1.7165287213635732e-7 -0.05740489726493071 0.9983509792502702
vn -0.5937340795694325 -0.04619070254629105 0.8033344644393884
vn -0.5937340795694325 -0.04619070254629105 0.8033344644393884
vn -0.5937340404927709 0.04619168817075874 0.8033344366476916
vn 7.934313606047792e-8 0.05740536322542479 0.9983509524575767
vn -0.5937340404927709 0.04619168817075874 0.8033344366476916
vn -0.5937340795694325 -0.04619070254629105 0.8033344644393884
vn -0.9544517470955381 -0.01712688256186059 0.29787334952960687
vn -0.9544517470955381 -0.01712688256186059 0.29787334952960687
vn -0.954451814461071 0.01712720683751281 0.2978731150304008
vn -0.5937340404927709 0.04619168817075874 0.8033344366476916
vn -0.954451814461071 0.01712720683751281 0.2978731150304008
vn -0.9544517470955381 -0.01712688256186059 0.29787334952960687
vn -0.9478280130404418 0.0182990760681458 -0.31825650270003997
vn -0.9478280130404418 0.0182990760681458 -0.31825650270003997
vn -0.9478279348462162 -0.018299578740241705 -0.3182567066741669
vn -0.954451814461071 0.01712720683751281 0.2978731150304008
vn -0.9478279348462162 -0.018299578740241705 -0.3182567066741669
vn -0.9478280130404418 0.0182990760681458 -0.31825650270003997
vn -0.5829828543104079 0.04663820141805181 -0.811144789632886
vn -0.5829828543104079 0.04663820141805181 -0.811144789632886
vn -0.582982856262635 -0.046639095511920456 -0.8111447368217893
vn -0.9478279348462162 -0.018299578740241705 -0.3182567066741669
vn -0.582982856262635 -0.046639095511920456 -0.8111447368217893
vn -0.5829828543104079 0.04663820141805181 -0.811144789632886
vn -2.0210668470649663e-8 0.05740204656094713 -0.9983511431608693
vn -2.0210668470649663e-8 0.05740204656094713 -0.9983511431608693
vn -1.0105331206589376e-7 -0.057402400833940194 -0.9983511227912198
vn -0.582982856262635 -0.046639095511920456 -0.8111447368217893
vn -2.0210668470649663e-8 0.05740204656094713 -0.9983511431608693
vn 7.70414640907541e-8 0.22723555676897392 -0.9738398234514178
vn 0.5793332978236199 0.1852193052587207 -0.7937674338194317
vn 0.5793332978236199 0.1852193052587207 -0.7937674338194317
vn 0.5829828495498698 0.0466383761258597 -0.811144783009209
vn -2.0210668470649663e-8 0.05740204656094713 -0.9983511431608693
vn 0.5829828495498698 0.0466383761258597 -0.811144783009209
vn 0.5793332978236199 0.1852193052587207 -0.7937674338194317
vn 0.9448417946205135 0.07442785644521528 -0.3189584256972336
vn 0.9448417946205135 0.07442785644521528 -0.3189584256972336
vn 0.9478280608812488 0.018299258380248665 -0.3182563497384218
vn 0.5829828495498698 0.0466383761258597 -0.811144783009209
vn 0.9478280608812488 0.018299258380248665 -0.3182563497384218
vn 0.9448417946205135 0.07442785644521528 -0.3189584256972336
vn 0.9579323281536365 -0.06521568754679273 0.279486258653181
vn 0.9579323281536365 -0.06521568754679273 0.279486258653181
vn 0.9544517745625829 -0.017127081288198644 0.29787325009286053
vn 0.9478280608812488 0.018299258380248665 -0.3182563497384218
vn 0.9544517745625829 -0.017127081288198644 0.29787325009286053
vn 0.9579323281536365 -0.06521568754679273 0.279486258653181
vn 0.600784004944636 -0.1816593305500672 0.7784975703409646
vn 0.600784004944636 -0.1816593305500672 0.7784975703409646
vn 0.5937338944677897 -0.046191156542538414 0.8033345751412511
vn 0.9544517745625829 -0.017127081288198644 0.29787325009286053
vn 0.5937338944677897 -0.046191156542538414 0.8033345751412511
vn 0.600784004944636 -0.1816593305500672 0.7784975703409646
vn -1.4604828337854975e-7 -0.22724290621229604 0.9738381085047803
vn -1.4604828337854975e-7 -0.22724290621229604 0.9738381085047803
vn -1.7165287213635732e-7 -0.05740489726493071 0.9983509792502702
vn 0.5937338944677897 -0.046191156542538414 0.8033345751412511
vn -1.7165287213635732e-7 -0.05740489726493071 0.9983509792502702
vn -1.4604828337854975e-7 -0.22724290621229604 0.9738381085047803
vn -0.6007841389694181 -0.18165982676815548 0.7784973511203095
vn -0.6007841389694181 -0.18165982676815548 0.7784973511203095
vn -0.5937340795694325 -0.04619070254629105 0.8033344644393884
vn -1.7165287213635732e-7 -0.05740489726493071 0.9983509792502702
vn -0.5937340795694325 -0.04619070254629105 0.8033344644393884
vn -0.6007841389694181 -0.18165982676815548 0.7784973511203095
vn -0.9579322463236831 -0.06521620418163898 0.279486418570565
vn -0.9579322463236831 -0.06521620418163898 0.279486418570565
vn -0.9544517470955381 -0.01712688256186059 0.29787334952960687
vn -0.5937340795694325 -0.04619070254629105 0.8033344644393884
vn -0.9544517470955381 -0.01712688256186059 0.29787334952960687
vn -0.9579322463236831 -0.06521620418163898 0.279486418570565
vn -0.9448417843681487 0.07442749055917038 -0.3189585414455573
vn -0.9448417843681487 0.07442749055917038 -0.3189585414455573
vn -0.9478280130404418 0.0182990760681458 -0.31825650270003997
vn -0.9544517470955381 -0.01712688256186059 0.29787334952960687
vn -0.9478280130404418 0.0182990760681458 -0.31825650270003997
vn -0.9448417843681487 0.07442749055917038 -0.3189585414455573
vn -0.5793331351705704 0.1852189527976702 -0.7937676347760546
vn -0.5793331351705704 0.1852189527976702 -0.7937676347760546
vn -0.5829828543104079 0.04663820141805181 -0.811144789632886
vn -0.9478280130404418 0.0182990760681458 -0.31825650270003997
vn -0.5829828543104079 0.04663820141805181 -0.811144789632886
vn -0.5793331351705704 0.1852189527976702 -0.7937676347760546
vn 7.70414640907541e-8 0.22723555676897392 -0.9738398234514178
vn 7.70414640907541e-8 0.22723555676897392 -0.9738398234514178
vn -2.0210668470649663e-8 0.05740204656094713 -0.9983511431608693
vn -0.5829828543104079 0.04663820141805181 -0.811144789632886
vn 7.70414640907541e-8 0.22723555676897392 -0.9738398234514178
vn 1.0262768074318584e-7 0.43953974072512253 -0.898223143947695
vn 0.5794926128470939 0.3582158013423055 -0.7320312502375418
vn 0.5794926128470939 0.3582158013423055 -0.7320312502375418
vn 0.5793332978236199 0.1852193052587207 -0.7937674338194317
vn 7.70414640907541e-8 0.22723555676897392 -0.9738398234514178
vn 0.5793332978236199 0.1852193052587207 -0.7937674338194317
vn 0.5794926128470939 0.3582158013423055 -0.7320312502375418
vn 0.9449879893696495 0.1437763963283406 -0.2938129469678682
vn 0.9449879893696495 0.1437763963283406 -0.2938129469678682
vn 0.9448417946205135 0.07442785644521528 -0.3189584256972336
vn 0.5793332978236199 0.1852193052587207 -0.7937674338194317
vn 0.9448417946205135 0.07442785644521528 -0.3189584256972336
vn 0.9449879893696495 0.1437763963283406 -0.2938129469678682
vn 0.9577526535099612 -0.12640940894194932 0.25832250390853556
vn 0.9577526535099612 -0.12640940894194932 0.25832250390853556
vn 0.9579323281536365 -0.06521568754679273 0.279486258653181
vn 0.9448417946205135 0.07442785644521528 -0.3189584256972336
vn 0.9579323281536365 -0.06521568754679273 0.279486258653181
vn 0.9577526535099612 -0.12640940894194932 0.25832250390853556
vn 0.6003953858473411 -0.35150492608323 0.7183102864309027
vn 0.6003953858473411 -0.35150492608323 0.7183102864309027
vn 0.600784004944636 -0.1816593305500672 0.7784975703409646
vn 0.9579323281536365 -0.06521568754679273 0.279486258653181
vn 0.600784004944636 -0.1816593305500672 0.7784975703409646
vn 0.6003953858473411 -0.35150492608323 0.7183102864309027
vn -2.3078594232163979e-7 -0.43954474504080365 0.8982206951005759
vn -2.3078594232163979e-7 -0.43954474504080365 0.8982206951005759
vn -1.4604828337854975e-7 -0.22724290621229604 0.9738381085047803
vn 0.600784004944636 -0.1816593305500672 0.7784975703409646
vn -1.4604828337854975e-7 -0.22724290621229604 0.9738381085047803
vn -2.3078594232163979e-7 -0.43954474504080365 0.8982206951005759
vn -0.6003951812475242 -0.35150485138210097 0.7183104939993565
vn -0.6003951812475242 -0.35150485138210097 0.7183104939993565
vn -0.6007841389694181 -0.18165982676815548 0.7784973511203095
vn -1.4604828337854975e-7 -0.22724290621229604 0.9738381085047803
vn -0.6007841389694181 -0.18165982676815548 0.7784973511203095
vn -0.6003951812475242 -0.35150485138210097 0.7183104939993565
vn -0.9577526407243919 -0.126409451957925 0.25832253026236607
vn -0.9577526407243919 -0.126409451957925 0.25832253026236607
vn -0.9579322463236831 -0.06521620418163898 0.279486418570565
vn -0.6007841389694181 -0.18165982676815548 0.7784973511203095
vn -0.9579322463236831 -0.06521620418163898 0.279486418570565
vn -0.9577526407243919 -0.126409451957925 0.25832253026236607
vn -0.944988018418917 0.1437764305503956 -0.2938128367904913
vn -0.944988018418917 0.1437764305503956 -0.2938128367904913
vn -0.9448417843681487 0.07442749055917038 -0.3189585414455573
vn -0.9579322463236831 -0.06521620418163898 0.279486418570565
vn -0.9448417843681487 0.07442749055917038 -0.3189585414455573
vn -0.944988018418917 0.1437764305503956 -0.2938128367904913
vn -0.5794925732583843 0.3582158137152405 -0.7320312755222307
vn -0.5794925732583843 0.3582158137152405 -0.7320312755222307
vn -0.5793331351705704 0.1852189527976702 -0.7937676347760546
vn -0.9448417843681487 0.07442749055917038 -0.3189585414455573
vn -0.5793331351705704 0.1852189527976702 -0.7937676347760546
vn -0.5794925732583843 0.3582158137152405 -0.7320312755222307
vn 1.0262768074318584e-7 0.43953974072512253 -0.898223143947695
vn 1.0262768074318584e-7 0.43953974072512253 -0.898223143947695
vn 7.70414640907541e-8 0.22723555676897392 -0.9738398234514178
vn -0.5793331351705704 0.1852189527976702 -0.7937676347760546
vn 1.0262768074318584e-7 0.43953974072512253 -0.898223143947695
vn 5.6408770429043885e-8 0.625659930629115 -0.7800959243613365
vn 0.5796083869422993 0.5098473165583455 -0.6356963359847217
vn 0.5796083869422993 0.5098473165583455 -0.6356963359847217
vn 0.5794926128470939 0.3582158013423055 -0.7320312502375418
vn 1.0262768074318584e-7 0.43953974072512253 -0.898223143947695
vn 0.5794926128470939 0.3582158013423055 -0.7320312502375418
vn 0.5796083869422993 0.5098473165583455 -0.6356963359847217
vn 0.9450921484728383 0.2044688440444433 -0.2549378801004744
vn 0.9450921484728383 0.2044688440444433 -0.2549378801004744
vn 0.9449879893696495 0.1437763963283406 -0.2938129469678682
vn 0.5794926128470939 0.3582158013423055 -0.7320312502375418
vn 0.9449879893696495 0.1437763963283406 -0.2938129469678682
vn 0.9450921484728383 0.2044688440444433 -0.2549378801004744
vn 0.9576254178325171 -0.18020066651601596 0.22468039279892824
vn 0.9576254178325171 -0.18020066651601596 0.22468039279892824
vn 0.9577526535099612 -0.12640940894194932 0.25832250390853556
vn 0.9449879893696495 0.1437763963283406 -0.2938129469678682
vn 0.9577526535099612 -0.12640940894194932 0.25832250390853556
vn 0.9576254178325171 -0.18020066651601596 0.22468039279892824
vn 0.6001227771009645 -0.5004728340815033 0.6240028804028506
vn 0.6001227771009645 -0.5004728340815033 0.6240028804028506
vn 0.6003953858473411 -0.35150492608323 0.7183102864309027
vn 0.9577526535099612 -0.12640940894194932 0.25832250390853556
vn 0.6003953858473411 -0.35150492608323 0.7183102864309027
vn 0.6001227771009645 -0.5004728340815033 0.6240028804028506
vn -1.3996893080719382e-7 -0.6256633072677266 0.7800932161855982
vn -1.3996893080719382e-7 -0.6256633072677266 0.7800932161855982
vn -2.3078594232163979e-7 -0.43954474504080365 0.8982206951005759
vn 0.6003953858473411 -0.35150492608323 0.7183102864309027
vn -2.3078594232163979e-7 -0.43954474504080365 0.8982206951005759
vn -1.3996893080719382e-7 -0.6256633072677266 0.7800932161855982
vn -0.6001229047715564 -0.5004729702444005 0.6240026484104831
vn -0.6001229047715564 -0.5004729702444005 0.6240026484104831
vn -0.6003951812475242 -0.35150485138210097 0.7183104939993565
vn -2.3078594232163979e-7 -0.43954474504080365 0.8982206951005759
vn -0.6003951812475242 -0.35150485138210097 0.7183104939993565
vn -0.6001229047715564 -0.5004729702444005 0.6240026484104831
vn -0.9576254017367435 -0.18020081249881403 0.22468034431900824
vn -0.9576254017367435 -0.18020081249881403 0.22468034431900824
vn -0.9577526407243919 -0.126409451957925 0.25832253026236607
vn -0.6003951812475242 -0.35150485138210097 0.7183104939993565
vn -0.9577526407243919 -0.126409451957925 0.25832253026236607
vn -0.9576254017367435 -0.18020081249881403 0.22468034431900824
vn -0.9450921542684002 0.20446874099017467 -0.25493794126847286
vn -0.9450921542684002 0.20446874099017467 -0.25493794126847286
vn -0.944988018418917 0.1437764305503956 -0.2938128367904913
vn -0.9577526407243919 -0.126409451957925 0.25832253026236607
vn -0.944988018418917 0.1437764305503956 -0.2938128367904913
vn -0.9450921542684002 0.20446874099017467 -0.25493794126847286
vn -0.5796084352185037 0.5098474258026684 -0.6356962043507498
vn -0.5796084352185037 0.5098474258026684 -0.6356962043507498
vn -0.5794925732583843 0.3582158137152405 -0.7320312755222307
vn -0.944988018418917 0.1437764305503956 -0.2938128367904913
vn -0.5794925732583843 0.3582158137152405 -0.7320312755222307
vn -0.5796084352185037 0.5098474258026684 -0.6356962043507498
vn 5.6408770429043885e-8 0.625659930629115 -0.7800959243613365
vn 5.6408770429043885e-8 0.625659930629115 -0.7800959243613365
vn 1.0262768074318584e-7 0.43953974072512253 -0.898223143947695
vn -0.5794925732583843 0.3582158137152405 -0.7320312755222307
vn 5.6408770429043885e-8 0.625659930629115 -0.7800959243613365
vn 2.051232014242597e-8 0.7800940920940308 -0.6256622151608562
vn 0.5796076997195989 0.6356954518606543 -0.5098492001655331
vn 0.5796076997195989 0.6356954518606543 -0.5098492001655331
vn 0.5796083869422993 0.5098473165583455 -0.6356963359847217
vn 5.6408770429043885e-8 0.625659930629115 -0.7800959243613365
vn 0.5796083869422993 0.5098473165583455 -0.6356963359847217
vn 0.5796076997195989 0.6356954518606543 -0.5098492001655331
vn 0.945091789739297 0.25493876194483306 -0.20446940266310856
vn 0.945091789739297 0.25493876194483306 -0.20446940266310856
vn 0.9450921484728383 0.2044688440444433 -0.2549378801004744
vn 0.5796083869422993 0.5098473165583455 -0.6356963359847217
vn 0.9450921484728383 0.2044688440444433 -0.2549378801004744
vn 0.945091789739297 0.25493876194483306 -0.20446940266310856
vn 0.9576261622942941 -0.22467813644382864 0.1801995235666026
vn 0.9576261622942941 -0.22467813644382864 0.1801995235666026
vn 0.9576254178325171 -0.18020066651601596 0.22468039279892824
vn 0.9450921484728383 0.2044688440444433 -0.2549378801004744
vn 0.9576254178325171 -0.18020066651601596 0.22468039279892824
vn 0.9576261622942941 -0.22467813644382864 0.1801995235666026
vn 0.6001245213004915 -0.6240032360951012 0.5004702990954581
vn 0.6001245213004915 -0.6240032360951012 0.5004702990954581
vn 0.6001227771009645 -0.5004728340815033 0.6240028804028506
vn 0.9576254178325171 -0.18020066651601596 0.22468039279892824
vn 0.6001227771009645 -0.5004728340815033 0.6240028804028506
vn 0.6001245213004915 -0.6240032360951012 0.5004702990954581
vn -6.507323041303929e-8 -0.7800948899715086 0.6256612203423955
vn -6.507323041303929e-8 -0.7800948899715086 0.6256612203423955
vn -1.3996893080719382e-7 -0.6256633072677266 0.7800932161855982
vn 0.6001227771009645 -0.5004728340815033 0.6240028804028506
vn -1.3996893080719382e-7 -0.6256633072677266 0.7800932161855982
vn -6.507323041303929e-8 -0.7800948899715086 0.6256612203423955
vn -0.6001237797506462 -0.6240036879636113 0.5004706248978154
vn -0.6001237797506462 -0.6240036879636113 0.5004706248978154
vn -0.6001229047715564 -0.5004729702444005 0.6240026484104831
vn -1.3996893080719382e-7 -0.6256633072677266 0.7800932161855982
vn -0.6001229047715564 -0.5004729702444005 0.6240026484104831
vn -0.6001237797506462 -0.6240036879636113 0.5004706248978154
vn -0.957625782299674 -0.2246793530913514 0.18020002599719354
vn -0.957625782299674 -0.2246793530913514 0.18020002599719354
vn -0.9576254017367435 -0.18020081249881403 0.22468034431900824
vn -0.6001229047715564 -0.5004729702444005 0.6240026484104831
vn -0.9576254017367435 -0.18020081249881403 0.22468034431900824
vn -0.957625782299674 -0.2246793530913514 0.18020002599719354
vn -0.9450917926553308 0.2549388223360754 -0.20446931388701817
vn -0.9450917926553308 0.2549388223360754 -0.20446931388701817
vn -0.9450921542684002 0.20446874099017467 -0.25493794126847286
vn -0.9576254017367435 -0.18020081249881403 0.22468034431900824
vn -0.9450921542684002 0.20446874099017467 -0.25493794126847286
vn -0.9450917926553308 0.2549388223360754 -0.20446931388701817
vn -0.5796076688341286 0.6356953641496549 -0.5098493446375163
vn -0.5796076688341286 0.6356953641496549 -0.5098493446375163
vn -0.5796084352185037 0.5098474258026684 -0.6356962043507498
vn -0.9450921542684002 0.20446874099017467 -0.25493794126847286
vn -0.5796084352185037 0.5098474258026684 -0.6356962043507498
vn -0.5796076688341286 0.6356953641496549 -0.5098493446375163
vn 2.051232014242597e-8 0.7800940920940308 -0.6256622151608562
vn 2.051232014242597e-8 0.7800940920940308 -0.6256622151608562
vn 5.6408770429043885e-8 0.625659930629115 -0.7800959243613365
vn -0.5796084352185037 0.5098474258026684 -0.6356962043507498
vn 2.051232014242597e-8 0.7800940920940308 -0.6256622151608562
vn 1.590729012346879e-7 0.8982226083416274 -0.4395408352632756
vn 0.5794944159406381 0.7320302871653273 -0.35821485252047774
vn 0.5794944159406381 0.7320302871653273 -0.35821485252047774
vn 0.5796076997195989 0.6356954518606543 -0.5098492001655331
vn 2.051232014242597e-8 0.7800940920940308 -0.6256622151608562
vn 0.5796076997195989 0.6356954518606543 -0.5098492001655331
vn 0.5794944159406381 0.7320302871653273 -0.35821485252047774
vn 0.944988080779191 0.2938129694258584 -0.1437757496326166
vn 0.944988080779191 0.2938129694258584 -0.1437757496326166
vn 0.945091789739297 0.25493876194483306 -0.20446940266310856
vn 0.5796076997195989 0.6356954518606543 -0.5098492001655331
vn 0.945091789739297 0.25493876194483306 -0.20446940266310856
vn 0.944988080779191 0.2938129694258584 -0.1437757496326166
vn 0.9577524657572485 -0.25832349602526494 0.12640880403356128
vn 0.9577524657572485 -0.25832349602526494 0.12640880403356128
vn 0.9576261622942941 -0.22467813644382864 0.1801995235666026
vn 0.945091789739297 0.25493876194483306 -0.20446940266310856
vn 0.9576261622942941 -0.22467813644382864 0.1801995235666026
vn 0.9577524657572485 -0.25832349602526494 0.12640880403356128
vn 0.600396751231452 -0.7183112046225716 0.3515007175304023
vn 0.600396751231452 -0.7183112046225716 0.3515007175304023
vn 0.6001245213004915 -0.6240032360951012 0.5004702990954581
vn 0.9576261622942941 -0.22467813644382864 0.1801995235666026
vn 0.6001245213004915 -0.6240032360951012 0.5004702990954581
vn 0.600396751231452 -0.7183112046225716 0.3515007175304023
vn -2.8848291094614916e-7 -0.8982235456175297 0.43953891989013955
vn -2.8848291094614916e-7 -0.8982235456175297 0.43953891989013955
vn -6.507323041303929e-8 -0.7800948899715086 0.6256612203423955
vn 0.6001245213004915 -0.6240032360951012 0.5004702990954581
vn -6.507323041303929e-8 -0.7800948899715086 0.6256612203423955
vn -2.8848291094614916e-7 -0.8982235456175297 0.43953891989013955
vn -0.60039673291088 -0.7183111230993114 0.3515009154209236
vn -0.60039673291088 -0.7183111230993114 0.3515009154209236
vn -0.6001237797506462 -0.6240036879636113 0.5004706248978154
vn -6.507323041303929e-8 -0.7800948899715086 0.6256612203423955
vn -0.6001237797506462 -0.6240036879636113 0.5004706248978154
vn -0.60039673291088 -0.7183111230993114 0.3515009154209236
vn -0.9577524549328905 -0.25832349310574 0.12640889201187627
vn -0.9577524549328905 -0.25832349310574 0.12640889201187627
vn -0.957625782299674 -0.2246793530913514 0.18020002599719354
vn -0.6001237797506462 -0.6240036879636113 0.5004706248978154
vn -0.957625782299674 -0.2246793530913514 0.18020002599719354
vn -0.9577524549328905 -0.25832349310574 0.12640889201187627
vn -0.9449880544598049 0.29381296124271916 -0.14377593934333055
vn -0.9449880544598049 0.29381296124271916 -0.14377593934333055
vn -0.9450917926553308 0.2549388223360754 -0.20446931388701817
vn -0.957625782299674 -0.2246793530913514 0.18020002599719354
vn -0.9450917926553308 0.2549388223360754 -0.20446931388701817
vn -0.9449880544598049 0.29381296124271916 -0.14377593934333055
vn -0.5794945271278493 0.7320301578223771 -0.3582149369685969
vn -0.5794945271278493 0.7320301578223771 -0.3582149369685969
vn -0.5796076688341286 0.6356953641496549 -0.5098493446375163
vn -0.9450917926553308 0.2549388223360754 -0.20446931388701817
vn -0.5796076688341286 0.6356953641496549 -0.5098493446375163
vn -0.5794945271278493 0.7320301578223771 -0.3582149369685969
vn 1.590729012346879e-7 0.8982226083416274 -0.4395408352632756
vn 1.590729012346879e-7 0.8982226083416274 -0.4395408352632756
vn 2.051232014242597e-8 0.7800940920940308 -0.6256622151608562
vn -0.5796076688341286 0.6356953641496549 -0.5098493446375163
vn 1.590729012346879e-7 0.8982226083416274 -0.4395408352632756
vn -8.217782575848057e-8 0.9738383220500186 -0.22724199107294785
vn 0.579335869019383 0.7937648982419238 -0.1852221293111187
vn 0.579335869019383 0.7937648982419238 -0.1852221293111187
vn 0.5794944159406381 0.7320302871653273 -0.35821485252047774
vn 1.590729012346879e-7 0.8982226083416274 -0.4395408352632756
vn 0.5794944159406381 0.7320302871653273 -0.35821485252047774
vn 0.579335869019383 0.7937648982419238 -0.1852221293111187
vn 0.9448416318136782 0.3189590932586425 -0.07442706241207164
vn 0.9448416318136782 0.3189590932586425 -0.07442706241207164
vn 0.944988080779191 0.2938129694258584 -0.1437757496326166
vn 0.5794944159406381 0.7320302871653273 -0.35821485252047774
vn 0.944988080779191 0.2938129694258584 -0.1437757496326166
vn 0.9448416318136782 0.3189590932586425 -0.07442706241207164
vn 0.9579318304935555 -0.27948758697174664 0.0652173048812715
vn 0.9579318304935555 -0.27948758697174664 0.0652173048812715
vn 0.9577524657572485 -0.25832349602526494 0.12640880403356128
vn 0.944988080779191 0.2938129694258584 -0.1437757496326166
vn 0.9577524657572485 -0.25832349602526494 0.12640880403356128
vn 0.9579318304935555 -0.27948758697174664 0.0652173048812715
vn 0.6007848314075781 -0.7784974566436293 0.18165708450255466
vn 0.6007848314075781 -0.7784974566436293 0.18165708450255466
vn 0.600396751231452 -0.7183112046225716 0.3515007175304023
vn 0.9577524657572485 -0.25832349602526494 0.12640880403356128
vn 0.600396751231452 -0.7183112046225716 0.3515007175304023
vn 0.6007848314075781 -0.7784974566436293 0.18165708450255466
vn 1.2272982954177901e-8 -0.9738391994218211 0.22723823109121902
vn 1.2272982954177901e-8 -0.9738391994218211 0.22723823109121902
vn -2.8848291094614916e-7 -0.8982235456175297 0.43953891989013955
vn 0.600396751231452 -0.7183112046225716 0.3515007175304023
vn -2.8848291094614916e-7 -0.8982235456175297 0.43953891989013955
vn 1.2272982954177901e-8 -0.9738391994218211 0.22723823109121902
vn -0.6007850801826723 -0.7784973508543014 0.18165671510498851
vn -0.6007850801826723 -0.7784973508543014 0.18165671510498851
vn -0.60039673291088 -0.7183111230993114 0.3515009154209236
vn -2.8848291094614916e-7 -0.8982235456175297 0.43953891989013955
vn -0.60039673291088 -0.7183111230993114 0.3515009154209236
vn -0.6007850801826723 -0.7784973508543014 0.18165671510498851
vn -0.9579317491186323 -0.27948784884092087 0.06521737790491487
vn -0.9579317491186323 -0.27948784884092087 0.06521737790491487
vn -0.9577524549328905 -0.25832349310574 0.12640889201187627
vn -0.60039673291088 -0.7183111230993114 0.3515009154209236
vn -0.9577524549328905 -0.25832349310574 0.12640889201187627
vn -0.9579317491186323 -0.27948784884092087 0.06521737790491487
vn -0.9448416092098648 0.3189591154303907 -0.07442725434661544
vn -0.9448416092098648 0.3189591154303907 -0.07442725434661544
vn -0.9449880544598049 0.29381296124271916 -0.14377593934333055
vn -0.9577524549328905 -0.25832349310574 0.12640889201187627
vn -0.9449880544598049 0.29381296124271916 -0.14377593934333055
vn -0.9448416092098648 0.3189591154303907 -0.07442725434661544
vn -0.5793356903777451 0.7937650772919178 -0.18522192074993957
vn -0.5793356903777451 0.7937650772919178 -0.18522192074993957
vn -0.5794945271278493 0.7320301578223771 -0.3582149369685969
vn -0.9449880544598049 0.29381296124271916 -0.14377593934333055
vn -0.5794945271278493 0.7320301578223771 -0.3582149369685969
vn -0.5793356903777451 0.7937650772919178 -0.18522192074993957
vn -8.217782575848057e-8 0.9738383220500186 -0.22724199107294785
vn -8.217782575848057e-8 0.9738383220500186 -0.22724199107294785
vn 1.590729012346879e-7 0.8982226083416274 -0.4395408352632756
vn -0.5794945271278493 0.7320301578223771 -0.3582149369685969
vn -8.217782575848057e-8 0.9738383220500186 -0.22724199107294785
vn 1.4652721547362084e-7 0.9983510536374623 -0.05740360355367533
vn 0.5829828429935822 0.8111447183596514 -0.046639582463418754
vn 0.5829828429935822 0.8111447183596514 -0.046639582463418754
vn 0.579335869019383 0.7937648982419238 -0.1852221293111187
vn -8.217782575848057e-8 0.9738383220500186 -0.22724199107294785
vn 0.579335869019383 0.7937648982419238 -0.1852221293111187
vn 0.5829828429935822 0.8111447183596514 -0.046639582463418754
vn 0.9478276213400174 0.3182576551496621 -0.018299321396246036
vn 0.9478276213400174 0.3182576551496621 -0.018299321396246036
vn 0.9448416318136782 0.3189590932586425 -0.07442706241207164
vn 0.579335869019383 0.7937648982419238 -0.1852221293111187
vn 0.9448416318136782 0.3189590932586425 -0.07442706241207164
vn 0.9478276213400174 0.3182576551496621 -0.018299321396246036
vn 0.9544516310015252 -0.2978737096270102 0.01712708940747771
vn 0.9544516310015252 -0.2978737096270102 0.01712708940747771
vn 0.9579318304935555 -0.27948758697174664 0.0652173048812715
vn 0.9448416318136782 0.3189590932586425 -0.07442706241207164
vn 0.9579318304935555 -0.27948758697174664 0.0652173048812715
vn 0.9544516310015252 -0.2978737096270102 0.01712708940747771
vn 0.5937340790309873 -0.8033345273535768 0.04618961527043138
vn 0.5937340790309873 -0.8033345273535768 0.04618961527043138
vn 0.6007848314075781 -0.7784974566436293 0.18165708450255466
vn 0.9579318304935555 -0.27948758697174664 0.0652173048812715
vn 0.6007848314075781 -0.7784974566436293 0.18165708450255466
vn 0.5937340790309873 -0.8033345273535768 0.04618961527043138
vn -4.292474527417133e-7 -0.9983511059255372 0.05740269416214525
vn -4.292474527417133e-7 -0.9983511059255372 0.05740269416214525
vn 1.2272982954177901e-8 -0.9738391994218211 0.22723823109121902
vn 0.6007848314075781 -0.7784974566436293 0.18165708450255466
vn 1.2272982954177901e-8 -0.9738391994218211 0.22723823109121902
vn -4.292474527417133e-7 -0.9983511059255372 0.05740269416214525
vn -0.5937342490120349 -0.8033343961932218 0.0461897114408267
vn -0.5937342490120349 -0.8033343961932218 0.0461897114408267
vn -0.6007850801826723 -0.7784973508543014 0.18165671510498851
vn 1.2272982954177901e-8 -0.9738391994218211 0.22723823109121902
vn -0.6007850801826723 -0.7784973508543014 0.18165671510498851
vn -0.5937342490120349 -0.8033343961932218 0.0461897114408267
vn -0.9544518486572182 -0.2978730176937342 0.017126994040028008
vn -0.9544518486572182 -0.2978730176937342 0.017126994040028008
vn -0.9579317491186323 -0.27948784884092087 0.06521737790491487
vn -0.6007850801826723 -0.7784973508543014 0.18165671510498851
vn -0.9579317491186323 -0.27948784884092087 0.06521737790491487
vn -0.9544518486572182 -0.2978730176937342 0.017126994040028008
vn -0.9478274716463466 0.3182581119623787 -0.01829913010598654
vn -0.9478274716463466 0.3182581119623787 -0.01829913010598654
vn -0.9448416092098648 0.3189591154303907 -0.07442725434661544
vn -0.9579317491186323 -0.27948784884092087 0.06521737790491487
vn -0.9448416092098648 0.3189591154303907 -0.07442725434661544
vn -0.9478274716463466 0.3182581119623787 -0.01829913010598654
vn -0.5829812146774451 0.8111458840293416 -0.046639662900458734
vn -0.5829812146774451 0.8111458840293416 -0.046639662900458734
vn -0.5793356903777451 0.7937650772919178 -0.18522192074993957
vn -0.9448416092098648 0.3189591154303907 -0.07442725434661544
vn -0.5793356903777451 0.7937650772919178 -0.18522192074993957
vn -0.5829812146774451 0.8111458840293416 -0.046639662900458734
vn 1.4652721547362084e-7 0.9983510536374623 -0.05740360355367533
vn 1.4652721547362084e-7 0.9983510536374623 -0.05740360355367533
vn -8.217782575848057e-8 0.9738383220500186 -0.22724199107294785
vn -0.5793356903777451 0.7937650772919178 -0.18522192074993957
vn 1.4652721547362084e-7 0.9983510536374623 -0.05740360355367533
vn -5.15371704553449e-7 0.9983510249211697 0.0574041029769194
vn 0.5829814605737401 0.8111457115423597 0.046639589124987335
vn 0.5829814605737401 0.8111457115423597 0.046639589124987335
vn 0.5829828429935822 0.8111447183596514 -0.046639582463418754
vn 1.4652721547362084e-7 0.9983510536374623 -0.05740360355367533
vn 0.5829828429935822 0.8111447183596514 -0.046639582463418754
vn 0.5829814605737401 0.8111457115423597 0.046639589124987335
vn 0.9478274316480684 0.3182582161414143 0.01829938998741206
vn 0.9478274316480684 0.3182582161414143 0.01829938998741206
vn 0.9478276213400174 0.3182576551496621 -0.018299321396246036
vn 0.5829828429935822 0.8111447183596514 -0.046639582463418754
vn 0.9478276213400174 0.3182576551496621 -0.018299321396246036
vn 0.9478274316480684 0.3182582161414143 0.01829938998741206
vn 0.9544518813006732 -0.2978729071747802 -0.017127097035126763
vn 0.9544518813006732 -0.2978729071747802 -0.017127097035126763
vn 0.9544516310015252 -0.2978737096270102 0.01712708940747771
vn 0.9478276213400174 0.3182576551496621 -0.018299321396246036
vn 0.9544516310015252 -0.2978737096270102 0.01712708940747771
vn 0.9544518813006732 -0.2978729071747802 -0.017127097035126763
vn 0.5937346930074986 -0.8033340707381154 -0.04618966454327361
vn 0.5937346930074986 -0.8033340707381154 -0.04618966454327361
vn 0.5937340790309873 -0.8033345273535768 0.04618961527043138
vn 0.9544516310015252 -0.2978737096270102 0.01712708940747771
vn 0.5937340790309873 -0.8033345273535768 0.04618961527043138
vn 0.5937346930074986 -0.8033340707381154 -0.04618966454327361
vn 4.618573121158088e-7 -0.9983511248008564 -0.057402365880261264
vn 4.618573121158088e-7 -0.9983511248008564 -0.057402365880261264
vn -4.292474527417133e-7 -0.9983511059255372 0.05740269416214525
vn 0.5937340790309873 -0.8033345273535768 0.04618961527043138
vn -4.292474527417133e-7 -0.9983511059255372 0.05740269416214525
vn 4.618573121158088e-7 -0.9983511248008564 -0.057402365880261264
vn -0.5937340688145727 -0.8033345094925123 -0.04619005723439487
vn -0.5937340688145727 -0.8033345094925123 -0.04619005723439487
vn -0.5937342490120349 -0.8033343961932218 0.0461897114408267
vn -4.292474527417133e-7 -0.9983511059255372 0.05740269416214525
vn -0.5937342490120349 -0.8033343961932218 0.0461897114408267
vn -0.5937340688145727 -0.8033345094925123 -0.04619005723439487
vn -0.9544519121474433 -0.2978728087928287 -0.017127089068498583
vn -0.9544519121474433 -0.2978728087928287 -0.017127089068498583
vn -0.9544518486572182 -0.2978730176937342 0.017126994040028008
vn -0.5937342490120349 -0.8033343961932218 0.0461897114408267
vn -0.9544518486572182 -0.2978730176937342 0.017126994040028008
vn -0.9544519121474433 -0.2978728087928287 -0.017127089068498583
vn -0.947827596656742 0.31825772488028164 0.018299387146333022
vn -0.947827596656742 0.31825772488028164 0.018299387146333022
vn -0.9478274716463466 0.3182581119623787 -0.01829913010598654
vn -0.9544518486572182 -0.2978730176937342 0.017126994040028008
vn -0.9478274716463466 0.3182581119623787 -0.01829913010598654
vn -0.947827596656742 0.31825772488028164 0.018299387146333022
vn -0.582982639888343 0.811144859298018 0.04663967005905096
vn -0.582982639888343 0.811144859298018 0.04663967005905096
vn -0.5829812146774451 0.8111458840293416 -0.046639662900458734
vn -0.9478274716463466 0.3182581119623787 -0.01829913010598654
vn -0.5829812146774451 0.8111458840293416 -0.046639662900458734
vn -0.582982639888343 0.811144859298018 0.04663967005905096
vn -5.15371704553449e-7 0.9983510249211697 0.0574041029769194
vn -5.15371704553449e-7 0.9983510249211697 0.0574041029769194
vn 1.4652721547362084e-7 0.9983510536374623 -0.05740360355367533
vn -0.5829812146774451 0.8111458840293416 -0.046639662900458734
vn -5.15371704553449e-7 0.9983510249211697 0.0574041029769194
vn -2.465328112057477e-7 0.9738384567307126 0.2272414139022272
vn 0.5793344556377338 0.7937659784030704 0.18522192105889387
vn 0.5793344556377338 0.7937659784030704 0.18522192105889387
vn 0.5829814605737401 0.8111457115423597 0.046639589124987335
vn -5.15371704553449e-7 0.9983510249211697 0.0574041029769194
vn 0.5829814605737401 0.8111457115423597 0.046639589124987335
vn 0.5793344556377338 0.7937659784030704 0.18522192105889387
vn 0.9448422591449872 0.3189573784595373 0.07442644731556225
vn 0.9448422591449872 0.3189573784595373 0.07442644731556225
vn 0.9478274316480684 0.3182582161414143 0.01829938998741206
vn 0.5829814605737401 0.8111457115423597 0.046639589124987335
vn 0.9478274316480684 0.3182582161414143 0.01829938998741206
vn 0.9448422591449872 0.3189573784595373 0.07442644731556225
vn 0.957932179841276 -0.2794864761685216 -0.06521693387030508
vn 0.957932179841276 -0.2794864761685216 -0.06521693387030508
vn 0.9544518813006732 -0.2978729071747802 -0.017127097035126763
vn 0.9478274316480684 0.3182582161414143 0.01829938998741206
vn 0.9544518813006732 -0.2978729071747802 -0.017127097035126763
vn 0.957932179841276 -0.2794864761685216 -0.06521693387030508
vn 0.6007816106053083 -0.7784998221604811 -0.18165759894535324
vn 0.6007816106053083 -0.7784998221604811 -0.18165759894535324
vn 0.5937346930074986 -0.8033340707381154 -0.04618966454327361
vn 0.9544518813006732 -0.2978729071747802 -0.017127097035126763
vn 0.5937346930074986 -0.8033340707381154 -0.04618966454327361
vn 0.6007816106053083 -0.7784998221604811 -0.18165759894535324
vn -5.1546363841472094e-8 -0.9738390052260046 -0.22723906332411978
vn -5.1546363841472094e-8 -0.9738390052260046 -0.22723906332411978
vn 4.618573121158088e-7 -0.9983511248008564 -0.057402365880261264
vn 0.5937346930074986 -0.8033340707381154 -0.04618966454327361
vn 4.618573121158088e-7 -0.9983511248008564 -0.057402365880261264
vn -5.1546363841472094e-8 -0.9738390052260046 -0.22723906332411978
vn -0.6007815425480314 -0.77849999002141 -0.18165710465124335
vn -0.6007815425480314 -0.77849999002141 -0.18165710465124335
vn -0.5937340688145727 -0.8033345094925123 -0.04619005723439487
vn 4.618573121158088e-7 -0.9983511248008564 -0.057402365880261264
vn -0.5937340688145727 -0.8033345094925123 -0.04619005723439487
vn -0.6007815425480314 -0.77849999002141 -0.18165710465124335
vn -0.9579322134742716 -0.27948631957941206 -0.06521711091605462
vn -0.9579322134742716 -0.27948631957941206 -0.06521711091605462
vn -0.9544519121474433 -0.2978728087928287 -0.017127089068498583
vn -0.5937340688145727 -0.8033345094925123 -0.04619005723439487
vn -0.9544519121474433 -0.2978728087928287 -0.017127089068498583
vn -0.9579322134742716 -0.27948631957941206 -0.06521711091605462
vn -0.9448422053734609 0.31895746983561896 0.07442673834768734
vn -0.9448422053734609 0.31895746983561896 0.07442673834768734
vn -0.947827596656742 0.31825772488028164 0.018299387146333022
vn -0.9544519121474433 -0.2978728087928287 -0.017127089068498583
vn -0.947827596656742 0.31825772488028164 0.018299387146333022
vn -0.9448422053734609 0.31895746983561896 0.07442673834768734
vn -0.5793343298411947 0.7937660289822956 0.18522209776679247
vn -0.5793343298411947 0.7937660289822956 0.18522209776679247
vn -0.582982639888343 0.811144859298018 0.04663967005905096
vn -0.947827596656742 0.31825772488028164 0.018299387146333022
vn -0.582982639888343 0.811144859298018 0.04663967005905096
vn -0.5793343298411947 0.7937660289822956 0.18522209776679247
vn -2.465328112057477e-7 0.9738384567307126 0.2272414139022272
vn -2.465328112057477e-7 0.9738384567307126 0.2272414139022272
vn -5.15371704553449e-7 0.9983510249211697 0.0574041029769194
vn -0.582982639888343 0.811144859298018 0.04663967005905096
vn -2.465328112057477e-7 0.9738384567307126 0.2272414139022272
vn -6.670793902068555e-8 0.8982216323848692 0.43954282967175845
vn 0.5794922935529225 0.7320307622198673 0.3582173151546048
vn 0.5794922935529225 0.7320307622198673 0.3582173151546048
vn 0.5793344556377338 0.7937659784030704 0.18522192105889387
vn -2.465328112057477e-7 0.9738384567307126 0.2272414139022272
vn 0.5793344556377338 0.7937659784030704 0.18522192105889387
vn 0.5794922935529225 0.7320307622198673 0.3582173151546048
vn 0.9449878475281686 0.29381316707947686 0.14377687879073622
vn 0.9449878475281686 0.29381316707947686 0.14377687879073622
vn 0.9448422591449872 0.3189573784595373 0.07442644731556225
vn 0.5793344556377338 0.7937659784030704 0.18522192105889387
vn 0.9448422591449872 0.3189573784595373 0.07442644731556225
vn 0.9449878475281686 0.29381316707947686 0.14377687879073622
vn 0.9577525306170774 -0.25832306915914444 -0.12640918493837433
vn 0.9577525306170774 -0.25832306915914444 -0.12640918493837433
vn 0.957932179841276 -0.2794864761685216 -0.06521693387030508
vn 0.9448422591449872 0.3189573784595373 0.07442644731556225
vn 0.957932179841276 -0.2794864761685216 -0.06521693387030508
vn 0.9577525306170774 -0.25832306915914444 -0.12640918493837433
vn 0.6003968758777746 -0.7183107035610404 -0.3515015285683
vn 0.6003968758777746 -0.7183107035610404 -0.3515015285683
vn 0.6007816106053083 -0.7784998221604811 -0.18165759894535324
vn 0.957932179841276 -0.2794864761685216 -0.06521693387030508
vn 0.6007816106053083 -0.7784998221604811 -0.18165759894535324
vn 0.6003968758777746 -0.7183107035610404 -0.3515015285683
vn -3.093518681345761e-7 -0.8982228042351234 -0.439540434945291
vn -3.093518681345761e-7 -0.8982228042351234 -0.439540434945291
vn -5.1546363841472094e-8 -0.9738390052260046 -0.22723906332411978
vn 0.6007816106053083 -0.7784998221604811 -0.18165759894535324
vn -5.1546363841472094e-8 -0.9738390052260046 -0.22723906332411978
vn -3.093518681345761e-7 -0.8982228042351234 -0.439540434945291
vn -0.6003964575519104 -0.7183107618575849 -0.35150212397465425
vn -0.6003964575519104 -0.7183107618575849 -0.35150212397465425
vn -0.6007815425480314 -0.77849999002141 -0.18165710465124335
vn -5.1546363841472094e-8 -0.9738390052260046 -0.22723906332411978
vn -0.6007815425480314 -0.77849999002141 -0.18165710465124335
vn -0.6003964575519104 -0.7183107618575849 -0.35150212397465425
vn -0.9577525958666894 -0.25832292167008825 -0.12640899196832237
vn -0.9577525958666894 -0.25832292167008825 -0.12640899196832237
vn -0.9579322134742716 -0.27948631957941206 -0.06521711091605462
vn -0.6007815425480314 -0.77849999002141 -0.18165710465124335
vn -0.9579322134742716 -0.27948631957941206 -0.06521711091605462
vn -0.9577525958666894 -0.25832292167008825 -0.12640899196832237
vn -0.9449878326509459 0.2938132816631847 0.14377674241676897
vn -0.9449878326509459 0.2938132816631847 0.14377674241676897
vn -0.9448422053734609 0.31895746983561896 0.07442673834768734
vn -0.9579322134742716 -0.27948631957941206 -0.06521711091605462
vn -0.9448422053734609 0.31895746983561896 0.07442673834768734
vn -0.9449878326509459 0.2938132816631847 0.14377674241676897
vn -0.5794922857502924 0.7320309311773214 0.3582169825058063
vn -0.5794922857502924 0.7320309311773214 0.3582169825058063
vn -0.5793343298411947 0.7937660289822956 0.18522209776679247
vn -0.9448422053734609 0.31895746983561896 0.07442673834768734
vn -0.5793343298411947 0.7937660289822956 0.18522209776679247
vn -0.5794922857502924 0.7320309311773214 0.3582169825058063
vn -6.670793902068555e-8 0.8982216323848692 0.43954282967175845
vn -6.670793902068555e-8 0.8982216323848692 0.43954282967175845
vn -2.465328112057477e-7 0.9738384567307126 0.2272414139022272
vn -0.5793343298411947 0.7937660289822956 0.18522209776679247
vn -6.670793902068555e-8 0.8982216323848692 0.43954282967175845
vn -2.71788081269495e-7 0.7800934025493904 0.6256630749044099
vn 0.5796091993711875 0.6356947024907853 0.5098484296626233
vn 0.5796091993711875 0.6356947024907853 0.5098484296626233
vn 0.5794922935529225 0.7320307622198673 0.3582173151546048
vn -6.670793902068555e-8 0.8982216323848692 0.43954282967175845
vn 0.5794922935529225 0.7320307622198673 0.3582173151546048
vn 0.5796091993711875 0.6356947024907853 0.5098484296626233
vn 0.9450922838211131 0.2549382718842018 0.2044677299489809
vn 0.9450922838211131 0.2549382718842018 0.2044677299489809
vn 0.9449878475281686 0.29381316707947686 0.14377687879073622
vn 0.5794922935529225 0.7320307622198673 0.3582173151546048
vn 0.9449878475281686 0.29381316707947686 0.14377687879073622
vn 0.9450922838211131 0.2549382718842018 0.2044677299489809
vn 0.9576252595337891 -0.22468054754041197 -0.1802013148114735
vn 0.9576252595337891 -0.22468054754041197 -0.1802013148114735
vn 0.9577525306170774 -0.25832306915914444 -0.12640918493837433
vn 0.9449878475281686 0.29381316707947686 0.14377687879073622
vn 0.9577525306170774 -0.25832306915914444 -0.12640918493837433
vn 0.9576252595337891 -0.22468054754041197 -0.1802013148114735
vn 0.600122882837433 -0.6240056082077923 -0.500469306171829
vn 0.600122882837433 -0.6240056082077923 -0.500469306171829
vn 0.6003968758777746 -0.7183107035610404 -0.3515015285683
vn 0.9577525306170774 -0.25832306915914444 -0.12640918493837433
vn 0.6003968758777746 -0.7183107035610404 -0.3515015285683
vn 0.600122882837433 -0.6240056082077923 -0.500469306171829
vn 5.390033565930846e-7 -0.7800977822272676 -0.6256576141659335
vn 5.390033565930846e-7 -0.7800977822272676 -0.6256576141659335
vn -3.093518681345761e-7 -0.8982228042351234 -0.439540434945291
vn 0.6003968758777746 -0.7183107035610404 -0.3515015285683
vn -3.093518681345761e-7 -0.8982228042351234 -0.439540434945291
vn 5.390033565930846e-7 -0.7800977822272676 -0.6256576141659335
vn -0.6001232748913168 -0.6240053436085828 -0.5004691659649528
vn -0.6001232748913168 -0.6240053436085828 -0.5004691659649528
vn -0.6003964575519104 -0.7183107618575849 -0.35150212397465425
vn -3.093518681345761e-7 -0.8982228042351234 -0.439540434945291
vn -0.6003964575519104 -0.7183107618575849 -0.35150212397465425
vn -0.6001232748913168 -0.6240053436085828 -0.5004691659649528
vn -0.9576252622355241 -0.22468078659289106 -0.18020100239550085
vn -0.9576252622355241 -0.22468078659289106 -0.18020100239550085
vn -0.9577525958666894 -0.25832292167008825 -0.12640899196832237
vn -0.6003964575519104 -0.7183107618575849 -0.35150212397465425
vn -0.9577525958666894 -0.25832292167008825 -0.12640899196832237
vn -0.9576252622355241 -0.22468078659289106 -0.18020100239550085
vn -0.9450922054309624 0.2549382072121544 0.20446817291963126
vn -0.9450922054309624 0.2549382072121544 0.20446817291963126
vn -0.9449878326509459 0.2938132816631847 0.14377674241676897
vn -0.9577525958666894 -0.25832292167008825 -0.12640899196832237
vn -0.9449878326509459 0.2938132816631847 0.14377674241676897
vn -0.9450922054309624 0.2549382072121544 0.20446817291963126
vn -0.5796091021491807 0.6356942497684627 0.5098491046546343
vn -0.5796091021491807 0.6356942497684627 0.5098491046546343
vn -0.5794922857502924 0.7320309311773214 0.3582169825058063
vn -0.9449878326509459 0.2938132816631847 0.14377674241676897
vn -0.5794922857502924 0.7320309311773214 0.3582169825058063
vn -0.5796091021491807 0.6356942497684627 0.5098491046546343
vn -2.71788081269495e-7 0.7800934025493904 0.6256630749044099
vn -2.71788081269495e-7 0.7800934025493904 0.6256630749044099
vn -6.670793902068555e-8 0.8982216323848692 0.43954282967175845
vn -0.5794922857502924 0.7320309311773214 0.3582169825058063
vn -2.71788081269495e-7 0.7800934025493904 0.6256630749044099
vn -2.717876846500896e-7 0.6256600294311424 0.780095845119142
vn 0.579606412564297 0.5098480293132392 0.6356975645067018
vn 0.579606412564297 0.5098480293132392 0.6356975645067018
vn 0.5796091993711875 0.6356947024907853 0.5098484296626233
vn -2.71788081269495e-7 0.7800934025493904 0.6256630749044099
vn 0.5796091993711875 0.6356947024907853 0.5098484296626233
vn 0.579606412564297 0.5098480293132392 0.6356975645067018
vn 0.9450918578508767 0.204469419404746 0.25493849601867585
vn 0.9450918578508767 0.204469419404746 0.25493849601867585
vn 0.9450922838211131 0.2549382718842018 0.2044677299489809
vn 0.5796091993711875 0.6356947024907853 0.5098484296626233
vn 0.9450922838211131 0.2549382718842018 0.2044677299489809
vn 0.9450918578508767 0.204469419404746 0.25493849601867585
vn 0.9576263453092869 -0.1801991071246339 -0.22467769039462515
vn 0.9576263453092869 -0.1801991071246339 -0.22467769039462515
vn 0.9576252595337891 -0.22468054754041197 -0.1802013148114735
vn 0.9450922838211131 0.2549382718842018 0.2044677299489809
vn 0.9576252595337891 -0.22468054754041197 -0.1802013148114735
vn 0.9576263453092869 -0.1801991071246339 -0.22467769039462515
vn 0.6001224608688318 -0.5004734795998697 -0.6240026668035452
vn 0.6001224608688318 -0.5004734795998697 -0.6240026668035452
vn 0.600122882837433 -0.6240056082077923 -0.500469306171829
vn 0.9576252595337891 -0.22468054754041197 -0.1802013148114735
vn 0.600122882837433 -0.6240056082077923 -0.500469306171829
vn 0.6001224608688318 -0.5004734795998697 -0.6240026668035452
vn 3.3027670235371584e-7 -0.6256641613419739 -0.7800925311859712
vn 3.3027670235371584e-7 -0.6256641613419739 -0.7800925311859712
vn 5.390033565930846e-7 -0.7800977822272676 -0.6256576141659335
vn 0.600122882837433 -0.6240056082077923 -0.500469306171829
vn 5.390033565930846e-7 -0.7800977822272676 -0.6256576141659335
vn 3.3027670235371584e-7 -0.6256641613419739 -0.7800925311859712
vn -0.6001229354746962 -0.5004736565530351 -0.624002068437011
vn -0.6001229354746962 -0.5004736565530351 -0.624002068437011
vn -0.6001232748913168 -0.6240053436085828 -0.5004691659649528
vn 5.390033565930846e-7 -0.7800977822272676 -0.6256576141659335
vn -0.6001232748913168 -0.6240053436085828 -0.5004691659649528
vn -0.6001229354746962 -0.5004736565530351 -0.624002068437011
vn -0.9576264080610586 -0.18019888419942182 -0.22467760172602455
vn -0.9576264080610586 -0.18019888419942182 -0.22467760172602455
vn -0.9576252622355241 -0.22468078659289106 -0.18020100239550085
vn -0.6001232748913168 -0.6240053436085828 -0.5004691659649528
vn -0.9576252622355241 -0.22468078659289106 -0.18020100239550085
vn -0.9576264080610586 -0.18019888419942182 -0.22467760172602455
vn -0.9450917315417539 0.20446967118843676 0.2549387623244109
vn -0.9450917315417539 0.20446967118843676 0.2549387623244109
vn -0.9450922054309624 0.2549382072121544 0.20446817291963126
vn -0.9576252622355241 -0.22468078659289106 -0.18020100239550085
vn -0.9450922054309624 0.2549382072121544 0.20446817291963126
vn -0.9450917315417539 0.20446967118843676 0.2549387623244109
vn -0.5796063594944507 0.5098484522940744 0.6356972736506948
vn -0.5796063594944507 0.5098484522940744 0.6356972736506948
vn -0.5796091021491807 0.6356942497684627 0.5098491046546343
vn -0.9450922054309624 0.2549382072121544 0.20446817291963126
vn -0.5796091021491807 0.6356942497684627 0.5098491046546343
vn -0.5796063594944507 0.5098484522940744 0.6356972736506948
vn -2.717876846500896e-7 0.6256600294311424 0.780095845119142
vn -2.717876846500896e-7 0.6256600294311424 0.780095845119142
vn -2.71788081269495e-7 0.7800934025493904 0.6256630749044099
vn -0.5796091021491807 0.6356942497684627 0.5098491046546343
vn -2.717876846500896e-7 0.6256600294311424 0.780095845119142
vn -9.749621025996215e-8 0.4395376271147267 0.8982241782263188
vn 0.5794929146018992 0.35821353428095043 0.7320321207325172
vn 0.5794929146018992 0.35821353428095043 0.7320321207325172
vn 0.579606412564297 0.5098480293132392 0.6356975645067018
vn -2.717876846500896e-7 0.6256600294311424 0.780095845119142
vn 0.579606412564297 0.5098480293132392 0.6356975645067018
vn 0.5794929146018992 0.35821353428095043 0.7320321207325172
vn 0.9449882273746206 0.14377547650983402 0.2938126315830253
vn 0.9449882273746206 0.14377547650983402 0.2938126315830253
vn 0.9450918578508767 0.204469419404746 0.25493849601867585
vn 0.579606412564297 0.5098480293132392 0.6356975645067018
vn 0.9450918578508767 0.204469419404746 0.25493849601867585
vn 0.9449882273746206 0.14377547650983402 0.2938126315830253
vn 0.9577530350324875 -0.1264081597503349 -0.2583217006652605
vn 0.9577530350324875 -0.1264081597503349 -0.2583217006652605
vn 0.9576263453092869 -0.1801991071246339 -0.22467769039462515
vn 0.9450918578508767 0.204469419404746 0.25493849601867585
vn 0.9576263453092869 -0.1801991071246339 -0.22467769039462515
vn 0.9577530350324875 -0.1264081597503349 -0.2583217006652605
vn 0.6003967312869388 -0.35150335826059304 -0.718309929063691
vn 0.6003967312869388 -0.35150335826059304 -0.718309929063691
vn 0.6001224608688318 -0.5004734795998697 -0.6240026668035452
vn 0.9576263453092869 -0.1801991071246339 -0.22467769039462515
vn 0.6001224608688318 -0.5004734795998697 -0.6240026668035452
vn 0.6003967312869388 -0.35150335826059304 -0.718309929063691
vn -4.787582684123558e-8 -0.43954279872363144 -0.8982216475292694
vn -4.787582684123558e-8 -0.43954279872363144 -0.8982216475292694
vn 3.3027670235371584e-7 -0.6256641613419739 -0.7800925311859712
vn 0.6001224608688318 -0.5004734795998697 -0.6240026668035452
vn 3.3027670235371584e-7 -0.6256641613419739 -0.7800925311859712
vn -4.787582684123558e-8 -0.43954279872363144 -0.8982216475292694
vn -0.600396404946551 -0.3515031083569874 -0.7183103241236571
vn -0.600396404946551 -0.3515031083569874 -0.7183103241236571
vn -0.6001229354746962 -0.5004736565530351 -0.624002068437011
vn 3.3027670235371584e-7 -0.6256641613419739 -0.7800925311859712
vn -0.6001229354746962 -0.5004736565530351 -0.624002068437011
vn -0.600396404946551 -0.3515031083569874 -0.7183103241236571
vn -0.9577531407564799 -0.12640794231994545 -0.25832141508116513
vn -0.9577531407564799 -0.12640794231994545 -0.25832141508116513
vn -0.9576264080610586 -0.18019888419942182 -0.22467760172602455
vn -0.6001229354746962 -0.5004736565530351 -0.624002068437011
vn -0.9576264080610586 -0.18019888419942182 -0.22467760172602455
vn -0.9577531407564799 -0.12640794231994545 -0.25832141508116513
vn -0.944988136098995 0.14377551056211935 0.29381290848897246
vn -0.944988136098995 0.14377551056211935 0.29381290848897246
vn -0.9450917315417539 0.20446967118843676 0.2549387623244109
vn -0.9576264080610586 -0.18019888419942182 -0.22467760172602455
vn -0.9450917315417539 0.20446967118843676 0.2549387623244109
vn -0.944988136098995 0.14377551056211935 0.29381290848897246
vn -0.5794928157872051 0.35821339787625095 0.7320322657048437
vn -0.5794928157872051 0.35821339787625095 0.7320322657048437
vn -0.5796063594944507 0.5098484522940744 0.6356972736506948
vn -0.9450917315417539 0.20446967118843676 0.2549387623244109
vn -0.5796063594944507 0.5098484522940744 0.6356972736506948
vn -0.5794928157872051 0.35821339787625095 0.7320322657048437
vn -9.749621025996215e-8 0.4395376271147267 0.8982241782263188
vn -9.749621025996215e-8 0.4395376271147267 0.8982241782263188
vn -2.717876846500896e-7 0.6256600294311424 0.780095845119142
vn -0.5796063594944507 0.5098484522940744 0.6356972736506948
vn -9.749621025996215e-8 0.4395376271147267 0.8982241782263188
vn -1.5408300005459232e-7 0.22723647121857204 0.9738396100735003
vn 0.5793351986302818 0.18521920397158204 0.7937660701416669
vn 0.5793351986302818 0.18521920397158204 0.7937660701416669
vn 0.5794929146018992 0.35821353428095043 0.7320321207325172
vn -9.749621025996215e-8 0.4395376271147267 0.8982241782263188
vn 0.5794929146018992 0.35821353428095043 0.7320321207325172
vn 0.5793351986302818 0.18521920397158204 0.7937660701416669
vn 0.9448425843524212 0.07442736034597225 0.31895620205001274
vn 0.9448425843524212 0.07442736034597225 0.31895620205001274
vn 0.9449882273746206 0.14377547650983402 0.2938126315830253
vn 0.5794929146018992 0.35821353428095043 0.7320321207325172
vn 0.9449882273746206 0.14377547650983402 0.2938126315830253
vn 0.9448425843524212 0.07442736034597225 0.31895620205001274
vn 0.9579321182169693 -0.06521615679066133 -0.27948686871086864
vn 0.9579321182169693 -0.06521615679066133 -0.27948686871086864
vn 0.9577530350324875 -0.1264081597503349 -0.2583217006652605
vn 0.9449882273746206 0.14377547650983402 0.2938126315830253
vn 0.9577530350324875 -0.1264081597503349 -0.2583217006652605
vn 0.9579321182169693 -0.06521615679066133 -0.27948686871086864
vn 0.6007840739235446 -0.18166077034347375 -0.778497181136865
vn 0.6007840739235446 -0.18166077034347375 -0.778497181136865
vn 0.6003967312869388 -0.35150335826059304 -0.718309929063691
vn 0.9577530350324875 -0.1264081597503349 -0.2583217006652605
vn 0.6003967312869388 -0.35150335826059304 -0.718309929063691
vn 0.6007840739235446 -0.18166077034347375 -0.778497181136865
vn 1.3868448537520077e-7 -0.22724444057124424 -0.9738377504643385
vn 1.3868448537520077e-7 -0.22724444057124424 -0.9738377504643385
vn -4.787582684123558e-8 -0.43954279872363144 -0.8982216475292694
vn 0.6003967312869388 -0.35150335826059304 -0.718309929063691
vn -4.787582684123558e-8 -0.43954279872363144 -0.8982216475292694
vn 1.3868448537520077e-7 -0.22724444057124424 -0.9738377504643385
vn -0.6007837011114084 -0.18166081045563345 -0.7784974594842813
vn -0.6007837011114084 -0.18166081045563345 -0.7784974594842813
vn -0.600396404946551 -0.3515031083569874 -0.7183103241236571
vn -4.787582684123558e-8 -0.43954279872363144 -0.8982216475292694
vn -0.600396404946551 -0.3515031083569874 -0.7183103241236571
vn -0.6007837011114084 -0.18166081045563345 -0.7784974594842813
vn -0.9579322561644614 -0.06521615061580074 -0.2794863973407677
vn -0.9579322561644614 -0.06521615061580074 -0.2794863973407677
vn -0.9577531407564799 -0.12640794231994545 -0.25832141508116513
vn -0.600396404946551 -0.3515031083569874 -0.7183103241236571
vn -0.9577531407564799 -0.12640794231994545 -0.25832141508116513
vn -0.9579322561644614 -0.06521615061580074 -0.2794863973407677
vn -0.9448424589243515 0.07442717359157167 0.31895661718320745
vn -0.9448424589243515 0.07442717359157167 0.31895661718320745
vn -0.944988136098995 0.14377551056211935 0.29381290848897246
vn -0.9577531407564799 -0.12640794231994545 -0.25832141508116513
vn -0.944988136098995 0.14377551056211935 0.29381290848897246
vn -0.9448424589243515 0.07442717359157167 0.31895661718320745
vn -0.5793351524075067 0.18521901453480047 0.7937661480812396
vn -0.5793351524075067 0.18521901453480047 0.7937661480812396
vn -0.5794928157872051 0.35821339787625095 0.7320322657048437
vn -0.944988136098995 0.14377551056211935 0.29381290848897246
vn -0.5794928157872051 0.35821339787625095 0.7320322657048437
vn -0.5793351524075067 0.18521901453480047 0.7937661480812396
vn -1.5408300005459232e-7 0.22723647121857204 0.9738396100735003
vn -1.5408300005459232e-7 0.22723647121857204 0.9738396100735003
vn -9.749621025996215e-8 0.4395376271147267 0.8982241782263188
vn -0.5794928157872051 0.35821339787625095 0.7320322657048437
vn -1.5408300005459232e-7 0.22723647121857204 0.9738396100735003
vn -9.600065635489166e-8 0.057402475094247965 0.9983511185214574
vn 0.5829830131246949 0.04663870260027686 0.8111446466739546
vn 0.5829830131246949 0.04663870260027686 0.8111446466739546
vn 0.5793351986302818 0.18521920397158204 0.7937660701416669
vn -1.5408300005459232e-7 0.22723647121857204 0.9738396100735003
vn 0.5793351986302818 0.18521920397158204 0.7937660701416669
vn 0.5829830131246949 0.04663870260027686 0.8111446466739546
vn 0.9478280501144348 0.018299332795007766 0.3182563775252992
vn 0.9478280501144348 0.018299332795007766 0.3182563775252992
vn 0.9448425843524212 0.07442736034597225 0.31895620205001274
vn 0.5793351986302818 0.18521920397158204 0.7937660701416669
vn 0.9448425843524212 0.07442736034597225 0.31895620205001274
vn 0.9478280501144348 0.018299332795007766 0.3182563775252992
vn 0.9544517462734345 -0.017126906797613424 -0.29787335077031846
vn 0.9544517462734345 -0.017126906797613424 -0.29787335077031846
vn 0.9579321182169693 -0.06521615679066133 -0.27948686871086864
vn 0.9448425843524212 0.07442736034597225 0.31895620205001274
vn 0.9579321182169693 -0.06521615679066133 -0.27948686871086864
vn 0.9544517462734345 -0.017126906797613424 -0.29787335077031846
vn 0.593734067615956 -0.046191067245572724 -0.8033344523042232
vn 0.593734067615956 -0.046191067245572724 -0.8033344523042232
vn 0.6007840739235446 -0.18166077034347375 -0.778497181136865
vn 0.9579321182169693 -0.06521615679066133 -0.27948686871086864
vn 0.6007840739235446 -0.18166077034347375 -0.778497181136865
vn 0.593734067615956 -0.046191067245572724 -0.8033344523042232
vn 7.934314035770658e-8 -0.057405459466764966 -0.9983509469236774
vn 7.934314035770658e-8 -0.057405459466764966 -0.9983509469236774
vn 1.3868448537520077e-7 -0.22724444057124424 -0.9738377504643385
vn 0.6007840739235446 -0.18166077034347375 -0.778497181136865
vn 1.3868448537520077e-7 -0.22724444057124424 -0.9738377504643385
vn 7.934314035770658e-8 -0.057405459466764966 -0.9983509469236774
vn -0.593734012165491 -0.046191682241642676 -0.8033344579249392
vn -0.593734012165491 -0.046191682241642676 -0.8033344579249392
vn -0.6007837011114084 -0.18166081045563345 -0.7784974594842813
vn 1.3868448537520077e-7 -0.22724444057124424 -0.9738377504643385
vn -0.6007837011114084 -0.18166081045563345 -0.7784974594842813
vn -0.593734012165491 -0.046191682241642676 -0.8033344579249392
vn -0.954451834064044 -0.01712736816982726 -0.2978730429417169
vn -0.954451834064044 -0.01712736816982726 -0.2978730429417169
vn -0.9579322561644614 -0.06521615061580074 -0.2794863973407677
vn -0.6007837011114084 -0.18166081045563345 -0.7784974594842813
vn -0.9579322561644614 -0.06521615061580074 -0.2794863973407677
vn -0.954451834064044 -0.01712736816982726 -0.2978730429417169
vn -0.947827955507608 0.018299424539600154 0.31825665400708814
vn -0.947827955507608 0.018299424539600154 0.31825665400708814
vn -0.9448424589243515 0.07442717359157167 0.31895661718320745
vn -0.9579322561644614 -0.06521615061580074 -0.2794863973407677
vn -0.9448424589243515 0.07442717359157167 0.31895661718320745
vn -0.947827955507608 0.018299424539600154 0.31825665400708814
vn -0.5829829399195735 0.04663891012848501 0.8111446873553189
vn -0.5829829399195735 0.04663891012848501 0.8111446873553189
vn -0.5793351524075067 0.18521901453480047 0.7937661480812396
vn -0.9448424589243515 0.07442717359157167 0.31895661718320745
vn -0.5793351524075067 0.18521901453480047 0.7937661480812396
vn -0.5829829399195735 0.04663891012848501 0.8111446873553189
vn -9.600065635489166e-8 0.057402475094247965 0.9983511185214574
vn -9.600065635489166e-8 0.057402475094247965 0.9983511185214574
vn -1.5408300005459232e-7 0.22723647121857204 0.9738396100735003
vn -0.5793351524075067 0.18521901453480047 0.7937661480812396
vn -9.600065635489166e-8 0.057402475094247965 0.9983511185214574
vn 6.06319826564127e-8 -0.05740195002254444 0.998351148711517
vn 0.5829828203509347 -0.046638411042861955 0.8111448019873312
vn 0.5829828203509347 -0.046638411042861955 0.8111448019873312
vn 0.5829830131246949 0.04663870260027686 0.8111446466739546
vn -9.600065635489166e-8 0.057402475094247965 0.9983511185214574
vn 0.5829830131246949 0.04663870260027686 0.8111446466739546
vn 0.5829828203509347 -0.046638411042861955 0.8111448019873312
vn 0.9478280462289436 -0.01829906624491758 0.31825640442320624
vn 0.9478280462289436 -0.01829906624491758 0.31825640442320624
vn 0.9478280501144348 0.018299332795007766 0.3182563775252992
vn 0.5829830131246949 0.04663870260027686 0.8111446466739546
vn 0.9478280501144348 0.018299332795007766 0.3182563775252992
vn 0.9478280462289436 -0.01829906624491758 0.31825640442320624
vn 0.9544517589870268 0.017127191974342343 -0.2978732936361434
vn 0.9544517589870268 0.017127191974342343 -0.2978732936361434
vn 0.9544517462734345 -0.017126906797613424 -0.29787335077031846
vn 0.9478280501144348 0.018299332795007766 0.3182563775252992
vn 0.9544517462734345 -0.017126906797613424 -0.29787335077031846
vn 0.9544517589870268 0.017127191974342343 -0.2978732936361434
vn 0.5937339192192204 0.0461912925785948 -0.8033345490258108
vn 0.5937339192192204 0.0461912925785948 -0.8033345490258108
vn 0.593734067615956 -0.046191067245572724 -0.8033344523042232
vn 0.9544517462734345 -0.017126906797613424 -0.29787335077031846
vn 0.593734067615956 -0.046191067245572724 -0.8033344523042232
vn 0.5937339192192204 0.0461912925785948 -0.8033345490258108
vn -1.321356835366014e-7 0.0574047561703863 -0.9983509873631622
vn -1.321356835366014e-7 0.0574047561703863 -0.9983509873631622
vn 7.934314035770658e-8 -0.057405459466764966 -0.9983509469236774
vn 0.593734067615956 -0.046191067245572724 -0.8033344523042232
vn 7.934314035770658e-8 -0.057405459466764966 -0.9983509469236774
vn -1.321356835366014e-7 0.0574047561703863 -0.9983509873631622
vn -0.5937340417939524 0.0461906744422105 -0.8033344939747021
vn -0.5937340417939524 0.0461906744422105 -0.8033344939747021
vn -0.593734012165491 -0.046191682241642676 -0.8033344579249392
vn 7.934314035770658e-8 -0.057405459466764966 -0.9983509469236774
vn -0.593734012165491 -0.046191682241642676 -0.8033344579249392
vn -0.5937340417939524 0.0461906744422105 -0.8033344939747021
vn -0.9544517328594735 0.01712671653099118 -0.2978734046913473
vn -0.9544517328594735 0.01712671653099118 -0.2978734046913473
vn -0.954451834064044 -0.01712736816982726 -0.2978730429417169
vn -0.593734012165491 -0.046191682241642676 -0.8033344579249392
vn -0.954451834064044 -0.01712736816982726 -0.2978730429417169
vn -0.9544517328594735 0.01712671653099118 -0.2978734046913473
vn -0.9478280198012353 -0.01829920472118926 0.3182564751678134
vn -0.9478280198012353 -0.01829920472118926 0.3182564751678134
vn -0.947827955507608 0.018299424539600154 0.31825665400708814
vn -0.954451834064044 -0.01712736816982726 -0.2978730429417169
vn -0.947827955507608 0.018299424539600154 0.31825665400708814
vn -0.9478280198012353 -0.01829920472118926 0.3182564751678134
vn -0.5829828495498698 -0.0466383761258597 0.811144783009209
vn -0.5829828495498698 -0.0466383761258597 0.811144783009209
vn -0.5829829399195735 0.04663891012848501 0.8111446873553189
vn -0.947827955507608 0.018299424539600154 0.31825665400708814
vn -0.5829829399195735 0.04663891012848501 0.8111446873553189
vn -0.5829828495498698 -0.0466383761258597 0.811144783009209
vn 6.06319826564127e-8 -0.05740195002254444 0.998351148711517
vn 6.06319826564127e-8 -0.05740195002254444 0.998351148711517
vn -9.600065635489166e-8 0.057402475094247965 0.9983511185214574
vn -0.5829829399195735 0.04663891012848501 0.8111446873553189
vn 6.06319826564127e-8 -0.05740195002254444 0.998351148711517
vn 1.0272202661996961e-8 -0.22723612015442982 0.9738396919910184
vn 0.579333796212044 -0.1852186415966163 0.793767224929101
vn 0.579333796212044 -0.1852186415966163 0.793767224929101
vn 0.5829828203509347 -0.046638411042861955 0.8111448019873312
vn 6.06319826564127e-8 -0.05740195002254444 0.998351148711517
vn 0.5829828203509347 -0.046638411042861955 0.8111448019873312
vn 0.579333796212044 -0.1852186415966163 0.793767224929101
vn 0.9448416777977324 -0.07442793113902713 0.3189587543284089
vn 0.9448416777977324 -0.07442793113902713 0.3189587543284089
vn 0.9478280462289436 -0.01829906624491758 0.31825640442320624
vn 0.5829828203509347 -0.046638411042861955 0.8111448019873312
vn 0.9478280462289436 -0.01829906624491758 0.31825640442320624
vn 0.9448416777977324 -0.07442793113902713 0.3189587543284089
vn 0.9579321835012367 0.06521585378529209 -0.2794867156549811
vn 0.9579321835012367 0.06521585378529209 -0.2794867156549811
vn 0.9544517589870268 0.017127191974342343 -0.2978732936361434
vn 0.9478280462289436 -0.01829906624491758 0.31825640442320624
vn 0.9544517589870268 0.017127191974342343 -0.2978732936361434
vn 0.9579321835012367 0.06521585378529209 -0.2794867156549811
vn 0.6007838239943358 0.18165994085170115 -0.7784975675726286
vn 0.6007838239943358 0.18165994085170115 -0.7784975675726286
vn 0.5937339192192204 0.0461912925785948 -0.8033345490258108
vn 0.9544517589870268 0.017127191974342343 -0.2978732936361434
vn 0.5937339192192204 0.0461912925785948 -0.8033345490258108
vn 0.6007838239943358 0.18165994085170115 -0.7784975675726286
vn -1.3991180876530357e-7 0.22724290621229626 -0.9738381085047813
vn -1.3991180876530357e-7 0.22724290621229626 -0.9738381085047813
vn -1.321356835366014e-7 0.0574047561703863 -0.9983509873631622
vn 0.5937339192192204 0.0461912925785948 -0.8033345490258108
vn -1.321356835366014e-7 0.0574047561703863 -0.9983509873631622
vn -1.3991180876530357e-7 0.22724290621229626 -0.9738381085047813
vn -0.6007840253830566 0.18166017119508815 -0.7784973584065022
vn -0.6007840253830566 0.18166017119508815 -0.7784973584065022
vn -0.5937340417939524 0.0461906744422105 -0.8033344939747021
vn -1.321356835366014e-7 0.0574047561703863 -0.9983509873631622
vn -0.5937340417939524 0.0461906744422105 -0.8033344939747021
vn -0.6007840253830566 0.18166017119508815 -0.7784973584065022
vn -0.957932114360929 0.06521598724656567 -0.2794869214891027
vn -0.957932114360929 0.06521598724656567 -0.2794869214891027
vn -0.9544517328594735 0.01712671653099118 -0.2978734046913473
vn -0.5937340417939524 0.0461906744422105 -0.8033344939747021
vn -0.9544517328594735 0.01712671653099118 -0.2978734046913473
vn -0.957932114360929 0.06521598724656567 -0.2794869214891027
vn -0.944841659760595 -0.07442780305832614 0.3189588376464198
vn -0.944841659760595 -0.07442780305832614 0.3189588376464198
vn -0.9478280198012353 -0.01829920472118926 0.3182564751678134
vn -0.9544517328594735 0.01712671653099118 -0.2978734046913473
vn -0.9478280198012353 -0.01829920472118926 0.3182564751678134
vn -0.944841659760595 -0.07442780305832614 0.3189588376464198
vn -0.5793335967832456 -0.18521862010469012 0.7937673754978233
vn -0.5793335967832456 -0.18521862010469012 0.7937673754978233
vn -0.5829828495498698 -0.0466383761258597 0.811144783009209
vn -0.9478280198012353 -0.01829920472118926 0.3182564751678134
vn -0.5829828495498698 -0.0466383761258597 0.811144783009209
vn -0.5793335967832456 -0.18521862010469012 0.7937673754978233
vn 1.0272202661996961e-8 -0.22723612015442982 0.9738396919910184
vn 1.0272202661996961e-8 -0.22723612015442982 0.9738396919910184
vn 6.06319826564127e-8 -0.05740195002254444 0.998351148711517
vn -0.5829828495498698 -0.0466383761258597 0.811144783009209
vn 1.0272202661996961e-8 -0.22723612015442982 0.9738396919910184
vn -2.565692196215343e-8 -0.43953974072512475 0.8982231439476994
vn 0.5794925716418732 -0.35821545508812486 0.7320314522941593
vn 0.5794925716418732 -0.35821545508812486 0.7320314522941593
vn 0.579333796212044 -0.1852186415966163 0.793767224929101
vn 1.0272202661996961e-8 -0.22723612015442982 0.9738396919910184
vn 0.579333796212044 -0.1852186415966163 0.793767224929101
vn 0.5794925716418732 -0.35821545508812486 0.7320314522941593
vn 0.9449878361711979 -0.14377653433611015 0.29381337216466935
vn 0.9449878361711979 -0.14377653433611015 0.29381337216466935
vn 0.9448416777977324 -0.07442793113902713 0.3189587543284089
vn 0.579333796212044 -0.1852186415966163 0.793767224929101
vn 0.9448416777977324 -0.07442793113902713 0.3189587543284089
vn 0.9449878361711979 -0.14377653433611015 0.29381337216466935
vn 0.9577526372733433 0.1264095409094018 -0.25832249952923225
vn 0.9577526372733433 0.1264095409094018 -0.25832249952923225
vn 0.9579321835012367 0.06521585378529209 -0.2794867156549811
vn 0.9448416777977324 -0.07442793113902713 0.3189587543284089
vn 0.9579321835012367 0.06521585378529209 -0.2794867156549811
vn 0.9577526372733433 0.1264095409094018 -0.25832249952923225
vn 0.6003953738158018 0.35150509785322565 -0.7183102124317723
vn 0.6003953738158018 0.35150509785322565 -0.7183102124317723
vn 0.6007838239943358 0.18165994085170115 -0.7784975675726286
vn 0.9579321835012367 0.06521585378529209 -0.2794867156549811
vn 0.6007838239943358 0.18165994085170115 -0.7784975675726286
vn 0.6003953738158018 0.35150509785322565 -0.7183102124317723
vn -1.5344813067502087e-7 0.43954481666226336 -0.8982206600525918
vn -1.5344813067502087e-7 0.43954481666226336 -0.8982206600525918
vn -1.3991180876530357e-7 0.22724290621229626 -0.9738381085047813
vn 0.6007838239943358 0.18165994085170115 -0.7784975675726286
vn -1.3991180876530357e-7 0.22724290621229626 -0.9738381085047813
vn -1.5344813067502087e-7 0.43954481666226336 -0.8982206600525918
vn -0.6003955197856554 0.3515049049040913 -0.7183101848433436
vn -0.6003955197856554 0.3515049049040913 -0.7183101848433436
vn -0.6007840253830566 0.18166017119508815 -0.7784973584065022
vn -1.3991180876530357e-7 0.22724290621229626 -0.9738381085047813
vn -0.6007840253830566 0.18166017119508815 -0.7784973584065022
vn -0.6003955197856554 0.3515049049040913 -0.7183101848433436
vn -0.9577526589221635 0.12640936495279703 -0.25832250536830237
vn -0.9577526589221635 0.12640936495279703 -0.25832250536830237
vn -0.957932114360929 0.06521598724656567 -0.2794869214891027
vn -0.6007840253830566 0.18166017119508815 -0.7784973584065022
vn -0.957932114360929 0.06521598724656567 -0.2794869214891027
vn -0.9577526589221635 0.12640936495279703 -0.25832250536830237
vn -0.9449878346755258 -0.14377672782364082 0.29381328229266274
vn -0.9449878346755258 -0.14377672782364082 0.29381328229266274
vn -0.944841659760595 -0.07442780305832614 0.3189588376464198
vn -0.957932114360929 0.06521598724656567 -0.2794869214891027
vn -0.944841659760595 -0.07442780305832614 0.3189588376464198
vn -0.9449878346755258 -0.14377672782364082 0.29381328229266274
vn -0.579492292196576 -0.3582156155837676 0.7320315949716245
vn -0.579492292196576 -0.3582156155837676 0.7320315949716245
vn -0.5793335967832456 -0.18521862010469012 0.7937673754978233
vn -0.944841659760595 -0.07442780305832614 0.3189588376464198
vn -0.5793335967832456 -0.18521862010469012 0.7937673754978233
vn -0.579492292196576 -0.3582156155837676 0.7320315949716245
vn -2.565692196215343e-8 -0.43953974072512475 0.8982231439476994
vn -2.565692196215343e-8 -0.43953974072512475 0.8982231439476994
vn 1.0272202661996961e-8 -0.22723612015442982 0.9738396919910184
vn -0.5793335967832456 -0.18521862010469012 0.7937673754978233
vn -2.565692196215343e-8 -0.43953974072512475 0.8982231439476994
vn 1.0256133752684666e-8 -0.6256597999012902 0.78009602920889
vn 0.579607898728393 -0.5098476641787606 0.635696502320973
vn 0.579607898728393 -0.5098476641787606 0.635696502320973
vn 0.5794925716418732 -0.35821545508812486 0.7320314522941593
vn -2.565692196215343e-8 -0.43953974072512475 0.8982231439476994
vn 0.5794925716418732 -0.35821545508812486 0.7320314522941593
vn 0.579607898728393 -0.5098476641787606 0.635696502320973
vn 0.9450921427502903 -0.20446879810290017 0.25493793816146826
vn 0.9450921427502903 -0.20446879810290017 0.25493793816146826
vn 0.9449878361711979 -0.14377653433611015 0.29381337216466935
vn 0.5794925716418732 -0.35821545508812486 0.7320314522941593
vn 0.9449878361711979 -0.14377653433611015 0.29381337216466935
vn 0.9450921427502903 -0.20446879810290017 0.25493793816146826
vn 0.9576255738329673 0.18020043870566005 -0.2246799106092217
vn 0.9576255738329673 0.18020043870566005 -0.2246799106092217
vn 0.9577526372733433 0.1264095409094018 -0.25832249952923225
vn 0.9449878361711979 -0.14377653433611015 0.29381337216466935
vn 0.9577526372733433 0.1264095409094018 -0.25832249952923225
vn 0.9576255738329673 0.18020043870566005 -0.2246799106092217
vn 0.6001225129449138 0.5004728126177334 -0.6240031516644581
vn 0.6001225129449138 0.5004728126177334 -0.6240031516644581
vn 0.6003953738158018 0.35150509785322565 -0.7183102124317723
vn 0.9577526372733433 0.1264095409094018 -0.25832249952923225
vn 0.6003953738158018 0.35150509785322565 -0.7183102124317723
vn 0.6001225129449138 0.5004728126177334 -0.6240031516644581
vn 2.3328147599645698e-8 0.6256631765403029 -0.7800933210337704
vn 2.3328147599645698e-8 0.6256631765403029 -0.7800933210337704
vn -1.5344813067502087e-7 0.43954481666226336 -0.8982206600525918
vn 0.6003953738158018 0.35150509785322565 -0.7183102124317723
vn -1.5344813067502087e-7 0.43954481666226336 -0.8982206600525918
vn 2.3328147599645698e-8 0.6256631765403029 -0.7800933210337704
vn -0.6001227368783504 0.5004728601424706 -0.6240028981843379
vn -0.6001227368783504 0.5004728601424706 -0.6240028981843379
vn -0.6003955197856554 0.3515049049040913 -0.7183101848433436
vn -1.5344813067502087e-7 0.43954481666226336 -0.8982206600525918
vn -0.6003955197856554 0.3515049049040913 -0.7183101848433436
vn -0.6001227368783504 0.5004728601424706 -0.6240028981843379
vn -0.9576255456125697 0.180200448296475 -0.2246800231973852
vn -0.9576255456125697 0.180200448296475 -0.2246800231973852
vn -0.9577526589221635 0.12640936495279703 -0.25832250536830237
vn -0.6003955197856554 0.3515049049040913 -0.7183101848433436
vn -0.9577526589221635 0.12640936495279703 -0.25832250536830237
vn -0.9576255456125697 0.180200448296475 -0.2246800231973852
vn -0.9450921268946276 -0.20446891388184557 0.25493790408208733
vn -0.9450921268946276 -0.20446891388184557 0.25493790408208733
vn -0.9449878346755258 -0.14377672782364082 0.29381328229266274
vn -0.9577526589221635 0.12640936495279703 -0.25832250536830237
vn -0.9449878346755258 -0.14377672782364082 0.29381328229266274
vn -0.9450921268946276 -0.20446891388184557 0.25493790408208733
vn -0.5796076436405598 -0.5098478283297034 0.635696603247904
vn -0.5796076436405598 -0.5098478283297034 0.635696603247904
vn -0.579492292196576 -0.3582156155837676 0.7320315949716245
vn -0.9449878346755258 -0.14377672782364082 0.29381328229266274
vn -0.579492292196576 -0.3582156155837676 0.7320315949716245
vn -0.5796076436405598 -0.5098478283297034 0.635696603247904
vn 1.0256133752684666e-8 -0.6256597999012902 0.78009602920889
vn 1.0256133752684666e-8 -0.6256597999012902 0.78009602920889
vn -2.565692196215343e-8 -0.43953974072512475 0.8982231439476994
vn -0.579492292196576 -0.3582156155837676 0.7320315949716245
vn 1.0256133752684666e-8 -0.6256597999012902 0.78009602920889
vn 0 -0.780094039670039 0.6256622805246292
vn 0.5796080909350357 -0.6356950714659153 0.509849229710694
vn 0.5796080909350357 -0.6356950714659153 0.509849229710694
vn 0.579607898728393 -0.5098476641787606 0.635696502320973
vn 1.0256133752684666e-8 -0.6256597999012902 0.78009602920889
vn 0.579607898728393 -0.5098476641787606 0.635696502320973
vn 0.5796080909350357 -0.6356950714659153 0.509849229710694
vn 0.9450921124969782 -0.2549379180735737 0.20446896298536557
vn 0.9450921124969782 -0.2549379180735737 0.20446896298536557
vn 0.9450921427502903 -0.20446879810290017 0.25493793816146826
vn 0.579607898728393 -0.5098476641787606 0.635696502320973
vn 0.9450921427502903 -0.20446879810290017 0.25493793816146826
vn 0.9450921124969782 -0.2549379180735737 0.20446896298536557
vn 0.9576262755757772 0.22467794133793803 -0.18019916482329146
vn 0.9576262755757772 0.22467794133793803 -0.18019916482329146
vn 0.9576255738329673 0.18020043870566005 -0.2246799106092217
vn 0.9450921427502903 -0.20446879810290017 0.25493793816146826
vn 0.9576255738329673 0.18020043870566005 -0.2246799106092217
vn 0.9576262755757772 0.22467794133793803 -0.18019916482329146
vn 0.6001234683921125 0.6240038529116125 -0.5004707925908203
vn 0.6001234683921125 0.6240038529116125 -0.5004707925908203
vn 0.6001225129449138 0.5004728126177334 -0.6240031516644581
vn 0.9576255738329673 0.18020043870566005 -0.2246799106092217
vn 0.6001225129449138 0.5004728126177334 -0.6240031516644581
vn 0.6001234683921125 0.6240038529116125 -0.5004707925908203
vn -1.4242427879464968e-7 0.7800950996670496 -0.6256609588870282
vn -1.4242427879464968e-7 0.7800950996670496 -0.6256609588870282
vn 2.3328147599645698e-8 0.6256631765403029 -0.7800933210337704
vn 0.6001225129449138 0.5004728126177334 -0.6240031516644581
vn 2.3328147599645698e-8 0.6256631765403029 -0.7800933210337704
vn -1.4242427879464968e-7 0.7800950996670496 -0.6256609588870282
vn -0.6001227738172237 0.6240041724386864 -0.50047122707008
vn -0.6001227738172237 0.6240041724386864 -0.50047122707008
vn -0.6001227368783504 0.5004728601424706 -0.6240028981843379
vn 2.3328147599645698e-8 0.6256631765403029 -0.7800933210337704
vn -0.6001227368783504 0.5004728601424706 -0.6240028981843379
vn -0.6001227738172237 0.6240041724386864 -0.50047122707008
vn -0.9576260254634862 0.2246787581582251 -0.18019947554719568
vn -0.9576260254634862 0.2246787581582251 -0.18019947554719568
vn -0.9576255456125697 0.180200448296475 -0.2246800231973852
vn -0.6001227368783504 0.5004728601424706 -0.6240028981843379
vn -0.9576255456125697 0.180200448296475 -0.2246800231973852
vn -0.9576260254634862 0.2246787581582251 -0.18019947554719568
vn -0.9450916225462563 -0.254939092905141 0.20446976280513565
vn -0.9450916225462563 -0.254939092905141 0.20446976280513565
vn -0.9450921268946276 -0.20446891388184557 0.25493790408208733
vn -0.9576255456125697 0.180200448296475 -0.2246800231973852
vn -0.9450921268946276 -0.20446891388184557 0.25493790408208733
vn -0.9450916225462563 -0.254939092905141 0.20446976280513565
vn -0.5796073567748163 -0.6356957063831703 0.5098492726860685
vn -0.5796073567748163 -0.6356957063831703 0.5098492726860685
vn -0.5796076436405598 -0.5098478283297034 0.635696603247904
vn -0.9450921268946276 -0.20446891388184557 0.25493790408208733
vn -0.5796076436405598 -0.5098478283297034 0.635696603247904
vn -0.5796073567748163 -0.6356957063831703 0.5098492726860685
vn 0 -0.780094039670039 0.6256622805246292
vn 0 -0.780094039670039 0.6256622805246292
vn 1.0256133752684666e-8 -0.6256597999012902 0.78009602920889
vn -0.5796076436405598 -0.5098478283297034 0.635696603247904
vn 0 -0.780094039670039 0.6256622805246292
vn 9.236484156431832e-8 -0.8982226316231431 0.43954078768640675
vn 0.5794934605466578 -0.7320310002487423 0.3582149408643993
vn 0.5794934605466578 -0.7320310002487423 0.3582149408643993
vn 0.5796080909350357 -0.6356950714659153 0.509849229710694
vn 0 -0.780094039670039 0.6256622805246292
vn 0.5796080909350357 -0.6356950714659153 0.509849229710694
vn 0.5794934605466578 -0.7320310002487423 0.3582149408643993
vn 0.9449880828037578 -0.29381297005533014 0.1437757350394841
vn 0.9449880828037578 -0.29381297005533014 0.1437757350394841
vn 0.9450921124969782 -0.2549379180735737 0.20446896298536557
vn 0.5796080909350357 -0.6356950714659153 0.509849229710694
vn 0.9450921124969782 -0.2549379180735737 0.20446896298536557
vn 0.9449880828037578 -0.29381297005533014 0.1437757350394841
vn 0.9577523870933793 0.2583237889078583 -0.12640880151801945
vn 0.9577523870933793 0.2583237889078583 -0.12640880151801945
vn 0.9576262755757772 0.22467794133793803 -0.18019916482329146
vn 0.9450921124969782 -0.2549379180735737 0.20446896298536557
vn 0.9576262755757772 0.22467794133793803 -0.18019916482329146
vn 0.9577523870933793 0.2583237889078583 -0.12640880151801945
vn 0.600395744977498 0.718311868678376 -0.35150107927102375
vn 0.600395744977498 0.718311868678376 -0.35150107927102375
vn 0.6001234683921125 0.6240038529116125 -0.5004707925908203
vn 0.9576262755757772 0.22467794133793803 -0.18019916482329146
vn 0.6001234683921125 0.6240038529116125 -0.5004707925908203
vn 0.600395744977498 0.718311868678376 -0.35150107927102375
vn -2.5656550489532857e-7 0.8982235573836195 -0.43953889584546446
vn -2.5656550489532857e-7 0.8982235573836195 -0.43953889584546446
vn -1.4242427879464968e-7 0.7800950996670496 -0.6256609588870282
vn 0.6001234683921125 0.6240038529116125 -0.5004707925908203
vn -1.4242427879464968e-7 0.7800950996670496 -0.6256609588870282
vn -2.5656550489532857e-7 0.8982235573836195 -0.43953889584546446
vn -0.6003956879904104 0.7183118718100194 -0.3515011702104389
vn -0.6003956879904104 0.7183118718100194 -0.3515011702104389
vn -0.6001227738172237 0.6240041724386864 -0.50047122707008
vn -1.4242427879464968e-7 0.7800950996670496 -0.6256609588870282
vn -0.6001227738172237 0.6240041724386864 -0.50047122707008
vn -0.6003956879904104 0.7183118718100194 -0.3515011702104389
vn -0.9577525149274925 0.25832331439698264 -0.1264088026563865
vn -0.9577525149274925 0.25832331439698264 -0.1264088026563865
vn -0.9576260254634862 0.2246787581582251 -0.18019947554719568
vn -0.6001227738172237 0.6240041724386864 -0.50047122707008
vn -0.9576260254634862 0.2246787581582251 -0.18019947554719568
vn -0.9577525149274925 0.25832331439698264 -0.1264088026563865
vn -0.9449879775323797 -0.29381321280746026 0.14377593087516605
vn -0.9449879775323797 -0.29381321280746026 0.14377593087516605
vn -0.9450916225462563 -0.254939092905141 0.20446976280513565
vn -0.9576260254634862 0.2246787581582251 -0.18019947554719568
vn -0.9450916225462563 -0.254939092905141 0.20446976280513565
vn -0.9449879775323797 -0.29381321280746026 0.14377593087516605
vn -0.5794935012130202 -0.7320308571161466 0.3582151675762424
vn -0.5794935012130202 -0.7320308571161466 0.3582151675762424
vn -0.5796073567748163 -0.6356957063831703 0.5098492726860685
vn -0.9450916225462563 -0.254939092905141 0.20446976280513565
vn -0.5796073567748163 -0.6356957063831703 0.5098492726860685
vn -0.5794935012130202 -0.7320308571161466 0.3582151675762424
vn 9.236484156431832e-8 -0.8982226316231431 0.43954078768640675
vn 9.236484156431832e-8 -0.8982226316231431 0.43954078768640675
vn 0 -0.780094039670039 0.6256622805246292
vn -0.5796073567748163 -0.6356957063831703 0.5098492726860685
vn 9.236484156431832e-8 -0.8982226316231431 0.43954078768640675
vn -2.054443533203935e-8 -0.9738383319427656 0.22724194867790526
vn 0.5793353957604139 -0.7937652607723772 0.1852220559492969
vn 0.5793353957604139 -0.7937652607723772 0.1852220559492969
vn 0.5794934605466578 -0.7320310002487423 0.3582149408643993
vn 9.236484156431832e-8 -0.8982226316231431 0.43954078768640675
vn 0.5794934605466578 -0.7320310002487423 0.3582149408643993
vn 0.5793353957604139 -0.7937652607723772 0.1852220559492969
vn 0.9448419706807493 -0.3189581332510705 0.07442687466977525
vn 0.9448419706807493 -0.3189581332510705 0.07442687466977525
vn 0.9449880828037578 -0.29381297005533014 0.1437757350394841
vn 0.5794934605466578 -0.7320310002487423 0.3582149408643993
vn 0.9449880828037578 -0.29381297005533014 0.1437757350394841
vn 0.9448419706807493 -0.3189581332510705 0.07442687466977525
vn 0.9579319986841162 0.2794870176281269 -0.06521727435571996
vn 0.9579319986841162 0.2794870176281269 -0.06521727435571996
vn 0.9577523870933793 0.2583237889078583 -0.12640880151801945
vn 0.9449880828037578 -0.29381297005533014 0.1437757350394841
vn 0.9577523870933793 0.2583237889078583 -0.12640880151801945
vn 0.9579319986841162 0.2794870176281269 -0.06521727435571996
vn 0.600783607061254 0.7784983265504813 -0.1816574056970129
vn 0.600783607061254 0.7784983265504813 -0.1816574056970129
vn 0.600395744977498 0.718311868678376 -0.35150107927102375
vn 0.9577523870933793 0.2583237889078583 -0.12640880151801945
vn 0.600395744977498 0.718311868678376 -0.35150107927102375
vn 0.600783607061254 0.7784983265504813 -0.1816574056970129
vn -1.4236640638713584e-7 0.9738391961242812 -0.22723824522292368
vn -1.4236640638713584e-7 0.9738391961242812 -0.22723824522292368
vn -2.5656550489532857e-7 0.8982235573836195 -0.43953889584546446
vn 0.600395744977498 0.718311868678376 -0.35150107927102375
vn -2.5656550489532857e-7 0.8982235573836195 -0.43953889584546446
vn -1.4236640638713584e-7 0.9738391961242812 -0.22723824522292368
vn -0.600783165258942 0.7784985927360494 -0.18165772609343583
vn -0.600783165258942 0.7784985927360494 -0.18165772609343583
vn -0.6003956879904104 0.7183118718100194 -0.3515011702104389
vn -2.5656550489532857e-7 0.8982235573836195 -0.43953889584546446
vn -0.6003956879904104 0.7183118718100194 -0.3515011702104389
vn -0.600783165258942 0.7784985927360494 -0.18165772609343583
vn -0.9579318229139723 0.27948764436495577 -0.06521717025478892
vn -0.9579318229139723 0.27948764436495577 -0.06521717025478892
vn -0.9577525149274925 0.25832331439698264 -0.1264088026563865
vn -0.6003956879904104 0.7183118718100194 -0.3515011702104389
vn -0.9577525149274925 0.25832331439698264 -0.1264088026563865
vn -0.9579318229139723 0.27948764436495577 -0.06521717025478892
vn -0.9448419014170767 -0.31895833860664424 0.0744268739089073
vn -0.9448419014170767 -0.31895833860664424 0.0744268739089073
vn -0.9449879775323797 -0.29381321280746026 0.14377593087516605
vn -0.9577525149274925 0.25832331439698264 -0.1264088026563865
vn -0.9449879775323797 -0.29381321280746026 0.14377593087516605
vn -0.9448419014170767 -0.31895833860664424 0.0744268739089073
vn -0.5793352251135653 -0.7937654507762837 0.18522177543835908
vn -0.5793352251135653 -0.7937654507762837 0.18522177543835908
vn -0.5794935012130202 -0.7320308571161466 0.3582151675762424
vn -0.9449879775323797 -0.29381321280746026 0.14377593087516605
vn -0.5794935012130202 -0.7320308571161466 0.3582151675762424
vn -0.5793352251135653 -0.7937654507762837 0.18522177543835908
vn -2.054443533203935e-8 -0.9738383319427656 0.22724194867790526
vn -2.054443533203935e-8 -0.9738383319427656 0.22724194867790526
vn 9.236484156431832e-8 -0.8982226316231431 0.43954078768640675
vn -0.5794935012130202 -0.7320308571161466 0.3582151675762424
vn -2.054443533203935e-8 -0.9738383319427656 0.22724194867790526
vn 2.5263312998009095e-7 -0.9983510453112242 0.05740374836125189
vn 0.5829827327711687 -0.8111447904683748 0.04663970611696395
vn 0.5829827327711687 -0.8111447904683748 0.04663970611696395
vn 0.5793353957604139 -0.7937652607723772 0.1852220559492969
vn -2.054443533203935e-8 -0.9738383319427656 0.22724194867790526
vn 0.5793353957604139 -0.7937652607723772 0.1852220559492969
vn 0.5829827327711687 -0.8111447904683748 0.04663970611696395
vn 0.9478276903592947 -0.31825744969461334 0.018299319715374494
vn 0.9478276903592947 -0.31825744969461334 0.018299319715374494
vn 0.9448419706807493 -0.3189581332510705 0.07442687466977525
vn 0.5793353957604139 -0.7937652607723772 0.1852220559492969
vn 0.9448419706807493 -0.3189581332510705 0.07442687466977525
vn 0.9478276903592947 -0.31825744969461334 0.018299319715374494
vn 0.9544519106250088 0.297872809814996 -0.017127156132568815
vn 0.9544519106250088 0.297872809814996 -0.017127156132568815
vn 0.9579319986841162 0.2794870176281269 -0.06521727435571996
vn 0.9448419706807493 -0.3189581332510705 0.07442687466977525
vn 0.9579319986841162 0.2794870176281269 -0.06521727435571996
vn 0.9544519106250088 0.297872809814996 -0.017127156132568815
vn 0.5937341415580323 0.803334471703008 -0.046189779410554625
vn 0.5937341415580323 0.803334471703008 -0.046189779410554625
vn 0.600783607061254 0.7784983265504813 -0.1816574056970129
vn 0.9579319986841162 0.2794870176281269 -0.06521727435571996
vn 0.600783607061254 0.7784983265504813 -0.1816574056970129
vn 0.5937341415580323 0.803334471703008 -0.046189779410554625
vn -2.5882997214856423e-7 0.9983511048581499 -0.0574027127272247
vn -2.5882997214856423e-7 0.9983511048581499 -0.0574027127272247
vn -1.4236640638713584e-7 0.9738391961242812 -0.22723824522292368
vn 0.600783607061254 0.7784983265504813 -0.1816574056970129
vn -1.4236640638713584e-7 0.9738391961242812 -0.22723824522292368
vn -2.5882997214856423e-7 0.9983511048581499 -0.0574027127272247
vn -0.5937341433969849 0.8033344741911457 -0.04618971249839149
vn -0.5937341433969849 0.8033344741911457 -0.04618971249839149
vn -0.600783165258942 0.7784985927360494 -0.18165772609343583
vn -1.4236640638713584e-7 0.9738391961242812 -0.22723824522292368
vn -0.600783165258942 0.7784985927360494 -0.18165772609343583
vn -0.5937341433969849 0.8033344741911457 -0.04618971249839149
vn -0.954451894988387 0.29787286453963674 -0.017127075758235515
vn -0.954451894988387 0.29787286453963674 -0.017127075758235515
vn -0.9579318229139723 0.27948764436495577 -0.06521717025478892
vn -0.600783165258942 0.7784985927360494 -0.18165772609343583
vn -0.9579318229139723 0.27948764436495577 -0.06521717025478892
vn -0.954451894988387 0.29787286453963674 -0.017127075758235515
vn -0.9478274097431315 -0.3182582900045144 0.01829923995766671
vn -0.9478274097431315 -0.3182582900045144 0.01829923995766671
vn -0.9448419014170767 -0.31895833860664424 0.0744268739089073
vn -0.9579318229139723 0.27948764436495577 -0.06521717025478892
vn -0.9448419014170767 -0.31895833860664424 0.0744268739089073
vn -0.9478274097431315 -0.3182582900045144 0.01829923995766671
vn -0.5829812800833307 -0.8111458324964077 0.046639741595667424
vn -0.5829812800833307 -0.8111458324964077 0.046639741595667424
vn -0.5793352251135653 -0.7937654507762837 0.18522177543835908
vn -0.9448419014170767 -0.31895833860664424 0.0744268739089073
vn -0.5793352251135653 -0.7937654507762837 0.18522177543835908
vn -0.5829812800833307 -0.8111458324964077 0.046639741595667424
vn 2.5263312998009095e-7 -0.9983510453112242 0.05740374836125189
vn 2.5263312998009095e-7 -0.9983510453112242 0.05740374836125189
vn -2.054443533203935e-8 -0.9738383319427656 0.22724194867790526
vn -0.5793352251135653 -0.7937654507762837 0.18522177543835908
vn 2.5263312998009095e-7 -0.9983510453112242 0.05740374836125189
vn -3.789497539204958e-7 -0.9983510458436077 -0.057403739101482804
vn 0.5829813502498904 -0.8111457835099768 -0.04663971649571214
vn 0.5829813502498904 -0.8111457835099768 -0.04663971649571214
vn 0.5829827327711687 -0.8111447904683748 0.04663970611696395
vn 2.5263312998009095e-7 -0.9983510453112242 0.05740374836125189
vn 0.5829827327711687 -0.8111447904683748 0.04663970611696395
vn 0.5829813502498904 -0.8111457835099768 -0.04663971649571214
vn 0.9478275307711606 -0.3182579313875617 -0.018299208211141497
vn 0.9478275307711606 -0.3182579313875617 -0.018299208211141497
vn 0.9478276903592947 -0.31825744969461334 0.018299319715374494
vn 0.5829827327711687 -0.8111447904683748 0.04663970611696395
vn 0.9478276903592947 -0.31825744969461334 0.018299319715374494
vn 0.9478275307711606 -0.3182579313875617 -0.018299208211141497
vn 0.9544518393925935 0.2978730431073847 0.017127068343439918
vn 0.9544518393925935 0.2978730431073847 0.017127068343439918
vn 0.9544519106250088 0.297872809814996 -0.017127156132568815
vn 0.9478276903592947 -0.31825744969461334 0.018299319715374494
vn 0.9544519106250088 0.297872809814996 -0.017127156132568815
vn 0.9544518393925935 0.2978730431073847 0.017127068343439918
vn 0.5937339732115878 0.8033346010369954 0.04618969399241708
vn 0.5937339732115878 0.8033346010369954 0.04618969399241708
vn 0.5937341415580323 0.803334471703008 -0.046189779410554625
vn 0.9544519106250088 0.297872809814996 -0.017127156132568815
vn 0.5937341415580323 0.803334471703008 -0.046189779410554625
vn 0.5937339732115878 0.8033346010369954 0.04618969399241708
vn 1.6300843901190005e-7 0.9983511070984968 0.05740267376333064
vn 1.6300843901190005e-7 0.9983511070984968 0.05740267376333064
vn -2.5882997214856423e-7 0.9983511048581499 -0.0574027127272247
vn 0.5937341415580323 0.803334471703008 -0.046189779410554625
vn -2.5882997214856423e-7 0.9983511048581499 -0.0574027127272247
vn 1.6300843901190005e-7 0.9983511070984968 0.05740267376333064
vn -0.5937342497271825 0.8033343931227963 0.04618975564915155
vn -0.5937342497271825 0.8033343931227963 0.04618975564915155
vn -0.5937341433969849 0.8033344741911457 -0.04618971249839149
vn -2.5882997214856423e-7 0.9983511048581499 -0.0574027127272247
vn -0.5937341433969849 0.8033344741911457 -0.04618971249839149
vn -0.5937342497271825 0.8033343931227963 0.04618975564915155
vn -0.9544519845673017 0.2978725743737181 0.01712713027664333
vn -0.9544519845673017 0.2978725743737181 0.01712713027664333
vn -0.954451894988387 0.29787286453963674 -0.017127075758235515
vn -0.5937341433969849 0.8033344741911457 -0.04618971249839149
vn -0.954451894988387 0.29787286453963674 -0.017127075758235515
vn -0.9544519845673017 0.2978725743737181 0.01712713027664333
vn -0.9478275616014352 -0.318257832318842 -0.01829933431547397
vn -0.9478275616014352 -0.318257832318842 -0.01829933431547397
vn -0.9478274097431315 -0.3182582900045144 0.01829923995766671
vn -0.954451894988387 0.29787286453963674 -0.017127075758235515
vn -0.9478274097431315 -0.3182582900045144 0.01829923995766671
vn -0.9478275616014352 -0.318257832318842 -0.01829933431547397
vn -0.5829825995285436 -0.8111448860747271 -0.04663970885157652
vn -0.5829825995285436 -0.8111448860747271 -0.04663970885157652
vn -0.5829812800833307 -0.8111458324964077 0.046639741595667424
vn -0.9478274097431315 -0.3182582900045144 0.01829923995766671
vn -0.5829812800833307 -0.8111458324964077 0.046639741595667424
vn -0.5829825995285436 -0.8111448860747271 -0.04663970885157652
vn -3.789497539204958e-7 -0.9983510458436077 -0.057403739101482804
vn -3.789497539204958e-7 -0.9983510458436077 -0.057403739101482804
vn 2.5263312998009095e-7 -0.9983510453112242 0.05740374836125189
vn -0.5829812800833307 -0.8111458324964077 0.046639741595667424
f 1/1/1 2/2/2 3/3/3
f 4/4/4 5/5/5 6/6/6
f 7/7/7 8/8/8 9/9/9
f 10/10/10 11/11/11 12/12/12
f 13/13/13 14/14/14 15/15/15
f 16/16/16 17/17/17 18/18/18
f 19/19/19 20/20/20 21/21/21
f 22/22/22 23/23/23 24/24/24
f 25/25/25 26/26/26 27/27/27
f 28/28/28 29/29/29 30/30/30
f 31/31/31 32/32/32 33/33/33
f 34/34/34 35/35/35 36/36/36
f 37/37/37 38/38/38 39/39/39
f 40/40/40 41/41/41 42/42/42
f 43/43/43 44/44/44 45/45/45
f 46/46/46 47/47/47 48/48/48
f 49/49/49 50/50/50 51/51/51
f 52/52/52 53/53/53 54/54/54
f 55/55/55 56/56/56 57/57/57
f 58/58/58 59/59/59 60/60/60
f 61/61/61 62/62/62 63/63/63
f 64/64/64 65/65/65 66/66/66
f 67/67/67 68/68/68 69/69/69
f 70/70/70 71/71/71 72/72/72
f 73/73/73 74/74/74 75/75/75
f 76/76/76 77/77/77 78/78/78
f 79/79/79 80/80/80 81/81/81
f 82/82/82 83/83/83 84/84/84
f 85/85/85 86/86/86 87/87/87
f 88/88/88 89/89/89 90/90/90
f 91/91/91 92/92/92 93/93/93
f 94/94/94 95/95/95 96/96/96
f 97/97/97 98/98/98 99/99/99
f 100/100/100 101/101/101 102/102/102
f 103/103/103 104/104/104 105/105/105
f 106/106/106 107/107/107 108/108/108
f 109/109/109 110/110/110 111/111/111
f 112/112/112 113/113/113 114/114/114
f 115/115/115 116/116/116 117/117/117
f 118/118/118 119/119/119 120/120/120
f 121/121/121 122/122/122 123/123/123
f 124/124/124 125/125/125 126/126/126
f 127/127/127 128/128/128 129/129/129
f 130/130/130 131/131/131 132/132/132
f 133/133/133 134/134/134 135/135/135
f 136/136/136 137/137/137 138/138/138
f 139/139/139 140/140/140 141/141/141
f 142/142/142 143/143/143 144/144/144
f 145/145/145 146/146/146 147/147/147
f 148/148/148 149/149/149 150/150/150
f 151/151/151 152/152/152 153/153/153
f 154/154/154 155/155/155 156/156/156
f 157/157/157 158/158/158 159/159/159
f 160/160/160 161/161/161 162/162/162
f 163/163/163 164/164/164 165/165/165
f 166/166/166 167/167/167 168/168/168
f 169/169/169 170/170/170 171/171/171
f 172/172/172 173/173/173 174/174/174
f 175/175/175 176/176/176 177/177/177
f 178/178/178 179/179/179 180/180/180
f 181/181/181 182/182/182 183/183/183
f 184/184/184 185/185/185 186/186/186
f 187/187/187 188/188/188 189/189/189
f 190/190/190 191/191/191 192/192/192
f 193/193/193 194/194/194 195/195/195
f 196/196/196 197/197/197 198/198/198
f 199/199/199 200/200/200 201/201/201
f 202/202/202 203/203/203 204/204/204
f 205/205/205 206/206/206 207/207/207
f 208/208/208 209/209/209 210/210/210
f 211/211/211 212/212/212 213/213/213
f 214/214/214 215/215/215 216/216/216
f 217/217/217 218/218/218 219/219/219
f 220/220/220 221/221/221 222/222/222
f 223/223/223 224/224/224 225/225/225
f 226/226/226 227/227/227 228/228/228
f 229/229/229 230/230/230 231/231/231
f 232/232/232 233/233/233 234/234/234
f 235/235/235 236/236/236 237/237/237
f 238/238/238 239/239/239 240/240/240
f 241/241/241 242/242/242 243/243/243
f 244/244/244 245/245/245 246/246/246
f 247/247/247 248/248/248 249/249/249
f 250/250/250 251/251/251 252/252/252
f 253/253/253 254/254/254 255/255/255
f 256/256/256 257/257/257 258/258/258
f 259/259/259 260/260/260 261/261/261
f 262/262/262 263/263/263 264/264/264
f 265/265/265 266/266/266 267/267/267
f 268/268/268 269/269/269 270/270/270
f 271/271/271 272/272/272 273/273/273
f 274/274/274 275/275/275 276/276/276
f 277/277/277 278/278/278 279/279/279
f 280/280/280 281/281/281 282/282/282
f 283/283/283 284/284/284 285/285/285
f 286/286/286 287/287/287 288/288/288
f 289/289/289 290/290/290 291/291/291
f 292/292/292 293/293/293 294/294/294
f 295/295/295 296/296/296 297/297/297
f 298/298/298 299/299/299 300/300/300
f 301/301/301 302/302/302 303/303/303
f 304/304/304 305/305/305 306/306/306
f 307/307/307 308/308/308 309/309/309
f 310/310/310 311/311/311 312/312/312
f 313/313/313 314/314/314 315/315/315
f 316/316/316 317/317/317 318/318/318
f 319/319/319 320/320/320 321/321/321
f 322/322/322 323/323/323 324/324/324
f 325/325/325 326/326/326 327/327/327
f 328/328/328 329/329/329 330/330/330
f 331/331/331 332/332/332 333/333/333
f 334/334/334 335/335/335 336/336/336
f 337/337/337 338/338/338 339/339/339
f 340/340/340 341/341/341 342/342/342
f 343/343/343 344/344/344 345/345/345
f 346/346/346 347/347/347 348/348/348
f 349/349/349 350/350/350 351/351/351
f 352/352/352 353/353/353 354/354/354
f 355/355/355 356/356/356 357/357/357
f 358/358/358 359/359/359 360/360/360
f 361/361/361 362/362/362 363/363/363
f 364/364/364 365/365/365 366/366/366
f 367/367/367 368/368/368 369/369/369
f 370/370/370 371/371/371 372/372/372
f 373/373/373 374/374/374 375/375/375
f 376/376/376 377/377/377 378/378/378
f 379/379/379 380/380/380 381/381/381
f 382/382/382 383/383/383 384/384/384
f 385/385/385 386/386/386 387/387/387
f 388/388/388 389/389/389 390/390/390
f 391/391/391 392/392/392 393/393/393
f 394/394/394 395/395/395 396/396/396
f 397/397/397 398/398/398 399/399/399
f 400/400/400 401/401/401 402/402/402
f 403/403/403 404/404/404 405/405/405
f 406/406/406 407/407/407 408/408/408
f 409/409/409 410/410/410 411/411/411
f 412/412/412 413/413/413 414/414/414
f 415/415/415 416/416/416 417/417/417
f 418/418/418 419/419/419 420/420/420
f 421/421/421 422/422/422 423/423/423
f 424/424/424 425/425/425 426/426/426
f 427/427/427 428/428/428 429/429/429
f 430/430/430 431/431/431 432/432/432
f 433/433/433 434/434/434 435/435/435
f 436/436/436 437/437/437 438/438/438
f 439/439/439 440/440/440 441/441/441
f 442/442/442 443/443/443 444/444/444
f 445/445/445 446/446/446 447/447/447
f 448/448/448 449/449/449 450/450/450
f 451/451/451 452/452/452 453/453/453
f 454/454/454 455/455/455 456/456/456
f 457/457/457 458/458/458 459/459/459
f 460/460/460 461/461/461 462/462/462
f 463/463/463 464/464/464 465/465/465
f 466/466/466 467/467/467 468/468/468
f 469/469/469 470/470/470 471/471/471
f 472/472/472 473/473/473 474/474/474
f 475/475/475 476/476/476 477/477/477
f 478/478/478 479/479/479 480/480/480
f 481/481/481 482/482/482 483/483/483
f 484/484/484 485/485/485 486/486/486
f 487/487/487 488/488/488 489/489/489
f 490/490/490 491/491/491 492/492/492
f 493/493/493 494/494/494 495/495/495
f 496/496/496 497/497/497 498/498/498
f 499/499/499 500/500/500 501/501/501
f 502/502/502 503/503/503 504/504/504
f 505/505/505 506/506/506 507/507/507
f 508/508/508 509/509/509 510/510/510
f 511/511/511 512/512/512 513/513/513
f 514/514/514 515/515/515 516/516/516
f 517/517/517 518/518/518 519/519/519
f 520/520/520 521/521/521 522/522/522
f 523/523/523 524/524/524 525/525/525
f 526/526/526 527/527/527 528/528/528
f 529/529/529 530/530/530 531/531/531
f 532/532/532 533/533/533 534/534/534
f 535/535/535 536/536/536 537/537/537
f 538/538/538 539/539/539 540/540/540
f 541/541/541 542/542/542 543/543/543
f 544/544/544 545/545/545 546/546/546
f 547/547/547 548/548/548 549/549/549
f 550/550/550 551/551/551 552/552/552
f 553/553/553 554/554/554 555/555/555
f 556/556/556 557/557/557 558/558/558
f 559/559/559 560/560/560 561/561/561
f 562/562/562 563/563/563 564/564/564
f 565/565/565 566/566/566 567/567/567
f 568/568/568 569/569/569 570/570/570
f 571/571/571 572/572/572 573/573/573
f 574/574/574 575/575/575 576/576/576
f 577/577/577 578/578/578 579/579/579
f 580/580/580 581/581/581 582/582/582
f 583/583/583 584/584/584 585/585/585
f 586/586/586 587/587/587 588/588/588
f 589/589/589 590/590/590 591/591/591
f 592/592/592 593/593/593 594/594/594
f 595/595/595 596/596/596 597/597/597
f 598/598/598 599/599/599 600/600/600
f 601/601/601 602/602/602 603/603/603
f 604/604/604 605/605/605 606/606/606
f 607/607/607 608/608/608 609/609/609
f 610/610/610 611/611/611 612/612/612
f 613/613/613 614/614/614 615/615/615
f 616/616/616 617/617/617 618/618/618
f 619/619/619 620/620/620 621/621/621
f 622/622/622 623/623/623 624/624/624
f 625/625/625 626/626/626 627/627/627
f 628/628/628 629/629/629 630/630/630
f 631/631/631 632/632/632 633/633/633
f 634/634/634 635/635/635 636/636/636
f 637/637/637 638/638/638 639/639/639
f 640/640/640 641/641/641 642/642/642
f 643/643/643 644/644/644 645/645/645
f 646/646/646 647/647/647 648/648/648
f 649/649/649 650/650/650 651/651/651
f 652/652/652 653/653/653 654/654/654
f 655/655/655 656/656/656 657/657/657
f 658/658/658 659/659/659 660/660/660
f 661/661/661 662/662/662 663/663/663
f 664/664/664 665/665/665 666/666/666
f 667/667/667 668/668/668 669/669/669
f 670/670/670 671/671/671 672/672/672
f 673/673/673 674/674/674 675/675/675
f 676/676/676 677/677/677 678/678/678
f 679/679/679 680/680/680 681/681/681
f 682/682/682 683/683/683 684/684/684
f 685/685/685 686/686/686 687/687/687
f 688/688/688 689/689/689 690/690/690
f 691/691/691 692/692/692 693/693/693
f 694/694/694 695/695/695 696/696/696
f 697/697/697 698/698/698 699/699/699
f 700/700/700 701/701/701 702/702/702
f 703/703/703 704/704/704 705/705/705
f 706/706/706 707/707/707 708/708/708
f 709/709/709 710/710/710 711/711/711
f 712/712/712 713/713/713 714/714/714
f 715/715/715 716/716/716 717/717/717
f 718/718/718 719/719/719 720/720/720
f 721/721/721 722/722/722 723/723/723
f 724/724/724 725/725/725 726/726/726
f 727/727/727 728/728/728 729/729/729
f 730/730/730 731/731/731 732/732/732
f 733/733/733 734/734/734 735/735/735
f 736/736/736 737/737/737 738/738/738
f 739/739/739 740/740/740 741/741/741
f 742/742/742 743/743/743 744/744/744
f 745/745/745 746/746/746 747/747/747
f 748/748/748 749/749/749 750/750/750
f 751/751/751 752/752/752 753/753/753
f 754/754/754 755/755/755 756/756/756
f 757/757/757 758/758/758 759/759/759
f 760/760/760 761/761/761 762/762/762
f 763/763/763 764/764/764 765/765/765
f 766/766/766 767/767/767 768/768/768
f 769/769/769 770/770/770 771/771/771
f 772/772/772 773/773/773 774/774/774
f 775/775/775 776/776/776 777/777/777
f 778/778/778 779/779/779 780/780/780
f 781/781/781 782/782/782 783/783/783
f 784/784/784 785/785/785 786/786/786
f 787/787/787 788/788/788 789/789/789
f 790/790/790 791/791/791 792/792/792
f 793/793/793 794/794/794 795/795/795
f 796/796/796 797/797/797 798/798/798
f 799/799/799 800/800/800 801/801/801
f 802/802/802 803/803/803 804/804/804
f 805/805/805 806/806/806 807/807/807
f 808/808/808 809/809/809 810/810/810
f 811/811/811 812/812/812 813/813/813
f 814/814/814 815/815/815 816/816/816
f 817/817/817 818/818/818 819/819/819
f 820/820/820 821/821/821 822/822/822
f 823/823/823 824/824/824 825/825/825
f 826/826/826 827/827/827 828/828/828
f 829/829/829 830/830/830 831/831/831
f 832/832/832 833/833/833 834/834/834
f 835/835/835 836/836/836 837/837/837
f 838/838/838 839/839/839 840/840/840
f 841/841/841 842/842/842 843/843/843
f 844/844/844 845/845/845 846/846/846
f 847/847/847 848/848/848 849/849/849
f 850/850/850 851/851/851 852/852/852
f 853/853/853 854/854/854 855/855/855
f 856/856/856 857/857/857 858/858/858
f 859/859/859 860/860/860 861/861/861
f 862/862/862 863/863/863 864/864/864
f 865/865/865 866/866/866 867/867/867
f 868/868/868 869/869/869 870/870/870
f 871/871/871 872/872/872 873/873/873
f 874/874/874 875/875/875 876/876/876
f 877/877/877 878/878/878 879/879/879
f 880/880/880 881/881/881 882/882/882
f 883/883/883 884/884/884 885/885/885
f 886/886/886 887/887/887 888/888/888
f 889/889/889 890/890/890 891/891/891
f 892/892/892 893/893/893 894/894/894
f 895/895/895 896/896/896 897/897/897
f 898/898/898 899/899/899 900/900/900
f 901/901/901 902/902/902 903/903/903
f 904/904/904 905/905/905 906/906/906
f 907/907/907 908/908/908 909/909/909
f 910/910/910 911/911/911 912/912/912
f 913/913/913 914/914/914 915/915/915
f 916/916/916 917/917/917 918/918/918
f 919/919/919 920/920/920 921/921/921
f 922/922/922 923/923/923 924/924/924
f 925/925/925 926/926/926 927/927/927
f 928/928/928 929/929/929 930/930/930
f 931/931/931 932/932/932 933/933/933
f 934/934/934 935/935/935 936/936/936
f 937/937/937 938/938/938 939/939/939
f 940/940/940 941/941/941 942/942/942
f 943/943/943 944/944/944 945/945/945
f 946/946/946 947/947/947 948/948/948
f 949/949/949 950/950/950 951/951/951
f 952/952/952 953/953/953 954/954/954
f 955/955/955 956/956/956 957/957/957
f 958/958/958 959/959/959 960/960/960
f 961/961/961 962/962/962 963/963/963
f 964/964/964 965/965/965 966/966/966
f 967/967/967 968/968/968 969/969/969
f 970/970/970 971/971/971 972/972/972
f 973/973/973 974/974/974 975/975/975
f 976/976/976 977/977/977 978/978/978
f 979/979/979 980/980/980 981/981/981
f 982/982/982 983/983/983 984/984/984
f 985/985/985 986/986/986 987/987/987
f 988/988/988 989/989/989 990/990/990
f 991/991/991 992/992/992 993/993/993
f 994/994/994 995/995/995 996/996/996
f 997/997/997 998/998/998 999/999/999
f 1000/1000/1000 1001/1001/1001 1002/1002/1002
f 1003/1003/1003 1004/1004/1004 1005/1005/1005
f 1006/1006/1006 1007/1007/1007 1008/1008/1008
f 1009/1009/1009 1010/1010/1010 1011/1011/1011
f 1012/1012/1012 1013/1013/1013 1014/1014/1014
f 1015/1015/1015 1016/1016/1016 1017/1017/1017
f 1018/1018/1018 1019/1019/1019 1020/1020/1020
f 1021/1021/1021 1022/1022/1022 1023/1023/1023
f 1024/1024/1024 1025/1025/1025 1026/1026/1026
f 1027/1027/1027 1028/1028/1028 1029/1029/1029
f 1030/1030/1030 1031/1031/1031 1032/1032/1032
f 1033/1033/1033 1034/1034/1034 1035/1035/1035
f 1036/1036/1036 1037/1037/1037 1038/1038/1038
f 1039/1039/1039 1040/1040/1040 1041/1041/1041
f 1042/1042/1042 1043/1043/1043 1044/1044/1044
f 1045/1045/1045 1046/1046/1046 1047/1047/1047
f 1048/1048/1048 1049/1049/1049 1050/1050/1050
f 1051/1051/1051 1052/1052/1052 1053/1053/1053
f 1054/1054/1054 1055/1055/1055 1056/1056/1056
f 1057/1057/1057 1058/1058/1058 1059/1059/1059
f 1060/1060/1060 1061/1061/1061 1062/1062/1062
f 1063/1063/1063 1064/1064/1064 1065/1065/1065
f 1066/1066/1066 1067/1067/1067 1068/1068/1068
f 1069/1069/1069 1070/1070/1070 1071/1071/1071
f 1072/1072/1072 1073/1073/1073 1074/1074/1074
f 1075/1075/1075 1076/1076/1076 1077/1077/1077
f 1078/1078/1078 1079/1079/1079 1080/1080/1080
f 1081/1081/1081 1082/1082/1082 1083/1083/1083
f 1084/1084/1084 1085/1085/1085 1086/1086/1086
f 1087/1087/1087 1088/1088/1088 1089/1089/1089
f 1090/1090/1090 1091/1091/1091 1092/1092/1092
f 1093/1093/1093 1094/1094/1094 1095/1095/1095
f 1096/1096/1096 1097/1097/1097 1098/1098/1098
f 1099/1099/1099 1100/1100/1100 1101/1101/1101
f 1102/1102/1102 1103/1103/1103 1104/1104/1104
f 1105/1105/1105 1106/1106/1106 1107/1107/1107
f 1108/1108/1108 1109/1109/1109 1110/1110/1110
f 1111/1111/1111 1112/1112/1112 1113/1113/1113
f 1114/1114/1114 1115/1115/1115 1116/1116/1116
f 1117/1117/1117 1118/1118/1118 1119/1119/1119
f 1120/1120/1120 1121/1121/1121 1122/1122/1122
f 1123/1123/1123 1124/1124/1124 1125/1125/1125
f 1126/1126/1126 1127/1127/1127 1128/1128/1128
f 1129/1129/1129 1130/1130/1130 1131/1131/1131
f 1132/1132/1132 1133/1133/1133 1134/1134/1134
f 1135/1135/1135 1136/1136/1136 1137/1137/1137
f 1138/1138/1138 1139/1139/1139 1140/1140/1140
f 1141/1141/1141 1142/1142/1142 1143/1143/1143
f 1144/1144/1144 1145/1145/1145 1146/1146/1146
f 1147/1147/1147 1148/1148/1148 1149/1149/1149
f 1150/1150/1150 1151/1151/1151 1152/1152/1152
f 1153/1153/1153 1154/1154/1154 1155/1155/1155
f 1156/1156/1156 1157/1157/1157 1158/1158/1158
f 1159/1159/1159 1160/1160/1160 1161/1161/1161
f 1162/1162/1162 1163/1163/1163 1164/1164/1164
f 1165/1165/1165 1166/1166/1166 1167/1167/1167
f 1168/1168/1168 1169/1169/1169 1170/1170/1170
f 1171/1171/1171 1172/1172/1172 1173/1173/1173
f 1174/1174/1174 1175/1175/1175 1176/1176/1176
f 1177/1177/1177 1178/1178/1178 1179/1179/1179
f 1180/1180/1180 1181/1181/1181 1182/1182/1182
f 1183/1183/1183 1184/1184/1184 1185/1185/1185
f 1186/1186/1186 1187/1187/1187 1188/1188/1188
f 1189/1189/1189 1190/1190/1190 1191/1191/1191
f 1192/1192/1192 1193/1193/1193 1194/1194/1194
f 1195/1195/1195 1196/1196/1196 1197/1197/1197
f 1198/1198/1198 1199/1199/1199 1200/1200/1200
f 1201/1201/1201 1202/1202/1202 1203/1203/1203
f 1204/1204/1204 1205/1205/1205 1206/1206/1206
f 1207/1207/1207 1208/1208/1208 1209/1209/1209
f 1210/1210/1210 1211/1211/1211 1212/1212/1212
f 1213/1213/1213 1214/1214/1214 1215/1215/1215
f 1216/1216/1216 1217/1217/1217 1218/1218/1218
f 1219/1219/1219 1220/1220/1220 1221/1221/1221
f 1222/1222/1222 1223/1223/1223 1224/1224/1224
f 1225/1225/1225 1226/1226/1226 1227/1227/1227
f 1228/1228/1228 1229/1229/1229 1230/1230/1230
f 1231/1231/1231 1232/1232/1232 1233/1233/1233
f 1234/1234/1234 1235/1235/1235 1236/1236/1236
f 1237/1237/1237 1238/1238/1238 1239/1239/1239
f 1240/1240/1240 1241/1241/1241 1242/1242/1242
f 1243/1243/1243 1244/1244/1244 1245/1245/1245
f 1246/1246/1246 1247/1247/1247 1248/1248/1248
f 1249/1249/1249 1250/1250/1250 1251/1251/1251
f 1252/1252/1252 1253/1253/1253 1254/1254/1254
f 1255/1255/1255 1256/1256/1256 1257/1257/1257
f 1258/1258/1258 1259/1259/1259 1260/1260/1260
f 1261/1261/1261 1262/1262/1262 1263/1263/1263
f 1264/1264/1264 1265/1265/1265 1266/1266/1266
f 1267/1267/1267 1268/1268/1268 1269/1269/1269
f 1270/1270/1270 1271/1271/1271 1272/1272/1272
f 1273/1273/1273 1274/1274/1274 1275/1275/1275
f 1276/1276/1276 1277/1277/1277 1278/1278/1278
f 1279/1279/1279 1280/1280/1280 1281/1281/1281
f 1282/1282/1282 1283/1283/1283 1284/1284/1284
f 1285/1285/1285 1286/1286/1286 1287/1287/1287
f 1288/1288/1288 1289/1289/1289 1290/1290/1290
f 1291/1291/1291 1292/1292/1292 1293/1293/1293
f 1294/1294/1294 1295/1295/1295 1296/1296/1296
f 1297/1297/1297 1298/1298/1298 1299/1299/1299
f 1300/1300/1300 1301/1301/1301 1302/1302/1302
f 1303/1303/1303 1304/1304/1304 1305/1305/1305
f 1306/1306/1306 1307/1307/1307 1308/1308/1308
f 1309/1309/1309 1310/1310/1310 1311/1311/1311
f 1312/1312/1312 1313/1313/1313 1314/1314/1314
f 1315/1315/1315 1316/1316/1316 1317/1317/1317
f 1318/1318/1318 1319/1319/1319 1320/1320/1320
f 1321/1321/1321 1322/1322/1322 1323/1323/1323
f 1324/1324/1324 1325/1325/1325 1326/1326/1326
f 1327/1327/1327 1328/1328/1328 1329/1329/1329
f 1330/1330/1330 1331/1331/1331 1332/1332/1332
f 1333/1333/1333 1334/1334/1334 1335/1335/1335
f 1336/1336/1336 1337/1337/1337 1338/1338/1338
f 1339/1339/1339 1340/1340/1340 1341/1341/1341
f 1342/1342/1342 1343/1343/1343 1344/1344/1344
f 1345/1345/1345 1346/1346/1346 1347/1347/1347
f 1348/1348/1348 1349/1349/1349 1350/1350/1350
f 1351/1351/1351 1352/1352/1352 1353/1353/1353
f 1354/1354/1354 1355/1355/1355 1356/1356/1356
f 1357/1357/1357 1358/1358/1358 1359/1359/1359
f 1360/1360/1360 1361/1361/1361 1362/1362/1362
f 1363/1363/1363 1364/1364/1364 1365/1365/1365
f 1366/1366/1366 1367/1367/1367 1368/1368/1368
f 1369/1369/1369 1370/1370/1370 1371/1371/1371
f 1372/1372/1372 1373/1373/1373 1374/1374/1374
f 1375/1375/1375 1376/1376/1376 1377/1377/1377
f 1378/1378/1378 1379/1379/1379 1380/1380/1380
f 1381/1381/1381 1382/1382/1382 1383/1383/1383
f 1384/1384/1384 1385/1385/1385 1386/1386/1386
f 1387/1387/1387 1388/1388/1388 1389/1389/1389
f 1390/1390/1390 1391/1391/1391 1392/1392/1392
f 1393/1393/1393 1394/1394/1394 1395/1395/1395
f 1396/1396/1396 1397/1397/1397 1398/1398/1398
f 1399/1399/1399 1400/1400/1400 1401/1401/1401
f 1402/1402/1402 1403/1403/1403 1404/1404/1404
f 1405/1405/1405 1406/1406/1406 1407/1407/1407
f 1408/1408/1408 1409/1409/1409 1410/1410/1410
f 1411/1411/1411 1412/1412/1412 1413/1413/1413
f 1414/1414/1414 1415/1415/1415 1416/1416/1416
f 1417/1417/1417 1418/1418/1418 1419/1419/1419
f 1420/1420/1420 1421/1421/1421 1422/1422/1422
f 1423/1423/1423 1424/1424/1424 1425/1425/1425
f 1426/1426/1426 1427/1427/1427 1428/1428/1428
f 1429/1429/1429 1430/1430/1430 1431/1431/1431
f 1432/1432/1432 1433/1433/1433 1434/1434/1434
f 1435/1435/1435 1436/1436/1436 1437/1437/1437
f 1438/1438/1438 1439/1439/1439 1440/1440/1440
f 1441/1441/1441 1442/1442/1442 1443/1443/1443
f 1444/1444/1444 1445/1445/1445 1446/1446/1446
f 1447/1447/1447 1448/1448/1448 1449/1449/1449
f 1450/1450/1450 1451/1451/1451 1452/1452/1452
f 1453/1453/1453 1454/1454/1454 1455/1455/1455
f 1456/1456/1456 1457/1457/1457 1458/1458/1458
f 1459/1459/1459 1460/1460/1460 1461/1461/1461
f 1462/1462/1462 1463/1463/1463 1464/1464/1464
f 1465/1465/1465 1466/1466/1466 1467/1467/1467
f 1468/1468/1468 1469/1469/1469 1470/1470/1470
f 1471/1471/1471 1472/1472/1472 1473/1473/1473
f 1474/1474/1474 1475/1475/1475 1476/1476/1476
f 1477/1477/1477 1478/1478/1478 1479/1479/1479
f 1480/1480/1480 1481/1481/1481 1482/1482/1482
f 1483/1483/1483 1484/1484/1484 1485/1485/1485
f 1486/1486/1486 1487/1487/1487 1488/1488/1488
f 1489/1489/1489 1490/1490/1490 1491/1491/1491
f 1492/1492/1492 1493/1493/1493 1494/1494/1494
f 1495/1495/1495 1496/1496/1496 1497/1497/1497
f 1498/1498/1498 1499/1499/1499 1500/1500/1500
f 1501/1501/1501 1502/1502/1502 1503/1503/1503
f 1504/1504/1504 1505/1505/1505 1506/1506/1506
f 1507/1507/1507 1508/1508/1508 1509/1509/1509
f 1510/1510/1510 1511/1511/1511 1512/1512/1512
f 1513/1513/1513 1514/1514/1514 1515/1515/1515
f 1516/1516/1516 1517/1517/1517 1518/1518/1518
f 1519/1519/1519 1520/1520/1520 1521/1521/1521
f 1522/1522/1522 1523/1523/1523 1524/1524/1524
f 1525/1525/1525 1526/1526/1526 1527/1527/1527
f 1528/1528/1528 1529/1529/1529 1530/1530/1530
f 1531/1531/1531 1532/1532/1532 1533/1533/1533
f 1534/1534/1534 1535/1535/1535 1536/1536/1536
f 1537/1537/1537 1538/1538/1538 1539/1539/1539
f 1540/1540/1540 1541/1541/1541 1542/1542/1542
f 1543/1543/1543 1544/1544/1544 1545/1545/1545
f 1546/1546/1546 1547/1547/1547 1548/1548/1548
f 1549/1549/1549 1550/1550/1550 1551/1551/1551
f 1552/1552/1552 1553/1553/1553 1554/1554/1554
f 1555/1555/1555 1556/1556/1556 1557/1557/1557
f 1558/1558/1558 1559/1559/1559 1560/1560/1560
f 1561/1561/1561 1562/1562/1562 1563/1563/1563
f 1564/1564/1564 1565/1565/1565 1566/1566/1566
f 1567/1567/1567 1568/1568/1568 1569/1569/1569
f 1570/1570/1570 1571/1571/1571 1572/1572/1572
f 1573/1573/1573 1574/1574/1574 1575/1575/1575
f 1576/1576/1576 1577/1577/1577 1578/1578/1578
f 1579/1579/1579 1580/1580/1580 1581/1581/1581
f 1582/1582/1582 1583/1583/1583 1584/1584/1584
f 1585/1585/1585 1586/1586/1586 1587/1587/1587
f 1588/1588/1588 1589/1589/1589 1590/1590/1590
f 1591/1591/1591 1592/1592/1592 1593/1593/1593
f 1594/1594/1594 1595/1595/1595 1596/1596/1596
f 1597/1597/1597 1598/1598/1598 1599/1599/1599
f 1600/1600/1600 1601/1601/1601 1602/1602/1602
f 1603/1603/1603 1604/1604/1604 1605/1605/1605
f 1606/1606/1606 1607/1607/1607 1608/1608/1608
f 1609/1609/1609 1610/1610/1610 1611/1611/1611
f 1612/1612/1612 1613/1613/1613 1614/1614/1614
f 1615/1615/1615 1616/1616/1616 1617/1617/1617
f 1618/1618/1618 1619/1619/1619 1620/1620/1620
f 1621/1621/1621 1622/1622/1622 1623/1623/1623
f 1624/1624/1624 1625/1625/1625 1626/1626/1626
f 1627/1627/1627 1628/1628/1628 1629/1629/1629
f 1630/1630/1630 1631/1631/1631 1632/1632/1632
f 1633/1633/1633 1634/1634/1634 1635/1635/1635
f 1636/1636/1636 1637/1637/1637 1638/1638/1638
f 1639/1639/1639 1640/1640/1640 1641/1641/1641
f 1642/1642/1642 1643/1643/1643 1644/1644/1644
f 1645/1645/1645 1646/1646/1646 1647/1647/1647
f 1648/1648/1648 1649/1649/1649 1650/1650/1650
f 1651/1651/1651 1652/1652/1652 1653/1653/1653
f 1654/1654/1654 1655/1655/1655 1656/1656/1656
f 1657/1657/1657 1658/1658/1658 1659/1659/1659
f 1660/1660/1660 1661/1661/1661 1662/1662/1662
f 1663/1663/1663 1664/1664/1664 1665/1665/1665
f 1666/1666/1666 1667/1667/1667 1668/1668/1668
f 1669/1669/1669 1670/1670/1670 1671/1671/1671
f 1672/1672/1672 1673/1673/1673 1674/1674/1674
f 1675/1675/1675 1676/1676/1676 1677/1677/1677
f 1678/1678/1678 1679/1679/1679 1680/1680/1680
f 1681/1681/1681 1682/1682/1682 1683/1683/1683
f 1684/1684/1684 1685/1685/1685 1686/1686/1686
f 1687/1687/1687 1688/1688/1688 1689/1689/1689
f 1690/1690/1690 1691/1691/1691 1692/1692/1692
f 1693/1693/1693 1694/1694/1694 1695/1695/1695
f 1696/1696/1696 1697/1697/1697 1698/1698/1698
f 1699/1699/1699 1700/1700/1700 1701/1701/1701
f 1702/1702/1702 1703/1703/1703 1704/1704/1704
f 1705/1705/1705 1706/1706/1706 1707/1707/1707
f 1708/1708/1708 1709/1709/1709 1710/1710/1710
f 1711/1711/1711 1712/1712/1712 1713/1713/1713
f 1714/1714/1714 1715/1715/1715 1716/1716/1716
f 1717/1717/1717 1718/1718/1718 1719/1719/1719
f 1720/1720/1720 1721/1721/1721 1722/1722/1722
f 1723/1723/1723 1724/1724/1724 1725/1725/1725
f 1726/1726/1726 1727/1727/1727 1728/1728/1728
f 1729/1729/1729 1730/1730/1730 1731/1731/1731
f 1732/1732/1732 1733/1733/1733 1734/1734/1734
f 1735/1735/1735 1736/1736/1736 1737/1737/1737
f 1738/1738/1738 1739/1739/1739 1740/1740/1740
f 1741/1741/1741 1742/1742/1742 1743/1743/1743
f 1744/1744/1744 1745/1745/1745 1746/1746/1746
f 1747/1747/1747 1748/1748/1748 1749/1749/1749
f 1750/1750/1750 1751/1751/1751 1752/1752/1752
f 1753/1753/1753 1754/1754/1754 1755/1755/1755
f 1756/1756/1756 1757/1757/1757 1758/1758/1758
f 1759/1759/1759 1760/1760/1760 1761/1761/1761
f 1762/1762/1762 1763/1763/1763 1764/1764/1764
f 1765/1765/1765 1766/1766/1766 1767/1767/1767
f 1768/1768/1768 1769/1769/1769 1770/1770/1770
f 1771/1771/1771 1772/1772/1772 1773/1773/1773
f 1774/1774/1774 1775/1775/1775 1776/1776/1776
f 1777/1777/1777 1778/1778/1778 1779/1779/1779
f 1780/1780/1780 1781/1781/1781 1782/1782/1782
f 1783/1783/1783 1784/1784/1784 1785/1785/1785
f 1786/1786/1786 1787/1787/1787 1788/1788/1788
f 1789/1789/1789 1790/1790/1790 1791/1791/1791
f 1792/1792/1792 1793/1793/1793 1794/1794/1794
f 1795/1795/1795 1796/1796/1796 1797/1797/1797
f 1798/1798/1798 1799/1799/1799 1800/1800/1800
f 1801/1801/1801 1802/1802/1802 1803/1803/1803
f 1804/1804/1804 1805/1805/1805 1806/1806/1806
f 1807/1807/1807 1808/1808/1808 1809/1809/1809
f 1810/1810/1810 1811/1811/1811 1812/1812/1812
f 1813/1813/1813 1814/1814/1814 1815/1815/1815
f 1816/1816/1816 1817/1817/1817 1818/1818/1818
f 1819/1819/1819 1820/1820/1820 1821/1821/1821
f 1822/1822/1822 1823/1823/1823 1824/1824/1824
f 1825/1825/1825 1826/1826/1826 1827/1827/1827
f 1828/1828/1828 1829/1829/1829 1830/1830/1830
f 1831/1831/1831 1832/1832/1832 1833/1833/1833
f 1834/1834/1834 1835/1835/1835 1836/1836/1836
f 1837/1837/1837 1838/1838/1838 1839/1839/1839
f 1840/1840/1840 1841/1841/1841 1842/1842/1842
f 1843/1843/1843 1844/1844/1844 1845/1845/1845
f 1846/1846/1846 1847/1847/1847 1848/1848/1848
f 1849/1849/1849 1850/1850/1850 1851/1851/1851
f 1852/1852/1852 1853/1853/1853 1854/1854/1854
f 1855/1855/1855 1856/1856/1856 1857/1857/1857
f 1858/1858/1858 1859/1859/1859 1860/1860/1860
f 1861/1861/1861 1862/1862/1862 1863/1863/1863
f 1864/1864/1864 1865/1865/1865 1866/1866/1866
f 1867/1867/1867 1868/1868/1868 1869/1869/1869
f 1870/1870/1870 1871/1871/1871 1872/1872/1872
f 1873/1873/1873 1874/1874/1874 1875/1875/1875
f 1876/1876/1876 1877/1877/1877 1878/1878/1878
f 1879/1879/1879 1880/1880/1880 1881/1881/1881
f 1882/1882/1882 1883/1883/1883 1884/1884/1884
f 1885/1885/1885 1886/1886/1886 1887/1887/1887
f 1888/1888/1888 1889/1889/1889 1890/1890/1890
f 1891/1891/1891 1892/1892/1892 1893/1893/1893
f 1894/1894/1894 1895/1895/1895 1896/1896/1896
f 1897/1897/1897 1898/1898/1898 1899/1899/1899
f 1900/1900/1900 1901/1901/1901 1902/1902/1902
f 1903/1903/1903 1904/1904/1904 1905/1905/1905
f 1906/1906/1906 1907/1907/1907 1908/1908/1908
f 1909/1909/1909 1910/1910/1910 1911/1911/1911
f 1912/1912/1912 1913/1913/1913 1914/1914/1914
f 1915/1915/1915 1916/1916/1916 1917/1917/1917
f 1918/1918/1918 1919/1919/1919 1920/1920/1920
f 1921/1921/1921 1922/1922/1922 1923/1923/1923
f 1924/1924/1924 1925/1925/1925 1926/1926/1926
f 1927/1927/1927 1928/1928/1928 1929/1929/1929
f 1930/1930/1930 1931/1931/1931 1932/1932/1932
f 1933/1933/1933 1934/1934/1934 1935/1935/1935
f 1936/1936/1936 1937/1937/1937 1938/1938/1938
f 1939/1939/1939 1940/1940/1940 1941/1941/1941
f 1942/1942/1942 1943/1943/1943 1944/1944/1944
f 1945/1945/1945 1946/1946/1946 1947/1947/1947
f 1948/1948/1948 1949/1949/1949 1950/1950/1950
f 1951/1951/1951 1952/1952/1952 1953/1953/1953
f 1954/1954/1954 1955/1955/1955 1956/1956/1956
f 1957/1957/1957 1958/1958/1958 1959/1959/1959
f 1960/1960/1960 1961/1961/1961 1962/1962/1962
f 1963/1963/1963 1964/1964/1964 1965/1965/1965
f 1966/1966/1966 1967/1967/1967 1968/1968/1968
f 1969/1969/1969 1970/1970/1970 1971/1971/1971
f 1972/1972/1972 1973/1973/1973 1974/1974/1974
f 1975/1975/1975 1976/1976/1976 1977/1977/1977
f 1978/1978/1978 1979/1979/1979 1980/1980/1980
f 1981/1981/1981 1982/1982/1982 1983/1983/1983
f 1984/1984/1984 1985/1985/1985 1986/1986/1986
f 1987/1987/1987 1988/1988/1988 1989/1989/1989
f 1990/1990/1990 1991/1991/1991 1992/1992/1992
f 1993/1993/1993 1994/1994/1994 1995/1995/1995
f 1996/1996/1996 1997/1997/1997 1998/1998/1998
f 1999/1999/1999 2000/2000/2000 2001/2001/2001
f 2002/2002/2002 2003/2003/2003 2004/2004/2004
f 2005/2005/2005 2006/2006/2006 2007/2007/2007
f 2008/2008/2008 2009/2009/2009 2010/2010/2010
f 2011/2011/2011 2012/2012/2012 2013/2013/2013
f 2014/2014/2014 2015/2015/2015 2016/2016/2016
f 2017/2017/2017 2018/2018/2018 2019/2019/2019
f 2020/2020/2020 2021/2021/2021 2022/2022/2022
f 2023/2023/2023 2024/2024/2024 2025/2025/2025
f 2026/2026/2026 2027/2027/2027 2028/2028/2028
f 2029/2029/2029 2030/2030/2030 2031/2031/2031
f 2032/2032/2032 2033/2033/2033 2034/2034/2034
f 2035/2035/2035 2036/2036/2036 2037/2037/2037
f 2038/2038/2038 2039/2039/2039 2040/2040/2040
f 2041/2041/2041 2042/2042/2042 2043/2043/2043
f 2044/2044/2044 2045/2045/2045 2046/2046/2046
f 2047/2047/2047 2048/2048/2048 2049/2049/2049
f 2050/2050/2050 2051/2051/2051 2052/2052/2052
f 2053/2053/2053 2054/2054/2054 2055/2055/2055
f 2056/2056/2056 2057/2057/2057 2058/2058/2058
f 2059/2059/2059 2060/2060/2060 2061/2061/2061
f 2062/2062/2062 2063/2063/2063 2064/2064/2064
f 2065/2065/2065 2066/2066/2066 2067/2067/2067
f 2068/2068/2068 2069/2069/2069 2070/2070/2070
f 2071/2071/2071 2072/2072/2072 2073/2073/2073
f 2074/2074/2074 2075/2075/2075 2076/2076/2076
f 2077/2077/2077 2078/2078/2078 2079/2079/2079
f 2080/2080/2080 2081/2081/2081 2082/2082/2082
f 2083/2083/2083 2084/2084/2084 2085/2085/2085
f 2086/2086/2086 2087/2087/2087 2088/2088/2088
f 2089/2089/2089 2090/2090/2090 2091/2091/2091
f 2092/2092/2092 2093/2093/2093 2094/2094/2094
f 2095/2095/2095 2096/2096/2096 2097/2097/2097
f 2098/2098/2098 2099/2099/2099 2100/2100/2100
f 2101/2101/2101 2102/2102/2102 2103/2103/2103
f 2104/2104/2104 2105/2105/2105 2106/2106/2106
f 2107/2107/2107 2108/2108/2108 2109/2109/2109
f 2110/2110/2110 2111/2111/2111 2112/2112/2112
f 2113/2113/2113 2114/2114/2114 2115/2115/2115
f 2116/2116/2116 2117/2117/2117 2118/2118/2118
f 2119/2119/2119 2120/2120/2120 2121/2121/2121
f 2122/2122/2122 2123/2123/2123 2124/2124/2124
f 2125/2125/2125 2126/2126/2126 2127/2127/2127
f 2128/2128/2128 2129/2129/2129 2130/2130/2130
f 2131/2131/2131 2132/2132/2132 2133/2133/2133
f 2134/2134/2134 2135/2135/2135 2136/2136/2136
f 2137/2137/2137 2138/2138/2138 2139/2139/2139
f 2140/2140/2140 2141/2141/2141 2142/2142/2142
f 2143/2143/2143 2144/2144/2144 2145/2145/2145
f 2146/2146/2146 2147/2147/2147 2148/2148/2148
f 2149/2149/2149 2150/2150/2150 2151/2151/2151
f 2152/2152/2152 2153/2153/2153 2154/2154/2154
f 2155/2155/2155 2156/2156/2156 2157/2157/2157
f 2158/2158/2158 2159/2159/2159 2160/2160/2160
f 2161/2161/2161 2162/2162/2162 2163/2163/2163
f 2164/2164/2164 2165/2165/2165 2166/2166/2166
f 2167/2167/2167 2168/2168/2168 2169/2169/2169
f 2170/2170/2170 2171/2171/2171 2172/2172/2172
f 2173/2173/2173 2174/2174/2174 2175/2175/2175
f 2176/2176/2176 2177/2177/2177 2178/2178/2178
f 2179/2179/2179 2180/2180/2180 2181/2181/2181
f 2182/2182/2182 2183/2183/2183 2184/2184/2184
f 2185/2185/2185 2186/2186/2186 2187/2187/2187
f 2188/2188/2188 2189/2189/2189 2190/2190/2190
f 2191/2191/2191 2192/2192/2192 2193/2193/2193
f 2194/2194/2194 2195/2195/2195 2196/2196/2196
f 2197/2197/2197 2198/2198/2198 2199/2199/2199
f 2200/2200/2200 2201/2201/2201 2202/2202/2202
f 2203/2203/2203 2204/2204/2204 2205/2205/2205
f 2206/2206/2206 2207/2207/2207 2208/2208/2208
f 2209/2209/2209 2210/2210/2210 2211/2211/2211
f 2212/2212/2212 2213/2213/2213 2214/2214/2214
f 2215/2215/2215 2216/2216/2216 2217/2217/2217
f 2218/2218/2218 2219/2219/2219 2220/2220/2220
f 2221/2221/2221 2222/2222/2222 2223/2223/2223
f 2224/2224/2224 2225/2225/2225 2226/2226/2226
f 2227/2227/2227 2228/2228/2228 2229/2229/2229
f 2230/2230/2230 2231/2231/2231 2232/2232/2232
f 2233/2233/2233 2234/2234/2234 2235/2235/2235
f 2236/2236/2236 2237/2237/2237 2238/2238/2238
f 2239/2239/2239 2240/2240/2240 2241/2241/2241
f 2242/2242/2242 2243/2243/2243 2244/2244/2244
f 2245/2245/2245 2246/2246/2246 2247/2247/2247
f 2248/2248/2248 2249/2249/2249 2250/2250/2250
f 2251/2251/2251 2252/2252/2252 2253/2253/2253
f 2254/2254/2254 2255/2255/2255 2256/2256/2256
f 2257/2257/2257 2258/2258/2258 2259/2259/2259
f 2260/2260/2260 2261/2261/2261 2262/2262/2262
f 2263/2263/2263 2264/2264/2264 2265/2265/2265
f 2266/2266/2266 2267/2267/2267 2268/2268/2268
f 2269/2269/2269 2270/2270/2270 2271/2271/2271
f 2272/2272/2272 2273/2273/2273 2274/2274/2274
f 2275/2275/2275 2276/2276/2276 2277/2277/2277
f 2278/2278/2278 2279/2279/2279 2280/2280/2280
f 2281/2281/2281 2282/2282/2282 2283/2283/2283
f 2284/2284/2284 2285/2285/2285 2286/2286/2286
f 2287/2287/2287 2288/2288/2288 2289/2289/2289
f 2290/2290/2290 2291/2291/2291 2292/2292/2292
f 2293/2293/2293 2294/2294/2294 2295/2295/2295
f 2296/2296/2296 2297/2297/2297 2298/2298/2298
f 2299/2299/2299 2300/2300/2300 2301/2301/2301
f 2302/2302/2302 2303/2303/2303 2304/2304/2304
f 2305/2305/2305 2306/2306/2306 2307/2307/2307
f 2308/2308/2308 2309/2309/2309 2310/2310/2310
f 2311/2311/2311 2312/2312/2312 2313/2313/2313
f 2314/2314/2314 2315/2315/2315 2316/2316/2316
f 2317/2317/2317 2318/2318/2318 2319/2319/2319
f 2320/2320/2320 2321/2321/2321 2322/2322/2322
f 2323/2323/2323 2324/2324/2324 2325/2325/2325
f 2326/2326/2326 2327/2327/2327 2328/2328/2328
f 2329/2329/2329 2330/2330/2330 2331/2331/2331
f 2332/2332/2332 2333/2333/2333 2334/2334/2334
f 2335/2335/2335 2336/2336/2336 2337/2337/2337
f 2338/2338/2338 2339/2339/2339 2340/2340/2340
f 2341/2341/2341 2342/2342/2342 2343/2343/2343
f 2344/2344/2344 2345/2345/2345 2346/2346/2346
f 2347/2347/2347 2348/2348/2348 2349/2349/2349
f 2350/2350/2350 2351/2351/2351 2352/2352/2352
f 2353/2353/2353 2354/2354/2354 2355/2355/2355
f 2356/2356/2356 2357/2357/2357 2358/2358/2358
f 2359/2359/2359 2360/2360/2360 2361/2361/2361
f 2362/2362/2362 2363/2363/2363 2364/2364/2364
f 2365/2365/2365 2366/2366/2366 2367/2367/2367
f 2368/2368/2368 2369/2369/2369 2370/2370/2370
f 2371/2371/2371 2372/2372/2372 2373/2373/2373
f 2374/2374/2374 2375/2375/2375 2376/2376/2376
f 2377/2377/2377 2378/2378/2378 2379/2379/2379
f 2380/2380/2380 2381/2381/2381 2382/2382/2382
f 2383/2383/2383 2384/2384/2384 2385/2385/2385
f 2386/2386/2386 2387/2387/2387 2388/2388/2388
f 2389/2389/2389 2390/2390/2390 2391/2391/2391
f 2392/2392/2392 2393/2393/2393 2394/2394/2394
f 2395/2395/2395 2396/2396/2396 2397/2397/2397
f 2398/2398/2398 2399/2399/2399 2400/2400/2400
f 2401/2401/2401 2402/2402/2402 2403/2403/2403
f 2404/2404/2404 2405/2405/2405 2406/2406/2406
f 2407/2407/2407 2408/2408/2408 2409/2409/2409
f 2410/2410/2410 2411/2411/2411 2412/2412/2412
f 2413/2413/2413 2414/2414/2414 2415/2415/2415
f 2416/2416/2416 2417/2417/2417 2418/2418/2418
f 2419/2419/2419 2420/2420/2420 2421/2421/2421
f 2422/2422/2422 2423/2423/2423 2424/2424/2424
f 2425/2425/2425 2426/2426/2426 2427/2427/2427
f 2428/2428/2428 2429/2429/2429 2430/2430/2430
f 2431/2431/2431 2432/2432/2432 2433/2433/2433
f 2434/2434/2434 2435/2435/2435 2436/2436/2436
f 2437/2437/2437 2438/2438/2438 2439/2439/2439
f 2440/2440/2440 2441/2441/2441 2442/2442/2442
f 2443/2443/2443 2444/2444/2444 2445/2445/2445
f 2446/2446/2446 2447/2447/2447 2448/2448/2448
f 2449/2449/2449 2450/2450/2450 2451/2451/2451
f 2452/2452/2452 2453/2453/2453 2454/2454/2454
f 2455/2455/2455 2456/2456/2456 2457/2457/2457
f 2458/2458/2458 2459/2459/2459 2460/2460/2460
f 2461/2461/2461 2462/2462/2462 2463/2463/2463
f 2464/2464/2464 2465/2465/2465 2466/2466/2466
f 2467/2467/2467 2468/2468/2468 2469/2469/2469
f 2470/2470/2470 2471/2471/2471 2472/2472/2472
f 2473/2473/2473 2474/2474/2474 2475/2475/2475
f 2476/2476/2476 2477/2477/2477 2478/2478/2478
f 2479/2479/2479 2480/2480/2480 2481/2481/2481
f 2482/2482/2482 2483/2483/2483 2484/2484/2484
f 2485/2485/2485 2486/2486/2486 2487/2487/2487
f 2488/2488/2488 2489/2489/2489 2490/2490/2490
f 2491/2491/2491 2492/2492/2492 2493/2493/2493
f 2494/2494/2494 2495/2495/2495 2496/2496/2496
f 2497/2497/2497 2498/2498/2498 2499/2499/2499
f 2500/2500/2500 2501/2501/2501 2502/2502/2502
f 2503/2503/2503 2504/2504/2504 2505/2505/2505
f 2506/2506/2506 2507/2507/2507 2508/2508/2508
f 2509/2509/2509 2510/2510/2510 2511/2511/2511
f 2512/2512/2512 2513/2513/2513 2514/2514/2514
f 2515/2515/2515 2516/2516/2516 2517/2517/2517
f 2518/2518/2518 2519/2519/2519 2520/2520/2520
f 2521/2521/2521 2522/2522/2522 2523/2523/2523
f 2524/2524/2524 2525/2525/2525 2526/2526/2526
f 2527/2527/2527 2528/2528/2528 2529/2529/2529
f 2530/2530/2530 2531/2531/2531 2532/2532/2532
f 2533/2533/2533 2534/2534/2534 2535/2535/2535
f 2536/2536/2536 2537/2537/2537 2538/2538/2538
f 2539/2539/2539 2540/2540/2540 2541/2541/2541
f 2542/2542/2542 2543/2543/2543 2544/2544/2544
f 2545/2545/2545 2546/2546/2546 2547/2547/2547
f 2548/2548/2548 2549/2549/2549 2550/2550/2550
f 2551/2551/2551 2552/2552/2552 2553/2553/2553
f 2554/2554/2554 2555/2555/2555 2556/2556/2556
f 2557/2557/2557 2558/2558/2558 2559/2559/2559
f 2560/2560/2560 2561/2561/2561 2562/2562/2562
f 2563/2563/2563 2564/2564/2564 2565/2565/2565
f 2566/2566/2566 2567/2567/2567 2568/2568/2568
f 2569/2569/2569 2570/2570/2570 2571/2571/2571
f 2572/2572/2572 2573/2573/2573 2574/2574/2574
f 2575/2575/2575 2576/2576/2576 2577/2577/2577
f 2578/2578/2578 2579/2579/2579 2580/2580/2580
f 2581/2581/2581 2582/2582/2582 2583/2583/2583
f 2584/2584/2584 2585/2585/2585 2586/2586/2586
f 2587/2587/2587 2588/2588/2588 2589/2589/2589
f 2590/2590/2590 2591/2591/2591 2592/2592/2592
f 2593/2593/2593 2594/2594/2594 2595/2595/2595
f 2596/2596/2596 2597/2597/2597 2598/2598/2598
f 2599/2599/2599 2600/2600/2600 2601/2601/2601
f 2602/2602/2602 2603/2603/2603 2604/2604/2604
f 2605/2605/2605 2606/2606/2606 2607/2607/2607
f 2608/2608/2608 2609/2609/2609 2610/2610/2610
f 2611/2611/2611 2612/2612/2612 2613/2613/2613
f 2614/2614/2614 2615/2615/2615 2616/2616/2616
f 2617/2617/2617 2618/2618/2618 2619/2619/2619
f 2620/2620/2620 2621/2621/2621 2622/2622/2622
f 2623/2623/2623 2624/2624/2624 2625/2625/2625
f 2626/2626/2626 2627/2627/2627 2628/2628/2628
f 2629/2629/2629 2630/2630/2630 2631/2631/2631
f 2632/2632/2632 2633/2633/2633 2634/2634/2634
f 2635/2635/2635 2636/2636/2636 2637/2637/2637
f 2638/2638/2638 2639/2639/2639 2640/2640/2640
f 2641/2641/2641 2642/2642/2642 2643/2643/2643
f 2644/2644/2644 2645/2645/2645 2646/2646/2646
f 2647/2647/2647 2648/2648/2648 2649/2649/2649
f 2650/2650/2650 2651/2651/2651 2652/2652/2652
f 2653/2653/2653 2654/2654/2654 2655/2655/2655
f 2656/2656/2656 2657/2657/2657 2658/2658/2658
f 2659/2659/2659 2660/2660/2660 2661/2661/2661
f 2662/2662/2662 2663/2663/2663 2664/2664/2664
f 2665/2665/2665 2666/2666/2666 2667/2667/2667
f 2668/2668/2668 2669/2669/2669 2670/2670/2670
f 2671/2671/2671 2672/2672/2672 2673/2673/2673
f 2674/2674/2674 2675/2675/2675 2676/2676/2676
f 2677/2677/2677 2678/2678/2678 2679/2679/2679
f 2680/2680/2680 2681/2681/2681 2682/2682/2682
f 2683/2683/2683 2684/2684/2684 2685/2685/2685
f 2686/2686/2686 2687/2687/2687 2688/2688/2688
f 2689/2689/2689 2690/2690/2690 2691/2691/2691
f 2692/2692/2692 2693/2693/2693 2694/2694/2694
f 2695/2695/2695 2696/2696/2696 2697/2697/2697
f 2698/2698/2698 2699/2699/2699 2700/2700/2700
f 2701/2701/2701 2702/2702/2702 2703/2703/2703
f 2704/2704/2704 2705/2705/2705 2706/2706/2706
f 2707/2707/2707 2708/2708/2708 2709/2709/2709
f 2710/2710/2710 2711/2711/2711 2712/2712/2712
f 2713/2713/2713 2714/2714/2714 2715/2715/2715
f 2716/2716/2716 2717/2717/2717 2718/2718/2718
f 2719/2719/2719 2720/2720/2720 2721/2721/2721
f 2722/2722/2722 2723/2723/2723 2724/2724/2724
f 2725/2725/2725 2726/2726/2726 2727/2727/2727
f 2728/2728/2728 2729/2729/2729 2730/2730/2730
f 2731/2731/2731 2732/2732/2732 2733/2733/2733
f 2734/2734/2734 2735/2735/2735 2736/2736/2736
f 2737/2737/2737 2738/2738/2738 2739/2739/2739
f 2740/2740/2740 2741/2741/2741 2742/2742/2742
f 2743/2743/2743 2744/2744/2744 2745/2745/2745
f 2746/2746/2746 2747/2747/2747 2748/2748/2748
f 2749/2749/2749 2750/2750/2750 2751/2751/2751
f 2752/2752/2752 2753/2753/2753 2754/2754/2754
f 2755/2755/2755 2756/2756/2756 2757/2757/2757
f 2758/2758/2758 2759/2759/2759 2760/2760/2760
f 2761/2761/2761 2762/2762/2762 2763/2763/2763
f 2764/2764/2764 2765/2765/2765 2766/2766/2766
f 2767/2767/2767 2768/2768/2768 2769/2769/2769
f 2770/2770/2770 2771/2771/2771 2772/2772/2772
f 2773/2773/2773 2774/2774/2774 2775/2775/2775
f 2776/2776/2776 2777/2777/2777 2778/2778/2778
f 2779/2779/2779 2780/2780/2780 2781/2781/2781
f 2782/2782/2782 2783/2783/2783 2784/2784/2784
f 2785/2785/2785 2786/2786/2786 2787/2787/2787
f 2788/2788/2788 2789/2789/2789 2790/2790/2790
f 2791/2791/2791 2792/2792/2792 2793/2793/2793
f 2794/2794/2794 2795/2795/2795 2796/2796/2796
f 2797/2797/2797 2798/2798/2798 2799/2799/2799
f 2800/2800/2800 2801/2801/2801 2802/2802/2802
f 2803/2803/2803 2804/2804/2804 2805/2805/2805
f 2806/2806/2806 2807/2807/2807 2808/2808/2808
f 2809/2809/2809 2810/2810/2810 2811/2811/2811
f 2812/2812/2812 2813/2813/2813 2814/2814/2814
f 2815/2815/2815 2816/2816/2816 2817/2817/2817
f 2818/2818/2818 2819/2819/2819 2820/2820/2820
f 2821/2821/2821 2822/2822/2822 2823/2823/2823
f 2824/2824/2824 2825/2825/2825 2826/2826/2826
f 2827/2827/2827 2828/2828/2828 2829/2829/2829
f 2830/2830/2830 2831/2831/2831 2832/2832/2832
f 2833/2833/2833 2834/2834/2834 2835/2835/2835
f 2836/2836/2836 2837/2837/2837 2838/2838/2838
f 2839/2839/2839 2840/2840/2840 2841/2841/2841
f 2842/2842/2842 2843/2843/2843 2844/2844/2844
f 2845/2845/2845 2846/2846/2846 2847/2847/2847
f 2848/2848/2848 2849/2849/2849 2850/2850/2850
f 2851/2851/2851 2852/2852/2852 2853/2853/2853
f 2854/2854/2854 2855/2855/2855 2856/2856/2856
f 2857/2857/2857 2858/2858/2858 2859/2859/2859
f 2860/2860/2860 2861/2861/2861 2862/2862/2862
f 2863/2863/2863 2864/2864/2864 2865/2865/2865
f 2866/2866/2866 2867/2867/2867 2868/2868/2868
f 2869/2869/2869 2870/2870/2870 2871/2871/2871
f 2872/2872/2872 2873/2873/2873 2874/2874/2874
f 2875/2875/2875 2876/2876/2876 2877/2877/2877
f 2878/2878/2878 2879/2879/2879 2880/2880/2880
f 2881/2881/2881 2882/2882/2882 2883/2883/2883
f 2884/2884/2884 2885/2885/2885 2886/2886/2886
f 2887/2887/2887 2888/2888/2888 2889/2889/2889
f 2890/2890/2890 2891/2891/2891 2892/2892/2892
f 2893/2893/2893 2894/2894/2894 2895/2895/2895
f 2896/2896/2896 2897/2897/2897 2898/2898/2898
f 2899/2899/2899 2900/2900/2900 2901/2901/2901
f 2902/2902/2902 2903/2903/2903 2904/2904/2904
f 2905/2905/2905 2906/2906/2906 2907/2907/2907
f 2908/2908/2908 2909/2909/2909 2910/2910/2910
f 2911/2911/2911 2912/2912/2912 2913/2913/2913
f 2914/2914/2914 2915/2915/2915 2916/2916/2916
f 2917/2917/2917 2918/2918/2918 2919/2919/2919
f 2920/2920/2920 2921/2921/2921 2922/2922/2922
f 2923/2923/2923 2924/2924/2924 2925/2925/2925
f 2926/2926/2926 2927/2927/2927 2928/2928/2928
f 2929/2929/2929 2930/2930/2930 2931/2931/2931
f 2932/2932/2932 2933/2933/2933 2934/2934/2934
f 2935/2935/2935 2936/2936/2936 2937/2937/2937
f 2938/2938/2938 2939/2939/2939 2940/2940/2940
f 2941/2941/2941 2942/2942/2942 2943/2943/2943
f 2944/2944/2944 2945/2945/2945 2946/2946/2946
f 2947/2947/2947 2948/2948/2948 2949/2949/2949
f 2950/2950/2950 2951/2951/2951 2952/2952/2952
f 2953/2953/2953 2954/2954/2954 2955/2955/2955
f 2956/2956/2956 2957/2957/2957 2958/2958/2958
f 2959/2959/2959 2960/2960/2960 2961/2961/2961
f 2962/2962/2962 2963/2963/2963 2964/2964/2964
f 2965/2965/2965 2966/2966/2966 2967/2967/2967
f 2968/2968/2968 2969/2969/2969 2970/2970/2970
f 2971/2971/2971 2972/2972/2972 2973/2973/2973
f 2974/2974/2974 2975/2975/2975 2976/2976/2976
f 2977/2977/2977 2978/2978/2978 2979/2979/2979
f 2980/2980/2980 2981/2981/2981 2982/2982/2982
f 2983/2983/2983 2984/2984/2984 2985/2985/2985
f 2986/2986/2986 2987/2987/2987 2988/2988/2988
f 2989/2989/2989 2990/2990/2990 2991/2991/2991
f 2992/2992/2992 2993/2993/2993 2994/2994/2994
f 2995/2995/2995 2996/2996/2996 2997/2997/2997
f 2998/2998/2998 2999/2999/2999 3000/3000/3000
f 3001/3001/3001 3002/3002/3002 3003/3003/3003
f 3004/3004/3004 3005/3005/3005 3006/3006/3006
f 3007/3007/3007 3008/3008/3008 3009/3009/3009
f 3010/3010/3010 3011/3011/3011 3012/3012/3012
f 3013/3013/3013 3014/3014/3014 3015/3015/3015
f 3016/3016/3016 3017/3017/3017 3018/3018/3018
f 3019/3019/3019 3020/3020/3020 3021/3021/3021
f 3022/3022/3022 3023/3023/3023 3024/3024/3024
f 3025/3025/3025 3026/3026/3026 3027/3027/3027
f 3028/3028/3028 3029/3029/3029 3030/3030/3030
f 3031/3031/3031 3032/3032/3032 3033/3033/3033
f 3034/3034/3034 3035/3035/3035 3036/3036/3036
f 3037/3037/3037 3038/3038/3038 3039/3039/3039
f 3040/3040/3040 3041/3041/3041 3042/3042/3042
f 3043/3043/3043 3044/3044/3044 3045/3045/3045
f 3046/3046/3046 3047/3047/3047 3048/3048/3048
f 3049/3049/3049 3050/3050/3050 3051/3051/3051
f 3052/3052/3052 3053/3053/3053 3054/3054/3054
f 3055/3055/3055 3056/3056/3056 3057/3057/3057
f 3058/3058/3058 3059/3059/3059 3060/3060/3060
f 3061/3061/3061 3062/3062/3062 3063/3063/3063
f 3064/3064/3064 3065/3065/3065 3066/3066/3066
f 3067/3067/3067 3068/3068/3068 3069/3069/3069
f 3070/3070/3070 3071/3071/3071 3072/3072/3072
f 3073/3073/3073 3074/3074/3074 3075/3075/3075
f 3076/3076/3076 3077/3077/3077 3078/3078/3078
f 3079/3079/3079 3080/3080/3080 3081/3081/3081
f 3082/3082/3082 3083/3083/3083 3084/3084/3084
f 3085/3085/3085 3086/3086/3086 3087/3087/3087
f 3088/3088/3088 3089/3089/3089 3090/3090/3090
f 3091/3091/3091 3092/3092/3092 3093/3093/3093
f 3094/3094/3094 3095/3095/3095 3096/3096/3096
f 3097/3097/3097 3098/3098/3098 3099/3099/3099
f 3100/3100/3100 3101/3101/3101 3102/3102/3102
f 3103/3103/3103 3104/3104/3104 3105/3105/3105
f 3106/3106/3106 3107/3107/3107 3108/3108/3108
f 3109/3109/3109 3110/3110/3110 3111/3111/3111
f 3112/3112/3112 3113/3113/3113 3114/3114/3114
f 3115/3115/3115 3116/3116/3116 3117/3117/3117
f 3118/3118/3118 3119/3119/3119 3120/3120/3120
f 3121/3121/3121 3122/3122/3122 3123/3123/3123
f 3124/3124/3124 3125/3125/3125 3126/3126/3126
f 3127/3127/3127 3128/3128/3128 3129/3129/3129
f 3130/3130/3130 3131/3131/3131 3132/3132/3132
f 3133/3133/3133 3134/3134/3134 3135/3135/3135
f 3136/3136/3136 3137/3137/3137 3138/3138/3138
f 3139/3139/3139 3140/3140/3140 3141/3141/3141
f 3142/3142/3142 3143/3143/3143 3144/3144/3144
f 3145/3145/3145 3146/3146/3146 3147/3147/3147
f 3148/3148/3148 3149/3149/3149 3150/3150/3150
f 3151/3151/3151 3152/3152/3152 3153/3153/3153
f 3154/3154/3154 3155/3155/3155 3156/3156/3156
f 3157/3157/3157 3158/3158/3158 3159/3159/3159
f 3160/3160/3160 3161/3161/3161 3162/3162/3162
f 3163/3163/3163 3164/3164/3164 3165/3165/3165
f 3166/3166/3166 3167/3167/3167 3168/3168/3168
f 3169/3169/3169 3170/3170/3170 3171/3171/3171
f 3172/3172/3172 3173/3173/3173 3174/3174/3174
f 3175/3175/3175 3176/3176/3176 3177/3177/3177
f 3178/3178/3178 3179/3179/3179 3180/3180/3180
f 3181/3181/3181 3182/3182/3182 3183/3183/3183
f 3184/3184/3184 3185/3185/3185 3186/3186/3186
f 3187/3187/3187 3188/3188/3188 3189/3189/3189
f 3190/3190/3190 3191/3191/3191 3192/3192/3192
f 3193/3193/3193 3194/3194/3194 3195/3195/3195
f 3196/3196/3196 3197/3197/3197 3198/3198/3198
f 3199/3199/3199 3200/3200/3200 3201/3201/3201
f 3202/3202/3202 3203/3203/3203 3204/3204/3204
f 3205/3205/3205 3206/3206/3206 3207/3207/3207
f 3208/3208/3208 3209/3209/3209 3210/3210/3210
f 3211/3211/3211 3212/3212/3212 3213/3213/3213
f 3214/3214/3214 3215/3215/3215 3216/3216/3216
f 3217/3217/3217 3218/3218/3218 3219/3219/3219
f 3220/3220/3220 3221/3221/3221 3222/3222/3222
f 3223/3223/3223 3224/3224/3224 3225/3225/3225
f 3226/3226/3226 3227/3227/3227 3228/3228/3228
f 3229/3229/3229 3230/3230/3230 3231/3231/3231
f 3232/3232/3232 3233/3233/3233 3234/3234/3234
f 3235/3235/3235 3236/3236/3236 3237/3237/3237
f 3238/3238/3238 3239/3239/3239 3240/3240/3240
f 3241/3241/3241 3242/3242/3242 3243/3243/3243
f 3244/3244/3244 3245/3245/3245 3246/3246/3246
f 3247/3247/3247 3248/3248/3248 3249/3249/3249
f 3250/3250/3250 3251/3251/3251 3252/3252/3252
f 3253/3253/3253 3254/3254/3254 3255/3255/3255
f 3256/3256/3256 3257/3257/3257 3258/3258/3258
f 3259/3259/3259 3260/3260/3260 3261/3261/3261
f 3262/3262/3262 3263/3263/3263 3264/3264/3264
f 3265/3265/3265 3266/3266/3266 3267/3267/3267
f 3268/3268/3268 3269/3269/3269 3270/3270/3270
f 3271/3271/3271 3272/3272/3272 3273/3273/3273
f 3274/3274/3274 3275/3275/3275 3276/3276/3276
f 3277/3277/3277 3278/3278/3278 3279/3279/3279
f 3280/3280/3280 3281/3281/3281 3282/3282/3282
f 3283/3283/3283 3284/3284/3284 3285/3285/3285
f 3286/3286/3286 3287/3287/3287 3288/3288/3288
f 3289/3289/3289 3290/3290/3290 3291/3291/3291
f 3292/3292/3292 3293/3293/3293 3294/3294/3294
f 3295/3295/3295 3296/3296/3296 3297/3297/3297
f 3298/3298/3298 3299/3299/3299 3300/3300/3300
f 3301/3301/3301 3302/3302/3302 3303/3303/3303
f 3304/3304/3304 3305/3305/3305 3306/3306/3306
f 3307/3307/3307 3308/3308/3308 3309/3309/3309
f 3310/3310/3310 3311/3311/3311 3312/3312/3312
f 3313/3313/3313 3314/3314/3314 3315/3315/3315
f 3316/3316/3316 3317/3317/3317 3318/3318/3318
f 3319/3319/3319 3320/3320/3320 3321/3321/3321
f 3322/3322/3322 3323/3323/3323 3324/3324/3324
f 3325/3325/3325 3326/3326/3326 3327/3327/3327
f 3328/3328/3328 3329/3329/3329 3330/3330/3330
f 3331/3331/3331 3332/3332/3332 3333/3333/3333
f 3334/3334/3334 3335/3335/3335 3336/3336/3336
f 3337/3337/3337 3338/3338/3338 3339/3339/3339
f 3340/3340/3340 3341/3341/3341 3342/3342/3342
f 3343/3343/3343 3344/3344/3344 3345/3345/3345
f 3346/3346/3346 3347/3347/3347 3348/3348/3348
f 3349/3349/3349 3350/3350/3350 3351/3351/3351
f 3352/3352/3352 3353/3353/3353 3354/3354/3354
f 3355/3355/3355 3356/3356/3356 3357/3357/3357
f 3358/3358/3358 3359/3359/3359 3360/3360/3360
f 3361/3361/3361 3362/3362/3362 3363/3363/3363
f 3364/3364/3364 3365/3365/3365 3366/3366/3366
f 3367/3367/3367 3368/3368/3368 3369/3369/3369
f 3370/3370/3370 3371/3371/3371 3372/3372/3372
f 3373/3373/3373 3374/3374/3374 3375/3375/3375
f 3376/3376/3376 3377/3377/3377 3378/3378/3378
f 3379/3379/3379 3380/3380/3380 3381/3381/3381
f 3382/3382/3382 3383/3383/3383 3384/3384/3384
f 3385/3385/3385 3386/3386/3386 3387/3387/3387
f 3388/3388/3388 3389/3389/3389 3390/3390/3390
f 3391/3391/3391 3392/3392/3392 3393/3393/3393
f 3394/3394/3394 3395/3395/3395 3396/3396/3396
f 3397/3397/3397 3398/3398/3398 3399/3399/3399
f 3400/3400/3400 3401/3401/3401 3402/3402/3402
f 3403/3403/3403 3404/3404/3404 3405/3405/3405
f 3406/3406/3406 3407/3407/3407 3408/3408/3408
f 3409/3409/3409 3410/3410/3410 3411/3411/3411
f 3412/3412/3412 3413/3413/3413 3414/3414/3414
f 3415/3415/3415 3416/3416/3416 3417/3417/3417
f 3418/3418/3418 3419/3419/3419 3420/3420/3420
f 3421/3421/3421 3422/3422/3422 3423/3423/3423
f 3424/3424/3424 3425/3425/3425 3426/3426/3426
f 3427/3427/3427 3428/3428/3428 3429/3429/3429
f 3430/3430/3430 3431/3431/3431 3432/3432/3432
f 3433/3433/3433 3434/3434/3434 3435/3435/3435
f 3436/3436/3436 3437/3437/3437 3438/3438/3438
f 3439/3439/3439 3440/3440/3440 3441/3441/3441
f 3442/3442/3442 3443/3443/3443 3444/3444/3444
f 3445/3445/3445 3446/3446/3446 3447/3447/3447
f 3448/3448/3448 3449/3449/3449 3450/3450/3450
f 3451/3451/3451 3452/3452/3452 3453/3453/3453
f 3454/3454/3454 3455/3455/3455 3456/3456/3456
f 3457/3457/3457 3458/3458/3458 3459/3459/3459
f 3460/3460/3460 3461/3461/3461 3462/3462/3462
f 3463/3463/3463 3464/3464/3464 3465/3465/3465
f 3466/3466/3466 3467/3467/3467 3468/3468/3468
f 3469/3469/3469 3470/3470/3470 3471/3471/3471
f 3472/3472/3472 3473/3473/3473 3474/3474/3474
f 3475/3475/3475 3476/3476/3476 3477/3477/3477
f 3478/3478/3478 3479/3479/3479 3480/3480/3480
f 3481/3481/3481 3482/3482/3482 3483/3483/3483
f 3484/3484/3484 3485/3485/3485 3486/3486/3486
f 3487/3487/3487 3488/3488/3488 3489/3489/3489
f 3490/3490/3490 3491/3491/3491 3492/3492/3492
f 3493/3493/3493 3494/3494/3494 3495/3495/3495
f 3496/3496/3496 3497/3497/3497 3498/3498/3498
f 3499/3499/3499 3500/3500/3500 3501/3501/3501
f 3502/3502/3502 3503/3503/3503 3504/3504/3504
f 3505/3505/3505 3506/3506/3506 3507/3507/3507
f 3508/3508/3508 3509/3509/3509 3510/3510/3510
f 3511/3511/3511 3512/3512/3512 3513/3513/3513
f 3514/3514/3514 3515/3515/3515 3516/3516/3516
f 3517/3517/3517 3518/3518/3518 3519/3519/3519
f 3520/3520/3520 3521/3521/3521 3522/3522/3522
f 3523/3523/3523 3524/3524/3524 3525/3525/3525
f 3526/3526/3526 3527/3527/3527 3528/3528/3528
f 3529/3529/3529 3530/3530/3530 3531/3531/3531
f 3532/3532/3532 3533/3533/3533 3534/3534/3534
f 3535/3535/3535 3536/3536/3536 3537/3537/3537
f 3538/3538/3538 3539/3539/3539 3540/3540/3540
f 3541/3541/3541 3542/3542/3542 3543/3543/3543
f 3544/3544/3544 3545/3545/3545 3546/3546/3546
f 3547/3547/3547 3548/3548/3548 3549/3549/3549
f 3550/3550/3550 3551/3551/3551 3552/3552/3552
f 3553/3553/3553 3554/3554/3554 3555/3555/3555
f 3556/3556/3556 3557/3557/3557 3558/3558/3558
f 3559/3559/3559 3560/3560/3560 3561/3561/3561
f 3562/3562/3562 3563/3563/3563 3564/3564/3564
f 3565/3565/3565 3566/3566/3566 3567/3567/3567
f 3568/3568/3568 3569/3569/3569 3570/3570/3570
f 3571/3571/3571 3572/3572/3572 3573/3573/3573
f 3574/3574/3574 3575/3575/3575 3576/3576/3576
f 3577/3577/3577 3578/3578/3578 3579/3579/3579
f 3580/3580/3580 3581/3581/3581 3582/3582/3582
f 3583/3583/3583 3584/3584/3584 3585/3585/3585
f 3586/3586/3586 3587/3587/3587 3588/3588/3588
f 3589/3589/3589 3590/3590/3590 3591/3591/3591
f 3592/3592/3592 3593/3593/3593 3594/3594/3594
f 3595/3595/3595 3596/3596/3596 3597/3597/3597
f 3598/3598/3598 3599/3599/3599 3600/3600/3600
f 3601/3601/3601 3602/3602/3602 3603/3603/3603
f 3604/3604/3604 3605/3605/3605 3606/3606/3606
f 3607/3607/3607 3608/3608/3608 3609/3609/3609
f 3610/3610/3610 3611/3611/3611 3612/3612/3612
f 3613/3613/3613 3614/3614/3614 3615/3615/3615
f 3616/3616/3616 3617/3617/3617 3618/3618/3618
f 3619/3619/3619 3620/3620/3620 3621/3621/3621
f 3622/3622/3622 3623/3623/3623 3624/3624/3624
f 3625/3625/3625 3626/3626/3626 3627/3627/3627
f 3628/3628/3628 3629/3629/3629 3630/3630/3630
f 3631/3631/3631 3632/3632/3632 3633/3633/3633
f 3634/3634/3634 3635/3635/3635 3636/3636/3636
f 3637/3637/3637 3638/3638/3638 3639/3639/3639
f 3640/3640/3640 3641/3641/3641 3642/3642/3642
f 3643/3643/3643 3644/3644/3644 3645/3645/3645
f 3646/3646/3646 3647/3647/3647 3648/3648/3648
f 3649/3649/3649 3650/3650/3650 3651/3651/3651
f 3652/3652/3652 3653/3653/3653 3654/3654/3654
f 3655/3655/3655 3656/3656/3656 3657/3657/3657
f 3658/3658/3658 3659/3659/3659 3660/3660/3660
f 3661/3661/3661 3662/3662/3662 3663/3663/3663
f 3664/3664/3664 3665/3665/3665 3666/3666/3666
f 3667/3667/3667 3668/3668/3668 3669/3669/3669
f 3670/3670/3670 3671/3671/3671 3672/3672/3672
f 3673/3673/3673 3674/3674/3674 3675/3675/3675
f 3676/3676/3676 3677/3677/3677 3678/3678/3678
f 3679/3679/3679 3680/3680/3680 3681/3681/3681
f 3682/3682/3682 3683/3683/3683 3684/3684/3684
f 3685/3685/3685 3686/3686/3686 3687/3687/3687
f 3688/3688/3688 3689/3689/3689 3690/3690/3690
f 3691/3691/3691 3692/3692/3692 3693/3693/3693
f 3694/3694/3694 3695/3695/3695 3696/3696/3696
f 3697/3697/3697 3698/3698/3698 3699/3699/3699
f 3700/3700/3700 3701/3701/3701 3702/3702/3702
f 3703/3703/3703 3704/3704/3704 3705/3705/3705
f 3706/3706/3706 3707/3707/3707 3708/3708/3708
f 3709/3709/3709 3710/3710/3710 3711/3711/3711
f 3712/3712/3712 3713/3713/3713 3714/3714/3714
f 3715/3715/3715 3716/3716/3716 3717/3717/3717
f 3718/3718/3718 3719/3719/3719 3720/3720/3720
f 3721/3721/3721 3722/3722/3722 3723/3723/3723
f 3724/3724/3724 3725/3725/3725 3726/3726/3726
f 3727/3727/3727 3728/3728/3728 3729/3729/3729
f 3730/3730/3730 3731/3731/3731 3732/3732/3732
f 3733/3733/3733 3734/3734/3734 3735/3735/3735
f 3736/3736/3736 3737/3737/3737 3738/3738/3738
f 3739/3739/3739 3740/3740/3740 3741/3741/3741
f 3742/3742/3742 3743/3743/3743 3744/3744/3744
f 3745/3745/3745 3746/3746/3746 3747/3747/3747
f 3748/3748/3748 3749/3749/3749 3750/3750/3750
f 3751/3751/3751 3752/3752/3752 3753/3753/3753
f 3754/3754/3754 3755/3755/3755 3756/3756/3756
f 3757/3757/3757 3758/3758/3758 3759/3759/3759
f 3760/3760/3760 3761/3761/3761 3762/3762/3762
f 3763/3763/3763 3764/3764/3764 3765/3765/3765
f 3766/3766/3766 3767/3767/3767 3768/3768/3768
f 3769/3769/3769 3770/3770/3770 3771/3771/3771
f 3772/3772/3772 3773/3773/3773 3774/3774/3774
f 3775/3775/3775 3776/3776/3776 3777/3777/3777
f 3778/3778/3778 3779/3779/3779 3780/3780/3780
f 3781/3781/3781 3782/3782/3782 3783/3783/3783
f 3784/3784/3784 3785/3785/3785 3786/3786/3786
f 3787/3787/3787 3788/3788/3788 3789/3789/3789
f 3790/3790/3790 3791/3791/3791 3792/3792/3792
f 3793/3793/3793 3794/3794/3794 3795/3795/3795
f 3796/3796/3796 3797/3797/3797 3798/3798/3798
f 3799/3799/3799 3800/3800/3800 3801/3801/3801
f 3802/3802/3802 3803/3803/3803 3804/3804/3804
f 3805/3805/3805 3806/3806/3806 3807/3807/3807
f 3808/3808/3808 3809/3809/3809 3810/3810/3810
f 3811/3811/3811 3812/3812/3812 3813/3813/3813
f 3814/3814/3814 3815/3815/3815 3816/3816/3816
f 3817/3817/3817 3818/3818/3818 3819/3819/3819
f 3820/3820/3820 3821/3821/3821 3822/3822/3822
f 3823/3823/3823 3824/3824/3824 3825/3825/3825
f 3826/3826/3826 3827/3827/3827 3828/3828/3828
f 3829/3829/3829 3830/3830/3830 3831/3831/3831
f 3832/3832/3832 3833/3833/3833 3834/3834/3834
f 3835/3835/3835 3836/3836/3836 3837/3837/3837
f 3838/3838/3838 3839/3839/3839 3840/3840/3840
f 3841/3841/3841 3842/3842/3842 3843/3843/3843
f 3844/3844/3844 3845/3845/3845 3846/3846/3846
f 3847/3847/3847 3848/3848/3848 3849/3849/3849
f 3850/3850/3850 3851/3851/3851 3852/3852/3852
f 3853/3853/3853 3854/3854/3854 3855/3855/3855
f 3856/3856/3856 3857/3857/3857 3858/3858/3858
f 3859/3859/3859 3860/3860/3860 3861/3861/3861
f 3862/3862/3862 3863/3863/3863 3864/3864/3864
f 3865/3865/3865 3866/3866/3866 3867/3867/3867
f 3868/3868/3868 3869/3869/3869 3870/3870/3870
f 3871/3871/3871 3872/3872/3872 3873/3873/3873
f 3874/3874/3874 3875/3875/3875 3876/3876/3876
f 3877/3877/3877 3878/3878/3878 3879/3879/3879
f 3880/3880/3880 3881/3881/3881 3882/3882/3882
f 3883/3883/3883 3884/3884/3884 3885/3885/3885
f 3886/3886/3886 3887/3887/3887 3888/3888/3888
f 3889/3889/3889 3890/3890/3890 3891/3891/3891
f 3892/3892/3892 3893/3893/3893 3894/3894/3894
f 3895/3895/3895 3896/3896/3896 3897/3897/3897
f 3898/3898/3898 3899/3899/3899 3900/3900/3900
f 3901/3901/3901 3902/3902/3902 3903/3903/3903
f 3904/3904/3904 3905/3905/3905 3906/3906/3906
f 3907/3907/3907 3908/3908/3908 3909/3909/3909
f 3910/3910/3910 3911/3911/3911 3912/3912/3912
f 3913/3913/3913 3914/3914/3914 3915/3915/3915
f 3916/3916/3916 3917/3917/3917 3918/3918/3918
f 3919/3919/3919 3920/3920/3920 3921/3921/3921
f 3922/3922/3922 3923/3923/3923 3924/3924/3924
f 3925/3925/3925 3926/3926/3926 3927/3927/3927
f 3928/3928/3928 3929/3929/3929 3930/3930/3930
f 3931/3931/3931 3932/3932/3932 3933/3933/3933
f 3934/3934/3934 3935/3935/3935 3936/3936/3936
f 3937/3937/3937 3938/3938/3938 3939/3939/3939
f 3940/3940/3940 3941/3941/3941 3942/3942/3942
f 3943/3943/3943 3944/3944/3944 3945/3945/3945
f 3946/3946/3946 3947/3947/3947 3948/3948/3948
f 3949/3949/3949 3950/3950/3950 3951/3951/3951
f 3952/3952/3952 3953/3953/3953 3954/3954/3954
f 3955/3955/3955 3956/3956/3956 3957/3957/3957
f 3958/3958/3958 3959/3959/3959 3960/3960/3960
f 3961/3961/3961 3962/3962/3962 3963/3963/3963
f 3964/3964/3964 3965/3965/3965 3966/3966/3966
f 3967/3967/3967 3968/3968/3968 3969/3969/3969
f 3970/3970/3970 3971/3971/3971 3972/3972/3972
f 3973/3973/3973 3974/3974/3974 3975/3975/3975
f 3976/3976/3976 3977/3977/3977 3978/3978/3978
f 3979/3979/3979 3980/3980/3980 3981/3981/3981
f 3982/3982/3982 3983/3983/3983 3984/3984/3984
f 3985/3985/3985 3986/3986/3986 3987/3987/3987
f 3988/3988/3988 3989/3989/3989 3990/3990/3990
f 3991/3991/3991 3992/3992/3992 3993/3993/3993
f 3994/3994/3994 3995/3995/3995 3996/3996/3996
f 3997/3997/3997 3998/3998/3998 3999/3999/3999
f 4000/4000/4000 4001/4001/4001 4002/4002/4002
f 4003/4003/4003 4004/4004/4004 4005/4005/4005
f 4006/4006/4006 4007/4007/4007 4008/4008/4008
f 4009/4009/4009 4010/4010/4010 4011/4011/4011
f 4012/4012/4012 4013/4013/4013 4014/4014/4014
f 4015/4015/4015 4016/4016/4016 4017/4017/4017
f 4018/4018/4018 4019/4019/4019 4020/4020/4020
f 4021/4021/4021 4022/4022/4022 4023/4023/4023
f 4024/4024/4024 4025/4025/4025 4026/4026/4026
f 4027/4027/4027 4028/4028/4028 4029/4029/4029
f 4030/4030/4030 4031/4031/4031 4032/4032/4032
f 4033/4033/4033 4034/4034/4034 4035/4035/4035
f 4036/4036/4036 4037/4037/4037 4038/4038/4038
f 4039/4039/4039 4040/4040/4040 4041/4041/4041
f 4042/4042/4042 4043/4043/4043 4044/4044/4044
f 4045/4045/4045 4046/4046/4046 4047/4047/4047
f 4048/4048/4048 4049/4049/4049 4050/4050/4050
f 4051/4051/4051 4052/4052/4052 4053/4053/4053
f 4054/4054/4054 4055/4055/4055 4056/4056/4056
f 4057/4057/4057 4058/4058/4058 4059/4059/4059
f 4060/4060/4060 4061/4061/4061 4062/4062/4062
f 4063/4063/4063 4064/4064/4064 4065/4065/4065
f 4066/4066/4066 4067/4067/4067 4068/4068/4068
f 4069/4069/4069 4070/4070/4070 4071/4071/4071
f 4072/4072/4072 4073/4073/4073 4074/4074/4074
f 4075/4075/4075 4076/4076/4076 4077/4077/4077
f 4078/4078/4078 4079/4079/4079 4080/4080/4080
f 4081/4081/4081 4082/4082/4082 4083/4083/4083
f 4084/4084/4084 4085/4085/4085 4086/4086/4086
f 4087/4087/4087 4088/4088/4088 4089/4089/4089
f 4090/4090/4090 4091/4091/4091 4092/4092/4092
f 4093/4093/4093 4094/4094/4094 4095/4095/4095
f 4096/4096/4096 4097/4097/4097 4098/4098/4098
f 4099/4099/4099 4100/4100/4100 4101/4101/4101
f 4102/4102/4102 4103/4103/4103 4104/4104/4104
f 4105/4105/4105 4106/4106/4106 4107/4107/4107
f 4108/4108/4108 4109/4109/4109 4110/4110/4110
f 4111/4111/4111 4112/4112/4112 4113/4113/4113
f 4114/4114/4114 4115/4115/4115 4116/4116/4116
f 4117/4117/4117 4118/4118/4118 4119/4119/4119
f 4120/4120/4120 4121/4121/4121 4122/4122/4122
f 4123/4123/4123 4124/4124/4124 4125/4125/4125
f 4126/4126/4126 4127/4127/4127 4128/4128/4128
f 4129/4129/4129 4130/4130/4130 4131/4131/4131
f 4132/4132/4132 4133/4133/4133 4134/4134/4134
f 4135/4135/4135 4136/4136/4136 4137/4137/4137
f 4138/4138/4138 4139/4139/4139 4140/4140/4140
f 4141/4141/4141 4142/4142/4142 4143/4143/4143
f 4144/4144/4144 4145/4145/4145 4146/4146/4146
f 4147/4147/4147 4148/4148/4148 4149/4149/4149
f 4150/4150/4150 4151/4151/4151 4152/4152/4152
f 4153/4153/4153 4154/4154/4154 4155/4155/4155
f 4156/4156/4156 4157/4157/4157 4158/4158/4158
f 4159/4159/4159 4160/4160/4160 4161/4161/4161
f 4162/4162/4162 4163/4163/4163 4164/4164/4164
f 4165/4165/4165 4166/4166/4166 4167/4167/4167
f 4168/4168/4168 4169/4169/4169 4170/4170/4170
f 4171/4171/4171 4172/4172/4172 4173/4173/4173
f 4174/4174/4174 4175/4175/4175 4176/4176/4176
f 4177/4177/4177 4178/4178/4178 4179/4179/4179
f 4180/4180/4180 4181/4181/4181 4182/4182/4182
f 4183/4183/4183 4184/4184/4184 4185/4185/4185
f 4186/4186/4186 4187/4187/4187 4188/4188/4188
f 4189/4189/4189 4190/4190/4190 4191/4191/4191
f 4192/4192/4192 4193/4193/4193 4194/4194/4194
f 4195/4195/4195 4196/4196/4196 4197/4197/4197
f 4198/4198/4198 4199/4199/4199 4200/4200/4200
f 4201/4201/4201 4202/4202/4202 4203/4203/4203
f 4204/4204/4204 4205/4205/4205 4206/4206/4206
f 4207/4207/4207 4208/4208/4208 4209/4209/4209
f 4210/4210/4210 4211/4211/4211 4212/4212/4212
f 4213/4213/4213 4214/4214/4214 4215/4215/4215
f 4216/4216/4216 4217/4217/4217 4218/4218/4218
f 4219/4219/4219 4220/4220/4220 4221/4221/4221
f 4222/4222/4222 4223/4223/4223 4224/4224/4224
f 4225/4225/4225 4226/4226/4226 4227/4227/4227
f 4228/4228/4228 4229/4229/4229 4230/4230/4230
f 4231/4231/4231 4232/4232/4232 4233/4233/4233
f 4234/4234/4234 4235/4235/4235 4236/4236/4236
f 4237/4237/4237 4238/4238/4238 4239/4239/4239
f 4240/4240/4240 4241/4241/4241 4242/4242/4242
f 4243/4243/4243 4244/4244/4244 4245/4245/4245
f 4246/4246/4246 4247/4247/4247 4248/4248/4248
f 4249/4249/4249 4250/4250/4250 4251/4251/4251
f 4252/4252/4252 4253/4253/4253 4254/4254/4254
f 4255/4255/4255 4256/4256/4256 4257/4257/4257
f 4258/4258/4258 4259/4259/4259 4260/4260/4260
f 4261/4261/4261 4262/4262/4262 4263/4263/4263
f 4264/4264/4264 4265/4265/4265 4266/4266/4266
f 4267/4267/4267 4268/4268/4268 4269/4269/4269
f 4270/4270/4270 4271/4271/4271 4272/4272/4272
f 4273/4273/4273 4274/4274/4274 4275/4275/4275
f 4276/4276/4276 4277/4277/4277 4278/4278/4278
f 4279/4279/4279 4280/4280/4280 4281/4281/4281
f 4282/4282/4282 4283/4283/4283 4284/4284/4284
f 4285/4285/4285 4286/4286/4286 4287/4287/4287
f 4288/4288/4288 4289/4289/4289 4290/4290/4290
f 4291/4291/4291 4292/4292/4292 4293/4293/4293
f 4294/4294/4294 4295/4295/4295 4296/4296/4296
f 4297/4297/4297 4298/4298/4298 4299/4299/4299
f 4300/4300/4300 4301/4301/4301 4302/4302/4302
f 4303/4303/4303 4304/4304/4304 4305/4305/4305
f 4306/4306/4306 4307/4307/4307 4308/4308/4308
f 4309/4309/4309 4310/4310/4310 4311/4311/4311
f 4312/4312/4312 4313/4313/4313 4314/4314/4314
f 4315/4315/4315 4316/4316/4316 4317/4317/4317
f 4318/4318/4318 4319/4319/4319 4320/4320/4320
f 4321/4321/4321 4322/4322/4322 4323/4323/4323
f 4324/4324/4324 4325/4325/4325 4326/4326/4326
f 4327/4327/4327 4328/4328/4328 4329/4329/4329
f 4330/4330/4330 4331/4331/4331 4332/4332/4332
f 4333/4333/4333 4334/4334/4334 4335/4335/4335
f 4336/4336/4336 4337/4337/4337 4338/4338/4338
f 4339/4339/4339 4340/4340/4340 4341/4341/4341
f 4342/4342/4342 4343/4343/4343 4344/4344/4344
f 4345/4345/4345 4346/4346/4346 4347/4347/4347
f 4348/4348/4348 4349/4349/4349 4350/4350/4350
f 4351/4351/4351 4352/4352/4352 4353/4353/4353
f 4354/4354/4354 4355/4355/4355 4356/4356/4356
f 4357/4357/4357 4358/4358/4358 4359/4359/4359
f 4360/4360/4360 4361/4361/4361 4362/4362/4362
f 4363/4363/4363 4364/4364/4364 4365/4365/4365
f 4366/4366/4366 4367/4367/4367 4368/4368/4368
f 4369/4369/4369 4370/4370/4370 4371/4371/4371
f 4372/4372/4372 4373/4373/4373 4374/4374/4374
f 4375/4375/4375 4376/4376/4376 4377/4377/4377
f 4378/4378/4378 4379/4379/4379 4380/4380/4380
f 4381/4381/4381 4382/4382/4382 4383/4383/4383
f 4384/4384/4384 4385/4385/4385 4386/4386/4386
f 4387/4387/4387 4388/4388/4388 4389/4389/4389
f 4390/4390/4390 4391/4391/4391 4392/4392/4392
f 4393/4393/4393 4394/4394/4394 4395/4395/4395
f 4396/4396/4396 4397/4397/4397 4398/4398/4398
f 4399/4399/4399 4400/4400/4400 4401/4401/4401
f 4402/4402/4402 4403/4403/4403 4404/4404/4404
f 4405/4405/4405 4406/4406/4406 4407/4407/4407
f 4408/4408/4408 4409/4409/4409 4410/4410/4410
f 4411/4411/4411 4412/4412/4412 4413/4413/4413
f 4414/4414/4414 4415/4415/4415 4416/4416/4416
f 4417/4417/4417 4418/4418/4418 4419/4419/4419
f 4420/4420/4420 4421/4421/4421 4422/4422/4422
f 4423/4423/4423 4424/4424/4424 4425/4425/4425
f 4426/4426/4426 4427/4427/4427 4428/4428/4428
f 4429/4429/4429 4430/4430/4430 4431/4431/4431
f 4432/4432/4432 4433/4433/4433 4434/4434/4434
f 4435/4435/4435 4436/4436/4436 4437/4437/4437
f 4438/4438/4438 4439/4439/4439 4440/4440/4440
f 4441/4441/4441 4442/4442/4442 4443/4443/4443
f 4444/4444/4444 4445/4445/4445 4446/4446/4446
f 4447/4447/4447 4448/4448/4448 4449/4449/4449
f 4450/4450/4450 4451/4451/4451 4452/4452/4452
f 4453/4453/4453 4454/4454/4454 4455/4455/4455
f 4456/4456/4456 4457/4457/4457 4458/4458/4458
f 4459/4459/4459 4460/4460/4460 4461/4461/4461
f 4462/4462/4462 4463/4463/4463 4464/4464/4464
f 4465/4465/4465 4466/4466/4466 4467/4467/4467
f 4468/4468/4468 4469/4469/4469 4470/4470/4470
f 4471/4471/4471 4472/4472/4472 4473/4473/4473
f 4474/4474/4474 4475/4475/4475 4476/4476/4476
f 4477/4477/4477 4478/4478/4478 4479/4479/4479
f 4480/4480/4480 4481/4481/4481 4482/4482/4482
f 4483/4483/4483 4484/4484/4484 4485/4485/4485
f 4486/4486/4486 4487/4487/4487 4488/4488/4488
f 4489/4489/4489 4490/4490/4490 4491/4491/4491
f 4492/4492/4492 4493/4493/4493 4494/4494/4494
f 4495/4495/4495 4496/4496/4496 4497/4497/4497
f 4498/4498/4498 4499/4499/4499 4500/4500/4500
f 4501/4501/4501 4502/4502/4502 4503/4503/4503
f 4504/4504/4504 4505/4505/4505 4506/4506/4506
f 4507/4507/4507 4508/4508/4508 4509/4509/4509
f 4510/4510/4510 4511/4511/4511 4512/4512/4512
f 4513/4513/4513 4514/4514/4514 4515/4515/4515
f 4516/4516/4516 4517/4517/4517 4518/4518/4518
f 4519/4519/4519 4520/4520/4520 4521/4521/4521
f 4522/4522/4522 4523/4523/4523 4524/4524/4524
f 4525/4525/4525 4526/4526/4526 4527/4527/4527
f 4528/4528/4528 4529/4529/4529 4530/4530/4530
f 4531/4531/4531 4532/4532/4532 4533/4533/4533
f 4534/4534/4534 4535/4535/4535 4536/4536/4536
f 4537/4537/4537 4538/4538/4538 4539/4539/4539
f 4540/4540/4540 4541/4541/4541 4542/4542/4542
f 4543/4543/4543 4544/4544/4544 4545/4545/4545
f 4546/4546/4546 4547/4547/4547 4548/4548/4548
f 4549/4549/4549 4550/4550/4550 4551/4551/4551
f 4552/4552/4552 4553/4553/4553 4554/4554/4554
f 4555/4555/4555 4556/4556/4556 4557/4557/4557
f 4558/4558/4558 4559/4559/4559 4560/4560/4560
f 4561/4561/4561 4562/4562/4562 4563/4563/4563
f 4564/4564/4564 4565/4565/4565 4566/4566/4566
f 4567/4567/4567 4568/4568/4568 4569/4569/4569
f 4570/4570/4570 4571/4571/4571 4572/4572/4572
f 4573/4573/4573 4574/4574/4574 4575/4575/4575
f 4576/4576/4576 4577/4577/4577 4578/4578/4578
f 4579/4579/4579 4580/4580/4580 4581/4581/4581
f 4582/4582/4582 4583/4583/4583 4584/4584/4584
f 4585/4585/4585 4586/4586/4586 4587/4587/4587
f 4588/4588/4588 4589/4589/4589 4590/4590/4590
f 4591/4591/4591 4592/4592/4592 4593/4593/4593
f 4594/4594/4594 4595/4595/4595 4596/4596/4596
f 4597/4597/4597 4598/4598/4598 4599/4599/4599
f 4600/4600/4600 4601/4601/4601 4602/4602/4602
f 4603/4603/4603 4604/4604/4604 4605/4605/4605
f 4606/4606/4606 4607/4607/4607 4608/4608/4608
f 4609/4609/4609 4610/4610/4610 4611/4611/4611
f 4612/4612/4612 4613/4613/4613 4614/4614/4614
f 4615/4615/4615 4616/4616/4616 4617/4617/4617
f 4618/4618/4618 4619/4619/4619 4620/4620/4620
f 4621/4621/4621 4622/4622/4622 4623/4623/4623
f 4624/4624/4624 4625/4625/4625 4626/4626/4626
f 4627/4627/4627 4628/4628/4628 4629/4629/4629
f 4630/4630/4630 4631/4631/4631 4632/4632/4632
f 4633/4633/4633 4634/4634/4634 4635/4635/4635
f 4636/4636/4636 4637/4637/4637 4638/4638/4638
f 4639/4639/4639 4640/4640/4640 4641/4641/4641
f 4642/4642/4642 4643/4643/4643 4644/4644/4644
f 4645/4645/4645 4646/4646/4646 4647/4647/4647
f 4648/4648/4648 4649/4649/4649 4650/4650/4650
f 4651/4651/4651 4652/4652/4652 4653/4653/4653
f 4654/4654/4654 4655/4655/4655 4656/4656/4656
f 4657/4657/4657 4658/4658/4658 4659/4659/4659
f 4660/4660/4660 4661/4661/4661 4662/4662/4662
f 4663/4663/4663 4664/4664/4664 4665/4665/4665
f 4666/4666/4666 4667/4667/4667 4668/4668/4668
f 4669/4669/4669 4670/4670/4670 4671/4671/4671
f 4672/4672/4672 4673/4673/4673 4674/4674/4674
f 4675/4675/4675 4676/4676/4676 4677/4677/4677
f 4678/4678/4678 4679/4679/4679 4680/4680/4680
f 4681/4681/4681 4682/4682/4682 4683/4683/4683
f 4684/4684/4684 4685/4685/4685 4686/4686/4686
f 4687/4687/4687 4688/4688/4688 4689/4689/4689
f 4690/4690/4690 4691/4691/4691 4692/4692/4692
f 4693/4693/4693 4694/4694/4694 4695/4695/4695
f 4696/4696/4696 4697/4697/4697 4698/4698/4698
f 4699/4699/4699 4700/4700/4700 4701/4701/4701
f 4702/4702/4702 4703/4703/4703 4704/4704/4704
f 4705/4705/4705 4706/4706/4706 4707/4707/4707
f 4708/4708/4708 4709/4709/4709 4710/4710/4710
f 4711/4711/4711 4712/4712/4712 4713/4713/4713
f 4714/4714/4714 4715/4715/4715 4716/4716/4716
f 4717/4717/4717 4718/4718/4718 4719/4719/4719
f 4720/4720/4720 4721/4721/4721 4722/4722/4722
f 4723/4723/4723 4724/4724/4724 4725/4725/4725
f 4726/4726/4726 4727/4727/4727 4728/4728/4728
f 4729/4729/4729 4730/4730/4730 4731/4731/4731
f 4732/4732/4732 4733/4733/4733 4734/4734/4734
f 4735/4735/4735 4736/4736/4736 4737/4737/4737
f 4738/4738/4738 4739/4739/4739 4740/4740/4740
f 4741/4741/4741 4742/4742/4742 4743/4743/4743
f 4744/4744/4744 4745/4745/4745 4746/4746/4746
f 4747/4747/4747 4748/4748/4748 4749/4749/4749
f 4750/4750/4750 4751/4751/4751 4752/4752/4752
f 4753/4753/4753 4754/4754/4754 4755/4755/4755
f 4756/4756/4756 4757/4757/4757 4758/4758/4758
f 4759/4759/4759 4760/4760/4760 4761/4761/4761
f 4762/4762/4762 4763/4763/4763 4764/4764/4764
f 4765/4765/4765 4766/4766/4766 4767/4767/4767
f 4768/4768/4768 4769/4769/4769 4770/4770/4770
f 4771/4771/4771 4772/4772/4772 4773/4773/4773
f 4774/4774/4774 4775/4775/4775 4776/4776/4776
f 4777/4777/4777 4778/4778/4778 4779/4779/4779
f 4780/4780/4780 4781/4781/4781 4782/4782/4782
f 4783/4783/4783 4784/4784/4784 4785/4785/4785
f 4786/4786/4786 4787/4787/4787 4788/4788/4788
f 4789/4789/4789 4790/4790/4790 4791/4791/4791
f 4792/4792/4792 4793/4793/4793 4794/4794/4794
f 4795/4795/4795 4796/4796/4796 4797/4797/4797
f 4798/4798/4798 4799/4799/4799 4800/4800/4800
f 4801/4801/4801 4802/4802/4802 4803/4803/4803
f 4804/4804/4804 4805/4805/4805 4806/4806/4806
f 4807/4807/4807 4808/4808/4808 4809/4809/4809
f 4810/4810/4810 4811/4811/4811 4812/4812/4812
f 4813/4813/4813 4814/4814/4814 4815/4815/4815
f 4816/4816/4816 4817/4817/4817 4818/4818/4818
f 4819/4819/4819 4820/4820/4820 4821/4821/4821
f 4822/4822/4822 4823/4823/4823 4824/4824/4824
f 4825/4825/4825 4826/4826/4826 4827/4827/4827
f 4828/4828/4828 4829/4829/4829 4830/4830/4830
f 4831/4831/4831 4832/4832/4832 4833/4833/4833
f 4834/4834/4834 4835/4835/4835 4836/4836/4836
f 4837/4837/4837 4838/4838/4838 4839/4839/4839
f 4840/4840/4840 4841/4841/4841 4842/4842/4842
f 4843/4843/4843 4844/4844/4844 4845/4845/4845
f 4846/4846/4846 4847/4847/4847 4848/4848/4848
f 4849/4849/4849 4850/4850/4850 4851/4851/4851
f 4852/4852/4852 4853/4853/4853 4854/4854/4854
f 4855/4855/4855 4856/4856/4856 4857/4857/4857
f 4858/4858/4858 4859/4859/4859 4860/4860/4860
f 4861/4861/4861 4862/4862/4862 4863/4863/4863
f 4864/4864/4864 4865/4865/4865 4866/4866/4866
f 4867/4867/4867 4868/4868/4868 4869/4869/4869
f 4870/4870/4870 4871/4871/4871 4872/4872/4872
f 4873/4873/4873 4874/4874/4874 4875/4875/4875
f 4876/4876/4876 4877/4877/4877 4878/4878/4878
f 4879/4879/4879 4880/4880/4880 4881/4881/4881
f 4882/4882/4882 4883/4883/4883 4884/4884/4884
f 4885/4885/4885 4886/4886/4886 4887/4887/4887
f 4888/4888/4888 4889/4889/4889 4890/4890/4890
f 4891/4891/4891 4892/4892/4892 4893/4893/4893
f 4894/4894/4894 4895/4895/4895 4896/4896/4896
f 4897/4897/4897 4898/4898/4898 4899/4899/4899
f 4900/4900/4900 4901/4901/4901 4902/4902/4902
f 4903/4903/4903 4904/4904/4904 4905/4905/4905
f 4906/4906/4906 4907/4907/4907 4908/4908/4908
f 4909/4909/4909 4910/4910/4910 4911/4911/4911
f 4912/4912/4912 4913/4913/4913 4914/4914/4914
f 4915/4915/4915 4916/4916/4916 4917/4917/4917
f 4918/4918/4918 4919/4919/4919 4920/4920/4920
f 4921/4921/4921 4922/4922/4922 4923/4923/4923
f 4924/4924/4924 4925/4925/4925 4926/4926/4926
f 4927/4927/4927 4928/4928/4928 4929/4929/4929
f 4930/4930/4930 4931/4931/4931 4932/4932/4932
f 4933/4933/4933 4934/4934/4934 4935/4935/4935
f 4936/4936/4936 4937/4937/4937 4938/4938/4938
f 4939/4939/4939 4940/4940/4940 4941/4941/4941
f 4942/4942/4942 4943/4943/4943 4944/4944/4944
f 4945/4945/4945 4946/4946/4946 4947/4947/4947
f 4948/4948/4948 4949/4949/4949 4950/4950/4950
f 4951/4951/4951 4952/4952/4952 4953/4953/4953
f 4954/4954/4954 4955/4955/4955 4956/4956/4956
f 4957/4957/4957 4958/4958/4958 4959/4959/4959
f 4960/4960/4960 4961/4961/4961 4962/4962/4962
f 4963/4963/4963 4964/4964/4964 4965/4965/4965
f 4966/4966/4966 4967/4967/4967 4968/4968/4968
f 4969/4969/4969 4970/4970/4970 4971/4971/4971
f 4972/4972/4972 4973/4973/4973 4974/4974/4974
f 4975/4975/4975 4976/4976/4976 4977/4977/4977
f 4978/4978/4978 4979/4979/4979 4980/4980/4980
f 4981/4981/4981 4982/4982/4982 4983/4983/4983
f 4984/4984/4984 4985/4985/4985 4986/4986/4986
f 4987/4987/4987 4988/4988/4988 4989/4989/4989
f 4990/4990/4990 4991/4991/4991 4992/4992/4992
f 4993/4993/4993 4994/4994/4994 4995/4995/4995
f 4996/4996/4996 4997/4997/4997 4998/4998/4998
f 4999/4999/4999 5000/5000/5000 5001/5001/5001
f 5002/5002/5002 5003/5003/5003 5004/5004/5004
f 5005/5005/5005 5006/5006/5006 5007/5007/5007
f 5008/5008/5008 5009/5009/5009 5010/5010/5010
f 5011/5011/5011 5012/5012/5012 5013/5013/5013
f 5014/5014/5014 5015/5015/5015 5016/5016/5016
f 5017/5017/5017 5018/5018/5018 5019/5019/5019
f 5020/5020/5020 5021/5021/5021 5022/5022/5022
f 5023/5023/5023 5024/5024/5024 5025/5025/5025
f 5026/5026/5026 5027/5027/5027 5028/5028/5028
f 5029/5029/5029 5030/5030/5030 5031/5031/5031
f 5032/5032/5032 5033/5033/5033 5034/5034/5034
f 5035/5035/5035 5036/5036/5036 5037/5037/5037
f 5038/5038/5038 5039/5039/5039 5040/5040/5040
f 5041/5041/5041 5042/5042/5042 5043/5043/5043
f 5044/5044/5044 5045/5045/5045 5046/5046/5046
f 5047/5047/5047 5048/5048/5048 5049/5049/5049
f 5050/5050/5050 5051/5051/5051 5052/5052/5052
f 5053/5053/5053 5054/5054/5054 5055/5055/5055
f 5056/5056/5056 5057/5057/5057 5058/5058/5058
f 5059/5059/5059 5060/5060/5060 5061/5061/5061
f 5062/5062/5062 5063/5063/5063 5064/5064/5064
f 5065/5065/5065 5066/5066/5066 5067/5067/5067
f 5068/5068/5068 5069/5069/5069 5070/5070/5070
f 5071/5071/5071 5072/5072/5072 5073/5073/5073
f 5074/5074/5074 5075/5075/5075 5076/5076/5076
f 5077/5077/5077 5078/5078/5078 5079/5079/5079
f 5080/5080/5080 5081/5081/5081 5082/5082/5082
f 5083/5083/5083 5084/5084/5084 5085/5085/5085
f 5086/5086/5086 5087/5087/5087 5088/5088/5088
f 5089/5089/5089 5090/5090/5090 5091/5091/5091
f 5092/5092/5092 5093/5093/5093 5094/5094/5094
f 5095/5095/5095 5096/5096/5096 5097/5097/5097
f 5098/5098/5098 5099/5099/5099 5100/5100/5100
f 5101/5101/5101 5102/5102/5102 5103/5103/5103
f 5104/5104/5104 5105/5105/5105 5106/5106/5106
f 5107/5107/5107 5108/5108/5108 5109/5109/5109
f 5110/5110/5110 5111/5111/5111 5112/5112/5112
f 5113/5113/5113 5114/5114/5114 5115/5115/5115
f 5116/5116/5116 5117/5117/5117 5118/5118/5118
f 5119/5119/5119 5120/5120/5120 5121/5121/5121
f 5122/5122/5122 5123/5123/5123 5124/5124/5124
